# Blender 5.0.1
# www.blender.org
mtllib cofre.mtl
o cofre
v 4.011025 -0.298717 -0.011239
v 4.014079 -0.309497 -0.406295
v 4.019094 -0.300735 -0.011175
v 4.006059 -0.307488 -0.406449
v 3.996598 -0.319664 -0.406767
v 4.001128 -0.310905 -0.011297
v 4.011833 -0.308525 0.383861
v 4.003809 -0.306516 0.383903
v 3.994348 -0.318692 0.384118
v 3.985426 -0.330377 0.794314
v 3.976529 -0.347012 0.806271
v 3.984518 -0.338420 0.815919
v 3.985952 -0.489929 1.010670
v 3.977524 -0.507322 1.021190
v 3.986090 -0.497645 1.032275
v 3.945408 -0.509259 1.399114
v 3.954142 -0.497443 1.398742
v 3.878239 -0.508197 1.775212
v 3.769959 -0.509385 2.163892
v 3.887139 -0.496612 1.775754
v 3.785032 -0.497639 2.145463
v 3.894689 -0.498855 1.775507
v 3.793309 -0.500042 2.145300
v 3.782529 -0.497664 2.154540
v 3.790822 -0.500071 2.154373
v 3.985125 -0.569855 2.159442
v 3.994438 -0.559165 2.150369
v 3.996937 -0.559174 2.141232
v 4.098975 -0.559575 1.768805
v 4.174992 -0.559871 1.389925
v 3.994419 -0.499939 1.031816
v 3.961986 -0.499660 1.398424
v 4.213322 -0.560175 1.019839
v 4.210714 -0.551757 0.998363
v 3.994438 -0.492265 1.010205
v 3.992776 -0.340438 0.815492
v 4.135026 -0.375203 0.808174
v 3.993472 -0.332343 0.793903
v 4.131972 -0.366159 0.786807
v 4.150000 -0.343113 0.383130
v 4.157995 -0.335488 -0.010145
v 4.152239 -0.344079 -0.403501
v 3.998054 -0.334323 -0.816514
v 4.136506 -0.368119 -0.807357
v 3.997479 -0.342472 -0.838093
v 4.139682 -0.377215 -0.828657
v 4.000249 -0.494774 -1.032401
v 4.216447 -0.554237 -1.017325
v 4.219177 -0.562704 -1.038741
v 4.000354 -0.502503 -1.053996
v 3.992029 -0.500212 -1.054574
v 3.970007 -0.503125 -1.421047
v 4.182959 -0.563310 -1.409356
v 4.109093 -0.563949 -1.789313
v 3.904855 -0.503250 -1.799079
v 3.897309 -0.501008 -1.799435
v 3.797312 -0.502943 -2.170596
v 3.805584 -0.505346 -2.170304
v 4.009187 -0.564465 -2.163178
v 3.803152 -0.505397 -2.179412
v 4.006736 -0.564478 -2.172351
v 3.997474 -0.575191 -2.181527
v 3.782343 -0.514736 -2.189207
v 3.888406 -0.512590 -1.798996
v 3.794856 -0.502991 -2.179701
v 3.962162 -0.500908 -1.421486
v 3.953436 -0.512728 -1.421958
v 3.983398 -0.509863 -1.043592
v 3.991765 -0.492442 -1.032995
v 3.981184 -0.349020 -0.829090
v 3.990011 -0.332359 -0.817046
v 3.989222 -0.340454 -0.838641
v 0.981753 0.126747 -0.489237
v 1.374384 -0.189676 -0.796670
v 1.372427 -0.169390 -0.477119
v 0.983974 0.106015 -0.812500
v 1.371182 -0.161683 -0.030274
v 0.980464 0.134463 -0.033434
v 0.972183 0.113584 -0.813052
v 0.969953 0.134332 -0.489657
v 0.968663 0.142048 -0.033527
v 0.929615 0.117498 -0.815028
v 0.927347 0.138304 -0.491142
v 0.916865 0.132795 -0.491505
v 0.926057 0.146020 -0.033839
v 0.915572 0.140511 -0.033906
v 0.924748 0.139426 0.423491
v 0.914260 0.133921 0.423712
v 0.915611 -0.125917 0.425836
v 0.914693 0.113898 0.747784
v 0.925171 0.119416 0.747441
v 0.916923 -0.119331 -0.033576
v 0.918225 -0.127046 -0.492961
v 0.920555 -0.147958 -0.817710
v 0.919140 0.111976 -0.815506
v 0.967358 0.135452 0.422618
v 0.967746 0.115499 0.746090
v 0.979161 0.127867 0.422393
v 0.979543 0.107930 0.745721
v 1.369882 -0.168289 0.416580
v 1.370023 -0.187793 0.736195
v 0.916089 -0.146030 0.750646
v 2.733949 -0.288742 -0.020380
v 2.344360 -0.000280 -0.441689
v 2.735036 -0.296417 -0.429568
v 2.343234 0.007401 -0.023540
v 2.341983 0.000747 0.394632
v 2.732707 -0.295409 0.388822
v 2.341341 -0.017357 0.702367
v 2.731825 -0.313081 0.692845
v 2.330407 0.008312 0.394859
v 2.329775 -0.009808 0.702726
v 2.288933 0.012182 0.395707
v 2.288333 -0.005997 0.704048
v 2.277085 0.006801 0.395954
v 2.276495 -0.011393 0.704430
v 2.278435 -0.253037 0.398078
v 2.277893 -0.271318 0.707301
v 2.279693 -0.246389 -0.023678
v 2.280832 -0.254073 -0.445414
v 2.278339 0.013452 -0.024008
v 2.279475 0.005768 -0.443954
v 2.290188 0.018832 -0.023931
v 2.331658 0.014966 -0.023627
v 2.291324 0.011148 -0.443547
v 2.332788 0.007282 -0.442097
v 2.292475 -0.007787 -0.751840
v 2.333911 -0.011595 -0.749918
v 2.345473 -0.019145 -0.749377
v 2.735883 -0.314832 -0.733546
v 2.280640 -0.013184 -0.752383
v 2.282048 -0.273115 -0.754587
v 1.890159 0.042064 -0.457539
v 1.879353 0.030190 -0.770994
v 1.891638 0.022577 -0.770416
v 1.877861 0.049693 -0.457975
v 1.888978 0.049754 -0.026835
v 2.280832 -0.254073 -0.445414
v 2.279693 -0.246389 -0.023678
v 2.278435 -0.253037 0.398078
v 1.887708 0.043122 0.403884
v 2.277893 -0.271318 0.707301
v 1.887410 0.024405 0.716820
v 1.875121 0.032018 0.717199
v 1.875410 0.050752 0.404125
v 1.833962 0.035808 0.718508
v 1.822810 0.049173 0.405206
v 1.822560 0.030370 0.718884
v 1.834219 0.054596 0.404966
v 1.835492 0.061227 -0.027233
v 1.876681 0.057387 -0.026935
v 1.836679 0.053533 -0.459409
v 1.825271 0.048112 -0.459800
v 1.838204 0.033972 -0.772900
v 1.826804 0.028538 -0.773426
v 1.826628 -0.211733 -0.461266
v 1.828216 -0.231394 -0.775627
v 1.825434 -0.204036 -0.026979
v 1.824083 0.055805 -0.027307
v 1.824157 -0.210665 0.407330
v 1.823958 -0.229555 0.721748
v 2.282048 -0.273115 -0.754587
v 1.435954 0.084404 -0.473387
v 1.828216 -0.231394 -0.775627
v 1.826628 -0.211733 -0.461266
v 1.437802 0.064297 -0.791463
v 1.825434 -0.204036 -0.026979
v 1.434723 0.092107 -0.030136
v 1.425768 0.071888 -0.792028
v 1.423907 0.092011 -0.473814
v 1.422675 0.099714 -0.030226
v 1.384288 0.075700 -0.793946
v 1.382391 0.095883 -0.475267
v 1.371066 0.090455 -0.475653
v 1.381153 0.103586 -0.030534
v 1.379860 0.096974 0.414215
v 1.368538 0.091549 0.414459
v 1.369831 0.098158 -0.030608
v 1.371182 -0.161683 -0.030274
v 1.372427 -0.169390 -0.477119
v 1.374384 -0.189676 -0.796670
v 1.372975 0.070255 -0.794459
v 1.369882 -0.168289 0.416580
v 1.368628 0.072135 0.733331
v 1.370023 -0.187793 0.736195
v 1.379944 0.077577 0.732962
v 1.421385 0.093102 0.413378
v 1.421433 0.073759 0.731636
v 1.433433 0.085495 0.413134
v 1.433475 0.066168 0.731268
v 1.824157 -0.210665 0.407330
v 1.823958 -0.229555 0.721748
v 1.796085 -0.109064 -1.372640
v 1.729772 -0.275992 -1.720883
v 1.729072 -0.113216 -1.718490
v 1.796601 -0.271472 -1.375107
v 1.807994 -0.102560 -1.372024
v 1.848088 -0.105663 -1.370124
v 1.740950 -0.106635 -1.717883
v 1.661294 -0.121134 -2.066861
v 1.673129 -0.114467 -2.066339
v 1.780932 -0.109516 -1.716026
v 1.795324 -0.117983 -1.715407
v 1.862516 -0.114204 -1.369489
v 1.712999 -0.117088 -2.064721
v 1.727356 -0.125471 -2.064183
v 2.193521 -0.309372 -1.699333
v 2.124623 -0.314717 -2.050095
v 2.261640 -0.307450 -1.353040
v 1.662182 -0.284341 -2.068860
v 0.801578 -0.046454 -1.761587
v 0.737305 -0.223591 -2.106385
v 0.736417 -0.060384 -2.104389
v 0.802280 -0.209234 -1.763980
v 0.866001 -0.037111 -1.416780
v 0.809813 -0.039617 -1.761154
v 0.874262 -0.030325 -1.416337
v 0.920413 -0.033896 -1.414143
v 0.855837 -0.042928 -1.759014
v 0.932435 -0.042251 -1.413626
v 0.867829 -0.051224 -1.758510
v 1.331559 -0.235494 -1.397177
v 1.266029 -0.242613 -1.742430
v 0.802479 -0.064722 -2.101710
v 1.199742 -0.253964 -2.087622
v 0.790512 -0.056492 -2.102150
v 0.744624 -0.053480 -2.104014
v 0.866520 -0.199516 -1.419250
v 1.265327 -0.079836 -1.740040
v 1.199742 -0.253964 -2.087622
v 1.198853 -0.090757 -2.085627
v 1.266029 -0.242613 -1.742430
v 1.331039 -0.073086 -1.394710
v 1.274968 -0.073095 -1.739536
v 1.340716 -0.066413 -1.394199
v 1.386399 -0.069945 -1.392034
v 1.320526 -0.076375 -1.737419
v 1.397477 -0.078226 -1.391559
v 1.331575 -0.084604 -1.736960
v 1.796601 -0.271472 -1.375107
v 1.729772 -0.275992 -1.720883
v 1.264916 -0.095098 -2.082948
v 1.662182 -0.284341 -2.068860
v 1.253892 -0.086930 -2.083352
v 1.208462 -0.083946 -2.085194
v 1.331559 -0.235494 -1.397177
v 0.846019 -0.038686 1.690727
v 0.924584 -0.038856 1.346449
v 0.858018 -0.046983 1.690412
v 0.912560 -0.030502 1.346773
v 0.778750 -0.051410 2.032951
v 0.732852 -0.048391 2.034151
v 0.799989 -0.035369 1.692203
v 0.724642 -0.055295 2.034425
v 0.791754 -0.042209 1.692533
v 0.866398 -0.026924 1.348294
v 0.858134 -0.033710 1.348637
v 0.858634 -0.196112 1.351515
v 0.792443 -0.204980 1.695340
v 0.725518 -0.218496 2.036837
v 0.790717 -0.059640 2.032701
v 1.188045 -0.248911 2.024757
v 1.256292 -0.238404 1.680502
v 1.323782 -0.232135 1.336179
v 1.310817 -0.072181 1.675860
v 1.389729 -0.074879 1.331113
v 1.321867 -0.080407 1.675574
v 1.378651 -0.066598 1.331409
v 1.242217 -0.081886 2.020846
v 1.196781 -0.078899 2.022033
v 1.265249 -0.068896 1.677316
v 1.255605 -0.075633 1.677695
v 1.332958 -0.063060 1.332916
v 1.187169 -0.085707 2.022345
v 1.256292 -0.238404 1.680502
v 1.188045 -0.248911 2.024757
v 1.323782 -0.232135 1.336179
v 1.323278 -0.069733 1.333308
v 1.253244 -0.090055 2.020618
v 1.650572 -0.279323 2.012681
v 1.720140 -0.271828 1.665663
v 1.788927 -0.268158 1.320843
v 1.701414 -0.112079 2.008857
v 1.785718 -0.113831 1.660739
v 1.715768 -0.120466 2.008539
v 1.771323 -0.105364 1.661130
v 1.661534 -0.109458 2.009900
v 1.731331 -0.102480 1.662410
v 1.649696 -0.116122 2.010272
v 1.719454 -0.109057 1.662856
v 1.650572 -0.279323 2.012681
v 1.720140 -0.271828 1.665663
v 1.788927 -0.268158 1.320843
v 1.788430 -0.105756 1.317975
v 1.800342 -0.099256 1.317507
v 1.840446 -0.102361 1.316188
v 1.854877 -0.110902 1.315784
v 2.183989 -0.305255 1.650822
v 2.254078 -0.304181 1.305517
v 2.113098 -0.309734 2.000602
v 2.586190 -0.105333 -0.912057
v 2.209126 -0.170439 -1.135792
v 2.559718 -0.211316 -1.118031
v 2.207968 -0.063487 -0.930743
v 2.994156 -0.158819 -0.891723
v 2.587524 -0.099176 -0.889365
v 2.997377 -0.152537 -0.869165
v 2.996004 -0.127848 -0.431622
v 2.762753 -0.117851 -0.813520
v 3.437519 -0.221538 -0.847378
v 3.432348 -0.228038 -0.869685
v 2.802148 -0.122173 -0.798541
v 2.815087 -0.121522 -0.755318
v 2.815388 -0.104322 -0.436078
v 2.587316 -0.095473 -0.822327
v 2.587249 -0.094286 -0.800828
v 2.207757 -0.054388 -0.841375
v 2.744385 -0.114059 -0.791033
v 2.207868 -0.057256 -0.908073
v 1.798250 -0.027153 -0.950942
v 1.796704 -0.020835 -0.928307
v 1.796011 -0.016805 -0.859004
v 1.354386 0.015913 -0.877905
v 1.355297 0.011720 -0.950018
v 0.931194 0.034540 -0.993468
v 0.927741 0.041098 -0.971000
v 1.358150 0.005287 -0.972563
v 1.410910 -0.104649 -1.174517
v 1.826827 -0.134349 -1.154250
v 0.997567 -0.078357 -1.195653
v 1.413820 -0.110662 -1.197074
v 1.828434 -0.140259 -1.176904
v 2.209222 -0.176275 -1.158485
v 1.829788 -0.143974 -1.314082
v 1.829993 -0.144535 -1.334788
v 1.415733 -0.114034 -1.332610
v 2.253742 -0.188133 -1.294873
v 2.234135 -0.184045 -1.316478
v 2.305164 -0.192827 -1.317200
v 2.558329 -0.217036 -1.140743
v 2.925120 -0.280035 -1.483022
v 2.324026 -0.196141 -1.362915
v 2.557786 -0.224281 -1.503356
v 2.930869 -0.267635 -1.096439
v 2.927545 -0.273439 -1.119013
v 3.319838 -0.355254 -1.457779
v 3.324657 -0.347974 -1.095800
v 3.329961 -0.342007 -1.073506
v 3.666815 -0.430512 -1.438054
v 3.682073 -0.425859 -1.074555
v 3.963288 -0.485280 -1.034875
v 3.963359 -0.492993 -1.056473
v 3.933789 -0.493718 -1.423062
v 3.686860 -0.419471 -1.052610
v 3.782446 -0.296090 -0.850531
v 3.960333 -0.333976 -0.840387
v 3.968537 -0.335725 -0.839918
v 3.787762 -0.289006 -0.828609
v 3.961357 -0.325939 -0.818769
v 3.969369 -0.327643 -0.818314
v 3.985471 -0.302631 -0.406870
v 3.996598 -0.319664 -0.406767
v 3.981184 -0.349020 -0.829090
v 3.971191 -0.487164 -1.034368
v 3.983398 -0.509863 -1.043595
v 3.971399 -0.494915 -1.055956
v 3.953436 -0.512728 -1.421958
v 3.876276 -0.495252 -1.800424
v 3.941421 -0.495525 -1.422632
v 3.888406 -0.512590 -1.798996
v 3.776087 -0.497174 -2.171315
v 3.782343 -0.514736 -2.189207
v 3.773629 -0.497222 -2.180413
v 3.589754 -0.466990 -2.195515
v 3.764524 -0.494912 -2.180712
v 3.591076 -0.450903 -2.186378
v 3.766972 -0.494861 -2.171613
v 3.866663 -0.492842 -1.800860
v 3.592269 -0.450554 -2.177391
v 3.641001 -0.436312 -1.811168
v 3.313916 -0.363846 -1.826690
v 2.921494 -0.288662 -1.844766
v 3.301939 -0.379422 -2.187709
v 3.301648 -0.379804 -2.196570
v 2.915071 -0.302003 -2.201004
v 2.914914 -0.302333 -2.209747
v 2.554771 -0.246553 -2.213366
v 2.556700 -0.233723 -1.861526
v 2.294679 -0.194543 -1.515416
v 2.226111 -0.197270 -1.877118
v 2.203169 -0.194742 -1.878206
v 2.171486 -0.196911 -2.036030
v 2.192607 -0.199814 -2.053868
v 2.213191 -0.207639 -2.225080
v 2.146346 -0.197475 -2.074048
v 2.163604 -0.198499 -2.093032
v 2.102938 -0.193125 -2.092268
v 2.115979 -0.195368 -2.112266
v 1.841421 -0.178675 -2.236312
v 1.839734 -0.173407 -2.123318
v 1.839429 -0.172467 -2.103167
v 1.431097 -0.142546 -2.119308
v 1.431633 -0.143579 -2.139151
v 1.024328 -0.121961 -2.134531
v 1.025024 -0.123120 -2.154182
v 1.434642 -0.149373 -2.250278
v 1.028944 -0.129594 -2.264138
v 1.841569 -0.179137 -2.246226
v 1.434905 -0.149883 -2.260021
v 1.435380 -0.165806 -2.269309
v 1.029862 -0.146117 -2.282986
v 1.029291 -0.130162 -2.273779
v 0.588350 -0.107768 -2.277946
v 0.588725 -0.108422 -2.288713
v 0.589328 -0.124409 -2.298669
v 0.056158 -0.102830 -2.314482
v 0.060839 -0.090222 -2.304713
v 0.043523 -0.099940 -2.299298
v 0.025820 -0.128128 -2.256361
v 0.024408 -0.137105 -2.276008
v 0.048971 -0.089779 -2.290673
v 0.052221 -0.089140 -2.280410
v 0.149690 -0.069999 -1.972511
v 0.064377 -0.089483 -2.294045
v 0.170605 -0.067353 -1.974013
v 0.566982 -0.070814 -1.594533
v 0.233180 -0.053807 -1.609016
v 0.577076 -0.088123 -1.954856
v 0.771275 -0.081617 -1.585181
v 0.701972 -0.094376 -1.948966
v 0.670547 -0.102339 -2.107738
v 0.701539 -0.102891 -2.087979
v 0.717651 -0.105933 -2.124582
v 0.692389 -0.105378 -2.152745
v 0.740340 -0.108223 -2.164641
v 0.758092 -0.108987 -2.141304
v 0.771532 -0.127592 -2.122227
v 0.730321 -0.124740 -2.110546
v 0.784715 -0.239893 -2.104168
v 0.754707 -0.237252 -2.091315
v 0.721610 -0.122196 -2.075229
v 0.746273 -0.234801 -2.059733
v 0.745650 -0.115872 -1.946903
v 0.802357 -0.222741 -1.763964
v 0.813788 -0.103154 -1.583214
v 0.723574 -0.095457 -1.947952
v 0.791661 -0.082695 -1.584251
v 0.824324 -0.080359 -1.431865
v 0.839394 -0.100857 -1.447374
v 0.860113 -0.101069 -1.412737
v 0.845307 -0.080545 -1.396144
v 0.825585 -0.078874 -1.373853
v 0.805065 -0.078774 -1.411877
v 0.560694 -0.060516 -1.240233
v 1.001125 -0.084485 -1.218127
v 0.862221 -0.080491 -1.358988
v 0.557313 -0.054343 -1.217784
v 0.256770 -0.045969 -1.254227
v 0.250174 -0.040146 -1.232770
v 0.026724 0.081071 -1.037599
v 0.230725 -0.043483 -1.233803
v -0.000193 0.078773 -1.038510
v 0.197612 -0.088409 -1.234403
v 0.205367 -0.093597 -1.255376
v 0.239012 -0.049290 -1.254991
v -0.041526 0.031871 -1.038747
v -0.012539 0.085418 -1.017110
v -0.049386 0.037617 -1.017145
v -0.030162 0.058660 -0.513491
v 0.007035 0.110632 -0.512757
v -0.025112 0.065699 -0.040531
v 0.012547 0.118322 -0.040329
v 0.004346 0.111793 0.432015
v -0.032851 0.059822 0.432342
v -0.018096 0.087821 0.936128
v -0.054940 0.040017 0.935756
v -0.005869 0.081224 0.957714
v -0.047205 0.034326 0.957483
v 0.223927 -0.040544 1.156600
v 0.190807 -0.085470 1.156841
v 0.232089 -0.046300 1.177923
v 0.198446 -0.090603 1.177932
v 0.174079 -0.099538 1.531197
v 0.205264 -0.053127 1.532262
v 0.106493 -0.113109 1.891615
v 0.138688 -0.065248 1.894188
v 0.013211 -0.122680 2.176395
v 0.030668 -0.094386 2.219518
v 0.036167 -0.084244 2.210943
v 0.011687 -0.131605 2.196043
v 0.039471 -0.083631 2.200724
v 0.047951 -0.084651 2.225152
v 0.051551 -0.083939 2.214536
v 0.575593 -0.102255 2.205973
v 0.575908 -0.102885 2.216746
v 0.159594 -0.062594 1.895982
v 0.224248 -0.049947 1.531864
v 0.558118 -0.066983 1.522191
v 0.566155 -0.083404 1.882690
v 0.762455 -0.077802 1.515790
v 0.691086 -0.089669 1.878606
v 0.658756 -0.097244 2.036930
v 0.689861 -0.097844 2.017625
v 0.705761 -0.100796 2.054453
v 0.680339 -0.100173 2.082260
v 0.746106 -0.103809 2.071766
v 0.728223 -0.102984 2.094846
v 1.016252 -0.124107 2.198516
v 1.012370 -0.116792 2.068830
v 1.012957 -0.117903 2.088491
v 1.419631 -0.138394 2.079331
v 1.422011 -0.143916 2.190505
v 1.828944 -0.173679 2.192337
v 1.828854 -0.173243 2.182430
v 1.422216 -0.144400 2.200255
v 1.017061 -0.140585 2.217423
v 1.422640 -0.160300 2.209582
v 1.016541 -0.124653 2.208160
v 0.576456 -0.118846 2.226750
v 0.043215 -0.097238 2.234889
v 1.829185 -0.189512 2.201796
v 2.200162 -0.218204 2.194699
v 2.542204 -0.241458 2.178481
v 2.200300 -0.202461 2.185116
v 2.542127 -0.257265 2.188102
v 2.902196 -0.312862 2.181070
v 2.902450 -0.296946 2.171509
v 3.289241 -0.374443 2.164053
v 2.902658 -0.296641 2.162769
v 2.542300 -0.241166 2.169844
v 2.200669 -0.202230 2.176578
v 2.181063 -0.194825 2.005061
v 2.215569 -0.192714 1.828797
v 2.546231 -0.229199 1.818024
v 2.286190 -0.190872 1.468076
v 2.549359 -0.220636 1.459857
v 2.916787 -0.276438 1.444909
v 2.911109 -0.284173 1.806611
v 3.303614 -0.359396 1.794333
v 3.289584 -0.374083 2.155198
v 3.578718 -0.445561 2.158172
v 3.579965 -0.445234 2.149205
v 3.754690 -0.489554 2.146035
v 3.630772 -0.431894 1.783659
v 3.658707 -0.427008 1.410917
v 3.925757 -0.490247 1.399897
v 3.856487 -0.488444 1.776716
v 3.933394 -0.492056 1.399579
v 3.866106 -0.490853 1.776421
v 3.763805 -0.491867 2.145864
v 3.761296 -0.491892 2.154932
v 3.769959 -0.509385 2.163892
v 3.878239 -0.508197 1.775212
v 3.945408 -0.509259 1.399114
v 3.965458 -0.492345 1.033346
v 3.977524 -0.507322 1.021190
v 3.976529 -0.347012 0.806271
v 3.965371 -0.484648 1.011742
v 3.963825 -0.333688 0.816888
v 3.957462 -0.482765 1.012130
v 3.680947 -0.416918 1.025746
v 3.676039 -0.423251 1.047639
v 3.955618 -0.331939 0.817234
v 3.957411 -0.490427 1.033748
v 3.956766 -0.323957 0.795614
v 3.777681 -0.294029 0.824745
v 3.427484 -0.225940 0.838714
v 3.783119 -0.287000 0.802883
v 3.323945 -0.339408 1.041354
v 2.989189 -0.156672 0.854326
v 2.924741 -0.264988 1.058397
v 2.921286 -0.270734 1.080932
v 3.318514 -0.345317 1.063585
v 3.311635 -0.351712 1.425496
v 2.551964 -0.214284 1.097246
v 2.553481 -0.208621 1.074544
v 2.202803 -0.167708 1.087188
v 2.581124 -0.103144 0.868696
v 2.202809 -0.061260 0.881872
v 2.202841 -0.055084 0.859177
v 2.582591 -0.097042 0.846010
v 2.582760 -0.093507 0.778962
v 2.992539 -0.150444 0.831797
v 2.758243 -0.115901 0.772716
v 3.432785 -0.219494 0.816477
v 2.797720 -0.120258 0.758310
v 2.810901 -0.119715 0.715274
v 2.813024 -0.103299 0.396005
v 2.993656 -0.126831 0.394196
v 2.994788 -0.120014 -0.018724
v 3.435235 -0.193943 0.387307
v 2.814166 -0.096487 -0.020046
v 2.794528 -0.101605 -0.436588
v 2.793303 -0.093766 -0.020194
v 2.792161 -0.100581 0.396216
v 2.766863 -0.119430 0.396640
v 2.766154 -0.134551 0.681173
v 2.788336 -0.115586 0.696114
v 2.773077 -0.115631 0.734899
v 2.753205 -0.134576 0.713702
v 2.687550 -0.319667 0.694234
v 2.719023 -0.323251 0.680236
v 2.721459 -0.131140 0.727982
v 2.740000 -0.112163 0.749959
v 2.582994 -0.113029 0.731964
v 2.582815 -0.092371 0.757457
v 2.203107 -0.052379 0.792479
v 2.203194 -0.051526 0.771442
v 1.791282 -0.014758 0.804131
v 1.791195 -0.013629 0.783829
v 2.203400 -0.072409 0.745907
v 1.791198 -0.034140 0.758310
v 1.860777 -0.231538 0.721527
v 1.349359 -0.001351 0.770723
v 0.960784 -0.162181 0.749157
v 0.929785 0.027668 0.783249
v 0.929297 -0.158937 0.737030
v 0.897221 0.030658 0.771153
v 0.916095 -0.155969 0.705931
v 0.916990 -0.132039 -0.033559
v 0.883941 0.051102 0.425868
v 0.883239 0.033450 0.739304
v 0.858730 0.073964 0.426019
v 0.862455 0.055504 0.754653
v 0.884711 0.051853 0.792444
v 0.834315 0.055834 0.778288
v 0.847424 0.053187 0.809736
v 0.918540 0.049023 0.800820
v 1.349426 0.019134 0.796232
v 0.895892 0.049135 0.822278
v 1.349564 0.017998 0.816638
v 1.791577 -0.018618 0.873447
v 1.350065 0.013978 0.888770
v 0.922409 0.043405 0.903570
v 0.486630 0.068552 0.918748
v 0.925733 0.036898 0.926099
v 0.550591 -0.051439 1.145281
v 0.489755 0.062081 0.941252
v 1.404397 -0.101836 1.114341
v 1.352789 0.007603 0.911369
v 0.990952 -0.075502 1.129503
v 0.994381 -0.081572 1.152041
v 1.408324 -0.110831 1.272510
v 0.995928 -0.084831 1.285459
v 0.553844 -0.057557 1.167797
v 1.407182 -0.107793 1.136949
v 0.854682 -0.077234 1.290907
v 0.996162 -0.085322 1.305604
v 0.874207 -0.078841 1.313375
v 0.817966 -0.075582 1.305238
v 0.797224 -0.075389 1.342968
v 0.837559 -0.077195 1.327812
v 0.816374 -0.076923 1.363232
v 0.831357 -0.097382 1.379007
v 0.852266 -0.097677 1.344669
v 0.804975 -0.099349 1.514488
v 0.782844 -0.078883 1.515152
v 0.734771 -0.111171 1.877213
v 0.712691 -0.090754 1.877890
v 0.734751 -0.229821 1.990339
v 0.792514 -0.218486 1.695356
v 0.710003 -0.117181 2.005206
v 0.743007 -0.232195 2.022047
v 0.718514 -0.119638 2.040648
v 0.772937 -0.234804 2.035335
v 0.759654 -0.122459 2.052920
v 1.010355 -0.135093 2.047575
v 1.417041 -0.155812 2.038191
v 1.825274 -0.185838 2.027962
v 1.419207 -0.137409 2.059474
v 1.827616 -0.167362 2.049236
v 1.827805 -0.168251 2.069401
v 2.091176 -0.188043 2.042159
v 2.104105 -0.190234 2.062350
v 2.151839 -0.193413 2.043805
v 2.134684 -0.192435 2.024571
v 2.120124 -0.209400 2.008158
v 2.078099 -0.206407 2.021600
v 2.160045 -0.191963 1.986918
v 2.142817 -0.210016 1.971978
v 2.192623 -0.190183 1.829541
v 2.263314 -0.188287 1.468792
v 2.170630 -0.207411 1.830301
v 2.241552 -0.205480 1.469507
v 2.184066 -0.318759 1.650841
v 2.265952 -0.205509 1.345355
v 2.244058 -0.317672 1.355355
v 2.288394 -0.188213 1.335483
v 2.236654 -0.316283 1.320410
v 2.256176 -0.199173 1.304362
v 2.273610 -0.185832 1.287031
v 2.214769 -0.199416 1.288029
v 2.226782 -0.180866 1.268266
v 2.297804 -0.189644 1.270017
v 2.246510 -0.185011 1.246943
v 2.316403 -0.192849 1.316008
v 1.822553 -0.141320 1.280695
v 1.822466 -0.140810 1.259982
v 2.202771 -0.173487 1.109894
v 1.820416 -0.131576 1.100095
v 1.821895 -0.137432 1.122784
v 1.792995 -0.024884 0.896127
v 1.408494 -0.111290 1.292979
v 1.406804 -0.131092 1.314286
v 1.820340 -0.161122 1.302017
v 0.905979 -0.213061 1.349295
v 2.203608 -0.312837 1.307288
v 0.869469 -0.210812 1.363957
v 0.994792 -0.105188 1.326891
v 0.889315 -0.099390 1.330670
v 0.849869 -0.210440 1.398151
v 2.122563 -0.322320 1.954111
v 2.102539 -0.321923 1.987913
v 2.065881 -0.319462 2.001834
v 0.249853 -0.042979 1.177403
v 0.243376 -0.037210 1.155843
v 0.021049 0.083525 0.957181
v 0.007279 0.090256 0.935393
v 0.486861 0.094042 0.428621
v 0.028890 0.114267 0.431839
v 0.036847 0.120809 -0.040159
v 0.031579 0.113105 -0.512237
v 0.488042 0.100612 -0.036912
v 0.489511 0.092896 -0.502426
v 0.012829 0.087856 -1.016023
v 0.492068 0.066203 -0.992467
v 0.837090 0.074140 -0.494976
v 0.838938 0.053835 -0.847015
v 0.834768 0.081956 -0.034413
v 0.861349 0.072832 -0.494453
v 0.886559 0.049972 -0.493882
v 0.887641 0.031547 -0.807277
v 0.866947 0.053562 -0.822978
v 0.859991 0.080599 -0.034227
v 0.885206 0.057743 -0.034018
v 0.889412 0.049822 -0.860439
v 0.852227 0.051111 -0.878270
v 0.901799 0.028679 -0.838917
v 0.923288 0.046969 -0.868325
v 1.354133 0.017100 -0.857506
v 0.934431 0.025660 -0.850538
v 0.900763 0.047030 -0.890106
v 1.353918 -0.003321 -0.831946
v 0.933683 -0.160833 -0.803870
v 0.965234 -0.164106 -0.815535
v 1.865035 -0.233380 -0.774879
v 2.207785 -0.074302 -0.794748
v 1.795667 -0.036072 -0.813138
v 2.587284 -0.114881 -0.775280
v 2.691619 -0.321425 -0.735552
v 2.725720 -0.132979 -0.769274
v 2.757382 -0.136383 -0.754532
v 2.723009 -0.324974 -0.721092
v 2.770145 -0.136277 -0.721823
v 2.735826 -0.324833 -0.688787
v 2.769234 -0.120457 -0.437332
v 2.734020 -0.301454 -0.020364
v 2.768021 -0.112580 -0.020351
v 2.732027 -0.323190 0.648114
v 2.792414 -0.117348 -0.736492
v 2.777373 -0.117489 -0.775492
v 2.207725 -0.053483 -0.820334
v 1.795809 -0.015625 -0.838709
v 0.920298 -0.157789 -0.772967
v 0.834469 0.075273 0.426185
v 0.495321 0.059677 -1.014913
v 3.436782 -0.185759 -0.015487
v 3.811311 -0.253890 -0.012721
v 3.803778 -0.261889 0.384981
v 3.982548 -0.292089 -0.011454
v 3.975310 -0.299904 0.384060
v 3.983222 -0.301659 0.384019
v 3.990447 -0.293850 -0.011393
v 3.977560 -0.300876 -0.407023
v 4.001128 -0.310905 -0.011297
v 3.994345 -0.318692 0.384115
v 3.964777 -0.325660 0.795277
v 3.806040 -0.262867 -0.410495
v 3.437526 -0.194934 -0.418256
v 3.752191 -0.489583 2.155092
v 3.577341 -0.461629 2.167328
v 3.288795 -0.390581 2.173418
v 0.183008 -0.103398 -1.608948
v 0.214202 -0.056986 -1.609680
v 0.117478 -0.117855 -1.970281
v 1.003429 -0.088072 -1.351510
v 0.881872 -0.082152 -1.381177
v 1.003778 -0.088614 -1.371645
v 1.416021 -0.114544 -1.353069
v 1.002530 -0.108531 -1.392903
v 1.414452 -0.134397 -1.374347
v 0.897080 -0.102747 -1.398203
v 0.913846 -0.216462 -1.416315
v 0.877422 -0.214249 -1.431502
v 1.827905 -0.164388 -1.356098
v 2.211183 -0.316113 -1.355514
v 2.222236 -0.202641 -1.336373
v 2.263732 -0.202439 -1.352116
v 2.244302 -0.319587 -1.368151
v 2.251903 -0.321063 -1.402987
v 2.273745 -0.208875 -1.392945
v 2.271804 -0.191957 -1.516469
v 2.296129 -0.191553 -1.382804
v 2.281066 -0.189057 -1.334570
v 2.193595 -0.322879 -1.699310
v 2.250051 -0.209150 -1.517444
v 2.181182 -0.211974 -1.879226
v 2.133818 -0.327184 -2.003443
v 2.154175 -0.214926 -2.021291
v 2.113990 -0.326873 -2.037531
v 2.131691 -0.214396 -2.057798
v 2.089748 -0.211441 -2.071854
v 1.836965 -0.190889 -2.081876
v 2.077415 -0.324445 -2.051978
v 1.428806 -0.160897 -2.098014
v 1.022194 -0.140207 -2.113257
v 0.858018 -0.213960 -1.465973
v 1.841864 -0.194992 -2.255635
v 2.212787 -0.223658 -2.243165
v 2.554700 -0.262697 -2.231586
v 2.212870 -0.207893 -2.233617
v 2.554723 -0.246868 -2.222003
v 2.914715 -0.318272 -2.219266
v 3.301249 -0.395964 -2.205900
v 1.891638 0.022577 -0.787109
v 1.838204 0.033972 -0.789592
v 1.826804 0.028538 -0.790118
v 1.879353 0.030190 -0.787686
v 1.828216 -0.231394 -0.792319
v 2.282048 -0.273115 -0.771279
v 1.437802 0.064297 -0.808155
v 1.384288 0.075700 -0.810638
v 1.372975 0.070255 -0.811152
v 1.425768 0.071888 -0.808720
v 1.374384 -0.189676 -0.813362
v 1.828216 -0.231394 -0.792319
v 0.983974 0.106015 -0.829192
v 0.929615 0.117498 -0.831720
v 0.919140 0.111976 -0.832198
v 0.972183 0.113584 -0.829744
v 0.920555 -0.147958 -0.834403
v 1.374384 -0.189676 -0.813362
v 1.822560 0.030370 0.702191
v 1.875121 0.032018 0.700507
v 1.887410 0.024405 0.700128
v 1.833962 0.035808 0.701816
v 2.277893 -0.271318 0.690609
v 1.823958 -0.229555 0.705056
v 2.341341 -0.017357 0.685675
v 2.277893 -0.271318 0.690609
v 2.276495 -0.011393 0.687738
v 2.731825 -0.313081 0.676153
v 1.368628 0.072135 0.716638
v 1.421433 0.073759 0.714944
v 1.433475 0.066168 0.714575
v 1.379944 0.077577 0.716269
v 1.823958 -0.229555 0.705056
v 1.370023 -0.187793 0.719503
v 0.914693 0.113898 0.731092
v 0.967746 0.115499 0.729398
v 0.979543 0.107930 0.729029
v 0.925171 0.119416 0.730749
v 1.370023 -0.187793 0.719503
v 0.916089 -0.146030 0.733954
v 1.727356 -0.125471 -2.080875
v 1.673129 -0.114467 -2.083031
v 1.661294 -0.121134 -2.083554
v 1.712999 -0.117088 -2.081414
v 1.662182 -0.284341 -2.085552
v 2.124623 -0.314717 -2.066787
v 1.796085 -0.109064 -1.389332
v 1.848088 -0.105663 -1.386817
v 1.862516 -0.114204 -1.386181
v 1.807994 -0.102560 -1.388716
v 2.261640 -0.307450 -1.369732
v 1.796601 -0.271472 -1.391799
v 0.866001 -0.037111 -1.433472
v 0.920413 -0.033896 -1.430835
v 0.932435 -0.042251 -1.430318
v 0.874262 -0.030325 -1.433029
v 1.331559 -0.235494 -1.413869
v 0.866520 -0.199516 -1.435942
v 1.397477 -0.078226 -1.408251
v 1.340716 -0.066413 -1.410892
v 1.386399 -0.069945 -1.408726
v 1.331039 -0.073086 -1.411402
v 1.331559 -0.235494 -1.413869
v 1.796601 -0.271472 -1.391799
v 0.802479 -0.064722 -2.118402
v 0.744624 -0.053480 -2.120706
v 0.736417 -0.060384 -2.121081
v 0.790512 -0.056492 -2.118842
v 0.737305 -0.223591 -2.123077
v 1.199742 -0.253964 -2.104315
v 1.264916 -0.095098 -2.099640
v 1.208462 -0.083946 -2.101886
v 1.198853 -0.090757 -2.102319
v 1.253892 -0.086930 -2.100044
v 1.199742 -0.253964 -2.104315
v 1.662182 -0.284341 -2.085552
v 1.854877 -0.110902 1.299092
v 1.800342 -0.099256 1.300815
v 1.788430 -0.105756 1.301283
v 1.840446 -0.102361 1.299496
v 1.788927 -0.268158 1.304151
v 2.254078 -0.304181 1.288825
v 1.649696 -0.116122 1.993580
v 1.701414 -0.112079 1.992165
v 1.715768 -0.120466 1.991848
v 1.661534 -0.109458 1.993208
v 2.113098 -0.309734 1.983910
v 1.650572 -0.279323 1.995989
v 1.389729 -0.074879 1.314421
v 1.332958 -0.063060 1.316224
v 1.323278 -0.069733 1.316616
v 1.378651 -0.066598 1.314716
v 1.323782 -0.232135 1.319487
v 1.788927 -0.268158 1.304151
v 0.924584 -0.038856 1.329757
v 0.866398 -0.026924 1.331602
v 0.858134 -0.033710 1.331945
v 0.912560 -0.030502 1.330081
v 0.858634 -0.196112 1.334823
v 1.323782 -0.232135 1.319487
v 0.724642 -0.055295 2.017732
v 1.188045 -0.248911 2.008065
v 0.725518 -0.218496 2.020145
v 0.790717 -0.059640 2.016009
v 0.778750 -0.051410 2.016259
v 0.732852 -0.048391 2.017459
v 1.187169 -0.085707 2.005653
v 1.242217 -0.081886 2.004154
v 1.253244 -0.090055 2.003926
v 1.196781 -0.078899 2.005341
v 1.650572 -0.279323 1.995989
v 1.188045 -0.248911 2.008065
v 0.916990 -0.132039 -0.050252
v 1.865035 -0.233380 -0.791571
v 1.858640 -0.205486 -0.043428
v 0.965234 -0.164106 -0.832227
v 0.920298 -0.157789 -0.789659
v 1.860777 -0.231538 0.704835
v 0.960784 -0.162181 0.732465
v 0.916095 -0.155969 0.689239
v 0.929297 -0.158937 0.720338
v 2.687550 -0.319667 0.677542
v 2.734020 -0.301454 -0.037056
v 2.691619 -0.321425 -0.752244
v 2.732027 -0.323190 0.631422
v 2.735826 -0.324833 -0.705480
v 2.723009 -0.324974 -0.737784
v 2.719023 -0.323251 0.663544
v 0.933683 -0.160833 -0.820562
v 0.784715 -0.239893 -2.120860
v 2.113990 -0.326873 -2.054223
v 0.754707 -0.237252 -2.108007
v 2.077415 -0.324445 -2.068670
v 0.746273 -0.234801 -2.076425
v 2.133818 -0.327184 -2.020135
v 0.802357 -0.222741 -1.780656
v 2.251903 -0.321063 -1.419679
v 0.858018 -0.213960 -1.482665
v 2.193595 -0.322879 -1.716002
v 0.877422 -0.214249 -1.448195
v 2.244302 -0.319587 -1.384843
v 0.913846 -0.216462 -1.433007
v 2.211183 -0.316113 -1.372206
v 0.772937 -0.234804 2.018643
v 2.102539 -0.321923 1.971221
v 2.065881 -0.319462 1.985142
v 0.743007 -0.232195 2.005354
v 0.734751 -0.229821 1.973647
v 2.122563 -0.322320 1.937419
v 0.792514 -0.218486 1.678664
v 2.244058 -0.317672 1.338663
v 2.184066 -0.318759 1.634149
v 0.849869 -0.210440 1.381459
v 0.869469 -0.210812 1.347265
v 2.236654 -0.316283 1.303718
v 0.905979 -0.213061 1.332603
v 2.203608 -0.312837 1.290596
v 2.735883 -0.314832 -0.750239
v 2.280640 -0.013184 -0.769075
v 2.282048 -0.273115 -0.771279
v 2.345473 -0.019145 -0.766069
vn -0.3097 0.9508 -0.0021
vn 0.2435 0.9688 -0.0464
vn 0.2427 0.9701 -0.0005
vn -0.3199 0.9469 -0.0312
vn -0.7908 0.6120 -0.0050
vn -0.7763 0.6304 -0.0030
vn 0.2428 0.9690 0.0454
vn -0.3204 0.9469 0.0269
vn -0.7909 0.6119 -0.0010
vn -0.3756 0.9128 0.1601
vn -0.8513 0.4882 0.1921
vn -0.3587 0.8149 0.4553
vn -0.2806 0.8206 0.4979
vn -0.7767 0.6089 0.1613
vn -0.2971 0.9476 0.1172
vn -0.8001 0.5898 -0.1096
vn -0.3076 0.9507 -0.0401
vn -0.7762 0.6048 -0.1780
vn -0.3408 0.7824 0.5213
vn -0.2840 0.9569 -0.0610
vn -0.2805 0.9569 -0.0756
vn 0.2846 0.9564 0.0652
vn 0.2794 0.9569 0.0797
vn -0.2417 0.9091 0.3394
vn 0.2464 0.8190 0.5182
vn 0.1736 0.5430 0.8216
vn 0.2621 0.8755 0.4059
vn 0.2806 0.9567 0.0776
vn 0.2863 0.9559 0.0653
vn 0.2738 0.9611 0.0358
vn 0.2708 0.9465 0.1756
vn 0.2731 0.9613 0.0350
vn 0.2701 0.9465 0.1769
vn 0.2603 0.8582 0.4424
vn 0.2561 0.8463 0.4671
vn 0.2318 0.8473 0.4779
vn 0.2355 0.8319 0.5025
vn 0.2424 0.9473 0.2094
vn 0.2420 0.9464 0.2138
vn 0.2425 0.9691 0.0449
vn 0.2427 0.9701 -0.0004
vn 0.2431 0.9689 -0.0457
vn 0.2451 0.9464 -0.2101
vn 0.2451 0.9456 -0.2139
vn 0.2384 0.8453 -0.4782
vn 0.2426 0.8300 -0.5022
vn 0.2625 0.8443 -0.4672
vn 0.2664 0.8560 -0.4431
vn 0.2725 0.9455 -0.1783
vn 0.2731 0.9457 -0.1762
vn -0.2960 0.9475 -0.1211
vn 0.2737 0.9612 -0.0358
vn 0.2743 0.9610 -0.0365
vn 0.2872 0.9556 -0.0660
vn 0.2856 0.9561 -0.0659
vn -0.2844 0.9570 0.0568
vn -0.2810 0.9571 0.0715
vn 0.2806 0.9565 -0.0804
vn 0.2817 0.9563 -0.0784
vn 0.2535 0.8170 -0.5180
vn 0.2678 0.8744 -0.4046
vn 0.1851 0.5401 -0.8210
vn -0.3331 0.7821 -0.5266
vn -0.7777 0.6046 0.1720
vn -0.2386 0.9085 -0.3432
vn -0.3081 0.9507 0.0359
vn -0.8012 0.5894 0.1037
vn -0.7753 0.6091 -0.1671
vn -0.2746 0.8203 -0.5018
vn -0.8498 0.4882 -0.1987
vn -0.3740 0.9127 -0.1648
vn -0.3539 0.8144 -0.4600
vn 0.5729 0.8191 -0.0304
vn 0.6043 0.7954 -0.0468
vn 0.6044 0.7961 -0.0295
vn 0.5733 0.8179 -0.0485
vn 0.6042 0.7969 0.0008
vn 0.5726 0.8198 0.0006
vn 0.3247 0.9440 -0.0583
vn 0.3256 0.9448 -0.0365
vn 0.3253 0.9456 -0.0002
vn -0.2013 0.9774 -0.0642
vn -0.1924 0.9805 -0.0406
vn -0.8535 0.5204 -0.0257
vn -0.1936 0.9811 -0.0018
vn -0.8550 0.5187 -0.0031
vn -0.1927 0.9806 0.0371
vn -0.8536 0.5205 0.0194
vn -1.0000 -0.0052 -0.0009
vn -0.8694 0.4930 0.0317
vn -0.2006 0.9778 0.0606
vn -1.0000 -0.0052 -0.0028
vn -1.0000 -0.0052 -0.0048
vn -1.0000 -0.0053 -0.0067
vn -0.8699 0.4917 -0.0377
vn 0.3251 0.9450 0.0361
vn 0.3249 0.9440 0.0578
vn 0.5725 0.8193 0.0317
vn 0.5728 0.8182 0.0498
vn 0.6041 0.7963 0.0310
vn 0.6038 0.7957 0.0483
vn -1.0000 -0.0054 0.0011
vn 0.5760 0.8168 -0.0307
vn 0.6044 0.7961 -0.0299
vn 0.5757 0.8176 0.0006
vn 0.5757 0.8170 0.0320
vn 0.6040 0.7963 0.0315
vn 0.5759 0.8160 0.0492
vn 0.6038 0.7957 0.0480
vn 0.3290 0.9436 0.0359
vn 0.3280 0.9430 0.0562
vn -0.1646 0.9857 0.0363
vn -0.1722 0.9834 0.0577
vn -0.8385 0.5445 0.0186
vn -0.8556 0.5169 0.0289
vn -1.0000 -0.0053 -0.0026
vn -1.0000 -0.0054 -0.0021
vn -1.0000 -0.0052 -0.0031
vn -0.8394 0.5435 -0.0031
vn -0.8383 0.5446 -0.0248
vn -0.1654 0.9862 -0.0017
vn 0.3288 0.9444 -0.0002
vn -0.1640 0.9857 -0.0397
vn 0.3294 0.9435 -0.0364
vn -0.1727 0.9831 -0.0610
vn 0.3277 0.9431 -0.0567
vn 0.5764 0.8158 -0.0479
vn 0.6043 0.7954 -0.0465
vn -0.8562 0.5155 -0.0349
vn -1.0000 -0.0053 -0.0035
vn 0.5663 0.8236 -0.0309
vn 0.3168 0.9468 -0.0575
vn 0.5668 0.8225 -0.0485
vn 0.3183 0.9473 -0.0366
vn 0.5661 0.8243 0.0006
vn 0.6044 0.7961 -0.0298
vn 0.6041 0.7969 0.0008
vn 0.6040 0.7964 0.0313
vn 0.5660 0.8238 0.0320
vn 0.6038 0.7957 0.0481
vn 0.5663 0.8227 0.0497
vn 0.3171 0.9467 0.0569
vn 0.3178 0.9475 0.0361
vn -0.1808 0.9818 0.0587
vn -0.8432 0.5372 0.0189
vn -0.8599 0.5096 0.0299
vn -0.1732 0.9842 0.0366
vn -0.1739 0.9848 -0.0017
vn 0.3179 0.9481 -0.0003
vn -0.1726 0.9842 -0.0400
vn -0.8430 0.5374 -0.0251
vn -0.1812 0.9815 -0.0621
vn -0.8604 0.5084 -0.0360
vn -1.0000 -0.0052 -0.0037
vn -1.0000 -0.0054 -0.0047
vn -0.8442 0.5361 -0.0031
vn -1.0000 -0.0052 -0.0020
vn -1.0000 -0.0053 -0.0010
vn 0.6043 0.7954 -0.0466
vn 0.5696 0.8214 -0.0306
vn 0.6043 0.7954 -0.0467
vn 0.6044 0.7961 -0.0296
vn 0.5700 0.8202 -0.0485
vn 0.5693 0.8221 0.0006
vn 0.3207 0.9454 -0.0579
vn 0.3219 0.9461 -0.0366
vn 0.3215 0.9469 -0.0002
vn -0.1829 0.9811 -0.0632
vn -0.1743 0.9839 -0.0403
vn -0.8438 0.5360 -0.0257
vn -0.1756 0.9845 -0.0017
vn -0.1748 0.9839 0.0369
vn -0.8440 0.5360 0.0195
vn -0.8452 0.5345 -0.0031
vn -1.0000 -0.0052 -0.0043
vn -1.0000 -0.0053 -0.0057
vn -0.8612 0.5069 -0.0373
vn -1.0000 -0.0052 -0.0014
vn -0.8606 0.5082 0.0312
vn -1.0000 -0.0054 0.0001
vn -0.1822 0.9814 0.0598
vn 0.3214 0.9462 0.0361
vn 0.3210 0.9453 0.0574
vn 0.5692 0.8216 0.0319
vn 0.5695 0.8205 0.0498
vn 0.6040 0.7963 0.0312
vn 0.6038 0.7957 0.0482
vn -0.8274 0.5403 0.1536
vn -0.9816 -0.0070 0.1906
vn -0.8506 0.5021 0.1561
vn -0.9818 -0.0060 0.1898
vn -0.1681 0.9855 0.0209
vn 0.3330 0.9399 -0.0754
vn -0.2155 0.9762 0.0251
vn -0.8762 0.4547 0.1601
vn -0.2635 0.9642 0.0299
vn 0.2982 0.9517 -0.0736
vn 0.4716 0.8754 -0.1056
vn 0.4692 0.8773 -0.1008
vn 0.2640 0.9618 -0.0722
vn 0.4732 0.8741 -0.1100
vn 0.4335 0.8961 -0.0949
vn 0.4308 0.8971 -0.0983
vn 0.4355 0.8954 -0.0923
vn -0.9816 -0.0077 0.1908
vn -0.8946 0.4194 0.1541
vn -0.9823 -0.0075 0.1869
vn -0.9120 0.3786 0.1581
vn -0.9827 -0.0068 0.1853
vn -0.8794 0.4511 0.1519
vn -0.3047 0.9521 0.0252
vn -0.2479 0.9686 0.0202
vn 0.3692 0.9246 -0.0936
vn 0.3325 0.9384 -0.0936
vn 0.4971 0.8599 -0.1155
vn 0.5028 0.8556 -0.1227
vn 0.4354 0.8944 -0.1027
vn 0.4333 0.8949 -0.1069
vn 0.5074 0.8520 -0.1292
vn 0.4306 0.8956 -0.1121
vn 0.2967 0.9503 -0.0940
vn -0.3636 0.9310 0.0319
vn -0.9830 -0.0059 0.1834
vn -0.8761 0.4563 0.1556
vn -0.9819 -0.0075 0.1890
vn -0.8967 0.4129 0.1595
vn -0.9822 -0.0069 0.1879
vn -0.8574 0.4913 0.1534
vn -0.2656 0.9637 0.0263
vn -0.2124 0.9770 0.0214
vn 0.3876 0.9173 -0.0913
vn 0.3486 0.9330 -0.0897
vn 0.5100 0.8527 -0.1131
vn 0.5177 0.8471 -0.1197
vn 0.4355 0.8949 -0.0975
vn 0.4334 0.8955 -0.1009
vn 0.5243 0.8422 -0.1256
vn 0.4307 0.8963 -0.1052
vn 0.3107 0.9464 -0.0887
vn -0.3197 0.9470 0.0321
vn -0.9824 -0.0060 0.1866
vn 0.3313 0.9389 0.0932
vn 0.4952 0.8611 0.1153
vn 0.5004 0.8570 0.1231
vn 0.3667 0.9256 0.0933
vn 0.2968 0.9503 0.0936
vn -0.3614 0.9317 -0.0359
vn -0.3046 0.9520 -0.0294
vn -0.9105 0.3795 -0.1642
vn -0.8936 0.4192 -0.1604
vn -0.2494 0.9681 -0.0243
vn -0.8786 0.4504 -0.1585
vn -0.9818 -0.0067 -0.1895
vn -0.9815 -0.0075 -0.1911
vn -0.9812 -0.0081 -0.1926
vn 0.5047 0.8533 0.1308
vn 0.4311 0.8949 0.1149
vn 0.4337 0.8946 0.1075
vn 0.4356 0.8944 0.1017
vn 0.3475 0.9334 0.0894
vn 0.5082 0.8538 0.1130
vn 0.5154 0.8485 0.1202
vn 0.3852 0.9183 0.0910
vn 0.3109 0.9463 0.0884
vn -0.3175 0.9476 -0.0359
vn -0.2652 0.9637 -0.0302
vn -0.8749 0.4564 -0.1619
vn -0.2137 0.9766 -0.0254
vn -0.8951 0.4140 -0.1656
vn -0.9810 -0.0076 -0.1937
vn -0.9808 -0.0081 -0.1947
vn -0.9812 -0.0067 -0.1928
vn -0.8567 0.4904 -0.1599
vn 0.5215 0.8437 0.1273
vn 0.4313 0.8957 0.1079
vn 0.4339 0.8952 0.1015
vn 0.4358 0.8949 0.0965
vn 0.2642 0.9618 0.0716
vn 0.4694 0.8766 0.1058
vn 0.4709 0.8751 0.1114
vn 0.2972 0.9520 0.0730
vn -0.2616 0.9646 -0.0335
vn -0.2152 0.9761 -0.0288
vn -0.8744 0.4558 -0.1664
vn -0.8495 0.5020 -0.1623
vn -0.9804 -0.0080 -0.1969
vn -0.9805 -0.0075 -0.1962
vn -0.9806 -0.0068 -0.1960
vn -0.8267 0.5394 -0.1602
vn -0.1692 0.9853 -0.0245
vn 0.3309 0.9407 0.0748
vn 0.4673 0.8784 0.1003
vn 0.4340 0.8958 0.0955
vn 0.4359 0.8954 0.0913
vn 0.4315 0.8964 0.1010
vn 0.1302 0.9206 -0.3681
vn 0.1146 0.9273 -0.3562
vn 0.1398 0.9209 -0.3639
vn 0.1107 0.9255 -0.3622
vn 0.1590 0.9036 -0.3977
vn 0.1258 0.9788 -0.1613
vn 0.1495 0.9738 -0.1715
vn 0.1413 0.9893 -0.0376
vn 0.1303 0.9894 -0.0647
vn 0.1786 0.9658 -0.1880
vn 0.1782 0.8836 -0.4330
vn 0.1329 0.9894 -0.0584
vn 0.1355 0.9893 -0.0544
vn 0.1303 0.9908 -0.0361
vn 0.1204 0.9912 -0.0546
vn 0.0964 0.9468 0.3069
vn 0.1005 0.9940 -0.0431
vn 0.0347 0.9660 0.2563
vn 0.1048 0.9825 -0.1539
vn 0.0925 0.9283 -0.3601
vn 0.0880 0.9832 -0.1599
vn 0.0848 0.9948 -0.0569
vn 0.0735 0.9957 -0.0569
vn 0.0778 0.9838 -0.1614
vn 0.0755 0.9260 -0.3698
vn 0.0708 0.9843 -0.1618
vn 0.0837 0.9278 -0.3635
vn 0.0816 0.9310 -0.3559
vn 0.0937 0.9310 -0.3527
vn 0.0734 0.9293 -0.3620
vn 0.0738 0.9879 -0.1368
vn 0.0888 0.9866 -0.1366
vn 0.1123 0.9826 -0.1479
vn 0.0871 0.9958 -0.0274
vn 0.0969 0.9208 -0.3778
vn 0.0687 0.9973 -0.0240
vn 0.1106 0.9938 0.0139
vn 0.0391 0.9633 -0.2655
vn 0.1177 0.9930 0.0027
vn 0.1372 0.9810 -0.1372
vn 0.1700 0.9852 -0.0225
vn 0.1347 0.9908 -0.0152
vn 0.1314 0.9911 -0.0225
vn 0.1757 0.9039 -0.3900
vn 0.1742 0.9738 -0.1459
vn 0.2005 0.9794 -0.0238
vn 0.2040 0.9655 -0.1616
vn 0.1944 0.8840 -0.4252
vn 0.2232 0.9744 -0.0259
vn 0.2284 0.9584 -0.1713
vn 0.2332 0.8530 -0.4669
vn 0.2393 0.9550 -0.1755
vn 0.2330 0.9721 -0.0292
vn 0.2218 0.8620 -0.4558
vn 0.2042 0.8623 -0.4634
vn 0.2123 0.8533 -0.4762
vn 0.5214 0.7391 -0.4266
vn 0.2053 0.9563 -0.2080
vn 0.2148 0.9537 -0.2107
vn 0.5552 0.8123 -0.1785
vn 0.5688 0.8210 -0.0482
vn 0.8369 0.5455 -0.0441
vn 0.8238 0.5135 -0.2401
vn 0.5379 0.7297 -0.4221
vn 0.8023 0.5618 -0.2018
vn 0.5896 0.7932 -0.1519
vn 0.8173 0.5672 -0.1017
vn 0.5725 0.8096 -0.1298
vn 0.5687 0.8193 -0.0733
vn 0.8136 0.5541 -0.1762
vn 0.5756 0.8019 -0.1602
vn 0.6005 0.5767 -0.5539
vn 0.4558 0.7553 -0.4709
vn 0.1495 0.4797 -0.8646
vn 0.2250 0.8247 -0.5189
vn 0.2224 0.8194 -0.5283
vn 0.2473 0.9663 -0.0716
vn 0.2451 0.9679 -0.0563
vn 0.2408 0.9683 -0.0668
vn 0.2309 0.9716 -0.0513
vn 0.2058 0.9777 -0.0406
vn 0.1711 0.9847 -0.0336
vn 0.2176 0.9748 -0.0483
vn 0.2028 0.8344 -0.5126
vn 0.1751 0.9837 -0.0398
vn 0.1665 0.8477 -0.5037
vn 0.1333 0.9904 -0.0364
vn 0.1315 0.9908 -0.0322
vn 0.1149 0.9931 -0.0233
vn 0.1111 0.9933 -0.0323
vn -0.2742 0.9608 0.0405
vn -0.2261 0.9698 0.0912
vn 0.0987 0.9944 -0.0378
vn 0.0979 0.9946 -0.0342
vn -0.1113 0.9694 0.2187
vn 0.0799 0.9965 -0.0224
vn 0.0078 0.9607 0.2776
vn 0.0822 0.9955 -0.0473
vn 0.0768 0.9960 -0.0452
vn 0.0776 0.9959 -0.0455
vn 0.0590 0.9424 0.3291
vn 0.0461 0.9448 0.3244
vn 0.0632 0.9967 -0.0501
vn 0.0366 0.9464 0.3210
vn 0.0529 0.9970 -0.0566
vn 0.0623 0.9968 -0.0506
vn 0.0514 0.9970 -0.0573
vn 0.0811 0.8551 -0.5120
vn 0.0688 0.8535 -0.5165
vn 0.0597 0.5044 -0.8614
vn 0.0545 0.5006 -0.8639
vn 0.0598 0.8504 -0.5227
vn 0.0460 0.9971 -0.0614
vn 0.0531 0.8592 -0.5088
vn 0.0508 0.5289 -0.8472
vn -0.2417 0.6478 -0.7224
vn -0.1686 0.8558 -0.4891
vn -0.7471 0.5974 -0.2913
vn -0.8299 0.5515 0.0838
vn -0.9109 0.3961 -0.1155
vn -0.5267 0.8431 -0.1088
vn -0.4309 0.8988 0.0801
vn -0.5012 0.8616 0.0803
vn 0.0005 0.9977 -0.0681
vn -0.0359 0.9985 -0.0423
vn 0.0533 0.9979 -0.0367
vn -0.0528 0.9983 -0.0232
vn 0.0534 0.9972 -0.0526
vn 0.0543 0.9979 -0.0363
vn 0.0526 0.9972 -0.0529
vn 0.0536 0.9970 -0.0552
vn 0.3506 0.9363 -0.0214
vn 0.2648 0.9495 0.1685
vn 0.0483 0.9978 -0.0453
vn 0.0521 0.9979 -0.0382
vn 0.1111 0.9475 0.2998
vn 0.1249 0.5000 0.8569
vn 0.6256 0.5686 0.5342
vn 0.1565 0.1921 0.9688
vn 0.7267 0.2636 0.6344
vn 0.8681 0.4959 -0.0226
vn 0.9763 0.2158 0.0133
vn 0.8613 0.4759 -0.1781
vn 0.9638 0.1895 -0.1875
vn 0.8606 0.4772 -0.1779
vn 0.3841 0.9172 -0.1058
vn 0.3852 0.9175 -0.0996
vn 0.3514 0.9241 -0.1500
vn 0.8249 0.4768 -0.3037
vn 0.5595 0.5318 -0.6357
vn 0.2317 0.9450 -0.2310
vn 0.0550 0.9981 -0.0271
vn 0.0546 0.9981 -0.0272
vn 0.0573 0.9881 -0.1426
vn 0.0653 0.9880 -0.1399
vn 0.0551 0.9981 -0.0265
vn 0.0654 0.9281 -0.3665
vn -0.0463 0.9877 -0.1494
vn -0.0207 0.9147 -0.4035
vn -0.0040 0.9065 -0.4222
vn -0.3692 0.7188 -0.5890
vn -0.3371 0.7322 -0.5919
vn -0.6188 0.4646 -0.6334
vn -0.7836 0.5912 -0.1909
vn -0.4851 0.8507 -0.2026
vn -0.6048 0.4988 -0.6208
vn -0.4883 0.8383 -0.2424
vn -0.7741 0.5969 -0.2110
vn -0.8124 0.5831 0.0014
vn -0.4964 0.8679 -0.0165
vn -0.8132 0.5820 -0.0030
vn -0.4973 0.8676 -0.0025
vn -0.4966 0.8679 0.0115
vn -0.8124 0.5831 -0.0074
vn -0.4984 0.8303 0.2493
vn -0.7583 0.6130 0.2219
vn -0.3561 0.7305 0.5828
vn -0.6048 0.5267 0.5973
vn -0.3778 0.7170 0.5858
vn -0.6213 0.4666 0.6295
vn -0.4897 0.8496 0.1958
vn -0.7831 0.5947 0.1818
vn -0.8238 0.5590 -0.0940
vn -0.5293 0.8472 -0.0455
vn -0.8096 0.5547 -0.1922
vn -0.5004 0.8616 -0.0855
vn -0.8290 0.5519 -0.0904
vn -0.7500 0.5971 0.2847
vn -0.5276 0.8432 0.1034
vn -0.9117 0.3961 0.1092
vn -0.4302 0.8987 -0.0848
vn -0.1751 0.8568 0.4850
vn -0.0005 0.9978 0.0656
vn 0.0451 0.9972 0.0593
vn 0.0459 0.8606 0.5072
vn -0.0365 0.9985 0.0396
vn -0.0531 0.9984 0.0204
vn 0.0527 0.9980 0.0346
vn 0.0527 0.9973 0.0505
vn 0.0538 0.9980 0.0341
vn 0.0519 0.9974 0.0507
vn 0.0528 0.9972 0.0531
vn 0.3504 0.9363 0.0215
vn 0.2674 0.9486 -0.1695
vn 0.0476 0.9979 0.0431
vn 0.1151 0.9465 -0.3015
vn 0.0515 0.9980 0.0359
vn 0.0506 0.9972 0.0552
vn 0.0412 0.9455 -0.3231
vn 0.0521 0.9972 0.0544
vn 0.0625 0.9969 0.0480
vn 0.0615 0.9969 0.0484
vn 0.0739 0.8567 0.5105
vn 0.0761 0.9962 0.0431
vn 0.0615 0.8550 0.5151
vn 0.0422 0.5032 0.8631
vn 0.0475 0.5064 0.8610
vn 0.0524 0.8519 0.5211
vn 0.0388 0.5312 0.8463
vn -0.2505 0.6486 0.7187
vn 0.0547 0.5127 0.8568
vn 0.0666 0.5183 0.8526
vn 0.1240 0.8570 0.5001
vn 0.0916 0.8613 0.4997
vn 0.0865 0.5176 0.8513
vn 0.1080 0.5104 0.8531
vn 0.1594 0.8496 0.5028
vn 0.1957 0.8363 0.5122
vn 0.1745 0.9839 0.0382
vn 0.1328 0.9905 0.0346
vn 0.0975 0.9947 0.0322
vn 0.0982 0.9945 0.0359
vn 0.1107 0.9934 0.0305
vn 0.1311 0.9909 0.0305
vn 0.1145 0.9932 0.0215
vn 0.1311 0.9912 0.0208
vn 0.1697 0.9853 0.0210
vn 0.1706 0.9848 0.0322
vn 0.2052 0.9779 0.0394
vn 0.2169 0.9750 0.0471
vn 0.2150 0.8214 0.5283
vn 0.2399 0.9686 0.0658
vn 0.2463 0.9666 0.0706
vn 0.2301 0.9719 0.0503
vn 0.2228 0.9745 0.0248
vn 0.2327 0.9721 0.0281
vn 0.2442 0.9681 0.0553
vn 0.5681 0.8196 0.0745
vn 0.5712 0.8102 0.1312
vn 0.5740 0.8027 0.1617
vn 0.4503 0.7571 0.4733
vn 0.5945 0.5798 0.5572
vn 0.8122 0.5550 0.1798
vn 0.8164 0.5678 0.1052
vn 0.5878 0.7944 0.1531
vn 0.8006 0.5631 0.2049
vn 0.8218 0.5148 0.2442
vn 0.5328 0.7323 0.4240
vn 0.5165 0.7412 0.4286
vn 0.2266 0.8549 0.4666
vn 0.2157 0.8639 0.4552
vn 0.2263 0.9590 0.1705
vn 0.2058 0.8552 0.4757
vn 0.2367 0.9558 0.1745
vn 0.2120 0.9545 0.2096
vn 0.1977 0.8641 0.4628
vn 0.1725 0.8850 0.4325
vn 0.2023 0.9572 0.2068
vn 0.1885 0.8858 0.4241
vn 0.1528 0.9052 0.3966
vn 0.1695 0.9055 0.3889
vn 0.1715 0.9745 0.1445
vn 0.2020 0.9661 0.1609
vn 0.2002 0.9795 0.0225
vn 0.1355 0.9815 0.1354
vn 0.1349 0.9221 0.3628
vn 0.1096 0.9285 0.3547
vn 0.1252 0.9219 0.3666
vn 0.1056 0.9267 0.3606
vn 0.1027 0.9830 0.1522
vn 0.1238 0.9793 0.1599
vn 0.1196 0.9914 0.0529
vn 0.1465 0.9745 0.1699
vn 0.1294 0.9896 0.0630
vn 0.1762 0.9665 0.1866
vn 0.1321 0.9896 0.0567
vn 0.1347 0.9895 0.0528
vn 0.1298 0.9909 0.0344
vn 0.1408 0.9894 0.0360
vn 0.1391 0.9903 -0.0008
vn 0.1664 0.9852 0.0411
vn 0.1293 0.9916 -0.0009
vn -0.2510 0.9673 -0.0360
vn -0.2513 0.9679 -0.0019
vn -0.2515 0.9673 0.0322
vn -0.8492 0.5279 0.0162
vn -0.8292 0.5418 -0.1376
vn -0.2093 0.9775 -0.0270
vn -0.0608 0.9893 -0.1327
vn -0.5482 0.6187 -0.5628
vn -0.1931 0.2041 -0.9597
vn -0.6981 0.2453 -0.6727
vn -0.1169 0.5369 -0.8355
vn 0.0382 0.9653 -0.2583
vn 0.0328 0.5090 -0.8601
vn 0.1008 0.9458 -0.3086
vn 0.0999 0.9941 0.0412
vn 0.0835 0.9455 -0.3147
vn 0.0841 0.9949 0.0549
vn 0.0701 0.9498 -0.3049
vn 0.0217 0.5115 -0.8590
vn 0.0179 0.5126 -0.8585
vn -0.0142 0.1780 -0.9839
vn 0.0113 0.5095 -0.8604
vn 0.1542 0.1988 -0.9678
vn 0.1775 0.4701 -0.8646
vn 0.6738 0.2386 -0.6993
vn 0.6185 0.5383 -0.5724
vn 0.9655 0.1952 -0.1724
vn 0.9864 0.1643 0.0026
vn 0.8760 0.4820 0.0188
vn 0.8585 0.4910 -0.1481
vn 0.3836 0.9229 0.0329
vn 0.3371 0.9409 -0.0335
vn 0.2247 0.9632 -0.1478
vn 0.0600 0.9966 0.0572
vn 0.0623 0.9964 0.0574
vn 0.1319 0.9405 -0.3131
vn 0.0592 0.9503 -0.3055
vn 0.0689 0.9961 0.0557
vn 0.0727 0.9958 0.0549
vn 0.0858 0.9837 0.1581
vn 0.0756 0.9843 0.1594
vn 0.0685 0.9848 0.1598
vn 0.0556 0.9853 0.1616
vn 0.0703 0.9271 0.3682
vn 0.0604 0.9292 0.3645
vn 0.0605 0.9263 0.3719
vn 0.0765 0.9320 0.3542
vn 0.0786 0.9290 0.3617
vn 0.0683 0.9304 0.3602
vn 0.0634 0.9884 0.1378
vn 0.0684 0.9974 0.0219
vn 0.0591 0.9980 0.0236
vn 0.0554 0.9885 0.1406
vn 0.0718 0.9883 0.1348
vn 0.0548 0.9982 0.0243
vn 0.0712 0.9245 0.3745
vn 0.1300 0.9309 0.3413
vn 0.0546 0.9982 0.0250
vn 0.0542 0.9982 0.0250
vn 0.2283 0.9461 0.2298
vn 0.3493 0.9249 0.1499
vn 0.8223 0.4785 0.3080
vn 0.5522 0.5351 0.6394
vn 0.8592 0.4782 0.1818
vn 0.3841 0.9179 0.0997
vn 0.8599 0.4769 0.1821
vn 0.3829 0.9177 0.1059
vn 0.9764 0.2158 -0.0081
vn 0.9626 0.1903 0.1928
vn 0.8679 0.4961 0.0264
vn 0.7330 0.2609 -0.6282
vn 0.6316 0.5653 -0.5306
vn 0.1699 0.1894 -0.9671
vn 0.1369 0.4976 -0.8565
vn 0.0049 0.4860 -0.8739
vn 0.0093 0.4836 -0.8752
vn 0.0147 0.4885 -0.8724
vn 0.0507 0.9439 -0.3263
vn 0.0637 0.9414 -0.3311
vn 0.0769 0.9961 0.0434
vn 0.0116 0.9600 -0.2797
vn 0.0816 0.9956 0.0453
vn 0.0796 0.9966 0.0205
vn -0.1081 0.9692 -0.2215
vn -0.4782 0.5724 -0.6661
vn -0.1028 0.5137 -0.8518
vn -0.2246 0.9698 -0.0950
vn -0.7893 0.5334 -0.3043
vn -0.2737 0.9608 -0.0445
vn -0.2738 0.9604 -0.0511
vn -0.8389 0.5202 -0.1602
vn -0.8422 0.5135 -0.1642
vn -0.9638 0.1869 -0.1901
vn -0.8385 0.5440 0.0324
vn -0.9816 0.1911 -0.0060
vn -0.1695 0.9845 0.0463
vn -0.7470 0.2185 0.6279
vn -0.5160 0.6807 0.5200
vn -0.0347 0.9900 0.1368
vn -0.0939 0.5043 0.8584
vn 0.0356 0.9640 0.2636
vn 0.1178 0.9930 -0.0045
vn 0.1108 0.9937 -0.0159
vn 0.1345 0.9908 0.0136
vn 0.0915 0.9219 0.3764
vn 0.0867 0.9959 0.0255
vn 0.1103 0.9831 0.1461
vn 0.0887 0.9321 0.3511
vn 0.0869 0.9871 0.1348
vn 0.0874 0.9294 0.3585
vn 0.0739 0.9236 0.3762
vn 0.0587 0.4734 0.8789
vn 0.0667 0.4629 0.8839
vn 0.1944 0.1860 0.9631
vn -0.1558 0.1758 0.9720
vn 0.6356 0.2230 0.7391
vn 0.0607 0.4711 0.8800
vn 0.1874 0.4772 0.8586
vn 0.9205 0.2067 0.3315
vn -0.9150 0.2170 -0.3403
vn -0.6188 0.2277 -0.7518
vn -0.1758 0.1869 -0.9665
vn -0.0487 0.9880 0.1468
vn -0.0268 0.9157 0.4010
vn -0.0101 0.9074 0.4201
vn -0.0318 0.9828 0.1820
vn 0.0496 0.9982 0.0328
vn -0.0273 0.9992 0.0298
vn -0.0280 0.9996 -0.0013
vn -0.0268 0.9991 -0.0325
vn 0.0493 0.9988 -0.0011
vn 0.0501 0.9981 -0.0350
vn -0.0292 0.9824 -0.1846
vn 0.0578 0.9848 -0.1637
vn 0.0550 0.9978 -0.0364
vn 0.0608 0.9964 -0.0593
vn 0.0537 0.9986 -0.0011
vn 0.3840 0.9228 -0.0330
vn 0.8761 0.4819 -0.0150
vn 0.8574 0.4918 0.1520
vn 0.3364 0.9411 0.0333
vn 0.3837 0.9235 -0.0000
vn 0.8761 0.4821 0.0019
vn 0.2225 0.9639 0.1462
vn 0.0632 0.9962 -0.0595
vn 0.6121 0.5415 0.5763
vn 0.1276 0.9416 0.3116
vn 0.0548 0.9513 0.3035
vn 0.1654 0.4728 0.8655
vn 0.0697 0.9959 -0.0577
vn -0.0009 0.5117 0.8591
vn 0.6664 0.2413 0.7055
vn 0.1406 0.2014 0.9693
vn -0.0282 0.1804 0.9832
vn 0.0094 0.5137 0.8579
vn 0.0057 0.5148 0.8573
vn 0.0206 0.5114 0.8591
vn -0.2063 0.2061 0.9565
vn -0.1286 0.5386 0.8327
vn -0.5547 0.6184 0.5566
vn -0.7049 0.2460 0.6653
vn -0.8302 0.5417 0.1313
vn -0.9654 0.2031 0.1634
vn -0.8490 0.5279 -0.0223
vn -0.9845 0.1756 -0.0030
vn -0.8483 0.5295 -0.0031
vn -0.9644 0.2029 -0.1697
vn -0.2099 0.9775 0.0232
vn -0.0631 0.9895 0.1303
vn 0.0790 0.9465 0.3130
vn 0.0658 0.9507 0.3030
vn 0.9643 0.1960 0.1779
vn 0.0545 0.9979 0.0343
vn 0.0657 0.9252 -0.3737
vn 0.1631 0.9866 -0.0008
vn 0.1992 0.9800 -0.0006
vn 0.1991 0.9789 0.0459
vn 0.2175 0.9761 -0.0006
vn 0.2161 0.9753 0.0454
vn 0.5684 0.8213 0.0494
vn 0.5773 0.8165 0.0007
vn 0.2167 0.9751 -0.0466
vn 0.8472 0.5313 0.0018
vn 0.8366 0.5457 0.0476
vn 0.5533 0.8133 0.1802
vn 0.1998 0.9787 -0.0472
vn 0.1670 0.9850 -0.0425
vn 0.2177 0.8267 0.5189
vn 0.1373 0.4822 0.8652
vn 0.1289 0.4948 0.8594
vn -0.8246 0.5589 0.0880
vn -0.5297 0.8472 0.0403
vn -0.8111 0.5544 0.1861
vn 0.0595 0.9979 -0.0258
vn 0.1346 0.9297 -0.3427
vn 0.0765 0.9234 -0.3763
vn 0.0793 0.9224 -0.3780
vn 0.0733 0.4687 -0.8803
vn 0.0712 0.4710 -0.8793
vn 0.1993 0.4745 -0.8574
vn 0.2077 0.1834 -0.9609
vn 0.6435 0.2203 -0.7331
vn 0.0793 0.4605 -0.8841
vn -0.1423 0.1736 -0.9745
vn -0.0818 0.5025 -0.8607
vn -0.5095 0.6811 -0.5259
vn -0.7409 0.2178 -0.6353
vn -0.9816 0.1911 -0.0002
vn -0.8382 0.5439 -0.0387
vn -0.2743 0.9605 0.0471
vn -0.1687 0.9844 -0.0500
vn -0.0323 0.9898 -0.1391
vn -0.9650 0.1871 0.1839
vn -0.8435 0.5135 0.1579
vn -0.8401 0.5202 0.1539
vn -0.9174 0.2172 0.3335
vn -0.7919 0.5332 0.2977
vn -0.6269 0.2287 0.7448
vn -0.4864 0.5725 0.6601
vn -0.1149 0.5155 0.8491
vn 0.0023 0.4908 0.8712
vn -0.1892 0.1891 0.9636
vn -0.0032 0.4858 0.8741
vn -0.0076 0.4883 0.8726
vn 0.9229 0.2053 -0.3258
vn 0.0669 0.5101 -0.8575
vn 0.0787 0.5160 -0.8530
vn 0.0986 0.5152 -0.8514
vn 0.0986 0.8598 -0.5010
vn 0.1310 0.8554 -0.5012
vn 0.1201 0.5077 -0.8531
vn 0.1409 0.4921 -0.8590
vn 0.0470 0.0072 -0.9989
vn 0.0463 -0.0005 -0.9989
vn 0.0469 0.0063 -0.9989
vn 0.0461 -0.0013 -0.9989
vn 0.0471 0.0087 -0.9989
vn 0.0469 0.0072 -0.9989
vn 0.0460 -0.0015 -0.9989
vn 0.0467 0.0060 -0.9989
vn 0.0461 -0.0012 -0.9989
vn 0.0462 -0.0012 -0.9989
vn 0.0469 0.0059 -0.9989
vn 0.0463 -0.0006 -0.9989
vn 0.0326 0.0087 0.9994
vn 0.0320 0.0019 0.9995
vn 0.0327 0.0098 0.9994
vn 0.0320 0.0020 0.9995
vn 0.0328 0.0112 0.9994
vn 0.0329 0.0112 0.9994
vn 0.0326 0.0086 0.9994
vn 0.0320 0.0022 0.9995
vn 0.0320 0.0012 0.9995
vn 0.0326 0.0084 0.9994
vn 0.0319 0.0010 0.9995
vn 0.0327 0.0096 0.9994
vn 0.0319 0.0016 0.9995
vn 0.0413 0.0115 -0.9991
vn 0.0409 0.0058 -0.9991
vn 0.0412 0.0106 -0.9991
vn 0.0414 0.0125 -0.9991
vn 0.0414 0.0124 -0.9991
vn -0.0484 -0.0130 0.9987
vn -0.0479 -0.0066 0.9988
vn -0.0485 -0.0140 0.9987
vn -0.0479 -0.0070 0.9988
vn -0.0486 -0.0153 0.9987
vn -0.0484 -0.0124 0.9988
vn -0.0480 -0.0072 0.9988
vn -0.0485 -0.0141 0.9987
vn -0.0480 -0.0067 0.9988
vn -0.0484 -0.0139 0.9987
vn -0.0479 -0.0069 0.9988
vn -0.0479 -0.0067 0.9988
vn -0.0483 -0.0127 0.9988
vn 0.0413 0.0114 -0.9991
vn 0.0409 0.0057 -0.9991
vn 0.0412 0.0102 -0.9991
vn 0.0410 0.0063 -0.9991
vn 0.0413 0.0124 -0.9991
vn 0.0413 0.0113 -0.9991
vn 0.0412 0.0104 -0.9991
vn -0.0342 -0.0166 -0.9993
vn -0.0337 -0.0101 -0.9994
vn -0.0342 -0.0156 -0.9993
vn -0.0336 -0.0095 -0.9994
vn -0.0343 -0.0178 -0.9993
vn 0.0270 0.0131 0.9995
vn 0.0267 0.0079 0.9996
vn 0.0271 0.0142 0.9995
vn 0.0267 0.0085 0.9996
vn 0.0271 0.0149 0.9995
vn -0.0342 -0.0164 -0.9993
vn -0.0338 -0.0097 -0.9994
vn -0.0342 -0.0152 -0.9993
vn -0.0337 -0.0095 -0.9994
vn -0.0342 -0.0165 -0.9993
vn -0.0337 -0.0096 -0.9994
vn -0.0341 -0.0150 -0.9993
vn -0.0337 -0.0097 -0.9994
vn 0.0269 0.0125 0.9996
vn 0.0270 0.0138 0.9995
vn 0.0266 0.0083 0.9996
vn 0.0267 0.0078 0.9996
vn 0.0269 0.0128 0.9996
vn 0.0266 0.0081 0.9996
vn 0.0790 0.9969 -0.0011
vn 0.0930 0.9950 -0.0358
vn 0.0933 0.9956 -0.0010
vn 0.0865 0.9955 -0.0395
vn 0.1033 0.9939 -0.0384
vn 0.0925 0.9951 0.0339
vn 0.0859 0.9956 0.0375
vn 0.1028 0.9940 0.0365
vn 0.0788 0.9950 0.0615
vn 0.1128 0.9930 0.0360
vn 0.1083 0.9941 -0.0008
vn 0.1133 0.9928 -0.0377
vn 0.1161 0.9926 0.0362
vn 0.1166 0.9925 -0.0379
vn 0.1392 0.9885 -0.0595
vn 0.1383 0.9887 0.0579
vn 0.0797 0.9948 -0.0635
vn 0.0676 0.9966 -0.0468
vn 0.0673 0.9974 -0.0262
vn 0.0679 0.9961 -0.0567
vn 0.0652 0.9979 0.0028
vn 0.0683 0.9961 -0.0561
vn 0.0708 0.9970 -0.0311
vn 0.0727 0.9963 -0.0462
vn 0.0758 0.9968 -0.0247
vn 0.0784 0.9961 -0.0410
vn 0.0729 0.9971 -0.0238
vn 0.0782 0.9963 -0.0367
vn 0.0783 0.9964 -0.0327
vn 0.0788 0.9959 -0.0439
vn 0.0795 0.9947 -0.0652
vn 0.0669 0.9968 0.0448
vn 0.0669 0.9975 0.0241
vn 0.0652 0.9979 -0.0046
vn 0.0671 0.9962 0.0547
vn 0.0675 0.9963 0.0540
vn 0.0703 0.9971 0.0290
vn 0.0721 0.9964 0.0442
vn 0.0755 0.9969 0.0226
vn 0.0725 0.9971 0.0218
vn 0.0778 0.9962 0.0390
vn 0.0777 0.9964 0.0347
vn 0.0778 0.9965 0.0307
vn 0.0782 0.9961 0.0419
vn 0.0786 0.9949 0.0634
vt 0.129150 0.681885
vt 0.129028 0.661865
vt 0.129395 0.661865
vt 0.128662 0.681885
vt 0.129028 0.701904
vt 0.129883 0.661865
vt 0.129639 0.681885
vt 0.129883 0.701904
vt 0.129395 0.701904
vt 0.130249 0.722900
vt 0.130737 0.723389
vt 0.130371 0.723877
vt 0.130249 0.733887
vt 0.130737 0.734375
vt 0.130249 0.734863
vt 0.132324 0.753418
vt 0.131836 0.753418
vt 0.135620 0.772583
vt 0.140381 0.791382
vt 0.141113 0.792358
vt 0.135132 0.772583
vt 0.134766 0.772583
vt 0.139893 0.791382
vt 0.140503 0.791870
vt 0.140015 0.791870
vt 0.129761 0.792114
vt 0.129395 0.791626
vt 0.129272 0.791138
vt 0.124023 0.772217
vt 0.120300 0.752930
vt 0.129883 0.734863
vt 0.118896 0.734131
vt 0.131470 0.753418
vt 0.129883 0.733643
vt 0.119263 0.733154
vt 0.123535 0.723389
vt 0.129883 0.723877
vt 0.129883 0.722656
vt 0.123352 0.722412
vt 0.121826 0.701904
vt 0.121460 0.681885
vt 0.121826 0.661865
vt 0.129883 0.640869
vt 0.123352 0.641357
vt 0.129883 0.639893
vt 0.123535 0.640381
vt 0.129883 0.629883
vt 0.119263 0.630615
vt 0.118896 0.629639
vt 0.129883 0.628906
vt 0.130249 0.628906
vt 0.131470 0.610352
vt 0.120300 0.610840
vt 0.134766 0.591064
vt 0.124023 0.591553
vt 0.135132 0.591064
vt 0.140381 0.572266
vt 0.129272 0.572510
vt 0.139893 0.572266
vt 0.140015 0.571777
vt 0.129395 0.572021
vt 0.129761 0.571533
vt 0.141113 0.571289
vt 0.140503 0.571777
vt 0.135620 0.591064
vt 0.131836 0.610352
vt 0.132324 0.610107
vt 0.130737 0.629395
vt 0.130249 0.629883
vt 0.130737 0.640381
vt 0.130371 0.639893
vt 0.130249 0.640869
vt 0.343506 0.171875
vt 0.291504 0.135254
vt 0.343994 0.135254
vt 0.290771 0.171875
vt 0.290283 0.220703
vt 0.345459 0.135254
vt 0.343018 0.220703
vt 0.344727 0.171875
vt 0.350098 0.135254
vt 0.344238 0.220703
vt 0.349121 0.171875
vt 0.348633 0.220703
vt 0.350098 0.171875
vt 0.349121 0.269531
vt 0.349609 0.220703
vt 0.350098 0.269531
vt 0.351318 0.305664
vt 0.386963 0.269531
vt 0.386963 0.220703
vt 0.350098 0.305664
vt 0.386963 0.171875
vt 0.386963 0.135254
vt 0.351318 0.135254
vt 0.344727 0.269531
vt 0.345459 0.305664
vt 0.343506 0.269531
vt 0.343994 0.305664
vt 0.290771 0.269531
vt 0.291504 0.305664
vt 0.386963 0.305664
vt 0.011803 0.220703
vt 0.068665 0.171875
vt 0.068481 0.220703
vt 0.011803 0.171875
vt 0.068665 0.269531
vt 0.011803 0.269531
vt 0.068848 0.305664
vt 0.011803 0.305664
vt 0.069885 0.269531
vt 0.070190 0.305664
vt 0.074524 0.269531
vt 0.075012 0.305664
vt 0.075806 0.269531
vt 0.076355 0.305664
vt 0.107056 0.269531
vt 0.107544 0.305664
vt 0.106812 0.220703
vt 0.107056 0.171875
vt 0.075623 0.220703
vt 0.075806 0.171875
vt 0.074341 0.220703
vt 0.069763 0.220703
vt 0.074524 0.171875
vt 0.069885 0.171875
vt 0.070190 0.135254
vt 0.075012 0.135254
vt 0.068848 0.135254
vt 0.011803 0.135254
vt 0.076355 0.135254
vt 0.107544 0.135254
vt 0.162354 0.171875
vt 0.163940 0.135254
vt 0.163696 0.171875
vt 0.162598 0.135254
vt 0.162109 0.220703
vt 0.162354 0.269531
vt 0.162598 0.305664
vt 0.163940 0.305664
vt 0.163696 0.269531
vt 0.168579 0.305664
vt 0.169312 0.269531
vt 0.169800 0.305664
vt 0.168091 0.269531
vt 0.167969 0.220703
vt 0.163452 0.220703
vt 0.168091 0.171875
vt 0.169312 0.171875
vt 0.168579 0.135254
vt 0.169800 0.135254
vt 0.199951 0.171875
vt 0.200562 0.135254
vt 0.169189 0.220703
vt 0.199707 0.220703
vt 0.199951 0.269531
vt 0.200562 0.305664
vt 0.253906 0.171875
vt 0.254150 0.135254
vt 0.255371 0.135254
vt 0.253662 0.220703
vt 0.255127 0.171875
vt 0.260010 0.135254
vt 0.254883 0.220703
vt 0.259521 0.171875
vt 0.260742 0.171875
vt 0.259277 0.220703
vt 0.260498 0.220703
vt 0.260742 0.269531
vt 0.259521 0.269531
vt 0.261230 0.135254
vt 0.261230 0.305664
vt 0.260010 0.305664
vt 0.255127 0.269531
vt 0.255371 0.305664
vt 0.253906 0.269531
vt 0.254150 0.305664
vt 0.705566 0.173828
vt 0.729492 0.136719
vt 0.723633 0.173828
vt 0.711914 0.136719
vt 0.704102 0.173828
vt 0.710449 0.136719
vt 0.699707 0.173828
vt 0.706055 0.136719
vt 0.717773 0.098633
vt 0.716309 0.098633
vt 0.698242 0.173828
vt 0.704590 0.136719
vt 0.712402 0.098633
vt 0.710938 0.098633
vt 0.657227 0.136719
vt 0.664063 0.098633
vt 0.649414 0.173828
vt 0.735352 0.098633
vt 0.857422 0.136719
vt 0.880371 0.098633
vt 0.875000 0.136719
vt 0.862305 0.098633
vt 0.855957 0.136719
vt 0.852051 0.173828
vt 0.850586 0.173828
vt 0.845703 0.173828
vt 0.851074 0.136719
vt 0.844238 0.173828
vt 0.850098 0.136719
vt 0.796387 0.173828
vt 0.802246 0.136719
vt 0.855469 0.098633
vt 0.808105 0.098633
vt 0.856445 0.098633
vt 0.861328 0.098633
vt 0.870117 0.173828
vt 0.784668 0.136719
vt 0.790039 0.098633
vt 0.783203 0.136719
vt 0.778320 0.173828
vt 0.777344 0.173828
vt 0.771973 0.173828
vt 0.778320 0.136719
vt 0.770996 0.173828
vt 0.777344 0.136719
vt 0.783203 0.098633
vt 0.784180 0.098633
vt 0.789063 0.098633
vt 0.604004 0.136230
vt 0.597168 0.099121
vt 0.598145 0.099121
vt 0.603027 0.136230
vt 0.609375 0.174316
vt 0.608887 0.136230
vt 0.614258 0.174316
vt 0.615234 0.174316
vt 0.609863 0.136230
vt 0.603516 0.099121
vt 0.604492 0.099121
vt 0.623047 0.099121
vt 0.627441 0.136230
vt 0.633301 0.174316
vt 0.608398 0.174316
vt 0.561035 0.174316
vt 0.554688 0.136230
vt 0.549316 0.099121
vt 0.531250 0.136230
vt 0.523926 0.099121
vt 0.524902 0.099121
vt 0.530273 0.136230
vt 0.537109 0.174316
vt 0.536133 0.136230
vt 0.541504 0.174316
vt 0.537109 0.136230
vt 0.529785 0.099121
vt 0.542969 0.174316
vt 0.531250 0.099121
vt 0.536133 0.174316
vt 0.488525 0.174316
vt 0.482422 0.136230
vt 0.476563 0.099121
vt 0.465088 0.174316
vt 0.457764 0.136230
vt 0.458984 0.136230
vt 0.463867 0.174316
vt 0.469238 0.174316
vt 0.463379 0.136230
vt 0.470459 0.174316
vt 0.464844 0.136230
vt 0.458496 0.099121
vt 0.457031 0.099121
vt 0.452393 0.099121
vt 0.450928 0.099121
vt 0.409912 0.136230
vt 0.402588 0.099121
vt 0.417236 0.174316
vt 0.204834 0.636719
vt 0.225220 0.625488
vt 0.225220 0.635742
vt 0.206299 0.626221
vt 0.183105 0.637451
vt 0.204834 0.637695
vt 0.182983 0.638672
vt 0.193115 0.660645
vt 0.182983 0.660889
vt 0.160034 0.639648
vt 0.195923 0.641602
vt 0.193848 0.642334
vt 0.204834 0.641113
vt 0.160278 0.638428
vt 0.193237 0.644531
vt 0.196777 0.642822
vt 0.204834 0.642334
vt 0.225220 0.640381
vt 0.225220 0.636963
vt 0.246704 0.635010
vt 0.246826 0.636230
vt 0.270508 0.638916
vt 0.246826 0.639648
vt 0.270508 0.635254
vt 0.270264 0.634033
vt 0.292969 0.634277
vt 0.292725 0.633057
vt 0.267822 0.623779
vt 0.245361 0.624512
vt 0.245239 0.623535
vt 0.289551 0.622803
vt 0.267578 0.622559
vt 0.225220 0.624268
vt 0.245239 0.616455
vt 0.245239 0.615479
vt 0.223022 0.617432
vt 0.267578 0.615723
vt 0.223999 0.616211
vt 0.220459 0.616211
vt 0.206299 0.625000
vt 0.186768 0.607422
vt 0.206421 0.606689
vt 0.186523 0.625977
vt 0.186401 0.627197
vt 0.219482 0.613770
vt 0.166138 0.608643
vt 0.165894 0.626953
vt 0.147705 0.627930
vt 0.165527 0.628174
vt 0.148560 0.609619
vt 0.133301 0.610107
vt 0.131714 0.629883
vt 0.147461 0.629150
vt 0.131714 0.628906
vt 0.142578 0.639404
vt 0.131836 0.639893
vt 0.131348 0.639893
vt 0.131348 0.640869
vt 0.142212 0.640381
vt 0.131714 0.640869
vt 0.130493 0.661865
vt 0.131348 0.629883
vt 0.131348 0.628906
vt 0.136230 0.591064
vt 0.132935 0.610107
vt 0.141357 0.572266
vt 0.141968 0.571777
vt 0.141479 0.571777
vt 0.152588 0.571045
vt 0.152466 0.571533
vt 0.141846 0.572266
vt 0.152466 0.572021
vt 0.136719 0.591064
vt 0.149902 0.590576
vt 0.166504 0.589844
vt 0.187012 0.589111
vt 0.167114 0.571533
vt 0.167236 0.571045
vt 0.187378 0.571045
vt 0.206543 0.588379
vt 0.187378 0.570557
vt 0.206665 0.570557
vt 0.220947 0.606201
vt 0.224487 0.587646
vt 0.225708 0.587646
vt 0.227295 0.579590
vt 0.226196 0.578857
vt 0.228638 0.577881
vt 0.225220 0.570068
vt 0.227783 0.576904
vt 0.230835 0.576904
vt 0.230103 0.575928
vt 0.244873 0.575439
vt 0.244751 0.569580
vt 0.244873 0.576416
vt 0.266846 0.575684
vt 0.266846 0.574707
vt 0.288330 0.575195
vt 0.288086 0.574219
vt 0.266602 0.569092
vt 0.266602 0.568604
vt 0.288086 0.568604
vt 0.244751 0.569092
vt 0.288086 0.568115
vt 0.266602 0.568115
vt 0.288086 0.567627
vt 0.311279 0.568115
vt 0.311279 0.567383
vt 0.311279 0.566895
vt 0.337402 0.566406
vt 0.337402 0.566895
vt 0.338379 0.567139
vt 0.337891 0.567627
vt 0.340088 0.569336
vt 0.340332 0.568359
vt 0.337646 0.568115
vt 0.337158 0.567383
vt 0.333252 0.583740
vt 0.332275 0.583496
vt 0.312256 0.602783
vt 0.311768 0.584473
vt 0.329102 0.602051
vt 0.301758 0.603027
vt 0.305420 0.584717
vt 0.307129 0.576660
vt 0.305420 0.577637
vt 0.304688 0.575684
vt 0.305908 0.574219
vt 0.303467 0.573730
vt 0.302490 0.574951
vt 0.303955 0.576416
vt 0.302002 0.575928
vt 0.301270 0.576660
vt 0.302734 0.577393
vt 0.304443 0.578125
vt 0.303223 0.579102
vt 0.303223 0.584717
vt 0.300293 0.593994
vt 0.299561 0.603271
vt 0.300781 0.603271
vt 0.304199 0.584717
vt 0.299072 0.610840
vt 0.298340 0.610107
vt 0.297363 0.611816
vt 0.300049 0.611816
vt 0.298096 0.612793
vt 0.299072 0.613770
vt 0.312500 0.620605
vt 0.327881 0.620117
vt 0.312744 0.621826
vt 0.289307 0.621582
vt 0.297119 0.614502
vt 0.328125 0.621094
vt 0.338135 0.631104
vt 0.329102 0.621094
vt 0.339355 0.631104
vt 0.342285 0.631104
vt 0.331543 0.620117
vt 0.331299 0.621094
vt 0.328857 0.620117
vt 0.339844 0.632324
vt 0.343262 0.632324
vt 0.343262 0.657959
vt 0.340088 0.657959
vt 0.343262 0.681885
vt 0.340088 0.705811
vt 0.339844 0.681885
vt 0.343262 0.705811
vt 0.339844 0.731445
vt 0.343262 0.731445
vt 0.339355 0.732666
vt 0.342285 0.732666
vt 0.329102 0.742676
vt 0.331299 0.742676
vt 0.328857 0.743652
vt 0.331543 0.743652
vt 0.333008 0.761597
vt 0.330078 0.761597
vt 0.336182 0.779907
vt 0.340088 0.794434
vt 0.333252 0.780029
vt 0.337646 0.795654
vt 0.338379 0.796631
vt 0.340332 0.795410
vt 0.337891 0.796143
vt 0.337158 0.796265
vt 0.337402 0.796875
vt 0.311279 0.796265
vt 0.311279 0.795654
vt 0.332275 0.780151
vt 0.311768 0.779297
vt 0.312256 0.760986
vt 0.329102 0.761597
vt 0.301758 0.760620
vt 0.305420 0.779053
vt 0.307129 0.787109
vt 0.305908 0.789429
vt 0.304688 0.787964
vt 0.305420 0.786133
vt 0.303467 0.790039
vt 0.302490 0.788818
vt 0.288086 0.795166
vt 0.288086 0.789551
vt 0.288330 0.788574
vt 0.266602 0.794556
vt 0.266846 0.788940
vt 0.266602 0.795044
vt 0.244751 0.794556
vt 0.244751 0.794067
vt 0.266602 0.795532
vt 0.288086 0.796143
vt 0.288086 0.795654
vt 0.311279 0.796753
vt 0.337402 0.797363
vt 0.244751 0.795044
vt 0.225220 0.794556
vt 0.225220 0.794067
vt 0.206665 0.793579
vt 0.206665 0.794067
vt 0.187378 0.793091
vt 0.187378 0.793579
vt 0.167236 0.792603
vt 0.187378 0.792603
vt 0.206665 0.793091
vt 0.225220 0.793579
vt 0.226196 0.784912
vt 0.224487 0.775879
vt 0.206543 0.775269
vt 0.220947 0.757568
vt 0.206421 0.757080
vt 0.186768 0.756226
vt 0.187012 0.774536
vt 0.166504 0.773804
vt 0.167114 0.792114
vt 0.152466 0.792114
vt 0.152466 0.791748
vt 0.141846 0.791504
vt 0.149902 0.773071
vt 0.148560 0.754150
vt 0.133301 0.753540
vt 0.136719 0.772705
vt 0.132935 0.753540
vt 0.136230 0.772705
vt 0.141357 0.791504
vt 0.141479 0.791870
vt 0.131348 0.734863
vt 0.131348 0.733887
vt 0.131348 0.723877
vt 0.131714 0.733887
vt 0.147461 0.734619
vt 0.147705 0.735840
vt 0.131836 0.723877
vt 0.131714 0.734863
vt 0.131714 0.722900
vt 0.142578 0.724365
vt 0.142212 0.723389
vt 0.160278 0.725342
vt 0.165527 0.735596
vt 0.183105 0.726318
vt 0.186401 0.736572
vt 0.186523 0.737793
vt 0.165894 0.736816
vt 0.166138 0.755005
vt 0.206299 0.738770
vt 0.206299 0.737549
vt 0.225220 0.738281
vt 0.204834 0.727051
vt 0.225220 0.728027
vt 0.225220 0.726807
vt 0.204834 0.725830
vt 0.204834 0.722656
vt 0.182983 0.725098
vt 0.195923 0.722168
vt 0.193848 0.721436
vt 0.160034 0.724121
vt 0.182983 0.702881
vt 0.193237 0.719238
vt 0.193115 0.703125
vt 0.182983 0.681885
vt 0.193115 0.681885
vt 0.159912 0.702393
vt 0.194214 0.660645
vt 0.194214 0.681885
vt 0.194214 0.703125
vt 0.194336 0.718262
vt 0.195435 0.717529
vt 0.195435 0.703125
vt 0.196167 0.719238
vt 0.195068 0.720215
vt 0.199585 0.718262
vt 0.197876 0.717529
vt 0.197754 0.719971
vt 0.196777 0.720947
vt 0.204834 0.721436
vt 0.204834 0.720215
vt 0.225220 0.723389
vt 0.225220 0.722412
vt 0.246826 0.724121
vt 0.246826 0.723145
vt 0.225220 0.720947
vt 0.243408 0.719971
vt 0.246826 0.721680
vt 0.270508 0.722656
vt 0.291016 0.721680
vt 0.292480 0.723389
vt 0.292725 0.720947
vt 0.294189 0.722656
vt 0.293457 0.719482
vt 0.293457 0.681885
vt 0.294922 0.705322
vt 0.294922 0.721191
vt 0.296143 0.705322
vt 0.295898 0.721924
vt 0.294922 0.723877
vt 0.297363 0.723145
vt 0.296875 0.724854
vt 0.293213 0.724365
vt 0.270508 0.723877
vt 0.270508 0.724854
vt 0.294189 0.725342
vt 0.246826 0.727539
vt 0.270508 0.728516
vt 0.292969 0.729492
vt 0.315918 0.730469
vt 0.292725 0.730713
vt 0.312744 0.741943
vt 0.315674 0.731445
vt 0.289551 0.740967
vt 0.267822 0.739990
vt 0.270264 0.729736
vt 0.289307 0.742188
vt 0.312500 0.742920
vt 0.267578 0.748047
vt 0.289063 0.748779
vt 0.267578 0.741211
vt 0.297119 0.749268
vt 0.289063 0.749756
vt 0.296143 0.750244
vt 0.299072 0.750000
vt 0.300049 0.751831
vt 0.299072 0.752808
vt 0.298096 0.750977
vt 0.298340 0.753540
vt 0.297363 0.751831
vt 0.299561 0.760498
vt 0.300781 0.760498
vt 0.303223 0.778931
vt 0.304199 0.778931
vt 0.303223 0.784668
vt 0.304443 0.785400
vt 0.300293 0.769653
vt 0.302734 0.786255
vt 0.303955 0.787231
vt 0.301270 0.786987
vt 0.302002 0.787842
vt 0.288330 0.787476
vt 0.267090 0.786865
vt 0.244995 0.786133
vt 0.266846 0.787964
vt 0.244873 0.787231
vt 0.244873 0.788330
vt 0.230835 0.786865
vt 0.230103 0.787842
vt 0.227783 0.786865
vt 0.228638 0.785889
vt 0.227295 0.783936
vt 0.229370 0.785034
vt 0.231445 0.785767
vt 0.225708 0.776001
vt 0.228149 0.783203
vt 0.222168 0.757568
vt 0.223267 0.757690
vt 0.226807 0.776001
vt 0.226196 0.766846
vt 0.222046 0.751343
vt 0.223511 0.750122
vt 0.223145 0.751831
vt 0.220825 0.750854
vt 0.221680 0.748535
vt 0.222534 0.749268
vt 0.224609 0.748535
vt 0.223999 0.747559
vt 0.220459 0.747559
vt 0.223022 0.746338
vt 0.219482 0.750000
vt 0.245239 0.748291
vt 0.245239 0.747314
vt 0.225220 0.739502
vt 0.245361 0.739014
vt 0.245239 0.740234
vt 0.246704 0.728760
vt 0.267578 0.749023
vt 0.267578 0.750122
vt 0.245361 0.749268
vt 0.294678 0.752075
vt 0.225220 0.749512
vt 0.295410 0.751099
vt 0.296387 0.752808
vt 0.289307 0.750854
vt 0.297363 0.754517
vt 0.229248 0.782349
vt 0.230225 0.784058
vt 0.232178 0.784790
vt 0.327881 0.743652
vt 0.328125 0.742432
vt 0.338135 0.732422
vt 0.338867 0.731445
vt 0.315918 0.705566
vt 0.338867 0.705811
vt 0.338623 0.681885
vt 0.338867 0.657959
vt 0.315918 0.658203
vt 0.315918 0.681885
vt 0.338867 0.632324
vt 0.315918 0.633301
vt 0.297363 0.658447
vt 0.297363 0.640625
vt 0.296143 0.658447
vt 0.297607 0.681885
vt 0.294922 0.658447
vt 0.296143 0.681885
vt 0.294922 0.642578
vt 0.295898 0.641846
vt 0.294922 0.681885
vt 0.294922 0.639893
vt 0.296875 0.638916
vt 0.293213 0.639404
vt 0.294189 0.640869
vt 0.294189 0.638428
vt 0.270508 0.639893
vt 0.292480 0.640381
vt 0.270508 0.641113
vt 0.291016 0.642090
vt 0.292725 0.642822
vt 0.243408 0.643799
vt 0.204834 0.643555
vt 0.225220 0.642822
vt 0.246826 0.641846
vt 0.199585 0.645508
vt 0.197754 0.643799
vt 0.196167 0.644531
vt 0.197876 0.646240
vt 0.195435 0.646240
vt 0.197266 0.647949
vt 0.195435 0.660645
vt 0.197266 0.681885
vt 0.195435 0.681885
vt 0.197266 0.715820
vt 0.194336 0.645508
vt 0.195068 0.643555
vt 0.225220 0.641357
vt 0.246826 0.640625
vt 0.293457 0.644287
vt 0.297363 0.705322
vt 0.315674 0.632080
vt 0.159912 0.681885
vt 0.140869 0.681885
vt 0.141235 0.702148
vt 0.130493 0.681885
vt 0.130859 0.701904
vt 0.130493 0.701904
vt 0.130127 0.681885
vt 0.130859 0.661865
vt 0.131348 0.722900
vt 0.141235 0.661621
vt 0.159912 0.661377
vt 0.141968 0.791870
vt 0.152588 0.792603
vt 0.167236 0.793091
vt 0.333008 0.602051
vt 0.330078 0.602051
vt 0.336182 0.583740
vt 0.289063 0.614990
vt 0.289063 0.613770
vt 0.296143 0.613525
vt 0.267578 0.614746
vt 0.289307 0.612793
vt 0.294678 0.611572
vt 0.267578 0.613525
vt 0.295410 0.612549
vt 0.296387 0.610840
vt 0.245361 0.614258
vt 0.225220 0.614258
vt 0.224609 0.615234
vt 0.222534 0.614502
vt 0.223511 0.613525
vt 0.222046 0.612305
vt 0.223145 0.611816
vt 0.226196 0.596680
vt 0.222168 0.605957
vt 0.223267 0.605957
vt 0.220825 0.612793
vt 0.221680 0.615234
vt 0.226807 0.587646
vt 0.229248 0.581299
vt 0.228149 0.580566
vt 0.230225 0.579590
vt 0.229370 0.578613
vt 0.231445 0.577881
vt 0.244995 0.577393
vt 0.232178 0.578857
vt 0.267090 0.576904
vt 0.288330 0.576172
vt 0.297363 0.609131
vt 0.244751 0.568604
vt 0.225220 0.569092
vt 0.206665 0.570068
vt 0.206665 0.569580
vt 0.225220 0.569580
vt 0.187378 0.570068
vt 0.167236 0.570557
vt 0.170410 0.126953
vt 0.169922 0.133789
vt 0.170288 0.128418
vt 0.205688 0.081543
vt 0.261475 0.126953
vt 0.261230 0.133301
vt 0.261475 0.128418
vt 0.296631 0.081543
vt 0.351563 0.126953
vt 0.351318 0.133789
vt 0.351563 0.128418
vt 0.386963 0.081543
vt 0.170288 0.312500
vt 0.169922 0.307617
vt 0.170410 0.313965
vt 0.205688 0.359375
vt 0.077026 0.313965
vt 0.112549 0.359863
vt 0.261475 0.312500
vt 0.261230 0.307617
vt 0.261475 0.313965
vt 0.296631 0.359375
vt 0.351563 0.312500
vt 0.351318 0.307617
vt 0.351563 0.313965
vt 0.386963 0.359375
vt 0.717285 0.090820
vt 0.717285 0.097168
vt 0.717285 0.092773
vt 0.740234 0.046875
vt 0.705566 0.180176
vt 0.705566 0.175293
vt 0.705566 0.181641
vt 0.728516 0.226074
vt 0.852051 0.180664
vt 0.852051 0.174805
vt 0.852051 0.181641
vt 0.875000 0.226074
vt 0.778320 0.181641
vt 0.778320 0.175293
vt 0.778320 0.180664
vt 0.801270 0.226074
vt 0.862305 0.090820
vt 0.862305 0.097656
vt 0.862305 0.092285
vt 0.884766 0.046875
vt 0.790039 0.090820
vt 0.790039 0.097656
vt 0.790039 0.092285
vt 0.812500 0.046875
vt 0.458496 0.091309
vt 0.458496 0.097656
vt 0.458496 0.092773
vt 0.481445 0.046875
vt 0.470459 0.180664
vt 0.470459 0.175781
vt 0.470459 0.182129
vt 0.492920 0.226074
vt 0.531250 0.091309
vt 0.531250 0.097656
vt 0.531250 0.092285
vt 0.554199 0.046875
vt 0.604980 0.091309
vt 0.604492 0.098145
vt 0.604980 0.092773
vt 0.627930 0.046875
vt 0.637695 0.226074
vt 0.615234 0.182129
vt 0.615234 0.180664
vt 0.615234 0.175293
vt 0.542480 0.180664
vt 0.542480 0.175293
vt 0.542480 0.182129
vt 0.565430 0.226074
vt 0.243530 0.681885
vt 0.112549 0.081055
vt 0.077026 0.127441
s 1
usemtl e0810183_dds
f 1/1/1 2/2/2 4/3/4
f 1/1/1 3/4/3 2/2/2
f 1/1/1 7/5/7 3/4/3
f 1/1/1 4/3/4 5/6/5
f 1/1/1 5/6/5 6/7/6
f 1/1/1 6/7/6 9/8/9
f 1/1/1 8/9/8 7/5/7
f 1/1/1 9/8/9 8/9/8
f 10/10/10 8/9/8 9/8/9
f 10/10/10 9/8/9 11/11/11
f 12/12/12 10/10/10 11/11/11
f 13/13/13 12/12/12 11/11/11
f 13/13/13 11/11/11 14/14/14
f 15/15/15 13/13/13 14/14/14
f 15/15/15 14/14/14 16/16/16
f 15/15/15 16/16/16 17/17/17
f 17/17/17 16/16/16 18/18/18
f 21/19/21 18/18/18 19/20/19
f 17/17/17 18/18/18 20/21/20
f 21/19/21 20/21/20 18/18/18
f 22/22/22 20/21/20 21/19/21
f 22/22/22 21/19/21 23/23/23
f 23/23/23 21/19/21 24/24/24
f 21/19/21 19/20/19 24/24/24
f 25/25/25 24/24/24 19/20/19
f 23/23/23 24/24/24 25/25/25
f 26/26/26 25/25/25 19/20/19
f 26/26/26 27/27/27 25/25/25
f 25/25/25 27/27/27 28/28/28
f 25/25/25 28/28/28 23/23/23
f 28/28/28 29/29/29 22/22/22
f 28/28/28 22/22/22 23/23/23
f 22/22/22 29/29/29 30/30/30
f 31/31/31 30/30/30 33/32/33
f 31/31/31 32/33/32 30/30/30
f 22/22/22 30/30/30 32/33/32
f 33/32/33 35/34/35 31/31/31
f 33/32/33 34/35/34 35/34/35
f 35/34/35 37/36/37 36/37/36
f 36/37/36 13/13/13 35/34/35
f 35/34/35 13/13/13 15/15/15
f 35/34/35 15/15/15 31/31/31
f 35/34/35 34/35/34 37/36/37
f 37/36/37 38/38/38 36/37/36
f 37/36/37 39/39/39 38/38/38
f 40/40/40 38/38/38 39/39/39
f 3/4/3 40/40/40 41/41/41
f 3/4/3 7/5/7 40/40/40
f 40/40/40 7/5/7 38/38/38
f 3/4/3 41/41/41 42/42/42
f 3/4/3 42/42/42 2/2/2
f 42/42/42 43/43/43 2/2/2
f 42/42/42 44/44/44 43/43/43
f 44/44/44 45/45/45 43/43/43
f 44/44/44 46/46/46 45/45/45
f 47/47/47 45/45/45 46/46/46
f 47/47/47 46/46/46 48/48/48
f 48/48/48 49/49/49 50/50/50
f 48/48/48 50/50/50 47/47/47
f 51/51/51 50/50/50 52/52/52
f 47/47/47 50/50/50 51/51/51
f 50/50/50 53/53/53 52/52/52
f 50/50/50 49/49/49 53/53/53
f 55/54/55 53/53/53 54/55/54
f 55/54/55 52/52/52 53/53/53
f 52/52/52 55/54/55 56/56/56
f 55/54/55 57/57/57 56/56/56
f 59/58/59 55/54/55 54/55/54
f 55/54/55 58/59/58 57/57/57
f 59/58/59 58/59/58 55/54/55
f 60/60/60 59/58/59 61/61/61
f 60/60/60 58/59/58 59/58/59
f 62/62/62 60/60/60 61/61/61
f 62/62/62 63/63/63 60/60/60
f 60/60/60 63/63/63 65/64/65
f 57/57/57 63/63/63 64/65/64
f 57/57/57 65/64/65 63/63/63
f 58/59/58 60/60/60 65/64/65
f 58/59/58 65/64/65 57/57/57
f 57/57/57 64/65/64 56/56/56
f 66/66/66 64/65/64 67/67/67
f 66/66/66 56/56/56 64/65/64
f 51/51/51 67/67/67 68/68/68
f 51/51/51 66/66/66 67/67/67
f 69/69/69 51/51/51 68/68/68
f 69/69/69 68/68/68 70/70/70
f 69/69/69 70/70/70 72/71/72
f 71/72/71 72/71/72 70/70/70
f 71/72/71 70/70/70 5/6/5
f 43/43/43 72/71/72 71/72/71
f 43/43/43 45/45/45 72/71/72
f 45/45/45 69/69/69 72/71/72
f 2/2/2 71/72/71 4/3/4
f 2/2/2 43/43/43 71/72/71
f 71/72/71 5/6/5 4/3/4
f 47/47/47 51/51/51 69/69/69
f 45/45/45 47/47/47 69/69/69
f 51/51/51 52/52/52 66/66/66
f 52/52/52 56/56/56 66/66/66
f 7/5/7 10/10/10 38/38/38
f 38/38/38 10/10/10 12/12/12
f 38/38/38 12/12/12 36/37/36
f 36/37/36 12/12/12 13/13/13
f 15/15/15 32/33/32 31/31/31
f 15/15/15 17/17/17 32/33/32
f 32/33/32 17/17/17 20/21/20
f 32/33/32 20/21/20 22/22/22
f 7/5/7 8/9/8 10/10/10
f 73/73/73 74/74/74 76/75/76
f 73/73/73 75/76/75 74/74/74
f 77/77/77 75/76/75 73/73/73
f 73/73/73 76/75/76 79/78/79
f 77/77/77 73/73/73 78/79/78
f 80/80/80 78/79/78 73/73/73
f 73/73/73 79/78/79 80/80/80
f 80/80/80 79/78/79 82/81/82
f 80/80/80 81/82/81 78/79/78
f 83/83/83 81/82/81 80/80/80
f 80/80/80 82/81/82 83/83/83
f 83/83/83 85/84/85 81/82/81
f 84/85/84 85/84/85 83/83/83
f 82/81/82 84/85/84 83/83/83
f 87/86/87 81/82/81 85/84/85
f 84/85/84 86/87/86 85/84/85
f 88/88/88 85/84/85 86/87/86
f 88/88/88 87/86/87 85/84/85
f 90/89/90 88/88/88 89/90/89
f 88/88/88 92/91/92 89/90/89
f 91/92/91 88/88/88 90/89/90
f 91/92/91 87/86/87 88/88/88
f 88/88/88 86/87/86 92/91/92
f 93/93/93 92/91/92 86/87/86
f 94/94/94 93/93/93 84/85/84
f 93/93/93 86/87/86 84/85/84
f 94/94/94 84/85/84 95/95/95
f 82/81/82 95/95/95 84/85/84
f 96/96/96 91/92/91 97/97/97
f 96/96/96 87/86/87 91/92/91
f 98/98/98 97/97/97 99/99/99
f 98/98/98 96/96/96 97/97/97
f 100/100/100 98/98/98 99/99/99
f 100/100/100 99/99/99 101/101/101
f 77/77/77 98/98/98 100/100/100
f 77/77/77 78/79/78 98/98/98
f 96/96/96 98/98/98 78/79/78
f 96/96/96 78/79/78 81/82/81
f 87/86/87 96/96/96 81/82/81
f 90/89/90 89/90/89 102/102/102
f 103/103/77 104/104/103 106/105/105
f 103/103/77 105/106/104 104/104/103
f 103/103/77 106/105/105 107/107/106
f 103/103/77 107/107/106 108/108/107
f 108/108/107 109/109/108 110/110/109
f 108/108/107 107/107/106 109/109/108
f 109/109/108 111/111/110 112/112/111
f 109/109/108 107/107/106 111/111/110
f 112/112/111 111/111/110 113/113/112
f 112/112/111 113/113/112 114/114/113
f 114/114/113 115/115/114 116/116/115
f 114/114/113 113/113/112 115/115/114
f 116/116/115 115/115/114 117/117/116
f 116/116/115 117/117/116 118/118/117
f 115/115/114 119/119/92 117/117/116
f 120/120/118 119/119/92 121/121/119
f 115/115/114 121/121/119 119/119/92
f 120/120/118 121/121/119 122/122/120
f 122/122/120 121/121/119 123/123/121
f 115/115/114 123/123/121 121/121/119
f 113/113/112 124/124/122 123/123/121
f 125/125/123 123/123/121 124/124/122
f 122/122/120 123/123/121 125/125/123
f 115/115/114 113/113/112 123/123/121
f 125/125/123 124/124/122 126/126/124
f 128/127/126 125/125/123 126/126/124
f 127/128/125 122/122/120 125/125/123
f 128/127/126 127/128/125 125/125/123
f 129/129/127 128/127/126 126/126/124
f 129/129/127 126/126/124 104/104/103
f 104/104/103 130/130/128 129/129/127
f 104/104/103 105/106/104 130/130/128
f 127/128/125 131/131/129 122/122/120
f 132/132/130 122/122/120 131/131/129
f 132/132/130 120/120/118 122/122/120
f 126/126/124 124/124/122 106/105/105
f 126/126/124 106/105/105 104/104/103
f 113/113/112 111/111/110 124/124/122
f 111/111/110 106/105/105 124/124/122
f 111/111/110 107/107/106 106/105/105
f 133/133/131 134/134/132 136/135/134
f 133/133/131 135/136/133 134/134/132
f 135/136/133 133/133/131 138/120/136
f 136/135/134 137/137/135 133/133/131
f 133/133/131 137/137/135 139/119/137
f 133/133/131 139/119/137 138/120/136
f 140/117/138 139/119/137 137/137/135
f 142/118/140 140/117/138 141/138/139
f 140/117/138 137/137/135 141/138/139
f 142/118/140 141/138/139 143/139/141
f 141/138/139 144/140/142 143/139/141
f 141/138/139 145/141/143 144/140/142
f 145/141/143 146/142/144 144/140/142
f 146/142/144 147/143/145 148/144/146
f 146/142/144 149/145/147 147/143/145
f 145/141/143 149/145/147 146/142/144
f 147/143/145 149/145/147 150/146/148
f 149/145/147 151/147/149 150/146/148
f 149/145/147 145/141/143 151/147/149
f 152/148/150 151/147/149 136/135/134
f 136/135/134 151/147/149 137/137/135
f 145/141/143 137/137/135 151/147/149
f 152/148/150 150/146/148 151/147/149
f 153/149/151 150/146/148 152/148/150
f 154/150/152 153/149/151 152/148/150
f 136/135/134 154/150/152 152/148/150
f 154/150/152 155/151/153 153/149/151
f 136/135/134 134/134/132 154/150/152
f 156/152/154 153/149/151 155/151/153
f 156/152/154 155/151/153 157/153/155
f 159/154/156 153/149/151 156/152/154
f 159/154/156 156/152/154 158/155/92
f 153/149/151 159/154/156 150/146/148
f 159/154/156 158/155/92 160/156/157
f 147/143/145 150/146/148 159/154/156
f 159/154/156 160/156/157 147/143/145
f 147/143/145 160/156/157 161/157/158
f 147/143/145 161/157/158 148/144/146
f 145/141/143 141/138/139 137/137/135
f 135/136/133 138/120/136 162/132/159
f 163/158/160 164/153/161 166/159/163
f 163/158/160 165/152/162 164/153/161
f 167/155/77 165/152/162 163/158/160
f 163/158/160 166/159/163 169/160/165
f 167/155/77 163/158/160 168/161/164
f 170/162/166 168/161/164 163/158/160
f 163/158/160 169/160/165 170/162/166
f 170/162/166 169/160/165 172/163/168
f 170/162/166 171/164/167 168/161/164
f 173/165/169 171/164/167 170/162/166
f 170/162/166 172/163/168 173/165/169
f 174/166/170 175/167/171 173/165/169
f 172/163/168 174/166/170 173/165/169
f 173/165/169 175/167/171 171/164/167
f 174/166/170 178/168/174 175/167/171
f 177/169/173 176/170/172 175/167/171
f 176/170/172 171/164/167 175/167/171
f 177/169/173 175/167/171 178/168/174
f 180/76/175 178/168/174 174/166/170
f 177/169/173 178/168/174 179/77/92
f 180/76/175 179/77/92 178/168/174
f 181/74/176 180/76/175 174/166/170
f 181/74/176 174/166/170 182/171/177
f 172/163/168 182/171/177 174/166/170
f 177/169/173 179/77/92 183/100/178
f 184/172/179 177/169/173 183/100/178
f 184/172/179 183/100/178 185/101/180
f 186/173/181 177/169/173 184/172/179
f 187/174/182 186/173/181 188/175/183
f 187/174/182 176/170/172 186/173/181
f 186/173/181 176/170/172 177/169/173
f 189/176/184 188/175/183 190/177/185
f 189/176/184 187/174/182 188/175/183
f 191/156/186 189/176/184 190/177/185
f 191/156/186 190/177/185 192/157/187
f 167/155/77 189/176/184 191/156/186
f 187/174/182 189/176/184 168/161/164
f 167/155/77 168/161/164 189/176/184
f 176/170/172 187/174/182 171/164/167
f 187/174/182 168/161/164 171/164/167
f 193/178/188 194/179/189 196/180/191
f 193/178/188 195/181/190 194/179/189
f 195/181/190 193/178/188 197/182/192
f 199/183/194 197/182/192 198/184/193
f 195/181/190 197/182/192 199/183/194
f 199/183/194 198/184/193 202/185/197
f 200/186/195 199/183/194 201/187/196
f 200/186/195 195/181/190 199/183/194
f 201/187/196 199/183/194 202/185/197
f 202/185/197 204/188/199 203/189/198
f 205/190/200 202/185/197 203/189/198
f 202/185/197 198/184/193 204/188/199
f 201/187/196 202/185/197 205/190/200
f 205/190/200 203/189/198 206/191/201
f 206/191/201 203/189/198 207/192/202
f 206/191/201 207/192/202 208/193/203
f 203/189/198 209/194/204 207/192/202
f 203/189/198 204/188/199 209/194/204
f 194/179/189 200/186/195 210/195/205
f 194/179/189 195/181/190 200/186/195
f 211/196/206 212/197/207 214/198/209
f 211/196/206 213/199/208 212/197/207
f 213/199/208 211/196/206 216/200/211
f 215/201/210 211/196/206 214/198/209
f 211/196/206 215/201/210 217/202/212
f 211/196/206 217/202/212 216/200/211
f 216/200/211 217/202/212 218/203/213
f 216/200/211 218/203/213 219/204/214
f 219/204/214 218/203/213 220/205/215
f 219/204/214 220/205/215 221/206/216
f 221/206/216 220/205/215 222/207/217
f 221/206/216 222/207/217 223/208/218
f 224/209/219 223/208/218 225/210/220
f 224/209/219 221/206/216 223/208/218
f 226/211/221 221/206/216 224/209/219
f 227/212/222 219/204/214 226/211/221
f 226/211/221 219/204/214 221/206/216
f 213/199/208 216/200/211 227/212/222
f 227/212/222 216/200/211 219/204/214
f 215/201/210 214/198/209 228/213/223
f 229/214/224 230/210/225 232/208/227
f 229/214/224 231/215/226 230/210/225
f 231/215/226 229/214/224 234/216/229
f 233/217/228 229/214/224 232/208/227
f 229/214/224 233/217/228 235/218/230
f 229/214/224 235/218/230 234/216/229
f 234/216/229 235/218/230 236/219/231
f 234/216/229 236/219/231 237/220/232
f 237/220/232 236/219/231 238/221/233
f 237/220/232 238/221/233 239/222/234
f 239/222/234 238/221/233 240/180/235
f 239/222/234 240/180/235 241/179/236
f 242/223/237 241/179/236 243/195/238
f 242/223/237 239/222/234 241/179/236
f 244/224/239 239/222/234 242/223/237
f 245/225/240 237/220/232 244/224/239
f 244/224/239 237/220/232 239/222/234
f 231/215/226 234/216/229 245/225/240
f 245/225/240 234/216/229 237/220/232
f 233/217/228 232/208/227 246/207/241
f 247/226/242 248/227/243 250/228/245
f 247/226/242 249/229/244 248/227/243
f 251/230/246 249/229/244 247/226/242
f 253/231/248 247/226/242 250/228/245
f 252/232/247 251/230/246 247/226/242
f 252/232/247 247/226/242 253/231/248
f 254/233/249 253/231/248 255/234/250
f 254/233/249 252/232/247 253/231/248
f 253/231/248 250/228/245 256/235/251
f 255/234/250 253/231/248 256/235/251
f 255/234/250 256/235/251 257/236/252
f 258/237/253 255/234/250 257/236/252
f 258/237/253 259/238/254 255/234/250
f 259/238/254 254/233/249 255/234/250
f 259/238/254 260/239/255 254/233/249
f 251/230/246 261/240/256 249/229/244
f 262/241/257 249/229/244 261/240/256
f 262/241/257 263/242/258 249/229/244
f 263/242/258 248/227/243 249/229/244
f 263/242/258 264/243/259 248/227/243
f 265/244/260 266/245/261 268/246/263
f 265/244/260 267/247/262 266/245/261
f 269/248/264 267/247/262 265/244/260
f 271/249/266 265/244/260 268/246/263
f 270/250/265 269/248/264 265/244/260
f 270/250/265 265/244/260 271/249/266
f 272/251/267 271/249/266 273/252/268
f 274/253/269 271/249/266 272/251/267
f 274/253/269 270/250/265 271/249/266
f 271/249/266 268/246/263 273/252/268
f 275/242/270 274/253/269 272/251/267
f 275/242/270 276/241/271 274/253/269
f 277/243/272 275/242/270 272/251/267
f 277/243/272 272/251/267 278/254/273
f 272/251/267 273/252/268 278/254/273
f 269/248/264 279/255/274 267/247/262
f 280/256/275 267/247/262 279/255/274
f 280/256/275 281/257/276 267/247/262
f 281/257/276 266/245/261 267/247/262
f 281/257/276 282/258/277 266/245/261
f 283/259/278 284/260/279 286/261/281
f 283/259/278 285/262/280 284/260/279
f 287/263/282 283/259/278 286/261/281
f 287/263/282 286/261/281 288/264/283
f 289/265/284 287/263/282 288/264/283
f 289/265/284 288/264/283 290/266/285
f 290/266/285 291/256/286 289/265/284
f 290/266/285 292/257/287 291/256/286
f 293/258/288 292/257/287 290/266/285
f 293/258/288 290/266/285 294/267/289
f 290/266/285 295/268/290 294/267/289
f 290/266/285 288/264/283 295/268/290
f 288/264/283 296/269/291 295/268/290
f 288/264/283 286/261/281 296/269/291
f 286/261/281 297/270/292 296/269/291
f 298/271/293 297/270/292 284/260/279
f 286/261/281 284/260/279 297/270/292
f 298/271/293 299/272/294 297/270/292
f 300/273/295 298/271/293 284/260/279
f 300/273/295 284/260/279 285/262/280
f 301/274/296 302/275/297 304/276/299
f 301/274/296 303/277/298 302/275/297
f 303/277/298 301/274/296 305/278/300
f 306/279/301 301/274/296 304/276/299
f 307/280/302 305/278/300 301/274/296
f 307/280/302 301/274/296 306/279/301
f 307/280/302 314/281/309 308/282/303
f 310/283/305 307/280/302 308/282/303
f 307/280/302 309/284/304 312/285/307
f 307/280/302 315/286/310 309/284/304
f 311/287/306 307/280/302 310/283/305
f 311/287/306 305/278/300 307/280/302
f 307/280/302 306/279/301 315/286/310
f 312/285/307 313/288/308 307/280/302
f 307/280/302 313/288/308 314/281/309
f 318/289/313 315/286/310 316/290/311
f 316/290/311 315/286/310 317/291/312
f 315/286/310 319/292/314 317/291/312
f 318/289/313 309/284/304 315/286/310
f 315/286/310 306/279/301 319/292/314
f 319/292/314 320/293/315 321/294/316
f 319/292/314 304/276/299 320/293/315
f 306/279/301 304/276/299 319/292/314
f 321/294/316 317/291/312 319/292/314
f 321/294/316 323/295/318 322/296/317
f 321/294/316 322/296/317 317/291/312
f 320/293/315 324/297/319 321/294/316
f 321/294/316 324/297/319 323/295/318
f 320/293/315 327/298/322 324/297/319
f 326/299/321 323/295/318 324/297/319
f 324/297/319 325/300/320 326/299/321
f 324/297/319 327/298/322 325/300/320
f 328/301/323 327/298/322 320/293/315
f 328/301/323 325/300/320 327/298/322
f 328/301/323 329/302/324 332/303/327
f 328/301/323 320/293/315 329/302/324
f 328/301/323 330/304/325 325/300/320
f 330/304/325 328/301/323 331/305/326
f 328/301/323 332/303/327 331/305/326
f 329/302/324 333/306/328 332/303/327
f 334/307/329 332/303/327 333/306/328
f 334/307/329 331/305/326 332/303/327
f 335/308/330 334/307/329 337/309/332
f 335/308/330 336/310/331 334/307/329
f 334/307/329 336/310/331 331/305/326
f 334/307/329 333/306/328 337/309/332
f 335/308/330 337/309/332 338/311/333
f 338/311/333 337/309/332 339/312/334
f 340/313/335 337/309/332 333/306/328
f 340/313/335 339/312/334 337/309/332
f 340/313/335 341/314/336 343/315/338
f 340/313/335 345/316/340 341/314/336
f 344/317/339 340/313/335 303/277/298
f 303/277/298 340/313/335 333/306/328
f 340/313/335 342/318/337 339/312/334
f 342/318/337 340/313/335 343/315/338
f 344/317/339 345/316/340 340/313/335
f 345/316/340 346/319/341 341/314/336
f 345/316/340 347/320/342 346/319/341
f 347/320/342 345/316/340 344/317/339
f 350/321/345 347/320/342 348/322/343
f 347/320/342 344/317/339 348/322/343
f 347/320/342 349/323/344 346/319/341
f 347/320/342 350/321/345 349/323/344
f 350/321/345 353/324/348 349/323/344
f 351/325/346 350/321/345 354/326/349
f 351/325/346 352/327/347 350/321/345
f 350/321/345 352/327/347 353/324/348
f 350/321/345 348/322/343 354/326/349
f 354/326/349 355/328/350 356/329/351
f 355/328/350 354/326/349 348/322/343
f 354/326/349 356/329/351 351/325/346
f 351/325/346 356/329/351 357/330/352
f 360/331/355 357/330/352 356/329/351
f 356/329/351 355/328/350 358/332/353
f 356/329/351 358/332/353 359/333/354
f 360/331/355 356/329/351 359/333/354
f 362/6/357 360/331/355 361/334/356
f 359/333/354 361/334/356 360/331/355
f 363/70/358 357/330/352 360/331/355
f 362/6/357 363/70/358 360/331/355
f 363/70/358 364/335/359 357/330/352
f 363/70/358 365/68/360 364/335/359
f 365/68/360 366/336/361 364/335/359
f 366/336/361 365/68/360 367/67/362
f 368/337/363 367/67/362 370/65/365
f 368/337/363 369/338/364 367/67/362
f 366/336/361 367/67/362 369/338/364
f 370/65/365 371/339/366 368/337/363
f 370/65/365 372/63/367 371/339/366
f 372/63/367 375/340/370 373/341/368
f 373/341/368 371/339/366 372/63/367
f 374/342/369 375/340/370 372/63/367
f 374/342/369 376/343/371 375/340/370
f 376/343/371 377/344/372 375/340/370
f 373/341/368 375/340/370 377/344/372
f 376/343/371 379/345/374 377/344/372
f 371/339/366 377/344/372 378/346/373
f 377/344/372 380/347/375 378/346/373
f 377/344/372 379/345/374 380/347/375
f 373/341/368 377/344/372 371/339/366
f 379/345/374 381/348/376 380/347/375
f 381/348/376 349/323/344 380/347/375
f 380/347/375 349/323/344 353/324/348
f 380/347/375 353/324/348 378/346/373
f 381/348/376 341/314/336 346/319/341
f 381/348/376 382/349/377 341/314/336
f 382/349/377 381/348/376 383/350/378
f 381/348/376 346/319/341 349/323/344
f 379/345/374 383/350/378 381/348/376
f 376/343/371 383/350/378 379/345/374
f 376/343/371 384/351/379 383/350/378
f 385/352/380 383/350/378 384/351/379
f 382/349/377 383/350/378 385/352/380
f 385/352/380 388/353/383 382/349/377
f 386/354/381 387/355/382 385/352/380
f 385/352/380 384/351/379 386/354/381
f 385/352/380 387/355/382 388/353/383
f 388/353/383 389/356/384 343/315/338
f 388/353/383 390/357/385 389/356/384
f 390/357/385 388/353/383 387/355/382
f 388/353/383 343/315/338 341/314/336
f 388/353/383 341/314/336 382/349/377
f 391/358/386 389/356/384 390/357/385
f 392/359/387 391/358/386 390/357/385
f 392/359/387 390/357/385 393/360/388
f 390/357/385 387/355/382 393/360/388
f 393/360/388 395/361/390 392/359/387
f 394/362/389 393/360/388 387/355/382
f 394/362/389 396/363/391 393/360/388
f 393/360/388 396/363/391 395/361/390
f 396/363/391 397/364/392 395/361/390
f 396/363/391 398/365/393 397/364/392
f 394/362/389 398/365/393 396/363/391
f 400/366/395 397/364/392 398/365/393
f 399/367/394 398/365/393 394/362/389
f 399/367/394 400/366/395 398/365/393
f 400/366/395 401/368/396 397/364/392
f 400/366/395 402/369/397 401/368/396
f 400/366/395 403/370/398 402/369/397
f 399/367/394 403/370/398 400/366/395
f 403/370/398 404/371/399 402/369/397
f 403/370/398 405/372/400 404/371/399
f 406/373/401 405/372/400 403/370/398
f 399/367/394 406/373/401 403/370/398
f 409/374/404 407/375/402 406/373/401
f 406/373/401 407/375/402 405/372/400
f 408/376/403 406/373/401 399/367/394
f 408/376/403 409/374/404 406/373/401
f 409/374/404 412/377/407 407/375/402
f 410/378/405 409/374/404 408/376/403
f 411/379/406 409/374/404 410/378/405
f 411/379/406 412/377/407 409/374/404
f 412/377/407 413/380/408 407/375/402
f 412/377/407 414/381/409 413/380/408
f 415/382/410 414/381/409 412/377/407
f 415/382/410 412/377/407 411/379/406
f 416/383/411 414/381/409 415/382/410
f 416/383/411 417/384/412 414/381/409
f 417/384/412 416/383/411 418/385/413
f 417/384/412 418/385/413 421/386/416
f 418/385/413 419/387/414 421/386/416
f 418/385/413 420/388/415 419/387/414
f 422/389/417 417/384/412 421/386/416
f 419/387/414 422/389/417 421/386/416
f 422/389/417 424/390/419 417/384/412
f 419/387/414 423/391/418 422/389/417
f 423/391/418 424/390/419 422/389/417
f 423/391/418 425/392/420 424/390/419
f 425/392/420 413/380/408 424/390/419
f 424/390/419 414/381/409 417/384/412
f 424/390/419 413/380/408 414/381/409
f 425/392/420 426/393/421 428/394/423
f 425/392/420 427/395/422 426/393/421
f 427/395/422 425/392/420 423/391/418
f 425/392/420 428/394/423 413/380/408
f 429/396/424 428/394/423 426/393/421
f 429/396/424 430/397/425 428/394/423
f 431/398/426 428/394/423 430/397/425
f 431/398/426 413/380/408 428/394/423
f 432/399/427 431/398/426 430/397/425
f 433/400/428 431/398/426 432/399/427
f 433/400/428 434/401/429 431/398/426
f 434/401/429 413/380/408 431/398/426
f 435/402/430 413/380/408 434/401/429
f 434/401/429 436/403/431 435/402/430
f 434/401/429 433/400/428 436/403/431
f 436/403/431 438/404/433 437/405/432
f 404/371/399 436/403/431 437/405/432
f 404/371/399 435/402/430 436/403/431
f 436/403/431 433/400/428 438/404/433
f 439/406/434 438/404/433 440/407/435
f 439/406/434 437/405/432 438/404/433
f 441/408/436 440/407/435 438/404/433
f 438/404/433 433/400/428 432/399/427
f 438/404/433 432/399/427 441/408/436
f 441/408/436 442/409/437 440/407/435
f 442/409/437 441/408/436 443/410/438
f 432/399/427 443/410/438 441/408/436
f 442/409/437 443/410/438 444/411/439
f 444/411/439 443/410/438 445/412/440
f 447/413/442 445/412/440 443/410/438
f 432/399/427 446/414/441 443/410/438
f 447/413/442 443/410/438 446/414/441
f 445/412/440 447/413/442 448/415/443
f 448/415/443 447/413/442 429/396/424
f 447/413/442 430/397/425 429/396/424
f 447/413/442 446/414/441 430/397/425
f 445/412/440 448/415/443 449/416/444
f 448/415/443 450/417/445 449/416/444
f 448/415/443 429/396/424 453/418/448
f 448/415/443 451/419/446 450/417/445
f 452/420/447 451/419/446 448/415/443
f 452/420/447 448/415/443 453/418/448
f 426/393/421 454/421/449 453/418/448
f 452/420/447 453/418/448 454/421/449
f 426/393/421 453/418/448 429/396/424
f 458/422/453 454/421/449 426/393/421
f 330/304/325 454/421/449 457/423/452
f 330/304/325 455/424/450 454/421/449
f 456/425/451 454/421/449 455/424/450
f 454/421/449 456/425/451 452/420/447
f 454/421/449 459/426/454 457/423/452
f 454/421/449 458/422/453 459/426/454
f 457/423/452 459/426/454 460/427/455
f 460/427/455 459/426/454 461/428/456
f 458/422/453 461/428/456 459/426/454
f 460/427/455 461/428/456 462/429/457
f 466/430/461 462/429/457 461/428/456
f 464/431/459 463/432/458 461/428/456
f 466/430/461 461/428/456 463/432/458
f 464/431/459 461/428/456 465/433/460
f 458/422/453 465/433/460 461/428/456
f 466/430/461 467/434/462 462/429/457
f 466/430/461 468/435/463 467/434/462
f 469/436/464 467/434/462 468/435/463
f 469/436/464 470/437/465 467/434/462
f 470/437/465 469/436/464 471/438/466
f 473/439/468 472/440/467 471/438/466
f 470/437/465 471/438/466 472/440/467
f 473/439/468 471/438/466 474/441/469
f 474/441/469 475/442/470 473/439/468
f 474/441/469 476/443/471 475/442/470
f 476/443/471 477/444/472 475/442/470
f 476/443/471 478/445/473 477/444/472
f 478/445/473 479/446/474 477/444/472
f 478/445/473 480/447/475 479/446/474
f 480/447/475 481/448/476 479/446/474
f 480/447/475 482/449/477 481/448/476
f 483/450/478 481/448/476 482/449/477
f 483/450/478 484/451/479 481/448/476
f 485/452/480 484/451/479 483/450/478
f 487/453/482 486/454/481 485/452/480
f 485/452/480 486/454/481 484/451/479
f 487/453/482 491/455/486 486/454/481
f 488/456/483 487/453/482 490/457/485
f 488/456/483 489/458/484 487/453/482
f 487/453/482 489/458/484 491/455/486
f 486/454/481 491/455/486 493/459/488
f 491/455/486 492/460/487 493/459/488
f 491/455/486 489/458/484 492/460/487
f 493/459/488 495/461/490 494/462/489
f 496/463/491 493/459/488 494/462/489
f 493/459/488 492/460/487 495/461/490
f 486/454/481 493/459/488 496/463/491
f 496/463/491 494/462/489 499/464/494
f 496/463/491 498/465/493 497/466/492
f 497/466/492 486/454/481 496/463/491
f 496/463/491 499/464/494 498/465/493
f 500/467/495 498/465/493 499/464/494
f 500/467/495 499/464/494 501/468/496
f 502/469/497 501/468/496 499/464/494
f 502/469/497 499/464/494 494/462/489
f 505/470/500 502/469/497 494/462/489
f 504/471/499 503/472/498 502/469/497
f 503/472/498 501/468/496 502/469/497
f 504/471/499 502/469/497 505/470/500
f 507/473/502 505/470/500 494/462/489
f 505/470/500 506/474/501 504/471/499
f 505/470/500 507/473/502 506/474/501
f 508/475/503 507/473/502 494/462/489
f 508/475/503 510/476/505 507/473/502
f 509/477/504 506/474/501 507/473/502
f 509/477/504 507/473/502 510/476/505
f 512/478/507 510/476/505 508/475/503
f 512/478/507 511/479/506 510/476/505
f 511/479/506 509/477/504 510/476/505
f 515/480/510 512/478/507 508/475/503
f 513/481/508 512/478/507 515/480/510
f 513/481/508 514/482/509 512/478/507
f 514/482/509 511/479/506 512/478/507
f 517/483/512 513/481/508 515/480/510
f 516/484/511 515/480/510 518/485/513
f 516/484/511 517/483/512 515/480/510
f 515/480/510 508/475/503 518/485/513
f 518/485/513 494/462/489 495/461/490
f 518/485/513 508/475/503 494/462/489
f 519/486/514 518/485/513 495/461/490
f 519/486/514 516/484/511 518/485/513
f 520/487/515 519/486/514 495/461/490
f 520/487/515 495/461/490 492/460/487
f 492/460/487 488/456/483 520/487/515
f 517/483/512 521/488/516 513/481/508
f 522/489/517 513/481/508 521/488/516
f 522/489/517 524/490/519 513/481/508
f 522/489/517 523/491/518 524/490/519
f 522/489/517 525/492/520 523/491/518
f 525/492/520 527/493/522 523/491/518
f 525/492/520 526/494/521 527/493/522
f 526/494/521 528/495/523 527/493/522
f 529/496/524 527/493/522 528/495/523
f 527/493/522 529/496/524 530/497/525
f 527/493/522 530/497/525 523/491/518
f 523/491/518 530/497/525 531/498/526
f 531/498/526 530/497/525 532/499/527
f 533/500/528 532/499/527 530/497/525
f 533/500/528 530/497/525 534/501/529
f 529/496/524 534/501/529 530/497/525
f 534/501/529 535/502/530 533/500/528
f 534/501/529 536/503/531 535/502/530
f 534/501/529 537/504/532 536/503/531
f 534/501/529 538/505/533 537/504/532
f 529/496/524 538/505/533 534/501/529
f 539/506/534 537/504/532 538/505/533
f 538/505/533 540/507/535 539/506/534
f 538/505/533 529/496/524 540/507/535
f 541/508/536 540/507/535 528/495/523
f 541/508/536 542/509/537 540/507/535
f 542/509/537 539/506/534 540/507/535
f 529/496/524 528/495/523 540/507/535
f 541/508/536 543/510/538 542/509/537
f 543/510/538 544/511/539 542/509/537
f 542/509/537 544/511/539 539/506/534
f 539/506/534 544/511/539 545/512/540
f 544/511/539 546/513/541 545/512/540
f 544/511/539 547/514/542 546/513/541
f 543/510/538 547/514/542 544/511/539
f 547/514/542 548/515/543 546/513/541
f 547/514/542 549/516/544 548/515/543
f 550/517/545 549/516/544 547/514/542
f 550/517/545 547/514/542 543/510/538
f 551/518/546 550/517/545 543/510/538
f 551/518/546 552/20/547 550/517/545
f 553/18/548 550/517/545 552/20/547
f 553/18/548 549/516/544 550/517/545
f 549/516/544 553/18/548 554/16/549
f 549/516/544 554/16/549 548/515/543
f 555/519/550 548/515/543 554/16/549
f 555/519/550 554/16/549 556/14/551
f 557/11/552 558/520/553 556/14/551
f 556/14/551 558/520/553 555/519/550
f 557/11/552 559/521/554 558/520/553
f 560/522/555 558/520/553 559/521/554
f 555/519/550 558/520/553 560/522/555
f 560/522/555 561/523/556 562/524/557
f 561/523/556 560/522/555 563/525/558
f 560/522/555 562/524/557 564/526/559
f 560/522/555 559/521/554 563/525/558
f 555/519/550 560/522/555 564/526/559
f 564/526/559 546/513/541 548/515/543
f 562/524/557 546/513/541 564/526/559
f 564/526/559 548/515/543 555/519/550
f 565/527/560 566/528/561 563/525/558
f 559/521/554 565/527/560 563/525/558
f 561/523/556 563/525/558 566/528/561
f 568/529/563 567/530/562 566/528/561
f 566/528/561 567/530/562 569/531/564
f 566/528/561 569/531/564 561/523/556
f 565/527/560 568/529/563 566/528/561
f 569/531/564 570/532/565 571/533/566
f 569/531/564 567/530/562 570/532/565
f 569/531/564 571/533/566 572/534/567
f 561/523/556 569/531/564 573/535/568
f 569/531/564 572/534/567 573/535/568
f 573/535/568 545/512/540 562/524/557
f 573/535/568 574/536/569 545/512/540
f 572/534/567 574/536/569 573/535/568
f 561/523/556 573/535/568 562/524/557
f 539/506/534 545/512/540 574/536/569
f 572/534/567 537/504/532 574/536/569
f 539/506/534 574/536/569 537/504/532
f 575/537/570 537/504/532 572/534/567
f 572/534/567 576/538/571 575/537/570
f 572/534/567 571/533/566 576/538/571
f 575/537/570 576/538/571 577/539/572
f 578/540/573 577/539/572 576/538/571
f 576/538/571 570/532/565 578/540/573
f 576/538/571 571/533/566 570/532/565
f 578/540/573 579/541/574 577/539/572
f 578/540/573 580/542/575 579/541/574
f 570/532/565 581/543/576 578/540/573
f 578/540/573 581/543/576 580/542/575
f 582/544/577 580/542/575 581/543/576
f 570/532/565 583/545/578 581/543/576
f 583/545/578 582/544/577 581/543/576
f 583/545/578 584/546/579 582/544/577
f 583/545/578 586/547/581 584/546/579
f 585/548/580 583/545/578 570/532/565
f 585/548/580 589/549/584 583/545/578
f 586/547/581 583/545/578 587/550/582
f 583/545/578 588/551/583 587/550/582
f 583/545/578 589/549/584 588/551/583
f 589/549/584 590/552/585 592/553/587
f 591/554/586 590/552/585 589/549/584
f 585/548/580 591/554/586 589/549/584
f 589/549/584 592/553/587 588/551/583
f 308/282/303 592/553/587 590/552/585
f 308/282/303 314/281/309 592/553/587
f 592/553/587 314/281/309 593/555/588
f 592/553/587 593/555/588 594/556/589
f 592/553/587 594/556/589 595/557/590
f 592/553/587 595/557/590 588/551/583
f 598/558/593 588/551/583 595/557/590
f 597/559/592 595/557/590 596/560/591
f 596/560/591 595/557/590 594/556/589
f 597/559/592 598/558/593 595/557/590
f 598/558/593 587/550/582 588/551/583
f 600/561/595 598/558/593 597/559/592
f 598/558/593 586/547/581 587/550/582
f 598/558/593 599/562/594 586/547/581
f 600/561/595 599/562/594 598/558/593
f 601/563/596 600/561/595 602/564/597
f 601/563/596 603/565/598 600/561/595
f 602/564/597 600/561/595 597/559/592
f 603/565/598 599/562/594 600/561/595
f 603/565/598 604/566/599 599/562/594
f 606/567/601 604/566/599 603/565/598
f 606/567/601 603/565/598 605/568/600
f 605/568/600 603/565/598 601/563/596
f 606/567/601 607/569/602 582/544/577
f 606/567/601 608/570/603 607/569/602
f 605/568/600 608/570/603 606/567/601
f 604/566/599 606/567/601 582/544/577
f 609/571/604 608/570/603 610/572/605
f 609/571/604 607/569/602 608/570/603
f 610/572/605 608/570/603 611/573/606
f 605/568/600 611/573/606 608/570/603
f 613/574/608 612/575/607 611/573/606
f 610/572/605 611/573/606 612/575/607
f 613/574/608 611/573/606 605/568/600
f 613/574/608 605/568/600 601/563/596
f 613/574/608 614/576/609 612/575/607
f 613/574/608 615/577/610 614/576/609
f 615/577/610 616/578/611 614/576/609
f 617/579/612 616/578/611 615/577/610
f 617/579/612 618/580/613 616/578/611
f 619/581/614 618/580/613 617/579/612
f 620/582/615 621/583/616 619/581/614
f 621/583/616 622/584/617 619/581/614
f 619/581/614 622/584/617 618/580/613
f 623/585/618 622/584/617 621/583/616
f 623/585/618 624/586/619 622/584/617
f 625/587/620 622/584/617 624/586/619
f 625/587/620 618/580/613 622/584/617
f 626/588/621 625/587/620 624/586/619
f 626/588/621 627/589/622 625/587/620
f 628/590/623 625/587/620 627/589/622
f 628/590/623 618/580/613 625/587/620
f 628/590/623 616/578/611 618/580/613
f 616/578/611 628/590/623 629/591/624
f 628/590/623 631/592/626 629/591/624
f 628/590/623 627/589/622 630/593/625
f 628/590/623 630/593/625 631/592/626
f 632/594/627 609/571/604 631/592/626
f 609/571/604 629/591/624 631/592/626
f 632/594/627 631/592/626 633/595/628
f 634/596/629 633/595/628 631/592/626
f 634/596/629 631/592/626 630/593/625
f 627/589/622 635/597/630 634/596/629
f 636/598/631 634/596/629 635/597/630
f 633/595/628 634/596/629 636/598/631
f 627/589/622 634/596/629 630/593/625
f 637/599/632 636/598/631 638/600/633
f 637/599/632 641/601/636 636/598/631
f 636/598/631 635/597/630 638/600/633
f 639/602/634 636/598/631 641/601/636
f 639/602/634 640/603/635 636/598/631
f 633/595/628 636/598/631 640/603/635
f 642/604/637 641/601/636 637/599/632
f 642/604/637 639/602/634 641/601/636
f 642/604/637 637/599/632 645/605/640
f 643/606/638 642/604/637 644/607/639
f 643/606/638 646/608/641 642/604/637
f 647/609/642 644/607/639 642/604/637
f 647/609/642 642/604/637 645/605/640
f 642/604/637 646/608/641 639/602/634
f 647/609/642 648/610/643 644/607/639
f 647/609/642 649/611/644 648/610/643
f 649/611/644 647/609/642 650/612/645
f 645/605/640 650/612/645 647/609/642
f 650/612/645 651/613/646 653/614/648
f 650/612/645 645/605/640 651/613/646
f 649/611/644 650/612/645 652/615/647
f 650/612/645 653/614/648 652/615/647
f 653/614/648 654/616/649 655/617/650
f 656/618/651 654/616/649 653/614/648
f 653/614/648 655/617/650 652/615/647
f 656/618/651 653/614/648 657/619/652
f 653/614/648 500/467/495 657/619/652
f 653/614/648 651/613/646 500/467/495
f 657/619/652 658/620/653 656/618/651
f 657/619/652 500/467/495 501/468/496
f 657/619/652 659/621/654 658/620/653
f 657/619/652 501/468/496 659/621/654
f 503/472/498 659/621/654 501/468/496
f 503/472/498 658/620/653 659/621/654
f 660/622/655 658/620/653 662/623/657
f 660/622/655 661/624/656 658/620/653
f 661/624/656 656/618/651 658/620/653
f 503/472/498 662/623/657 658/620/653
f 662/623/657 663/625/658 660/622/655
f 664/626/659 662/623/657 503/472/498
f 662/623/657 664/626/659 663/625/658
f 665/627/660 664/626/659 666/628/661
f 665/627/660 663/625/658 664/626/659
f 506/474/501 666/628/661 664/626/659
f 506/474/501 664/626/659 504/471/499
f 664/626/659 503/472/498 504/471/499
f 665/627/660 666/628/661 667/629/662
f 509/477/504 667/629/662 666/628/661
f 509/477/504 666/628/661 506/474/501
f 665/627/660 667/629/662 668/630/663
f 668/630/663 667/629/662 509/477/504
f 665/627/660 668/630/663 669/631/664
f 669/631/664 668/630/663 670/632/665
f 668/630/663 509/477/504 670/632/665
f 669/631/664 670/632/665 671/633/666
f 672/634/667 671/633/666 670/632/665
f 511/479/506 670/632/665 509/477/504
f 672/634/667 670/632/665 511/479/506
f 672/634/667 673/635/668 671/633/666
f 672/634/667 674/636/669 673/635/668
f 514/482/509 674/636/669 672/634/667
f 514/482/509 672/634/667 511/479/506
f 675/637/670 673/635/668 674/636/669
f 531/498/526 675/637/670 674/636/669
f 514/482/509 531/498/526 674/636/669
f 531/498/526 532/499/527 675/637/670
f 532/499/527 676/638/671 675/637/670
f 675/637/670 676/638/671 673/635/668
f 679/639/674 677/640/672 676/638/671
f 678/641/673 676/638/671 677/640/672
f 678/641/673 673/635/668 676/638/671
f 532/499/527 679/639/674 676/638/671
f 679/639/674 533/500/528 681/642/676
f 679/639/674 532/499/527 533/500/528
f 679/639/674 680/643/675 677/640/672
f 680/643/675 679/639/674 681/642/676
f 681/642/676 533/500/528 535/502/530
f 681/642/676 535/502/530 682/644/677
f 684/645/679 681/642/676 682/644/677
f 680/643/675 681/642/676 683/646/678
f 684/645/679 683/646/678 681/642/676
f 685/647/680 684/645/679 686/648/681
f 685/647/680 683/646/678 684/645/679
f 686/648/681 684/645/679 682/644/677
f 686/648/681 689/649/684 687/650/682
f 685/647/680 686/648/681 687/650/682
f 686/648/681 682/644/677 688/651/683
f 691/652/686 686/648/681 688/651/683
f 686/648/681 690/653/685 689/649/684
f 691/652/686 690/653/685 686/648/681
f 691/652/686 692/654/687 690/653/685
f 691/652/686 693/655/688 692/654/687
f 693/655/688 691/652/686 694/656/689
f 694/656/689 691/652/686 688/651/683
f 693/655/688 694/656/689 695/657/690
f 575/537/570 695/657/690 694/656/689
f 694/656/689 688/651/683 696/658/691
f 575/537/570 694/656/689 696/658/691
f 688/651/683 535/502/530 696/658/691
f 696/658/691 536/503/531 575/537/570
f 696/658/691 535/502/530 536/503/531
f 697/659/692 693/655/688 695/657/690
f 697/659/692 695/657/690 698/660/693
f 698/660/693 695/657/690 699/661/694
f 575/537/570 699/661/694 695/657/690
f 575/537/570 577/539/572 699/661/694
f 700/662/695 699/661/694 577/539/572
f 700/662/695 701/663/696 699/661/694
f 698/660/693 699/661/694 701/663/696
f 639/602/634 701/663/696 700/662/695
f 698/660/693 701/663/696 646/608/641
f 639/602/634 646/608/641 701/663/696
f 700/662/695 579/541/574 702/664/697
f 700/662/695 577/539/572 579/541/574
f 639/602/634 700/662/695 702/664/697
f 579/541/574 632/594/627 702/664/697
f 632/594/627 640/603/635 702/664/697
f 639/602/634 702/664/697 640/603/635
f 697/659/692 698/660/693 643/606/638
f 698/660/693 646/608/641 643/606/638
f 697/659/692 703/665/698 704/666/699
f 697/659/692 643/606/638 703/665/698
f 697/659/692 704/666/699 705/667/700
f 705/667/700 693/655/688 697/659/692
f 706/668/701 705/667/700 704/666/699
f 706/668/701 707/669/702 705/667/700
f 705/667/700 692/654/687 693/655/688
f 707/669/702 692/654/687 705/667/700
f 707/669/702 690/653/685 692/654/687
f 707/669/702 689/649/684 690/653/685
f 710/670/705 708/671/703 706/668/701
f 706/668/701 704/666/699 709/672/704
f 706/668/701 709/672/704 710/670/705
f 710/670/705 655/617/650 708/671/703
f 649/611/644 655/617/650 710/670/705
f 649/611/644 710/670/705 709/672/704
f 703/665/698 709/672/704 704/666/699
f 703/665/698 648/610/643 709/672/704
f 649/611/644 709/672/704 648/610/643
f 654/616/649 708/671/703 655/617/650
f 654/616/649 711/673/706 708/671/703
f 711/673/706 656/618/651 661/624/656
f 711/673/706 654/616/649 656/618/651
f 703/665/698 644/607/639 648/610/643
f 703/665/698 643/606/638 644/607/639
f 688/651/683 682/644/677 535/502/530
f 683/646/678 685/647/680 712/674/707
f 680/643/675 712/674/707 713/675/708
f 683/646/678 712/674/707 680/643/675
f 680/643/675 713/675/708 677/640/672
f 678/641/673 677/640/672 713/675/708
f 678/641/673 713/675/708 714/676/709
f 665/627/660 669/631/664 714/676/709
f 669/631/664 678/641/673 714/676/709
f 671/633/666 678/641/673 669/631/664
f 671/633/666 673/635/668 678/641/673
f 649/611/644 652/615/647 655/617/650
f 498/465/493 651/613/646 645/605/640
f 498/465/493 500/467/495 651/613/646
f 637/599/632 715/677/710 645/605/640
f 715/677/710 498/465/493 645/605/640
f 637/599/632 716/678/711 715/677/710
f 715/677/710 497/466/492 498/465/493
f 481/448/476 497/466/492 715/677/710
f 715/677/710 716/678/711 479/446/474
f 715/677/710 479/446/474 481/448/476
f 637/599/632 717/679/712 716/678/711
f 717/679/712 479/446/474 716/678/711
f 637/599/632 638/600/633 717/679/712
f 635/597/630 717/679/712 638/600/633
f 635/597/630 718/680/713 717/679/712
f 717/679/712 718/680/713 475/442/470
f 717/679/712 477/444/472 479/446/474
f 717/679/712 475/442/470 477/444/472
f 718/680/713 719/681/714 720/682/715
f 718/680/713 635/597/630 719/681/714
f 475/442/470 718/680/713 720/682/715
f 720/682/715 472/440/467 473/439/468
f 720/682/715 721/683/716 472/440/467
f 719/681/714 721/683/716 720/682/715
f 475/442/470 720/682/715 473/439/468
f 722/684/717 472/440/467 721/683/716
f 724/685/719 722/684/717 721/683/716
f 719/681/714 723/686/718 721/683/716
f 724/685/719 721/683/716 723/686/718
f 725/687/720 724/685/719 726/688/721
f 725/687/720 722/684/717 724/685/719
f 726/688/721 724/685/719 727/689/722
f 727/689/722 724/685/719 723/686/718
f 726/688/721 727/689/722 728/690/723
f 728/690/723 727/689/722 730/691/725
f 727/689/722 723/686/718 729/692/724
f 730/691/725 727/689/722 729/692/724
f 731/693/726 730/691/725 734/694/729
f 730/691/725 731/693/726 732/695/727
f 730/691/725 732/695/727 733/696/728
f 728/690/723 730/691/725 733/696/728
f 730/691/725 729/692/724 734/694/729
f 731/693/726 734/694/729 735/697/730
f 623/585/618 734/694/729 729/692/724
f 621/583/616 735/697/730 734/694/729
f 621/583/616 734/694/729 623/585/618
f 620/582/615 731/693/726 735/697/730
f 620/582/615 735/697/730 621/583/616
f 728/690/723 733/696/728 736/698/731
f 736/698/731 733/696/728 732/695/727
f 728/690/723 736/698/731 737/699/732
f 739/700/734 737/699/732 736/698/731
f 736/698/731 732/695/727 738/701/733
f 739/700/734 736/698/731 738/701/733
f 739/700/734 323/295/318 742/702/737
f 739/700/734 740/703/735 323/295/318
f 741/704/736 740/703/735 739/700/734
f 739/700/734 738/701/733 741/704/736
f 739/700/734 742/702/737 737/699/732
f 326/299/321 742/702/737 323/295/318
f 737/699/732 742/702/737 326/299/321
f 741/704/736 743/705/738 740/703/735
f 745/706/740 743/705/738 741/704/736
f 744/707/739 741/704/736 738/701/733
f 744/707/739 745/706/740 741/704/736
f 746/708/741 743/705/738 745/706/740
f 746/708/741 749/709/744 747/710/742
f 746/708/741 747/710/742 748/711/743
f 746/708/741 748/711/743 743/705/738
f 746/708/741 750/712/745 749/709/744
f 749/709/744 750/712/745 751/713/746
f 750/712/745 752/714/747 751/713/746
f 750/712/745 753/715/748 752/714/747
f 753/715/748 754/716/749 752/714/747
f 753/715/748 755/717/750 754/716/749
f 756/718/751 754/716/749 755/717/750
f 756/718/751 755/717/750 757/719/752
f 756/718/751 757/719/752 758/720/753
f 596/560/591 758/720/753 757/719/752
f 596/560/591 757/719/752 759/721/754
f 596/560/591 759/721/754 597/559/592
f 602/564/597 597/559/592 759/721/754
f 756/718/751 758/720/753 594/556/589
f 596/560/591 594/556/589 758/720/753
f 756/718/751 594/556/589 593/555/588
f 754/716/749 756/718/751 593/555/588
f 752/714/747 754/716/749 760/722/755
f 754/716/749 593/555/588 760/722/755
f 760/722/755 312/285/307 761/723/756
f 760/722/755 313/288/308 312/285/307
f 760/722/755 314/281/309 313/288/308
f 752/714/747 760/722/755 761/723/756
f 760/722/755 593/555/588 314/281/309
f 312/285/307 318/289/313 761/723/756
f 751/713/746 761/723/756 318/289/313
f 751/713/746 752/714/747 761/723/756
f 316/290/311 751/713/746 318/289/313
f 316/290/311 749/709/744 751/713/746
f 749/709/744 316/290/311 762/724/757
f 749/709/744 762/724/757 747/710/742
f 322/296/317 762/724/757 317/291/312
f 322/296/317 763/725/758 762/724/757
f 763/725/758 747/710/742 762/724/757
f 316/290/311 317/291/312 762/724/757
f 322/296/317 740/703/735 763/725/758
f 748/711/743 763/725/758 740/703/735
f 763/725/758 748/711/743 747/710/742
f 748/711/743 740/703/735 743/705/738
f 764/726/759 744/707/739 738/701/733
f 620/582/615 764/726/759 731/693/726
f 731/693/726 764/726/759 732/695/727
f 764/726/759 738/701/733 732/695/727
f 322/296/317 323/295/318 740/703/735
f 737/699/732 326/299/321 726/688/721
f 726/688/721 728/690/723 737/699/732
f 765/727/760 729/692/724 723/686/718
f 623/585/618 729/692/724 765/727/760
f 626/588/621 623/585/618 765/727/760
f 635/597/630 626/588/621 765/727/760
f 765/727/760 723/686/718 719/681/714
f 635/597/630 765/727/760 719/681/714
f 326/299/321 766/728/761 726/688/721
f 766/728/761 725/687/720 726/688/721
f 766/728/761 460/427/455 725/687/720
f 457/423/452 460/427/455 766/728/761
f 326/299/321 325/300/320 766/728/761
f 457/423/452 766/728/761 325/300/320
f 460/427/455 467/434/462 725/687/720
f 467/434/462 722/684/717 725/687/720
f 467/434/462 470/437/465 722/684/717
f 722/684/717 470/437/465 472/440/467
f 632/594/627 633/595/628 640/603/635
f 635/597/630 627/589/622 626/588/621
f 579/541/574 580/542/575 632/594/627
f 632/594/627 580/542/575 607/569/602
f 632/594/627 607/569/602 609/571/604
f 609/571/604 610/572/605 629/591/624
f 612/575/607 629/591/624 610/572/605
f 612/575/607 614/576/609 629/591/624
f 616/578/611 629/591/624 614/576/609
f 626/588/621 624/586/619 623/585/618
f 582/544/577 607/569/602 580/542/575
f 604/566/599 582/544/577 584/546/579
f 586/547/581 604/566/599 584/546/579
f 586/547/581 599/562/594 604/566/599
f 591/554/586 767/729/762 590/552/585
f 768/730/763 767/729/762 591/554/586
f 768/730/763 591/554/586 769/731/764
f 591/554/586 568/529/563 769/731/764
f 591/554/586 585/548/580 568/529/563
f 769/731/764 770/732/765 768/730/763
f 769/731/764 771/733/766 770/732/765
f 568/529/563 771/733/766 769/731/764
f 565/527/560 772/734/767 771/733/766
f 771/733/766 772/734/767 773/735/768
f 568/529/563 565/527/560 771/733/766
f 771/733/766 773/735/768 770/732/765
f 774/736/769 773/735/768 361/334/356
f 774/736/769 770/732/765 773/735/768
f 361/334/356 773/735/768 775/7/770
f 772/734/767 775/7/770 773/735/768
f 361/334/356 775/7/770 362/6/357
f 772/734/767 776/8/771 775/7/770
f 776/8/771 777/737/772 557/11/552
f 776/8/771 772/734/767 777/737/772
f 565/527/560 777/737/772 772/734/767
f 559/521/554 777/737/772 565/527/560
f 557/11/552 777/737/772 559/521/554
f 778/738/773 770/732/765 774/736/769
f 359/333/354 774/736/769 361/334/356
f 358/332/353 774/736/769 359/333/354
f 358/332/353 778/738/773 774/736/769
f 779/739/774 778/738/773 358/332/353
f 768/730/763 778/738/773 779/739/774
f 778/738/773 768/730/763 770/732/765
f 779/739/774 590/552/585 767/729/762
f 779/739/774 308/282/303 590/552/585
f 310/283/305 308/282/303 779/739/774
f 768/730/763 779/739/774 767/729/762
f 779/739/774 358/332/353 310/283/305
f 568/529/563 585/548/580 567/530/562
f 585/548/580 570/532/565 567/530/562
f 575/537/570 536/503/531 537/504/532
f 562/524/557 545/512/540 546/513/541
f 552/20/547 551/518/546 780/740/775
f 781/741/776 552/20/547 780/740/775
f 782/742/777 781/741/776 541/508/536
f 781/741/776 780/740/775 541/508/536
f 526/494/521 782/742/777 528/495/523
f 782/742/777 541/508/536 528/495/523
f 551/518/546 543/510/538 780/740/775
f 541/508/536 780/740/775 543/510/538
f 513/481/508 531/498/526 514/482/509
f 513/481/508 524/490/519 531/498/526
f 523/491/518 531/498/526 524/490/519
f 497/466/492 484/451/479 486/454/481
f 481/448/476 484/451/479 497/466/492
f 492/460/487 489/458/484 488/456/483
f 460/427/455 462/429/457 467/434/462
f 783/743/778 465/433/460 784/744/779
f 783/743/778 464/431/459 465/433/460
f 465/433/460 427/395/422 784/744/779
f 465/433/460 458/422/453 427/395/422
f 785/745/780 783/743/778 784/744/779
f 427/395/422 423/391/418 784/744/779
f 785/745/780 784/744/779 423/391/418
f 419/387/414 785/745/780 423/391/418
f 458/422/453 426/393/421 427/395/422
f 457/423/452 325/300/320 330/304/325
f 456/425/451 786/746/781 788/747/783
f 456/425/451 455/424/450 786/746/781
f 787/748/782 452/420/447 456/425/451
f 456/425/451 788/747/783 787/748/782
f 789/749/784 790/750/785 788/747/783
f 789/749/784 788/747/783 786/746/781
f 787/748/782 788/747/783 790/750/785
f 793/751/788 790/750/785 791/752/786
f 789/749/784 791/752/786 790/750/785
f 793/751/788 792/753/787 790/750/785
f 787/748/782 790/750/785 792/753/787
f 792/753/787 793/751/788 794/754/789
f 793/751/788 791/752/786 795/755/790
f 793/751/788 795/755/790 796/756/791
f 796/756/791 795/755/790 797/757/792
f 796/756/791 797/757/792 798/758/793
f 796/756/791 798/758/793 799/759/794
f 801/760/796 799/759/794 798/758/793
f 801/760/796 800/761/795 799/759/794
f 805/762/800 800/761/795 801/760/796
f 801/760/796 802/763/797 806/764/801
f 801/760/796 803/765/798 802/763/797
f 804/766/799 803/765/798 801/760/796
f 804/766/799 801/760/796 798/758/793
f 805/762/800 801/760/796 806/764/801
f 805/762/800 806/764/801 807/767/802
f 806/764/801 391/358/386 807/767/802
f 806/764/801 802/763/797 391/358/386
f 807/767/802 808/768/803 805/762/800
f 809/769/804 807/767/802 391/358/386
f 807/767/802 809/769/804 808/768/803
f 809/769/804 391/358/386 392/359/387
f 809/769/804 810/770/805 808/768/803
f 809/769/804 811/771/806 810/770/805
f 392/359/387 811/771/806 809/769/804
f 812/772/807 810/770/805 811/771/806
f 392/359/387 395/361/390 811/771/806
f 812/772/807 811/771/806 395/361/390
f 812/772/807 395/361/390 397/364/392
f 401/368/396 812/772/807 397/364/392
f 401/368/396 813/773/808 812/772/807
f 813/773/808 814/774/809 812/772/807
f 812/772/807 814/774/809 810/770/805
f 439/406/434 814/774/809 813/773/808
f 439/406/434 813/773/808 815/775/810
f 813/773/808 402/369/397 815/775/810
f 813/773/808 401/368/396 402/369/397
f 439/406/434 815/775/810 816/776/811
f 815/775/810 404/371/399 816/776/811
f 815/775/810 402/369/397 404/371/399
f 439/406/434 816/776/811 437/405/432
f 404/371/399 437/405/432 816/776/811
f 804/766/799 797/757/792 338/311/333
f 338/311/333 339/312/334 804/766/799
f 804/766/799 798/758/793 797/757/792
f 339/312/334 803/765/798 804/766/799
f 803/765/798 389/356/384 802/763/797
f 339/312/334 342/318/337 803/765/798
f 803/765/798 342/318/337 389/356/384
f 391/358/386 802/763/797 389/356/384
f 795/755/790 338/311/333 797/757/792
f 795/755/790 335/308/330 338/311/333
f 335/308/330 795/755/790 791/752/786
f 792/753/787 794/754/789 450/417/445
f 449/416/444 450/417/445 794/754/789
f 449/416/444 794/754/789 817/777/812
f 817/777/812 445/412/440 449/416/444
f 817/777/812 444/411/439 445/412/440
f 787/748/782 792/753/787 450/417/445
f 335/308/330 791/752/786 789/749/784
f 789/749/784 786/746/781 336/310/331
f 335/308/330 789/749/784 336/310/331
f 787/748/782 450/417/445 451/419/446
f 787/748/782 451/419/446 452/420/447
f 336/310/331 786/746/781 455/424/450
f 336/310/331 455/424/450 331/305/326
f 330/304/325 331/305/326 455/424/450
f 432/399/427 430/397/425 446/414/441
f 407/375/402 435/402/430 405/372/400
f 407/375/402 413/380/408 435/402/430
f 404/371/399 405/372/400 435/402/430
f 410/378/405 408/376/403 818/778/813
f 819/779/814 818/778/813 408/376/403
f 819/779/814 822/780/817 820/781/815
f 819/779/814 408/376/403 821/782/816
f 819/779/814 821/782/816 822/780/817
f 820/781/815 822/780/817 386/354/381
f 386/354/381 822/780/817 387/355/382
f 822/780/817 394/362/389 387/355/382
f 822/780/817 821/782/816 394/362/389
f 408/376/403 394/362/389 821/782/816
f 820/781/815 386/354/381 823/783/818
f 823/783/818 384/351/379 824/784/819
f 823/783/818 386/354/381 384/351/379
f 824/784/819 376/343/371 374/342/369
f 824/784/819 384/351/379 376/343/371
f 408/376/403 399/367/394 394/362/389
f 342/318/337 343/315/338 389/356/384
f 378/346/373 353/324/348 369/338/364
f 378/346/373 369/338/364 368/337/363
f 371/339/366 378/346/373 368/337/363
f 352/327/347 369/338/364 353/324/348
f 352/327/347 366/336/361 369/338/364
f 364/335/359 366/336/361 352/327/347
f 351/325/346 357/330/352 364/335/359
f 364/335/359 352/327/347 351/325/346
f 358/332/353 311/287/306 310/283/305
f 358/332/353 355/328/350 311/287/306
f 355/328/350 348/322/343 311/287/306
f 348/322/343 305/278/300 311/287/306
f 348/322/343 344/317/339 305/278/300
f 303/277/298 305/278/300 344/317/339
f 329/302/324 302/275/297 333/306/328
f 303/277/298 333/306/328 302/275/297
f 329/302/324 320/293/315 304/276/299
f 329/302/324 304/276/299 302/275/297
f 312/285/307 309/284/304 318/289/313
f 825/785/820 826/786/821 828/787/823
f 825/785/820 827/151/822 826/786/821
f 829/153/824 827/151/822 825/785/820
f 829/153/824 825/785/820 830/788/824
f 831/789/825 832/790/826 834/791/828
f 831/789/825 833/171/827 832/790/826
f 831/789/825 835/74/824 833/171/827
f 831/789/825 836/792/824 835/74/824
f 837/793/820 838/794/829 840/795/831
f 837/793/820 839/95/830 838/794/829
f 837/793/820 841/94/824 839/95/830
f 837/793/820 842/796/824 841/94/824
f 843/144/832 844/797/833 846/798/835
f 843/144/832 845/799/834 844/797/833
f 843/144/832 847/800/836 845/799/834
f 843/144/832 848/157/836 847/800/836
f 849/801/836 850/118/837 852/802/837
f 849/801/836 851/116/836 850/118/837
f 853/172/838 854/803/839 856/804/840
f 853/172/838 855/805/834 854/803/839
f 857/806/836 855/805/834 853/172/838
f 857/806/836 853/172/838 858/101/836
f 859/89/841 860/807/842 862/808/844
f 859/89/841 861/809/843 860/807/842
f 863/810/836 861/809/843 859/89/841
f 863/810/836 859/89/841 864/102/836
f 865/811/845 866/812/846 868/813/846
f 865/811/845 867/186/847 866/812/846
f 869/195/848 867/186/847 865/811/845
f 869/195/848 865/811/845 870/814/849
f 871/178/850 872/815/851 874/816/853
f 871/178/850 873/817/852 872/815/851
f 875/818/854 873/817/852 871/178/850
f 875/818/854 871/178/850 876/180/854
f 877/201/855 878/819/856 880/820/858
f 877/201/855 879/821/857 878/819/856
f 881/822/854 879/821/857 877/201/855
f 881/822/854 877/201/855 882/213/854
f 883/823/859 884/824/860 886/217/862
f 883/823/859 885/825/861 884/824/860
f 883/823/859 886/217/862 887/207/854
f 883/823/859 887/207/854 888/826/854
f 889/827/863 890/828/864 892/829/866
f 889/827/863 891/199/865 890/828/864
f 893/197/867 891/199/865 889/827/863
f 893/197/867 889/827/863 894/830/849
f 895/831/868 896/832/846 898/833/864
f 895/831/868 897/215/869 896/832/846
f 899/210/867 897/215/869 895/831/868
f 899/210/867 895/831/868 900/834/849
f 901/835/870 902/836/871 904/837/873
f 901/835/870 903/267/872 902/836/871
f 901/835/870 905/258/874 903/267/872
f 901/835/870 906/838/874 905/258/874
f 907/265/875 908/839/876 910/840/878
f 907/265/875 909/841/877 908/839/876
f 907/265/875 911/842/879 909/841/877
f 907/265/875 912/256/879 911/842/879
f 913/843/880 914/844/881 916/845/883
f 913/843/880 915/254/882 914/844/881
f 913/843/880 917/243/874 915/254/882
f 913/843/880 918/846/874 917/243/874
f 919/847/884 920/848/885 922/849/887
f 919/847/884 921/236/886 920/848/885
f 919/847/884 923/237/874 921/236/886
f 919/847/884 924/850/874 923/237/874
f 925/233/888 926/851/879 928/852/889
f 925/233/888 927/239/879 926/851/879
f 925/233/888 928/852/889 929/853/890
f 925/233/888 929/853/890 930/854/891
f 931/253/892 932/855/893 934/856/893
f 931/253/892 933/857/889 932/855/893
f 931/253/892 935/858/879 933/857/889
f 931/253/892 936/241/879 935/858/879
f 937/582/894 938/708/895 940/706/897
f 937/582/894 939/859/896 938/708/895
f 937/582/894 942/574/899 939/859/896
f 937/582/894 940/706/897 941/726/898
f 937/582/894 943/577/900 942/574/899
f 937/582/894 944/581/901 943/577/900
f 944/581/901 945/579/902 943/577/900
f 947/719/904 942/574/899 946/563/903
f 947/719/904 939/859/896 942/574/899
f 947/719/904 948/712/905 938/708/895
f 947/719/904 950/717/907 948/712/905
f 947/719/904 938/708/895 939/859/896
f 947/719/904 946/563/903 949/721/906
f 950/717/907 951/715/908 948/712/905
f 949/721/906 946/563/903 952/564/909
f 941/726/898 940/706/897 953/707/910
f 954/406/911 955/770/912 957/774/914
f 954/406/911 956/407/913 955/770/912
f 955/770/912 956/407/913 958/409/915
f 955/770/912 958/409/915 959/768/916
f 959/768/916 958/409/915 960/411/917
f 960/411/917 961/761/918 963/762/920
f 960/411/917 962/777/919 961/761/918
f 959/768/916 960/411/917 963/762/920
f 961/761/918 962/777/919 964/754/921
f 961/761/918 964/754/921 965/759/922
f 965/759/922 964/754/921 966/751/923
f 965/759/922 966/751/923 967/756/924
f 968/627/925 969/675/926 971/625/928
f 968/627/925 970/676/927 969/675/926
f 969/675/926 972/622/929 971/625/928
f 969/675/926 973/674/930 972/622/929
f 973/674/930 974/624/931 972/622/929
f 974/624/931 975/650/932 977/673/934
f 974/624/931 976/647/933 975/650/932
f 973/674/930 976/647/933 974/624/931
f 975/650/932 978/671/935 977/673/934
f 979/649/936 980/668/937 978/671/935
f 975/650/932 979/649/936 978/671/935
f 979/649/936 981/669/938 980/668/937
f 982/860/824 983/131/824 985/861/824
f 982/860/824 984/132/824 983/131/824
