# Blender 5.0.1
# www.blender.org
mtllib llanta3.mtl
o llanta3
v 0.903472 0.811412 0.619014
v 0.704184 0.974240 0.644148
v 0.710729 0.983220 0.617423
v 0.895195 0.803975 0.645723
v 1.056310 0.603253 0.620358
v 1.046666 0.597686 0.647058
v 1.151966 0.364391 0.648098
v 1.162569 0.367843 0.621414
v 1.217595 0.115467 0.622110
v 1.206501 0.114283 0.648797
v 1.218987 -0.142841 0.622441
v 1.207883 -0.141708 0.649121
v 1.156053 -0.392390 0.649057
v 1.166688 -0.395794 0.622377
v 1.062983 -0.632337 0.621924
v 1.053278 -0.626809 0.648611
v 0.912404 -0.842131 0.621113
v 0.904046 -0.834721 0.647799
v 0.714890 -1.007033 0.646663
v 0.721522 -1.016006 0.619955
v 0.498701 -1.146367 0.618523
v 0.494059 -1.136222 0.645236
v 0.251215 -1.216638 0.643600
v 0.253660 -1.227511 0.616874
v -0.003021 -1.244769 0.641819
v -0.002890 -1.255895 0.615074
v -0.259725 -1.230280 0.613210
v -0.257556 -1.219381 0.639971
v -0.505630 -1.151782 0.611353
v -0.501250 -1.141589 0.638133
v -0.723461 -1.014790 0.636390
v -0.729852 -1.023834 0.609594
v -0.922595 -0.852026 0.608006
v -0.914475 -0.844525 0.634812
v -1.065939 -0.638234 0.633475
v -1.075436 -0.643867 0.606656
v -1.171242 -0.404938 0.632434
v -1.181689 -0.408457 0.605607
v -1.236717 -0.156082 0.604908
v -1.225774 -0.154830 0.631741
v -1.238113 0.102226 0.604580
v -1.227157 0.101161 0.631418
v -1.175330 0.351843 0.631478
v -1.185815 0.355179 0.604641
v -1.082109 0.591722 0.605090
v -1.072555 0.586258 0.631922
v -0.923326 0.794170 0.632736
v -0.931530 0.801517 0.605908
v -0.734164 0.966485 0.633875
v -0.740652 0.975395 0.607057
v -0.517824 1.105755 0.608494
v -0.513336 1.095675 0.635296
v -0.272786 1.186900 0.610143
v -0.270495 1.176091 0.636933
v -0.016253 1.204221 0.638716
v -0.016236 1.215284 0.611943
v 0.240599 1.189665 0.613810
v 0.238276 1.178834 0.640564
v 0.481970 1.101042 0.642400
v 0.486504 1.111168 0.615662
v 1.342126 -0.451818 0.562326
v 1.354234 -0.156348 0.605661
v 1.402218 -0.161176 0.562400
v 1.296183 -0.437137 0.605597
v 1.181062 -0.699712 0.605100
v 1.222972 -0.723607 0.561810
v 1.345241 -0.453165 -0.532569
v 1.357596 -0.157801 -0.576458
v 1.299545 -0.438590 -0.576526
v 1.405336 -0.162521 -0.532495
v 1.184427 -0.701165 -0.577027
v 1.226084 -0.724954 -0.533085
v 1.049951 -0.964660 0.560873
v 1.017274 -0.934047 -0.577934
v 1.053066 -0.966008 -0.534022
v 0.805397 -1.127056 -0.579211
v 0.833749 -1.165793 -0.535344
v 0.830634 -1.164446 0.559551
v 0.574607 -1.314229 0.557906
v 0.802028 -1.125602 0.602915
v 0.577722 -1.315573 -0.536993
v 0.296164 -1.408813 -0.538889
v 0.558046 -1.271760 -0.580805
v 0.286035 -1.361837 -0.582638
v 0.532594 -1.215291 -0.599321
v 0.768761 -1.077125 -0.597803
v 0.724990 -1.017504 -0.597675
v 0.971071 -0.892836 -0.596584
v 1.066448 -0.633835 -0.595702
v 0.915863 -0.843630 -0.596523
v 1.130666 -0.670481 -0.595715
v 1.170163 -0.397296 -0.599128
v 1.240583 -0.419776 -0.595240
v 1.296013 -0.151677 -0.595169
v 1.294534 0.122098 -0.595520
v 1.222449 -0.144339 -0.595192
v 1.221053 0.113972 -0.595520
v 1.166028 0.366344 -0.596222
v 1.236213 0.389585 -0.596267
v 1.123591 0.639093 -0.597377
v 1.059772 0.601754 -0.597268
v 0.906931 0.809913 -0.598618
v 0.714201 0.981715 -0.604079
v 0.961600 0.859713 -0.598804
v 1.007361 0.901462 -0.580261
v 0.793404 1.092178 -0.582028
v 0.757314 1.041810 -0.600492
v 0.519671 1.177419 -0.602350
v 0.259040 1.260617 -0.604319
v 0.489965 1.109672 -0.601968
v 0.544506 1.234210 -0.583985
v 0.821336 1.131325 -0.538257
v 0.563708 1.278340 -0.540282
v 0.271537 1.321344 -0.586039
v 0.281162 1.368535 -0.542409
v -0.013564 1.349783 -0.588111
v -0.013179 1.287769 -0.606299
v -0.012781 1.213786 -0.605693
v -0.298337 1.318274 -0.590110
v -0.285080 1.257685 -0.608205
v -0.514362 1.104257 -0.609141
v -0.269324 1.185402 -0.607489
v -0.570348 1.228197 -0.591942
v -0.544797 1.171680 -0.609954
v -0.780964 1.033514 -0.611471
v -0.817696 1.083493 -0.593530
v -0.737180 0.973893 -0.614439
v -0.983271 0.849228 -0.612697
v -0.928068 0.800022 -0.611724
v -1.078648 0.590227 -0.612539
v -1.142865 0.626872 -0.613559
v -1.029576 0.890480 -0.594807
v -1.252782 0.376165 -0.614034
v -1.182356 0.353684 -0.612992
v -1.196726 0.657598 -0.595715
v -1.065618 0.922551 -0.551491
v -1.238636 0.681494 -0.552431
v -1.311846 0.395027 -0.596216
v -1.357790 0.409708 -0.552945
v -1.417885 0.119063 -0.553019
v -1.369898 0.114238 -0.596283
v -1.416281 -0.177735 -0.552643
v -1.368351 -0.172499 -0.595920
v -1.308215 0.108068 -0.614102
v -1.306732 -0.165707 -0.613758
v -1.233259 -0.157580 -0.612729
v -1.234654 0.100731 -0.613056
v -1.419399 -0.176390 0.542255
v -1.420997 0.120411 0.541874
v -1.373264 0.115691 0.585844
v -1.315212 0.396480 0.585908
v -1.360905 0.411052 0.541950
v -1.241755 0.682841 0.542464
v -1.068734 0.923898 0.543403
v -1.200092 0.659052 0.586411
v -1.032938 0.891934 0.587316
v -1.146336 0.628371 0.605097
v -1.256250 0.377663 0.604616
v -1.185818 0.355179 0.604635
v -1.311680 0.109567 0.604548
v -1.371717 -0.171045 0.586202
v -1.310201 -0.164208 0.604898
v -1.236721 -0.156082 0.604901
v -1.238117 0.102226 0.604573
v -1.082112 0.591722 0.605084
v -0.931533 0.801517 0.605902
v -0.740655 0.975395 0.607050
v -0.986736 0.850726 0.605966
v -0.821055 1.084943 0.588596
v -0.784432 1.035012 0.607185
v -0.548261 1.173178 0.608699
v -0.288549 1.259183 0.610454
v -0.517828 1.105755 0.608487
v -0.573710 1.229651 0.590187
v -0.849416 1.123680 0.544726
v -0.593383 1.273464 0.546374
v -0.301699 1.319727 0.592016
v -0.311828 1.366700 0.548270
v -0.016644 1.289268 0.612353
v -0.016923 1.351233 0.594015
v 0.278046 1.369883 0.552483
v 0.268175 1.322798 0.596084
v -0.017061 1.399316 0.550337
v -0.013946 1.397968 -0.544555
v -0.308716 1.365356 -0.546624
v -0.590268 1.272119 -0.548521
v -0.846301 1.122336 -0.550170
v 0.560590 1.279688 0.554610
v 0.541144 1.235663 0.598144
v 0.255572 1.262116 0.614340
v 0.516200 1.178918 0.616300
v 0.486500 1.111168 0.615655
v 0.240596 1.189665 0.613804
v -0.016240 1.215284 0.611936
v -0.272789 1.186900 0.610137
v 0.710726 0.983220 0.617417
v 0.753853 1.043305 0.618164
v 0.958139 0.861211 0.619855
v 0.903469 0.811412 0.619007
v 1.120123 0.640588 0.621279
v 1.056307 0.603253 0.620352
v 1.162566 0.367843 0.621408
v 1.217592 0.115467 0.622107
v 1.291069 0.123597 0.623140
v 1.232744 0.391084 0.622389
v 1.352684 0.130389 0.605302
v 1.291601 0.410536 0.604522
v 1.173657 0.671850 0.603361
v 1.003995 0.902916 0.601863
v 1.039687 0.935265 0.558464
v 1.215298 0.696089 0.560013
v 1.042799 0.933918 -0.536432
v 1.218416 0.694744 -0.534882
v 1.337390 0.425602 0.561216
v 1.403732 0.134277 -0.532874
v 1.340509 0.424257 -0.533676
v 1.400617 0.135622 0.562025
v 1.294967 0.409082 -0.577600
v 1.356046 0.128935 -0.576821
v 1.177016 0.670396 -0.578766
v 0.818224 1.132673 0.556638
v 0.790039 1.093631 0.600098
v 1.292548 -0.150178 0.623486
v 1.218987 -0.142841 0.622437
v 1.166686 -0.395794 0.622370
v 1.127201 -0.668982 0.622942
v 1.062983 -0.632337 0.621918
v 1.237114 -0.418278 0.623416
v 0.967606 -0.891337 0.622075
v 0.912401 -0.842131 0.621106
v 0.721519 -1.016006 0.619948
v 0.529126 -1.213793 0.619335
v 0.765300 -1.075626 0.620853
v 0.498698 -1.146367 0.618517
v 0.253657 -1.227511 0.616868
v -0.002890 -1.255895 0.615068
v 0.269416 -1.299795 0.617586
v 0.282669 -1.360384 0.599488
v -0.002107 -1.391889 0.597493
v -0.002492 -1.329879 0.615678
v -0.274708 -1.302727 0.613701
v -0.535338 -1.219529 0.611735
v -0.259728 -1.230280 0.613204
v -0.287207 -1.363454 0.595420
v -0.001719 -1.440078 0.553936
v -0.296826 -1.410645 0.551794
v -0.560174 -1.276320 0.593364
v -0.579369 -1.320450 0.549664
v -0.772985 -1.083920 0.609868
v -0.809065 -1.134290 0.591407
v -1.058467 -0.976031 0.545813
v -1.023022 -0.943575 0.589645
v -0.837003 -1.173438 0.547639
v -1.055352 -0.977375 -0.549082
v -0.833891 -1.174783 -0.547257
v -0.576254 -1.321797 -0.545232
v -0.805706 -1.135744 -0.590716
v -0.293711 -1.411993 -0.543102
v -0.556809 -1.277773 -0.588762
v -0.283842 -1.364907 -0.586703
v -0.531867 -1.221027 -0.606921
v -0.769517 -1.085418 -0.608786
v -0.973803 -0.903324 -0.610470
v -0.726390 -1.025329 -0.608038
v -1.019659 -0.945029 -0.592481
v -1.189318 -0.713963 -0.593979
v -1.230971 -0.738202 -0.550632
v -1.234084 -0.736854 0.544260
v -1.353055 -0.467712 -0.551835
v -1.419399 -0.176390 0.542255
v -1.307269 -0.452646 -0.595144
v -1.368351 -0.172499 -0.595920
v -1.416281 -0.177735 -0.552643
v -1.356166 -0.466367 0.543058
v -1.192681 -0.712509 0.588147
v -1.310631 -0.451192 0.586983
v -1.371717 -0.171045 0.586202
v -1.310201 -0.164208 0.604898
v -1.251880 -0.431695 0.605642
v -1.181692 -0.408457 0.605600
v -1.236721 -0.156082 0.604901
v -1.075439 -0.643867 0.606650
v -1.139256 -0.681203 0.606759
v -0.977268 -0.901826 0.608189
v -0.922598 -0.852026 0.608000
v -0.729855 -1.023834 0.609588
v -0.505633 -1.151782 0.611346
v -1.306732 -0.165707 -0.613758
v -1.233259 -0.157580 -0.612729
v -1.248409 -0.433193 -0.613011
v -1.178217 -0.409959 -0.615892
v -1.135794 -0.682701 -0.611898
v -1.071977 -0.645363 -0.610974
v -0.919136 -0.853521 -0.609629
v -0.502168 -1.153277 -0.606277
v -0.256263 -1.231778 -0.604425
v -0.271240 -1.304225 -0.604958
v 0.000585 -1.257400 -0.606430
v 0.000976 -1.331377 -0.602978
v 0.272881 -1.301293 -0.601076
v 0.257122 -1.229010 -0.600758
v 0.502163 -1.147865 -0.599106
v 0.001258 -1.393343 -0.584633
v 0.001393 -1.441426 -0.540955
v 0.293049 -1.407466 0.556000
v 0.554680 -1.270307 0.601320
v 1.013909 -0.932593 0.604192
v 0.244061 1.188170 -0.603822
v 0.205664 0.103792 -0.011269
v 0.217704 0.145542 0.023263
v 0.217887 0.111046 0.023307
v 0.205400 0.152577 -0.011333
v 0.248010 0.079627 -0.010936
v 0.290097 0.104247 -0.010665
v 0.247834 0.093958 0.023541
v 0.277408 0.145862 0.023689
v 0.277591 0.111367 0.023731
v 0.247462 0.162950 0.023455
v 0.247484 0.177198 -0.011060
v 0.289831 0.153033 -0.010730
v 0.196873 0.098389 -0.101785
v 0.196283 0.157778 -0.006777
v 0.196603 0.098505 -0.006700
v 0.196552 0.157659 -0.101862
v 0.196552 0.157659 -0.101862
v 0.247413 0.187689 -0.006444
v 0.196283 0.157778 -0.006777
v 0.247686 0.187571 -0.101528
v 0.298862 0.158330 -0.006042
v 0.196283 0.157778 -0.006777
v 0.247413 0.187689 -0.006444
v 0.196603 0.098505 -0.006700
v 0.248055 0.069148 -0.006292
v 0.299183 0.099060 -0.005966
v 0.207265 -0.192422 -0.010893
v 0.219299 -0.150672 0.023637
v 0.219491 -0.185171 0.023683
v 0.206998 -0.143640 -0.010958
v 0.249611 -0.216587 -0.010560
v 0.291691 -0.191967 -0.010294
v 0.249435 -0.202259 0.023917
v 0.279195 -0.184847 0.024109
v 0.279002 -0.150352 0.024061
v 0.291428 -0.143184 -0.010354
v 0.249082 -0.119016 -0.010685
v 0.249063 -0.133264 0.023833
v 0.198153 -0.138555 -0.101487
v 0.249014 -0.108528 -0.006068
v 0.197884 -0.138439 -0.006399
v 0.249284 -0.108644 -0.101157
v 0.249284 -0.108644 -0.101157
v 0.300466 -0.137884 -0.005667
v 0.249014 -0.108528 -0.006068
v 0.300732 -0.138003 -0.100756
v -0.048268 -0.341914 -0.012540
v -0.036224 -0.300164 0.021998
v -0.036041 -0.334660 0.022040
v -0.048528 -0.293128 -0.012597
v -0.005915 -0.366079 -0.012205
v 0.036165 -0.341458 -0.011936
v -0.006092 -0.351747 0.022274
v 0.023662 -0.334339 0.022466
v 0.023479 -0.299840 0.022425
v 0.035905 -0.292672 -0.011994
v -0.006445 -0.268507 -0.012328
v -0.006464 -0.282756 0.022190
v -0.306993 0.101026 -0.014930
v -0.294949 0.142779 0.019602
v -0.294766 0.108280 0.019643
v -0.307256 0.149812 -0.014987
v -0.264643 0.076861 -0.014596
v -0.222563 0.101482 -0.014326
v -0.264820 0.091193 0.019884
v -0.235063 0.108604 0.020076
v -0.222826 0.150267 -0.014388
v -0.235245 0.143100 0.020029
v -0.265192 0.160188 0.019794
v -0.265170 0.174432 -0.014721
v -0.264967 0.184808 -0.105192
v -0.213792 0.155564 -0.009703
v -0.265240 0.184924 -0.010104
v -0.213522 0.155449 -0.104788
v -0.213792 0.155564 -0.009703
v -0.316371 0.155013 -0.010431
v -0.265240 0.184924 -0.010104
v -0.316050 0.095742 -0.010361
v -0.264599 0.066383 -0.009956
v -0.213474 0.096294 -0.009629
v -0.051470 0.250518 -0.013287
v -0.039426 0.292268 0.021244
v -0.039240 0.257772 0.021289
v -0.051730 0.299303 -0.013345
v -0.009114 0.226353 -0.012953
v 0.032966 0.250973 -0.012684
v -0.009294 0.240684 0.021526
v 0.020464 0.258093 0.021716
v 0.020277 0.292588 0.021671
v 0.032707 0.299759 -0.012745
v -0.009643 0.323924 -0.013079
v -0.009666 0.309676 0.021437
v 0.041735 0.305056 -0.008061
v -0.060845 0.304501 -0.008795
v -0.009714 0.334415 -0.008462
v -0.060524 0.245230 -0.008719
v -0.009072 0.215871 -0.008314
v 0.042056 0.245785 -0.007984
v -0.220966 -0.194732 -0.013951
v -0.263222 -0.205018 0.020260
v -0.233462 -0.187610 0.020452
v -0.263049 -0.219353 -0.014220
v -0.221228 -0.145943 -0.014012
v -0.263575 -0.121778 -0.014346
v -0.233651 -0.153114 0.020406
v -0.293165 -0.187931 0.020022
v -0.293355 -0.153435 0.019980
v -0.263594 -0.136027 0.020169
v -0.305658 -0.146399 -0.014615
v -0.305395 -0.195185 -0.014554
v -0.314501 -0.141317 -0.105144
v -0.263645 -0.111290 -0.009728
v -0.314773 -0.141201 -0.010059
v -0.263376 -0.111406 -0.104814
v -0.263376 -0.111406 -0.104814
v -0.212194 -0.140647 -0.009325
v -0.263645 -0.111290 -0.009728
v -0.211924 -0.140765 -0.104413
v -0.314773 -0.141201 -0.010059
v -0.263004 -0.229828 -0.009579
v -0.314452 -0.200472 -0.009985
v -0.211873 -0.199917 -0.009251
v -0.212194 -0.140647 -0.009325
v -0.263645 -0.111290 -0.009728
v -0.283916 -0.701896 -0.417689
v -0.523121 -0.543839 -0.361591
v -0.284083 -0.701826 -0.359689
v -0.522954 -0.543909 -0.419591
v -0.683553 -0.306330 -0.363028
v -0.683389 -0.306401 -0.421035
v -0.740956 -0.025462 -0.363783
v -0.740793 -0.025532 -0.421786
v -0.686595 0.256010 -0.363744
v -0.686424 0.255940 -0.421744
v -0.528736 0.495235 -0.362910
v -0.528569 0.495165 -0.420913
v -0.291417 0.655789 -0.361408
v -0.291253 0.655718 -0.419412
v -0.010766 0.713234 -0.359474
v -0.010606 0.713163 -0.417480
v 0.270481 0.658821 -0.357395
v 0.270648 0.658750 -0.415401
v 0.509520 0.500834 -0.355495
v 0.509687 0.500763 -0.413499
v 0.669955 0.263325 -0.354055
v 0.670122 0.263255 -0.412058
v 0.727358 -0.017543 -0.353298
v 0.727525 -0.017614 -0.411301
v 0.672993 -0.299015 -0.353339
v 0.673160 -0.299089 -0.411342
v 0.515135 -0.538240 -0.354177
v 0.515301 -0.538311 -0.412177
v 0.277815 -0.698794 -0.355672
v 0.277982 -0.698864 -0.413678
v -0.002829 -0.756239 -0.357613
v -0.002668 -0.756309 -0.415613
v -0.284083 -0.701826 -0.359689
v -0.283916 -0.701896 -0.417689
v 0.270648 0.658750 -0.415401
v -0.010606 0.713163 -0.417480
v -0.291253 0.655718 -0.419412
v 0.509687 0.500763 -0.413499
v 0.670122 0.263255 -0.412058
v -0.528569 0.495165 -0.420913
v -0.686424 0.255940 -0.421744
v -0.740793 -0.025532 -0.421786
v -0.683389 -0.306401 -0.421035
v 0.673160 -0.299089 -0.411342
v 0.727525 -0.017614 -0.411301
v 0.515301 -0.538311 -0.412177
v -0.522954 -0.543909 -0.419591
v -0.283916 -0.701896 -0.417689
v 0.277982 -0.698864 -0.413678
v -0.002668 -0.756309 -0.415613
v 0.270481 0.658821 -0.357395
v -0.291417 0.655789 -0.361408
v -0.010766 0.713234 -0.359474
v 0.509520 0.500834 -0.355495
v 0.669955 0.263325 -0.354055
v -0.528736 0.495235 -0.362910
v -0.686595 0.256010 -0.363744
v 0.727358 -0.017543 -0.353298
v -0.740956 -0.025462 -0.363783
v 0.672993 -0.299015 -0.353339
v -0.683553 -0.306330 -0.363028
v 0.515135 -0.538240 -0.354177
v -0.523121 -0.543839 -0.361591
v 0.277815 -0.698794 -0.355672
v -0.284083 -0.701826 -0.359689
v -0.002829 -0.756239 -0.357613
v 0.704184 0.974240 0.644148
v 0.819286 0.734684 0.607946
v 0.644317 0.890644 0.606499
v 0.895195 0.803975 0.645723
v 0.440778 1.006791 0.604904
v 0.481970 1.101042 0.642400
v 0.217554 1.078055 0.603220
v 0.238276 1.178834 0.640564
v -0.016253 1.204221 0.638716
v 0.152473 1.084558 0.602754
v 0.150834 1.078125 0.591635
v -0.015592 1.101305 0.601519
v -0.183463 1.082748 0.600355
v -0.015508 1.091019 0.591971
v -0.181696 1.076332 0.589260
v 0.132905 1.068019 0.574185
v -0.015415 1.079165 0.580861
v -0.163559 1.066421 0.572067
v 0.120130 1.049533 0.553211
v -0.150463 1.048073 0.551280
v -0.147392 0.991805 0.510599
v 0.117897 0.993236 0.512498
v -0.247075 1.069232 0.590717
v -0.248477 1.075539 0.599893
v -0.468240 0.995995 0.589225
v -0.470916 1.001876 0.598394
v -0.669353 0.878337 0.587936
v -0.846458 0.725701 0.596049
v -0.673190 0.883541 0.597092
v -0.841623 0.721405 0.586895
v -0.983155 0.535259 0.595305
v -0.977534 0.532054 0.586161
v -1.003833 0.471737 0.584127
v -1.077294 0.320536 0.594894
v -0.999752 0.451483 0.566847
v -1.067486 0.317398 0.585401
v -1.009450 0.475324 0.595195
v -1.175330 0.351843 0.631478
v -1.072555 0.586258 0.631922
v -0.923326 0.794170 0.632736
v -0.734164 0.966485 0.633875
v -0.513336 1.095675 0.635296
v -0.270495 1.176091 0.636933
v -1.227157 0.101161 0.631418
v -1.111533 0.155016 0.594859
v -1.124770 0.090914 0.594840
v -1.118334 0.090262 0.585693
v -1.104879 0.154679 0.583794
v -1.056180 0.313789 0.574368
v -1.089838 0.168818 0.566551
v -1.068342 0.175536 0.545791
v -0.986120 0.433539 0.546061
v -0.933275 0.413869 0.505693
v -1.013887 0.160926 0.505430
v -1.117073 -0.142873 0.585988
v -1.123503 -0.143573 0.595135
v -1.067412 -0.370654 0.586626
v -0.971509 -0.583124 0.587570
v -0.977091 -0.586365 0.596726
v -1.073546 -0.372668 0.595773
v -1.171242 -0.404938 0.632434
v -1.065939 -0.638234 0.633475
v -1.225774 -0.154830 0.631741
v -0.838354 -0.775325 0.597952
v -0.914475 -0.844525 0.634812
v -0.723461 -1.014790 0.636390
v -0.789520 -0.818875 0.598359
v -0.784364 -0.814675 0.587278
v -0.663386 -0.931284 0.599389
v -0.516672 -1.015021 0.600547
v -0.657367 -0.922952 0.589860
v -0.650434 -0.913350 0.578776
v -0.514289 -1.008835 0.589443
v -0.763847 -0.817113 0.570091
v -0.742560 -0.809757 0.549330
v -0.707513 -0.765684 0.508760
v -0.522791 -0.967753 0.551094
v -0.523063 -0.990215 0.572028
v -0.492045 -0.920581 0.510490
v -0.457229 -1.041544 0.591808
v -0.459847 -1.047435 0.600987
v -0.235291 -1.112391 0.593483
v -0.236622 -1.118692 0.602677
v -0.003483 -1.135510 0.595170
v 0.229405 -1.116176 0.606002
v -0.003474 -1.141942 0.604369
v 0.228064 -1.109894 0.596794
v 0.451850 -1.042520 0.607499
v 0.449226 -1.036655 0.598282
v 0.505939 -1.003333 0.596735
v 0.514608 -0.984619 0.579440
v 0.648074 -0.915913 0.599184
v 0.508323 -1.009496 0.607869
v 0.654125 -0.924181 0.608802
v 0.779038 -0.810418 0.609556
v 0.714890 -1.007033 0.646663
v 0.904046 -0.834721 0.647799
v 0.494059 -1.136222 0.645236
v 0.251215 -1.216638 0.643600
v -0.003021 -1.244769 0.641819
v -0.257556 -1.219381 0.639971
v -0.501250 -1.141589 0.638133
v 1.053278 -0.626809 0.648611
v 0.827397 -0.766345 0.609848
v 0.964087 -0.575899 0.610590
v 0.958520 -0.572720 0.601352
v 0.822616 -0.762068 0.600618
v 0.773901 -0.806272 0.598401
v 0.641099 -0.906384 0.588000
v 0.753506 -0.808932 0.580928
v 0.732264 -0.801803 0.559859
v 0.514207 -0.962161 0.558502
v 0.483193 -0.915323 0.517455
v 0.696966 -0.758112 0.518787
v 1.052123 -0.359226 0.601763
v 1.099320 -0.130925 0.601817
v 1.105705 -0.131551 0.611055
v 1.058228 -0.361173 0.610996
v 1.156053 -0.392390 0.649057
v 1.207883 -0.141708 0.649121
v 1.104438 0.102932 0.610756
v 1.206501 0.114283 0.648797
v 1.151966 0.364391 0.648098
v 1.090507 0.166890 0.610586
v 1.054481 0.332028 0.610121
v 1.083920 0.166479 0.599424
v 1.098060 0.102210 0.601519
v 1.068832 0.180458 0.581968
v 1.044760 0.328788 0.600487
v 1.033563 0.325053 0.589286
v 0.979455 0.482431 0.598288
v 0.984973 0.486075 0.609438
v 0.958033 0.545728 0.609164
v 1.046666 0.597686 0.647058
v 0.952499 0.542461 0.599937
v 0.814554 0.730337 0.598725
v 0.640589 0.885402 0.597288
v 0.438218 1.000882 0.595700
v 0.216273 1.071731 0.594027
v 0.975698 0.462135 0.580957
v 0.962370 0.444043 0.559972
v 1.047381 0.186942 0.560896
v 0.993318 0.171750 0.519758
v 0.909982 0.423809 0.518857
v -0.833564 -0.770997 0.588789
v -0.008113 -0.020935 0.103881
v -0.139031 0.157390 0.095513
v -0.077563 0.189156 0.095915
v -0.187689 0.108168 0.095231
v -0.218764 0.046308 0.095083
v -0.229217 -0.022134 0.095093
v -0.218023 -0.090462 0.095257
v -0.186284 -0.151985 0.095558
v -0.137097 -0.200680 0.095972
v -0.075285 -0.231779 0.096453
v -0.006897 -0.242241 0.096957
v 0.061376 -0.231041 0.097426
v 0.122854 -0.199278 0.097826
v 0.171501 -0.150056 0.098112
v 0.202584 -0.088194 0.098260
v 0.213030 -0.019751 0.098253
v 0.201842 0.048577 0.098087
v 0.170099 0.110096 0.097785
v 0.120916 0.158792 0.097371
v 0.059101 0.189893 0.096893
v -0.009287 0.200356 0.096392
v -0.139455 0.158471 -0.094945
v -0.126567 0.338782 -0.095073
v -0.077528 0.190471 -0.094541
v -0.231886 0.284359 -0.095760
v -0.188472 0.108887 -0.095234
v -0.315251 0.200028 -0.096254
v -0.219775 0.046568 -0.095381
v -0.368490 0.094045 -0.096501
v -0.230305 -0.022378 -0.095371
v -0.386402 -0.023219 -0.096488
v -0.219031 -0.091210 -0.095202
v -0.367223 -0.140284 -0.096203
v -0.187057 -0.153185 -0.094903
v -0.312845 -0.245690 -0.095689
v -0.137504 -0.202237 -0.094486
v -0.228572 -0.329116 -0.094984
v -0.075241 -0.233569 -0.094001
v -0.122669 -0.382399 -0.094159
v -0.006345 -0.244108 -0.093501
v -0.005501 -0.400328 -0.093302
v 0.062432 -0.232825 -0.093020
v 0.111471 -0.381139 -0.092488
v 0.124359 -0.200828 -0.092612
v 0.216790 -0.326716 -0.091801
v 0.173372 -0.151240 -0.092327
v 0.300149 -0.242382 -0.091310
v 0.204675 -0.088925 -0.092182
v 0.353390 -0.136399 -0.091063
v 0.215208 -0.019975 -0.092192
v 0.371302 -0.019135 -0.091073
v 0.203934 0.048856 -0.092356
v 0.352123 0.097930 -0.091358
v 0.171957 0.110831 -0.092661
v 0.297745 0.203333 -0.091871
v 0.122411 0.159883 -0.093071
v 0.213476 0.286762 -0.092580
v 0.060141 0.191215 -0.093559
v 0.107576 0.340046 -0.093399
v -0.008758 0.201755 -0.094066
v -0.009602 0.357971 -0.094265
v -0.232852 0.284776 0.241492
v -0.152494 0.414703 0.241906
v -0.127526 0.339199 0.242179
v -0.279908 0.348866 0.241078
v -0.316211 0.200442 0.241001
v -0.380752 0.246844 0.240481
v -0.369449 0.094459 0.240748
v -0.445159 0.118627 0.240183
v -0.387358 -0.022805 0.240764
v -0.466828 -0.023235 0.240199
v -0.368185 -0.139870 0.241046
v -0.443629 -0.164853 0.240542
v -0.313804 -0.245273 0.241562
v -0.377839 -0.292368 0.241164
v -0.229538 -0.328702 0.242268
v -0.275898 -0.393295 0.242018
v -0.123631 -0.381985 0.243093
v -0.147780 -0.457756 0.243012
v -0.006461 -0.399910 0.243950
v -0.006031 -0.479445 0.244052
v 0.110511 -0.380721 0.244764
v 0.135479 -0.456229 0.245033
v 0.215831 -0.326299 0.245448
v 0.262887 -0.390391 0.245865
v 0.299189 -0.241968 0.245945
v 0.363734 -0.288370 0.246458
v 0.352435 -0.135982 0.246192
v 0.428144 -0.160153 0.246763
v 0.370343 -0.018721 0.246176
v 0.449810 -0.018291 0.246744
v 0.351167 0.098344 0.245897
v 0.426617 0.123327 0.246407
v 0.296783 0.203747 0.245374
v 0.360821 0.250842 0.245775
v 0.212517 0.287176 0.244671
v 0.258877 0.351772 0.244922
v 0.106617 0.340460 0.243850
v 0.130765 0.416234 0.243927
v -0.010558 0.358388 0.242990
v -0.010988 0.437919 0.242887
v 0.815702 0.729837 0.193123
v 0.643980 0.883935 -0.595426
v 0.641741 0.884901 0.191619
v 0.817925 0.728877 -0.586250
v 0.953650 0.541964 0.194339
v 0.955867 0.541005 -0.585038
v 0.981193 0.483300 0.194913
v 1.086362 0.165241 0.196058
v 1.051767 0.328534 -0.584092
v 1.101432 0.100757 -0.583456
v 1.099215 0.101713 0.195915
v 1.102693 -0.132382 -0.583158
v 1.100475 -0.131423 0.196213
v 1.055514 -0.360692 -0.590957
v 1.053275 -0.359726 0.196098
v 0.959675 -0.573217 0.195754
v 0.961892 -0.574177 -0.583620
v 0.823768 -0.762566 0.195013
v 0.825988 -0.763525 -0.584361
v 0.776532 -0.806911 0.195039
v 0.653708 -0.920456 -0.585403
v 0.452595 -1.038111 -0.586693
v 0.506780 -1.005287 0.193355
v 0.450381 -1.037156 0.192681
v 0.229212 -1.110392 0.191189
v 0.231433 -1.111351 -0.588185
v -0.000089 -1.136979 -0.597543
v -0.002328 -1.136010 0.189501
v 0.439370 1.000384 0.190094
v 0.441587 0.999425 -0.589276
v 0.217428 1.071231 0.188423
v 0.219649 1.070274 -0.590948
v 0.153089 1.078626 0.188265
v -0.012159 1.093394 -0.592635
v -0.181663 1.076823 0.185873
v -0.245923 1.068734 0.185119
v -0.243703 1.067775 -0.594258
v -0.464868 0.994539 -0.595747
v -0.467085 0.995495 0.183623
v -0.665958 0.876871 -0.604778
v -0.840475 0.720908 0.181294
v -0.838255 0.719949 -0.598080
v -0.668198 0.877840 0.182266
v -0.976379 0.531556 0.180557
v -0.974162 0.530600 -0.598817
v -1.003290 0.472600 0.180742
v -1.067765 0.317106 -0.599225
v -1.105013 0.153428 0.180412
v -1.114962 0.088806 -0.599283
v -1.113708 -0.144330 -0.598985
v -1.117179 0.089765 0.180095
v -1.115921 -0.143373 0.180386
v -1.064017 -0.372120 -0.606094
v -1.066253 -0.371154 0.180960
v -0.970354 -0.583622 0.181968
v -0.968137 -0.584581 -0.597403
v -0.832412 -0.771498 0.183184
v -0.830196 -0.772457 -0.596189
v -0.784695 -0.815329 0.183890
v -0.656231 -0.927518 -0.594752
v -0.512813 -1.010783 0.186072
v -0.456080 -1.042042 0.186206
v -0.453860 -1.043001 -0.593164
v -0.231922 -1.113850 -0.591493
v -0.234136 -1.112891 0.187885
v -0.000089 -1.136979 -0.597543
v -0.002328 -1.136010 0.189501
v -0.139031 0.157390 0.095510
v -0.077422 0.190426 -0.131661
v -0.077563 0.189156 0.095911
v -0.139352 0.158426 -0.132069
v -0.187689 0.108168 0.095228
v -0.188366 0.108842 -0.132354
v -0.218764 0.046308 0.095080
v -0.219669 0.046523 -0.132505
v -0.229217 -0.022134 0.095090
v -0.230199 -0.022423 -0.132492
v -0.218023 -0.090462 0.095254
v -0.218928 -0.091254 -0.132332
v -0.186284 -0.151985 0.095555
v -0.186951 -0.153230 -0.132023
v -0.137097 -0.200680 0.095969
v -0.137405 -0.202285 -0.131610
v -0.075285 -0.231779 0.096450
v -0.075135 -0.233614 -0.131122
v -0.006897 -0.242241 0.096954
v -0.006239 -0.244153 -0.130618
v -0.008649 0.201710 -0.131186
v -0.009287 0.200356 0.096389
v 0.059101 0.189893 0.096889
v 0.060250 0.191167 -0.130679
v 0.122517 0.159838 -0.130194
v 0.172063 0.110786 -0.129778
v 0.120916 0.158792 0.097368
v 0.170099 0.110096 0.097781
v 0.201842 0.048577 0.098087
v 0.204037 0.048811 -0.129479
v 0.215314 -0.020020 -0.129313
v 0.204781 -0.088970 -0.129306
v 0.213030 -0.019751 0.098250
v 0.202584 -0.088194 0.098256
v 0.171501 -0.150056 0.098109
v 0.173478 -0.151285 -0.129447
v 0.124464 -0.200873 -0.129739
v 0.062541 -0.232873 -0.130140
v 0.122854 -0.199278 0.097823
v 0.061376 -0.231041 0.097426
v -0.006239 -0.244153 -0.130618
v -0.006897 -0.242241 0.096954
v -0.231787 0.284314 -0.132880
v -0.127526 0.339199 0.242179
v -0.126464 0.338737 -0.132197
v -0.232852 0.284776 0.241492
v -0.315145 0.199984 -0.133371
v -0.316211 0.200442 0.241001
v -0.368384 0.093997 -0.133621
v -0.369449 0.094459 0.240748
v -0.386293 -0.023267 -0.133608
v -0.387358 -0.022805 0.240764
v -0.367117 -0.140329 -0.133326
v -0.368185 -0.139870 0.241046
v -0.312736 -0.245735 -0.132810
v -0.313804 -0.245273 0.241562
v -0.228473 -0.329161 -0.132104
v -0.229538 -0.328702 0.242268
v -0.122566 -0.382444 -0.131279
v -0.123631 -0.381985 0.243093
v -0.005399 -0.400372 -0.130425
v -0.006461 -0.399910 0.243950
v -0.010558 0.358388 0.242990
v -0.009493 0.357926 -0.131382
v 0.107679 0.340001 -0.130525
v 0.106617 0.340460 0.243850
v 0.212517 0.287176 0.244671
v 0.296783 0.203747 0.245374
v 0.213582 0.286717 -0.129700
v 0.297848 0.203288 -0.128995
v 0.352232 0.097882 -0.128478
v 0.351167 0.098344 0.245897
v 0.370343 -0.018721 0.246176
v 0.352435 -0.135982 0.246192
v 0.371405 -0.019180 -0.128193
v 0.353503 -0.136444 -0.128180
v 0.300258 -0.242427 -0.128431
v 0.299189 -0.241968 0.245945
v 0.215831 -0.326299 0.245448
v 0.216896 -0.326761 -0.128924
v 0.110511 -0.380721 0.244764
v 0.111573 -0.381183 -0.129611
v -0.006461 -0.399910 0.243950
v -0.005399 -0.400372 -0.130425
v -0.279908 0.348866 0.241078
v -0.151216 0.414151 -0.207448
v -0.152494 0.414703 0.241906
v -0.278628 0.348314 -0.208275
v -0.380752 0.246844 0.240481
v -0.379475 0.246292 -0.208872
v -0.445159 0.118627 0.240183
v -0.443889 0.118075 -0.209170
v -0.466828 -0.023235 0.240199
v -0.465551 -0.023787 -0.209154
v -0.443629 -0.164853 0.240542
v -0.442352 -0.165405 -0.208812
v -0.377839 -0.292368 0.241164
v -0.376562 -0.292920 -0.208189
v -0.275898 -0.393295 0.242018
v -0.274618 -0.393847 -0.207332
v -0.147780 -0.457756 0.243012
v -0.146500 -0.458308 -0.206341
v -0.006031 -0.479445 0.244052
v -0.004750 -0.479996 -0.205301
v -0.009707 0.437367 -0.206463
v -0.010988 0.437919 0.242887
v 0.130765 0.416234 0.243927
v 0.132043 0.415679 -0.205423
v 0.260160 0.351217 -0.204426
v 0.362098 0.250290 -0.203575
v 0.258877 0.351772 0.244922
v 0.360821 0.250842 0.245775
v 0.426617 0.123327 0.246407
v 0.427891 0.122775 -0.202949
v 0.451090 -0.018843 -0.202610
v 0.449810 -0.018291 0.246744
v 0.429424 -0.160705 -0.202587
v 0.365011 -0.288922 -0.202892
v 0.428144 -0.160153 0.246763
v 0.363734 -0.288370 0.246458
v 0.262887 -0.390391 0.245865
v 0.264167 -0.390943 -0.203485
v 0.136755 -0.456781 -0.204320
v -0.004750 -0.479996 -0.205301
v 0.135479 -0.456229 0.245033
v -0.006031 -0.479445 0.244052
v -0.278628 0.348314 -0.208275
v -0.170345 0.472010 -0.207654
v -0.151216 0.414151 -0.207448
v -0.314690 0.397423 -0.208593
v -0.379475 0.246292 -0.208872
v -0.428931 0.281847 -0.209267
v -0.443889 0.118075 -0.209170
v -0.501898 0.136594 -0.209613
v -0.465551 -0.023787 -0.209154
v -0.526445 -0.024114 -0.209591
v -0.442352 -0.165405 -0.208812
v -0.500159 -0.184549 -0.209202
v -0.376562 -0.292920 -0.208189
v -0.425633 -0.329007 -0.208493
v -0.274618 -0.393847 -0.207332
v -0.310144 -0.443344 -0.207525
v -0.146500 -0.458308 -0.206341
v -0.165006 -0.516369 -0.206399
v -0.004750 -0.479996 -0.205301
v -0.004423 -0.540938 -0.205224
v -0.010038 0.498309 -0.206543
v -0.009707 0.437367 -0.206463
v 0.132043 0.415679 -0.205423
v 0.150548 0.473739 -0.205359
v 0.295683 0.400715 -0.204236
v 0.260160 0.351217 -0.204426
v 0.411172 0.286377 -0.203267
v 0.485702 0.141919 -0.202558
v 0.362098 0.250290 -0.203575
v 0.427891 0.122775 -0.202949
v 0.451090 -0.018843 -0.202610
v 0.511984 -0.018515 -0.202170
v 0.487440 -0.179223 -0.202151
v 0.429424 -0.160705 -0.202587
v 0.414470 -0.324477 -0.202494
v 0.300226 -0.440053 -0.203165
v 0.365011 -0.288922 -0.202892
v 0.264167 -0.390943 -0.203485
v 0.136755 -0.456781 -0.204320
v 0.155890 -0.514640 -0.204108
v -0.004423 -0.540938 -0.205224
v -0.004750 -0.479996 -0.205301
v -0.314690 0.397423 -0.208593
v -0.169915 0.471824 -0.360308
v -0.170345 0.472010 -0.207654
v -0.314253 0.397234 -0.361255
v -0.428931 0.281847 -0.209267
v -0.428498 0.281661 -0.361925
v -0.501898 0.136594 -0.209613
v -0.501469 0.136408 -0.362268
v -0.526445 -0.024114 -0.209591
v -0.526009 -0.024303 -0.362246
v -0.500159 -0.184549 -0.209202
v -0.499729 -0.184738 -0.361864
v -0.425633 -0.329007 -0.208493
v -0.425197 -0.329196 -0.361152
v -0.310144 -0.443344 -0.207525
v -0.309711 -0.443531 -0.360186
v -0.165006 -0.516369 -0.206399
v -0.164573 -0.516558 -0.359060
v -0.004423 -0.540938 -0.205224
v -0.003990 -0.541125 -0.357883
v -0.009605 0.498119 -0.359198
v -0.010038 0.498309 -0.206543
v 0.150548 0.473739 -0.205359
v 0.150981 0.473553 -0.358020
v 0.296116 0.400526 -0.356894
v 0.411608 0.286188 -0.355925
v 0.295683 0.400715 -0.204236
v 0.411172 0.286377 -0.203267
v 0.485702 0.141919 -0.202558
v 0.486134 0.141733 -0.355216
v 0.512417 -0.018705 -0.354834
v 0.487873 -0.179413 -0.354809
v 0.511984 -0.018515 -0.202170
v 0.487440 -0.179223 -0.202151
v 0.414470 -0.324477 -0.202494
v 0.414907 -0.324666 -0.355152
v 0.300662 -0.440239 -0.355829
v 0.156320 -0.514829 -0.356769
v 0.300226 -0.440053 -0.203165
v 0.155890 -0.514640 -0.204108
v -0.003990 -0.541125 -0.357883
v -0.004423 -0.540938 -0.205224
v 0.814554 0.730337 0.598722
v 0.641741 0.884901 0.191619
v 0.640589 0.885402 0.597284
v 0.815702 0.729837 0.193123
v 0.952499 0.542461 0.599934
v 0.953650 0.541964 0.194339
v 0.981193 0.483300 0.194913
v 0.979455 0.482431 0.598285
v 0.975698 0.462135 0.580957
v 0.977298 0.461811 0.186784
v 0.962370 0.444043 0.559968
v 0.960417 0.442558 0.173398
v 0.909982 0.423809 0.518854
v 0.438218 1.000882 0.595696
v 0.439370 1.000384 0.190094
v 0.216273 1.071731 0.594024
v 0.217428 1.071231 0.188423
v 0.153089 1.078626 0.188265
v 0.150834 1.078125 0.591631
v 0.132905 1.068019 0.574181
v 0.134022 1.068041 0.180007
v 0.120130 1.049533 0.553208
v 0.121243 1.045840 0.166658
v 0.117897 0.993236 0.512495
v 1.099320 -0.130925 0.601814
v 1.053275 -0.359726 0.196098
v 1.100475 -0.131423 0.196213
v 1.052123 -0.359226 0.601760
v 1.098060 0.102210 0.601516
v 1.099215 0.101713 0.195915
v 1.086362 0.165241 0.196058
v 1.083920 0.166479 0.599421
v 1.068832 0.180458 0.581965
v 1.070433 0.180130 0.187788
v 1.047381 0.186942 0.560893
v 1.045427 0.185456 0.174319
v 0.993318 0.171750 0.519755
v 0.958520 -0.572720 0.601349
v 0.959675 -0.573217 0.195754
v 0.822616 -0.762068 0.600615
v 0.823768 -0.762566 0.195013
v 0.776532 -0.806911 0.195039
v 0.773901 -0.806272 0.598397
v 0.753506 -0.808932 0.580925
v 0.754930 -0.809827 0.186755
v 0.732264 -0.801803 0.559856
v 0.731458 -0.799686 0.173290
v 0.696966 -0.758112 0.518784
v 0.228064 -1.109894 0.596790
v -0.002328 -1.136010 0.189501
v 0.229212 -1.110392 0.191189
v -0.003483 -1.135510 0.595167
v 0.449226 -1.036655 0.598279
v 0.450381 -1.037156 0.192681
v 0.506780 -1.005287 0.193355
v 0.505939 -1.003333 0.596732
v 0.514608 -0.984619 0.579437
v 0.516039 -0.985515 0.183148
v 0.514207 -0.962161 0.558499
v 0.513405 -0.960043 0.170870
v 0.483193 -0.915323 0.517452
v -0.235291 -1.112391 0.593479
v -0.234136 -1.112891 0.187885
v -0.457229 -1.041544 0.591805
v -0.456080 -1.042042 0.186206
v -0.512813 -1.010783 0.186072
v -0.514289 -1.008835 0.589440
v -0.523063 -0.990215 0.572025
v -0.522239 -0.991110 0.177849
v -0.522791 -0.967753 0.551091
v -0.519810 -0.965613 0.164550
v -0.492045 -0.920581 0.510487
v -0.971509 -0.583124 0.587566
v -1.066253 -0.371154 0.180960
v -0.970354 -0.583622 0.181968
v -1.067412 -0.370654 0.586623
v -0.833564 -0.770997 0.588786
v -0.832412 -0.771498 0.183184
v -0.784695 -0.815329 0.183890
v -0.784364 -0.814675 0.587275
v -0.763847 -0.817113 0.570087
v -0.763023 -0.818012 0.175914
v -0.742560 -0.809757 0.549326
v -0.739583 -0.807617 0.162785
v -0.707513 -0.765684 0.508757
v -1.117073 -0.142873 0.585985
v -1.115921 -0.143373 0.180386
v -1.118334 0.090262 0.585690
v -1.117179 0.089765 0.180095
v -1.105013 0.153428 0.180412
v -1.104879 0.154679 0.583790
v -1.089838 0.168818 0.566548
v -1.089200 0.168488 0.172369
v -1.068342 0.175536 0.545788
v -1.064181 0.174083 0.159257
v -1.013887 0.160926 0.505427
v -0.841623 0.721405 0.586892
v -0.668198 0.877840 0.182266
v -0.840475 0.720908 0.181294
v -0.669353 0.878337 0.587932
v -0.977534 0.532054 0.586158
v -0.976379 0.531556 0.180557
v -1.003290 0.472600 0.180742
v -1.003833 0.471737 0.584124
v -0.999752 0.451483 0.566844
v -0.999113 0.451156 0.172667
v -0.986120 0.433539 0.546057
v -0.981955 0.432086 0.159526
v -0.933275 0.413869 0.505690
v -0.468240 0.995995 0.589222
v -0.467085 0.995495 0.183623
v -0.247075 1.069232 0.590714
v -0.245923 1.068734 0.185119
v -0.181663 1.076823 0.185873
v -0.181696 1.076332 0.589257
v -0.163559 1.066421 0.572063
v -0.162439 1.066444 0.177887
v -0.150463 1.048073 0.551278
v -0.149349 1.044380 0.164726
v -0.147392 0.991805 0.510596
v 1.222452 -0.144339 -0.595189
v 1.055514 -0.360692 -0.590957
v 1.170167 -0.397296 -0.599125
v 1.102693 -0.132382 -0.583158
v 1.221057 0.113972 -0.595516
v 1.101432 0.100757 -0.583456
v 1.166031 0.366344 -0.596219
v 1.051767 0.328534 -0.584092
v 0.955867 0.541005 -0.585038
v 1.059775 0.601754 -0.597264
v 0.906934 0.809913 -0.598615
v 0.817925 0.728877 -0.586250
v 0.643980 0.883935 -0.595426
v 0.714204 0.981715 -0.604076
v 0.489968 1.109672 -0.601965
v 0.441587 0.999425 -0.589276
v 0.244061 1.188170 -0.603819
v 0.219649 1.070274 -0.590948
v -0.012778 1.213786 -0.605690
v -0.012159 1.093394 -0.592635
v -0.243703 1.067775 -0.594258
v -0.464868 0.994539 -0.595747
v -0.269321 1.185402 -0.607486
v -0.514359 1.104257 -0.609138
v -0.665958 0.876871 -0.604778
v -0.737177 0.973893 -0.614435
v -0.928065 0.800022 -0.611721
v -0.838255 0.719949 -0.598080
v -1.078644 0.590227 -0.612536
v -0.974162 0.530600 -0.598817
v -1.182353 0.353684 -0.612989
v -1.067765 0.317106 -0.599225
v -1.114962 0.088806 -0.599283
v -1.234651 0.100731 -0.613053
v -1.233256 -0.157580 -0.612726
v -1.113708 -0.144330 -0.598985
v -1.064017 -0.372120 -0.606094
v -1.071974 -0.645363 -0.610970
v -1.178214 -0.409959 -0.615888
v -0.968137 -0.584581 -0.597403
v -0.919133 -0.853521 -0.609626
v -0.830196 -0.772457 -0.596189
v -0.726387 -1.025329 -0.608035
v -0.656231 -0.927518 -0.594752
v -0.453860 -1.043001 -0.593164
v -0.231922 -1.113850 -0.591493
v -0.502165 -1.153277 -0.606273
v -0.256260 -1.231778 -0.604422
v -0.000089 -1.136979 -0.597543
v 0.000588 -1.257400 -0.606427
v 0.257125 -1.229010 -0.600755
v 0.231433 -1.111351 -0.588185
v 0.502166 -1.147865 -0.599102
v 0.452595 -1.038111 -0.586693
v 0.724994 -1.017504 -0.597672
v 0.653708 -0.920456 -0.585403
v 0.825988 -0.763525 -0.584361
v 0.915866 -0.843630 -0.596520
v 1.066451 -0.633835 -0.595698
v 0.961892 -0.574177 -0.583620
v 0.960417 0.442558 0.173398
v 1.070433 0.180130 0.187788
v 0.977298 0.461811 0.186784
v 1.045427 0.185456 0.174319
v 0.356798 0.238843 -0.204579
v 0.440012 -0.012824 -0.203674
v 1.086362 0.165241 0.196058
v 0.981193 0.483300 0.194913
v 0.516039 -0.985515 0.183148
v 0.731458 -0.799686 0.173290
v 0.513405 -0.960043 0.170870
v 0.754930 -0.809827 0.186755
v 0.506780 -1.005287 0.193355
v 0.776532 -0.806911 0.195039
v 0.352502 -0.287408 -0.203960
v 0.139056 -0.444378 -0.206357
v -0.148929 -0.445930 -0.207351
v -0.739583 -0.807617 0.162785
v -0.519810 -0.965613 0.164550
v -0.364063 -0.291274 -0.209084
v -0.763023 -0.818012 0.175914
v -0.522239 -0.991110 0.177849
v -0.784695 -0.815329 0.183890
v -0.512813 -1.010783 0.186072
v -0.454534 -0.017649 -0.210062
v -0.981955 0.432086 0.159526
v -1.064181 0.174083 0.159257
v -0.374047 0.234903 -0.209796
v -0.999113 0.451156 0.172667
v -1.089200 0.168488 0.172369
v -1.003290 0.472600 0.180742
v -1.105013 0.153428 0.180412
v -0.162439 1.066444 0.177887
v 0.153089 1.078626 0.188265
v -0.181663 1.076823 0.185873
v 0.134022 1.068041 0.180007
v -0.149349 1.044380 0.164726
v 0.121243 1.045840 0.166658
v -0.141980 0.405566 -0.208346
v 0.122899 0.406994 -0.206456
v -0.707513 -0.765684 0.508757
v -0.151910 -0.448067 0.180136
v -0.492045 -0.920581 0.510487
v -0.367040 -0.293410 0.178410
v -0.148929 -0.445930 -0.207351
v -0.492045 -0.920581 0.510487
v -0.151910 -0.448067 0.180136
v -0.519810 -0.965613 0.164550
v -0.364063 -0.291274 -0.209084
v -0.707513 -0.765684 0.508757
v -0.739583 -0.807617 0.162785
v -0.367040 -0.293410 0.178410
v 0.483193 -0.915323 0.517452
v 0.353301 -0.289525 0.183556
v 0.696966 -0.758112 0.518784
v 0.139851 -0.446495 0.182224
v 0.352502 -0.287408 -0.203960
v 0.696966 -0.758112 0.518784
v 0.353301 -0.289525 0.183556
v 0.731458 -0.799686 0.173290
v 0.139056 -0.444378 -0.206357
v 0.483193 -0.915323 0.517452
v 0.513405 -0.960043 0.170870
v 0.139851 -0.446495 0.182224
v 0.358748 0.240331 0.182943
v 0.993318 0.171750 0.519755
v 0.441959 -0.011339 0.183845
v 0.909982 0.423809 0.518854
v 0.356798 0.238843 -0.204579
v 0.909982 0.423809 0.518854
v 0.358748 0.240331 0.182943
v 0.960417 0.442558 0.173398
v 0.440012 -0.012824 -0.203674
v 0.993318 0.171750 0.519755
v 1.045427 0.185456 0.174319
v 0.441959 -0.011339 0.183845
v -0.933275 0.413869 0.505690
v -0.458701 -0.016193 0.177415
v -1.013887 0.160926 0.505427
v -0.378211 0.236356 0.177682
v -0.454534 -0.017649 -0.210062
v -1.013887 0.160926 0.505427
v -0.458701 -0.016193 0.177415
v -1.064181 0.174083 0.159257
v -0.374047 0.234903 -0.209796
v -0.933275 0.413869 0.505690
v -0.981955 0.432086 0.159526
v -0.378211 0.236356 0.177682
v 0.117897 0.993236 0.512495
v -0.143100 0.409259 0.179145
v -0.147392 0.991805 0.510596
v 0.121779 0.410686 0.181041
v -0.141980 0.405566 -0.208346
v -0.147392 0.991805 0.510596
v -0.143100 0.409259 0.179145
v -0.149349 1.044380 0.164726
v 0.122899 0.406994 -0.206456
v 0.117897 0.993236 0.512495
v 0.121243 1.045840 0.166658
v 0.121779 0.410686 0.181041
vn 0.6813 0.6229 0.3846
vn 0.5371 0.7511 0.3839
vn 0.5368 0.7513 0.3839
vn 0.6815 0.6226 0.3846
vn 0.7960 0.4672 0.3849
vn 0.7961 0.4669 0.3849
vn 0.8756 0.2908 0.3856
vn 0.8756 0.2910 0.3856
vn 0.9169 0.1021 0.3857
vn 0.9170 0.1021 0.3857
vn 0.9180 -0.0912 0.3859
vn 0.8788 -0.2804 0.3861
vn 0.8788 -0.2806 0.3861
vn 0.8010 -0.4576 0.3861
vn 0.8011 -0.4573 0.3861
vn 0.6880 -0.6145 0.3861
vn 0.6882 -0.6142 0.3861
vn 0.5453 -0.7444 0.3855
vn 0.5449 -0.7446 0.3855
vn 0.3778 -0.8419 0.3854
vn 0.3782 -0.8417 0.3854
vn 0.1946 -0.9022 0.3849
vn 0.1942 -0.9023 0.3849
vn 0.0025 -0.9233 0.3841
vn 0.0020 -0.9233 0.3841
vn -0.1902 -0.9037 0.3835
vn -0.1898 -0.9038 0.3835
vn -0.3741 -0.8447 0.3827
vn -0.3737 -0.8449 0.3827
vn -0.5413 -0.7491 0.3819
vn -0.5416 -0.7489 0.3819
vn -0.6855 -0.6203 0.3812
vn -0.6853 -0.6205 0.3812
vn -0.7993 -0.4650 0.3807
vn -0.7994 -0.4648 0.3807
vn -0.8786 -0.2892 0.3801
vn -0.8786 -0.2891 0.3801
vn -0.9196 -0.1008 0.3797
vn -0.9196 -0.1009 0.3797
vn -0.9206 0.0918 0.3795
vn -0.9206 0.0919 0.3795
vn -0.8817 0.2807 0.3793
vn -0.8817 0.2805 0.3793
vn -0.8044 0.4571 0.3795
vn -0.8043 0.4573 0.3795
vn -0.6919 0.6140 0.3797
vn -0.6921 0.6138 0.3797
vn -0.5494 0.7441 0.3801
vn -0.5496 0.7439 0.3801
vn -0.3832 0.8416 0.3807
vn -0.3828 0.8418 0.3807
vn -0.1999 0.9026 0.3813
vn -0.1995 0.9027 0.3813
vn -0.0075 0.9242 0.3819
vn -0.0079 0.9242 0.3819
vn 0.1844 0.9053 0.3825
vn 0.1849 0.9053 0.3825
vn 0.3691 0.8467 0.3832
vn 0.3687 0.8469 0.3832
vn 0.8734 -0.2787 0.3994
vn 0.4931 -0.0486 0.8686
vn 0.9123 -0.0906 0.3993
vn 0.4718 -0.1513 0.8686
vn 0.4296 -0.2472 0.8685
vn 0.7961 -0.4547 0.3993
vn 0.8768 -0.2791 -0.3916
vn 0.5034 -0.0506 -0.8626
vn 0.4823 -0.1528 -0.8625
vn 0.9156 -0.0914 -0.3917
vn 0.4404 -0.2485 -0.8627
vn 0.7999 -0.4547 -0.3917
vn 0.6840 -0.6107 0.3991
vn 0.3796 -0.3334 -0.8630
vn 0.6882 -0.6106 -0.3920
vn 0.3024 -0.4039 -0.8634
vn 0.5464 -0.7399 -0.3924
vn 0.5417 -0.7400 0.3987
vn 0.3757 -0.8368 0.3982
vn 0.2908 -0.4026 0.8680
vn 0.3808 -0.8370 -0.3930
vn 0.1986 -0.8975 -0.3937
vn 0.2121 -0.4568 -0.8639
vn 0.1129 -0.4899 -0.8645
vn 0.0684 -0.1368 -0.9882
vn 0.0952 -0.1211 -0.9881
vn 0.0030 0.0044 -1.0000
vn 0.1182 -0.1001 -0.9879
vn -0.0027 -0.0043 -1.0000
vn 0.0019 0.0034 -1.0000
vn 0.1369 -0.0783 -0.9875
vn 0.0419 -0.0123 -0.9990
vn 0.1718 -0.0537 -0.9837
vn 0.1576 -0.0135 -0.9874
vn 0.1550 0.0151 -0.9878
vn 0.0010 0.0070 -1.0000
vn 0.0002 -0.0020 -1.0000
vn 0.0005 -0.0034 -1.0000
vn 0.1483 0.0455 -0.9879
vn 0.1355 0.0738 -0.9880
vn 0.0011 -0.0048 -1.0000
vn 0.0071 -0.0115 -0.9999
vn 0.0284 0.0283 -0.9992
vn 0.1206 0.0984 -0.9878
vn 0.3760 0.3353 -0.8638
vn 0.2980 0.4050 -0.8644
vn 0.1079 0.1392 -0.9844
vn 0.0653 0.1381 -0.9883
vn 0.0372 0.1445 -0.9888
vn -0.0025 -0.0045 -1.0000
vn 0.2072 0.4569 -0.8651
vn 0.5384 0.7447 -0.3943
vn 0.3718 0.8400 -0.3951
vn 0.1076 0.4889 -0.8657
vn 0.1889 0.8986 -0.3959
vn 0.0034 0.4995 -0.8663
vn 0.0063 0.1477 -0.9890
vn 0.0072 -0.0082 -0.9999
vn -0.1007 0.4881 -0.8669
vn -0.0247 0.1443 -0.9892
vn 0.0169 -0.0044 -0.9998
vn 0.0086 -0.0080 -0.9999
vn -0.2002 0.4554 -0.8675
vn -0.0528 0.1376 -0.9891
vn -0.0955 0.1382 -0.9858
vn -0.2908 0.4027 -0.8679
vn -0.0144 0.0281 -0.9995
vn -0.1078 0.0974 -0.9894
vn 0.0074 -0.0115 -0.9999
vn 0.0132 -0.0047 -0.9999
vn -0.1225 0.0726 -0.9898
vn -0.3684 0.3322 -0.8683
vn -0.1350 0.0441 -0.9899
vn 0.0137 -0.0033 -0.9999
vn -0.4296 0.2472 -0.8685
vn -0.6839 0.6107 -0.3991
vn -0.7961 0.4547 -0.3993
vn -0.4718 0.1513 -0.8686
vn -0.8734 0.2788 -0.3994
vn -0.9123 0.0906 -0.3993
vn -0.4931 0.0486 -0.8686
vn -0.9177 -0.0055 -0.3973
vn -0.4977 -0.0038 -0.8673
vn -0.1414 0.0136 -0.9899
vn -0.1429 -0.0020 -0.9897
vn 0.0141 -0.0012 -0.9999
vn 0.0140 -0.0019 -0.9999
vn -0.9208 -0.0045 0.3900
vn -0.9156 0.0914 0.3916
vn -0.5034 0.0506 0.8625
vn -0.4823 0.1528 0.8626
vn -0.8768 0.2791 0.3916
vn -0.7999 0.4547 0.3917
vn -0.6882 0.6106 0.3920
vn -0.4404 0.2485 0.8627
vn -0.3796 0.3334 0.8630
vn -0.1363 0.0749 0.9878
vn -0.1488 0.0464 0.9878
vn -0.0005 -0.0009 1.0000
vn -0.1551 0.0159 0.9878
vn -0.5079 -0.0017 0.8614
vn -0.1567 0.0004 0.9877
vn -0.0002 0.0013 1.0000
vn -0.0003 0.0005 1.0000
vn -0.0011 -0.0022 1.0000
vn -0.0019 -0.0034 1.0000
vn -0.0030 -0.0044 1.0000
vn -0.1182 0.1001 0.9879
vn -0.3023 0.4039 0.8634
vn -0.0952 0.1211 0.9881
vn -0.0684 0.1368 0.9882
vn -0.0388 0.1466 0.9884
vn -0.0043 -0.0051 1.0000
vn -0.2121 0.4568 0.8639
vn -0.5464 0.7399 0.3924
vn -0.3808 0.8370 0.3930
vn -0.1128 0.4899 0.8645
vn -0.1986 0.8975 0.3937
vn -0.0079 0.1501 0.9886
vn -0.0088 0.5015 0.8651
vn 0.1836 0.9000 0.3953
vn 0.0954 0.4914 0.8657
vn -0.0077 0.9189 0.3945
vn -0.0022 0.9179 -0.3968
vn -0.1932 0.8970 -0.3975
vn -0.3758 0.8368 -0.3982
vn -0.5417 0.7400 -0.3987
vn 0.3667 0.8418 0.3960
vn 0.1953 0.4597 0.8663
vn 0.0231 0.1471 0.9889
vn 0.0528 0.1376 0.9891
vn -0.0099 -0.0052 0.9999
vn -0.0086 -0.0056 0.9999
vn -0.0071 -0.0057 1.0000
vn -0.0056 -0.0056 1.0000
vn -0.0112 -0.0044 0.9999
vn 0.0799 0.1222 0.9893
vn 0.1032 0.1015 0.9895
vn -0.0123 -0.0035 0.9999
vn 0.1216 0.0764 0.9896
vn -0.0132 -0.0023 0.9999
vn -0.0137 -0.0009 0.9999
vn -0.0141 0.0005 0.9999
vn 0.1412 0.0176 0.9898
vn 0.1345 0.0480 0.9897
vn 0.4925 0.0562 0.8685
vn 0.4701 0.1585 0.8683
vn 0.4269 0.2540 0.8679
vn 0.3648 0.3384 0.8674
vn 0.6773 0.6190 0.3976
vn 0.7912 0.4642 0.3982
vn 0.6815 0.6170 -0.3935
vn 0.7949 0.4623 -0.3929
vn 0.8703 0.2892 0.3987
vn 0.9145 0.1003 -0.3919
vn 0.8737 0.2875 -0.3923
vn 0.9113 0.1015 0.3991
vn 0.4807 0.1559 -0.8629
vn 0.5029 0.0538 -0.8627
vn 0.4377 0.2511 -0.8633
vn 0.5337 0.7468 0.3968
vn 0.2864 0.4079 0.8669
vn 0.1414 -0.0136 0.9899
vn -0.0141 0.0019 0.9999
vn -0.0138 0.0033 0.9999
vn 0.1225 -0.0726 0.9898
vn -0.0132 0.0047 0.9999
vn 0.1350 -0.0441 0.9899
vn 0.1043 -0.0979 0.9897
vn -0.0123 0.0058 0.9999
vn -0.0113 0.0069 0.9999
vn 0.0543 -0.1345 0.9894
vn 0.0812 -0.1188 0.9896
vn -0.0100 0.0076 0.9999
vn -0.0086 0.0081 0.9999
vn -0.0072 0.0082 0.9999
vn 0.0247 -0.1443 0.9892
vn 0.1007 -0.4882 0.8669
vn -0.0034 -0.4994 0.8663
vn -0.0063 -0.1476 0.9890
vn -0.0372 -0.1445 0.9888
vn -0.0669 -0.1350 0.9886
vn -0.0057 0.0081 1.0000
vn -0.1076 -0.4889 0.8657
vn 0.0022 -0.9179 0.3968
vn -0.1889 -0.8986 0.3960
vn -0.2072 -0.4569 0.8650
vn -0.3718 -0.8400 0.3951
vn -0.0939 -0.1196 0.9884
vn -0.2980 -0.4049 0.8644
vn -0.6815 -0.6170 0.3935
vn -0.3760 -0.3353 0.8638
vn -0.5384 -0.7447 0.3943
vn -0.6773 -0.6190 -0.3975
vn -0.5337 -0.7468 -0.3969
vn -0.3667 -0.8418 -0.3961
vn -0.2864 -0.4080 -0.8669
vn -0.1835 -0.9000 -0.3953
vn -0.1953 -0.4597 -0.8663
vn -0.0954 -0.4914 -0.8657
vn -0.0528 -0.1376 -0.9891
vn -0.0799 -0.1222 -0.9893
vn -0.1032 -0.1015 -0.9895
vn 0.0112 0.0044 -0.9999
vn -0.3648 -0.3384 -0.8674
vn -0.4269 -0.2540 -0.8679
vn -0.7912 -0.4642 -0.3982
vn -0.7950 -0.4623 0.3928
vn -0.8703 -0.2892 -0.3987
vn -0.8998 -0.1951 0.3902
vn -0.4701 -0.1585 -0.8682
vn -0.4860 -0.1084 -0.8672
vn -0.8964 -0.1966 -0.3972
vn -0.8738 -0.2875 0.3923
vn -0.4378 -0.2511 0.8633
vn -0.4807 -0.1559 0.8629
vn -0.4964 -0.1059 0.8616
vn -0.1532 -0.0307 0.9877
vn -0.1483 -0.0455 0.9879
vn -0.0005 0.0034 1.0000
vn -0.0003 0.0027 1.0000
vn -0.0011 0.0048 1.0000
vn -0.1355 -0.0738 0.9880
vn -0.1171 -0.0989 0.9882
vn -0.0020 0.0059 1.0000
vn -0.0031 0.0069 1.0000
vn -0.0043 0.0076 1.0000
vn -0.1445 -0.0283 -0.9891
vn 0.0123 0.0152 -0.9998
vn -0.1574 -0.0556 -0.9860
vn -0.0274 -0.0127 -0.9995
vn -0.1222 -0.0798 -0.9893
vn 0.0169 -0.0042 -0.9998
vn 0.0123 0.0034 -0.9999
vn 0.0099 0.0052 -0.9999
vn 0.0012 0.0071 -1.0000
vn -0.0262 -0.1487 -0.9885
vn 0.0073 -0.0376 -0.9993
vn 0.0080 -0.1742 -0.9847
vn 0.0419 -0.1482 -0.9881
vn 0.0130 0.0072 -0.9999
vn 0.0043 0.0051 -1.0000
vn 0.0088 -0.5016 -0.8651
vn 0.0077 -0.9189 -0.3945
vn 0.1932 -0.8970 0.3975
vn 0.2002 -0.4554 0.8675
vn 0.3684 -0.3322 0.8683
vn 0.0057 -0.0080 -1.0000
vn -0.7997 -0.4647 0.3802
vn -0.5762 0.3268 0.7491
vn -0.5727 -0.3311 0.7499
vn -0.8046 0.4570 0.3791
vn 0.0012 -0.9234 0.3838
vn 0.8008 -0.4581 0.3859
vn -0.0008 -0.6576 0.7533
vn 0.5647 0.3333 0.7550
vn 0.5682 -0.3253 0.7559
vn -0.0079 0.6595 0.7517
vn -0.0087 0.9243 0.3815
vn 0.7958 0.4677 0.3847
vn -1.0000 -0.0054 -0.0028
vn -0.5049 0.8632 -0.0025
vn -0.0072 0.0012 1.0000
vn -0.0072 0.0011 1.0000
vn -0.0072 0.0013 1.0000
vn -0.0071 0.0013 1.0000
vn -0.5763 0.3268 0.7490
vn -0.5726 -0.3312 0.7499
vn -0.8047 0.4570 0.3790
vn 0.0013 -0.9234 0.3838
vn 0.8008 -0.4582 0.3857
vn -0.0008 -0.6577 0.7533
vn 0.5682 -0.3253 0.7558
vn 0.5646 0.3334 0.7550
vn -0.0078 0.6594 0.7518
vn 0.4956 0.8685 0.0003
vn 0.4956 0.8686 0.0003
vn 0.4956 0.8686 0.0004
vn 0.8008 -0.4582 0.3858
vn 0.5682 -0.3254 0.7559
vn 0.5646 0.3333 0.7550
vn -0.7996 -0.4647 0.3803
vn -0.8046 0.4570 0.3792
vn 0.8008 -0.4581 0.3858
vn -0.0008 -0.6576 0.7534
vn 0.7958 0.4677 0.3846
vn 0.5647 0.3334 0.7550
vn -0.0086 0.9243 0.3815
vn 0.4956 0.8685 0.0004
vn 0.4957 0.8685 0.0004
vn -0.0071 0.0012 1.0000
vn 0.5681 -0.3253 0.7559
vn 0.5646 0.3333 0.7551
vn 0.7957 0.4677 0.3848
vn -0.0087 0.9243 0.3816
vn 0.0012 -0.9234 0.3839
vn -0.0079 0.6595 0.7516
vn -0.7997 -0.4647 0.3803
vn -0.5050 0.8631 -0.0025
vn -0.5049 0.8631 -0.0025
vn -0.5514 -0.8343 -0.0006
vn -0.7033 -0.7109 -0.0012
vn -0.7038 -0.7104 -0.0012
vn -0.9218 -0.3876 -0.0021
vn -0.9220 -0.3872 -0.0021
vn -0.9259 0.3776 -0.0032
vn -0.9261 0.3773 -0.0032
vn -0.7109 0.7033 -0.0029
vn -0.7114 0.7028 -0.0029
vn -0.3874 0.9219 -0.0022
vn -0.3883 0.9215 -0.0022
vn -0.0048 1.0000 -0.0012
vn -0.0059 1.0000 -0.0012
vn 0.3784 0.9256 -0.0000
vn 0.3775 0.9260 -0.0000
vn 0.7038 0.7104 0.0012
vn 0.7033 0.7109 0.0012
vn 0.9220 0.3872 0.0022
vn 0.9218 0.3876 0.0022
vn 1.0000 0.0054 0.0029
vn 0.9261 -0.3773 0.0031
vn 0.9259 -0.3776 0.0031
vn 0.7114 -0.7028 0.0029
vn 0.7109 -0.7033 0.0029
vn 0.3883 -0.9215 0.0022
vn 0.3874 -0.9219 0.0022
vn 0.0059 -1.0000 0.0012
vn 0.0048 -1.0000 0.0012
vn -0.1900 -0.9818 0.0007
vn -0.1900 -0.9818 0.0006
vn 0.0071 -0.0012 -1.0000
vn 0.0071 -0.0013 -1.0000
vn 0.0072 -0.0012 -1.0000
vn -0.2057 -0.2756 0.9390
vn -0.4455 -0.3990 0.8015
vn -0.3528 -0.4818 0.8021
vn -0.2588 -0.2282 0.9386
vn -0.2449 -0.5436 0.8028
vn -0.1438 -0.3109 0.9395
vn -0.1299 -0.5827 0.8022
vn -0.0759 -0.3327 0.9400
vn -0.0049 -0.3399 0.9404
vn -0.0690 -0.6353 0.7692
vn -0.0832 -0.8469 0.5252
vn 0.0014 -0.5137 0.8579
vn 0.0620 -0.6307 0.7735
vn 0.0111 -0.6882 0.7254
vn 0.0754 -0.8513 0.5193
vn -0.0488 -0.7993 0.5990
vn 0.0072 -0.6924 0.7215
vn 0.0352 -0.8118 0.5829
vn -0.0137 -0.6733 0.7392
vn 0.0104 -0.6730 0.7396
vn -0.0026 -0.5860 0.8103
vn -0.0026 -0.5859 0.8103
vn 0.1713 -0.8021 0.5720
vn 0.1213 -0.5808 0.8050
vn 0.3338 -0.7462 0.5760
vn 0.2397 -0.5421 0.8054
vn 0.4818 -0.6597 0.5768
vn 0.4397 -0.3955 0.8064
vn 0.3473 -0.4792 0.8060
vn 0.6087 -0.5445 0.5771
vn 0.5125 -0.2980 0.8053
vn 0.7051 -0.4113 0.5776
vn 0.7794 -0.3373 0.5280
vn 0.4871 -0.1512 0.8602
vn 0.7446 -0.2892 0.6016
vn 0.6568 -0.1969 0.7279
vn 0.5815 -0.2564 0.7721
vn 0.3188 -0.1026 0.9422
vn 0.2901 -0.1680 0.9421
vn 0.2483 -0.2259 0.9420
vn 0.1955 -0.2739 0.9417
vn 0.1338 -0.3098 0.9413
vn 0.0660 -0.3321 0.9409
vn 0.3333 -0.0327 0.9422
vn 0.6175 -0.1303 0.7757
vn 0.5881 -0.0581 0.8067
vn 0.8151 -0.0809 0.5737
vn 0.8325 -0.1876 0.5213
vn 0.6595 -0.2019 0.7241
vn 0.7825 -0.2132 0.5850
vn 0.6422 -0.1928 0.7419
vn 0.6350 -0.2158 0.7418
vn 0.5548 -0.1777 0.8128
vn 0.5548 -0.1776 0.8128
vn 0.8115 0.0908 0.5773
vn 0.5873 0.0665 0.8066
vn 0.7751 0.2583 0.5767
vn 0.7044 0.4144 0.5762
vn 0.5094 0.3019 0.8059
vn 0.5608 0.1884 0.8063
vn 0.3177 0.1084 0.9420
vn 0.2882 0.1735 0.9417
vn 0.3330 0.0387 0.9421
vn 0.4388 0.4011 0.8041
vn 0.2459 0.2310 0.9414
vn 0.1925 0.2784 0.9410
vn 0.4207 0.4790 0.7704
vn 0.5597 0.6403 0.5261
vn 0.2909 0.4224 0.8585
vn 0.3117 0.5522 0.7733
vn 0.3874 0.5685 0.7258
vn 0.3931 0.5696 0.7218
vn 0.4338 0.7368 0.5186
vn 0.5029 0.6225 0.5996
vn 0.3985 0.5419 0.7399
vn 0.3373 0.4782 0.8109
vn 0.3790 0.5562 0.7396
vn 0.4424 0.6819 0.5825
vn 0.3267 0.7532 0.5709
vn 0.2337 0.5464 0.8042
vn 0.1622 0.8028 0.5737
vn 0.1149 0.5841 0.8035
vn -0.0083 0.8195 0.5731
vn -0.1327 0.5823 0.8021
vn -0.0090 0.5961 0.8029
vn -0.1785 0.8005 0.5721
vn -0.2486 0.5458 0.8002
vn -0.3346 0.7490 0.5718
vn -0.4375 0.7322 0.5220
vn -0.4383 0.6732 0.5956
vn -0.4230 0.5481 0.7216
vn -0.3280 0.5523 0.7664
vn -0.3146 0.4126 0.8548
vn -0.4309 0.4714 0.7695
vn -0.2087 0.2758 0.9383
vn -0.2613 0.2277 0.9380
vn -0.1471 0.3118 0.9387
vn -0.0795 0.3342 0.9391
vn -0.0086 0.3422 0.9396
vn 0.0624 0.3352 0.9401
vn 0.1305 0.3137 0.9405
vn -0.3028 0.1699 0.9378
vn -0.4498 0.3960 0.8006
vn -0.5221 0.2951 0.8002
vn -0.7145 0.4055 0.5701
vn -0.6167 0.5462 0.5669
vn -0.5678 0.6423 0.5149
vn -0.4223 0.5537 0.7177
vn -0.5132 0.6340 0.5785
vn -0.4139 0.5363 0.7356
vn -0.3945 0.5504 0.7358
vn -0.3531 0.4734 0.8070
vn -0.3531 0.4733 0.8070
vn -0.7829 0.2490 0.5702
vn -0.8173 0.0817 0.5704
vn -0.5968 0.0598 0.8001
vn -0.5718 0.1814 0.8001
vn -0.3314 0.1046 0.9377
vn -0.3458 0.0349 0.9376
vn -0.5984 -0.0614 0.7989
vn -0.3455 -0.0363 0.9377
vn -0.3303 -0.1058 0.9379
vn -0.6291 -0.1350 0.7655
vn -0.4928 -0.1648 0.8544
vn -0.8330 -0.1853 0.5213
vn -0.8171 -0.0822 0.5706
vn -0.7776 -0.2037 0.5948
vn -0.6546 -0.2270 0.7211
vn -0.6597 -0.2245 0.7172
vn -0.7882 -0.3369 0.5151
vn -0.5843 -0.2577 0.7695
vn -0.5188 -0.2987 0.8010
vn -0.3010 -0.1708 0.9382
vn -0.7122 -0.4129 0.5678
vn -0.6091 -0.5497 0.5717
vn -0.4815 -0.6636 0.5725
vn -0.3330 -0.7486 0.5733
vn -0.1767 -0.7992 0.5744
vn -0.7635 -0.2871 0.5785
vn -0.6404 -0.2218 0.7353
vn -0.6480 -0.1990 0.7352
vn -0.5622 -0.1830 0.8065
vn 0.6073 0.5472 0.5759
vn -0.0264 0.0275 0.9993
vn -0.0174 0.0321 0.9993
vn -0.0336 0.0202 0.9992
vn -0.0382 0.0111 0.9992
vn -0.0397 0.0011 0.9992
vn -0.0381 -0.0090 0.9992
vn -0.0334 -0.0180 0.9993
vn -0.0262 -0.0252 0.9993
vn -0.0171 -0.0298 0.9994
vn -0.0069 -0.0313 0.9995
vn 0.0031 -0.0297 0.9996
vn 0.0122 -0.0250 0.9996
vn 0.0193 -0.0178 0.9997
vn 0.0239 -0.0087 0.9997
vn 0.0254 0.0014 0.9997
vn 0.0238 0.0115 0.9997
vn 0.0191 0.0205 0.9996
vn 0.0119 0.0277 0.9995
vn 0.0028 0.0322 0.9995
vn -0.0073 0.0338 0.9994
vn -0.7399 -0.6727 -0.0013
vn -0.5835 -0.8121 -0.0007
vn -0.5839 -0.8118 -0.0007
vn -0.7389 -0.6738 -0.0013
vn -0.8598 -0.5106 -0.0018
vn -0.8632 -0.5048 -0.0012
vn -0.9265 -0.3762 -0.0113
vn -0.9681 -0.2502 -0.0116
vn -0.9494 -0.3140 -0.0041
vn -0.9940 -0.1095 -0.0021
vn -0.9947 -0.1025 -0.0027
vn -0.9950 0.1002 -0.0030
vn -0.9951 0.0990 -0.0030
vn -0.9527 0.3037 -0.0031
vn -0.9528 0.3036 -0.0031
vn -0.8689 0.4949 -0.0031
vn -0.8693 0.4942 -0.0031
vn -0.7520 0.6592 -0.0030
vn -0.7471 0.6647 -0.0023
vn -0.6447 0.7644 -0.0119
vn -0.5922 0.8058 -0.0045
vn -0.4113 0.9115 -0.0017
vn -0.5376 0.8431 -0.0117
vn -0.4054 0.9141 -0.0023
vn -0.2136 0.9769 -0.0018
vn -0.2120 0.9773 -0.0018
vn -0.1100 0.9939 -0.0015
vn -0.4023 -0.9155 -0.0000
vn -0.4028 -0.9153 -0.0000
vn -0.2102 -0.9776 0.0006
vn -0.2029 -0.9792 0.0012
vn -0.0612 -0.9981 -0.0081
vn 0.0057 -1.0000 -0.0006
vn 0.0717 -0.9974 -0.0077
vn 0.2203 -0.9754 0.0018
vn 0.2140 -0.9768 0.0024
vn 0.4131 -0.9107 0.0023
vn 0.4117 -0.9113 0.0023
vn 0.5926 -0.8055 0.0027
vn 0.7469 -0.6650 0.0029
vn 0.7464 -0.6655 0.0029
vn 0.5922 -0.8058 0.0027
vn 0.8651 -0.5015 0.0031
vn 0.8687 -0.4953 0.0037
vn 0.9305 -0.3663 -0.0060
vn 0.9528 -0.3036 0.0013
vn 0.9708 -0.2398 -0.0061
vn 0.9951 -0.0987 0.0035
vn 0.9938 0.1109 0.0027
vn 0.9958 -0.0918 0.0029
vn 0.9939 0.1098 0.0027
vn 0.9495 0.3139 0.0023
vn 0.9494 0.3140 0.0023
vn 0.8634 0.5045 0.0018
vn 0.8641 0.5033 0.0018
vn 0.7446 0.6675 0.0013
vn 0.7402 0.6724 0.0019
vn 0.6363 0.7714 -0.0083
vn 0.5839 0.8118 -0.0011
vn 0.5284 0.8489 -0.0086
vn 0.3951 0.9186 -0.0000
vn 0.4019 0.9157 0.0006
vn 0.2020 0.9794 -0.0006
vn 0.2025 0.9793 -0.0006
vn 0.0992 0.9951 -0.0009
vn -0.5922 0.8058 0.0045
vn -0.3148 0.9492 0.0051
vn -0.3140 0.9494 0.0051
vn -0.5927 0.8054 0.0045
vn -0.8122 0.5833 0.0041
vn -0.8125 0.5829 0.0041
vn -0.9527 0.3038 0.0041
vn -0.9528 0.3035 0.0041
vn -1.0000 -0.0054 0.0043
vn -0.9494 -0.3140 0.0049
vn -0.9495 -0.3138 0.0049
vn -0.8059 -0.5920 0.0056
vn -0.8062 -0.5916 0.0056
vn -0.5834 -0.8121 0.0065
vn -0.5840 -0.8117 0.0065
vn -0.3037 -0.9527 0.0075
vn -0.3045 -0.9525 0.0075
vn -0.1513 -0.9885 0.0079
vn -0.0059 1.0000 0.0059
vn -0.0050 1.0000 0.0059
vn 0.3044 0.9525 0.0069
vn 0.3037 0.9528 0.0069
vn 0.5834 0.8122 0.0078
vn 0.8058 0.5921 0.0087
vn 0.5839 0.8118 0.0078
vn 0.8061 0.5917 0.0087
vn 0.9494 0.3138 0.0095
vn 0.9493 0.3141 0.0095
vn 0.9999 0.0054 0.0100
vn 0.9527 -0.3038 0.0103
vn 0.9528 -0.3035 0.0102
vn 0.8125 -0.5829 0.0102
vn 0.8122 -0.5833 0.0102
vn 0.5921 -0.8058 0.0098
vn 0.3139 -0.9494 0.0092
vn 0.5926 -0.8054 0.0098
vn 0.3146 -0.9492 0.0092
vn 0.1618 -0.9868 0.0088
vn 0.5927 -0.8054 0.0027
vn 0.3139 -0.9494 0.0021
vn 0.3147 -0.9492 0.0021
vn 0.5921 -0.8058 0.0027
vn 0.8125 -0.5829 0.0030
vn 0.8122 -0.5833 0.0030
vn 0.9528 -0.3035 0.0031
vn 0.9527 -0.3038 0.0031
vn 1.0000 0.0054 0.0028
vn 0.9495 0.3138 0.0023
vn 0.9494 0.3141 0.0023
vn 0.8062 0.5917 0.0016
vn 0.8059 0.5921 0.0016
vn 0.5840 0.8118 0.0007
vn 0.5834 0.8122 0.0007
vn 0.3045 0.9525 -0.0003
vn 0.3037 0.9528 -0.0003
vn 0.1513 0.9885 -0.0008
vn 0.1512 0.9885 -0.0008
vn 0.0049 -1.0000 0.0012
vn 0.0058 -1.0000 0.0012
vn -0.3037 -0.9528 0.0003
vn -0.3045 -0.9525 0.0003
vn -0.5840 -0.8118 -0.0007
vn -0.8062 -0.5917 -0.0016
vn -0.5834 -0.8122 -0.0007
vn -0.8059 -0.5921 -0.0016
vn -0.9494 -0.3141 -0.0023
vn -0.9495 -0.3138 -0.0023
vn -0.9527 0.3038 -0.0031
vn -0.8122 0.5833 -0.0030
vn -0.8125 0.5829 -0.0030
vn -0.5927 0.8054 -0.0027
vn -0.5921 0.8058 -0.0027
vn -0.3147 0.9492 -0.0021
vn -0.3139 0.9494 -0.0021
vn -0.1619 0.9868 -0.0017
vn -0.3140 0.9494 -0.0021
vn -0.1512 -0.9885 0.0008
vn -0.0058 1.0000 -0.0012
vn -0.0050 1.0000 -0.0012
vn 0.3140 -0.9494 0.0021
vn 0.1619 -0.9868 0.0017
vn -0.3139 0.9494 -0.0020
vn -0.9528 0.3035 -0.0031
vn -0.0058 1.0000 -0.0013
vn -0.7396 -0.6730 -0.0013
vn -0.8631 -0.5050 -0.0030
vn -0.8595 -0.5111 -0.0018
vn -0.9953 -0.0966 -0.0035
vn -0.9782 -0.2075 -0.0047
vn -0.9539 0.3002 -0.0039
vn -0.8683 0.4961 -0.0009
vn -0.6974 0.7167 -0.0032
vn -0.7108 0.7034 0.0009
vn -0.3591 0.9333 -0.0018
vn -0.4018 -0.9157 -0.0000
vn -0.2039 -0.9790 -0.0006
vn -0.2100 -0.9777 0.0006
vn 0.2271 -0.9739 0.0011
vn 0.1147 -0.9934 -0.0006
vn 0.5895 -0.8078 0.0019
vn 0.7478 -0.6639 0.0052
vn 0.9022 -0.4312 0.0028
vn 0.8937 -0.4486 0.0069
vn 0.9991 -0.0420 0.0033
vn -0.9951 0.0991 -0.0030
vn -0.9940 -0.1090 -0.0039
vn -0.9948 -0.1022 -0.0027
vn -0.8564 -0.5164 -0.0026
vn -0.9093 -0.4161 -0.0042
vn -0.5868 -0.8097 -0.0015
vn -0.4007 -0.9162 0.0022
vn -0.1321 -0.9912 0.0005
vn -0.1508 -0.9886 0.0046
vn 0.2689 -0.9632 0.0023
vn -0.8688 0.4951 -0.0031
vn -0.7477 0.6641 -0.0042
vn -0.7519 0.6592 -0.0029
vn -0.3989 0.9170 -0.0030
vn -0.5007 0.8656 -0.0046
vn -0.0092 1.0000 -0.0021
vn 0.2043 0.9789 0.0016
vn 0.4667 0.8844 -0.0001
vn 0.4499 0.8931 0.0040
vn 0.7770 0.6295 0.0018
vn -0.0051 1.0000 -0.0012
vn -0.2130 0.9770 -0.0018
vn -0.0057 1.0000 -0.0012
vn -0.4114 0.9115 -0.0035
vn -0.4047 0.9145 -0.0023
vn -0.7599 0.6500 -0.0037
vn -0.6778 0.7352 -0.0050
vn -0.9518 0.3068 -0.0039
vn -0.9958 0.0912 -0.0007
vn -0.9835 -0.1810 -0.0029
vn -0.9870 -0.1606 0.0012
vn -0.8333 -0.5529 -0.0013
vn 0.2031 0.9792 -0.0006
vn 0.4011 0.9161 -0.0012
vn 0.3953 0.9186 -0.0000
vn 0.7490 0.6625 0.0005
vn 0.6691 0.7431 -0.0011
vn 0.9483 0.3172 0.0015
vn 0.9941 0.1088 0.0049
vn 0.9853 -0.1706 0.0027
vn 0.9884 -0.1514 0.0068
vn 0.8391 -0.5439 0.0035
vn 0.8636 0.5042 0.0018
vn 0.7402 0.6724 0.0001
vn 0.7450 0.6671 0.0013
vn 0.3901 0.9208 -0.0008
vn 0.4902 0.8716 -0.0018
vn -0.0023 1.0000 -0.0021
vn -0.2137 0.9769 0.0004
vn -0.4767 0.8791 -0.0028
vn -0.4592 0.8883 0.0014
vn -0.7839 0.6209 -0.0026
vn 0.9939 0.1099 0.0027
vn 0.9952 -0.0983 0.0017
vn 0.9958 -0.0914 0.0029
vn 0.8622 -0.5066 0.0023
vn 0.9134 -0.4070 0.0010
vn 0.5949 -0.8038 0.0019
vn 0.4114 -0.9115 0.0045
vn 0.1419 -0.9899 0.0013
vn 0.1617 -0.9868 0.0055
vn -0.2586 -0.9660 0.0008
vn 0.7471 -0.6647 0.0029
vn 0.8684 -0.4959 0.0019
vn 0.9963 -0.0855 0.0022
vn 0.9804 -0.1971 0.0009
vn 0.9504 0.3110 0.0015
vn 0.8631 0.5050 0.0040
vn 0.6891 0.7246 0.0008
vn 0.7035 0.7107 0.0049
vn 0.3490 0.9371 0.0002
vn 0.4122 -0.9111 0.0023
vn 0.2139 -0.9769 0.0006
vn 0.2211 -0.9753 0.0018
vn -0.2153 -0.9765 -0.0002
vn -0.1054 -0.9944 -0.0012
vn -0.5811 -0.8139 -0.0015
vn -0.7401 -0.6725 0.0009
vn -0.8976 -0.4409 -0.0023
vn -0.8888 -0.4582 0.0018
vn -0.9986 -0.0528 -0.0024
vn -0.0923 0.0220 -0.9955
vn -0.0742 0.0247 -0.9969
vn -0.0642 0.0215 -0.9977
vn -0.0974 0.0258 -0.9949
vn -0.0989 -0.0129 -0.9950
vn -0.0941 -0.0347 -0.9950
vn -0.0849 -0.0550 -0.9949
vn -0.0588 -0.0791 -0.9951
vn -0.0606 -0.0852 -0.9945
vn -0.0427 -0.0705 -0.9966
vn -0.0366 -0.0620 -0.9974
vn -0.0457 -0.0885 -0.9950
vn -0.0509 -0.0921 -0.9944
vn -0.0145 -0.1056 -0.9943
vn 0.0077 -0.1078 -0.9941
vn 0.0298 -0.1053 -0.9940
vn 0.0661 -0.0915 -0.9936
vn 0.0608 -0.0879 -0.9943
vn 0.0576 -0.0699 -0.9959
vn 0.0514 -0.0615 -0.9968
vn 0.0739 -0.0783 -0.9942
vn 0.0757 -0.0844 -0.9936
vn 0.0997 -0.0540 -0.9936
vn 0.1086 -0.0336 -0.9935
vn 0.1131 -0.0118 -0.9935
vn 0.1062 0.0230 -0.9941
vn 0.1112 0.0269 -0.9934
vn 0.0881 0.0255 -0.9958
vn 0.1011 0.0384 -0.9941
vn 0.0781 0.0222 -0.9967
vn 0.1074 0.0382 -0.9935
vn 0.0859 0.0705 -0.9938
vn 0.0693 0.0853 -0.9939
vn 0.0499 0.0963 -0.9941
vn 0.0125 0.1064 -0.9942
vn 0.0147 0.1005 -0.9948
vn 0.0067 0.0841 -0.9964
vn 0.0067 0.0736 -0.9973
vn -0.0015 0.1004 -0.9949
vn 0.0005 0.1063 -0.9943
vn -0.0368 0.0959 -0.9947
vn -0.0560 0.0846 -0.9948
vn -0.0725 0.0696 -0.9949
vn -0.0725 0.0697 -0.9949
vn -0.0874 0.0374 -0.9955
vn -0.0937 0.0372 -0.9949
vn 0.4905 0.1591 -0.8568
vn 0.5598 0.1822 -0.8083
vn 0.5597 0.1822 -0.8085
vn 0.4854 0.1574 -0.8600
vn 0.5872 0.1913 -0.7865
vn 0.5869 0.1912 -0.7867
vn 0.3894 -0.5152 -0.7635
vn 0.3111 -0.4075 -0.8586
vn 0.3014 -0.3967 -0.8670
vn 0.3535 -0.4706 -0.8084
vn 0.4223 -0.5602 -0.7126
vn 0.3686 -0.4946 -0.7871
vn 0.3081 -0.4058 -0.8605
vn -0.2892 -0.4120 -0.8641
vn -0.2924 -0.4163 -0.8610
vn -0.2924 -0.4163 -0.8609
vn -0.3358 -0.4762 -0.8127
vn -0.3530 -0.4998 -0.7909
vn -0.3529 -0.4997 -0.7910
vn -0.4765 0.1528 -0.8658
vn -0.4817 0.1544 -0.8626
vn -0.5523 0.1769 -0.8147
vn -0.5523 0.1769 -0.8146
vn -0.5800 0.1857 -0.7931
vn -0.5802 0.1857 -0.7930
vn 0.0027 0.5834 -0.8122
vn 0.0024 0.6125 -0.7905
vn 0.0024 0.6125 -0.7904
vn 0.0027 0.5835 -0.8121
vn 0.0034 0.5097 -0.8604
vn 0.0034 0.5097 -0.8603
vn 0.0034 0.5043 -0.8635
vn 0.2835 0.4040 0.8697
vn 0.8142 -0.5806 0.0053
vn 0.8157 -0.5784 0.0075
vn 0.8126 -0.5828 0.0030
vn 0.8171 -0.5764 0.0094
vn -0.8106 0.5856 -0.0008
vn -0.8090 0.5878 0.0014
vn -0.8076 0.5898 0.0034
vn -0.8122 0.5834 -0.0030
vn -0.2995 0.4000 0.8662
vn 0.8042 0.5943 0.0038
vn 0.8026 0.5965 0.0060
vn 0.8058 0.5921 0.0016
vn 0.8011 0.5985 0.0080
vn -0.8079 -0.5894 0.0006
vn -0.8095 -0.5871 0.0029
vn -0.8109 -0.5852 0.0048
vn -0.8062 -0.5916 -0.0016
vn -0.4762 -0.1543 0.8657
vn -0.3173 0.9483 0.0002
vn -0.3199 0.9474 0.0024
vn -0.3222 0.9467 0.0043
vn 0.3114 -0.9503 0.0043
vn 0.3088 -0.9511 0.0065
vn 0.3065 -0.9518 0.0085
vn 0.4671 -0.1498 0.8714
vn -0.3012 -0.9536 0.0025
vn -0.2986 -0.9544 0.0048
vn -0.3038 -0.9527 0.0003
vn -0.2963 -0.9551 0.0067
vn 0.3070 0.9517 0.0019
vn 0.3096 0.9509 0.0042
vn 0.3119 0.9501 0.0061
vn 0.3044 0.9525 -0.0003
vn -0.0036 -0.4945 0.8691
vn -1.0000 -0.0085 -0.0006
vn -0.9999 -0.0112 0.0016
vn -1.0000 -0.0058 -0.0028
vn -0.9999 -0.0136 0.0036
vn 1.0000 0.0023 0.0051
vn 1.0000 -0.0004 0.0073
vn 1.0000 -0.0028 0.0092
vn 1.0000 0.0050 0.0028
vt 0.081604 0.302246
vt 0.108765 0.321289
vt 0.084534 0.299316
vt 0.106445 0.324219
vt 0.061981 0.274902
vt 0.065308 0.272949
vt 0.052032 0.243164
vt 0.048370 0.244629
vt 0.041412 0.211914
vt 0.045288 0.211426
vt 0.045288 0.178711
vt 0.041443 0.178223
vt 0.052094 0.146973
vt 0.048401 0.145508
vt 0.061981 0.115234
vt 0.065308 0.117188
vt 0.081604 0.087891
vt 0.084534 0.090820
vt 0.108765 0.068848
vt 0.106445 0.065430
vt 0.135376 0.048828
vt 0.136963 0.052246
vt 0.167969 0.042480
vt 0.167236 0.038574
vt 0.200439 0.039063
vt 0.200439 0.035156
vt 0.233643 0.038574
vt 0.232910 0.042480
vt 0.265381 0.048828
vt 0.263916 0.052246
vt 0.292236 0.068848
vt 0.294434 0.065430
vt 0.319336 0.087891
vt 0.316406 0.090820
vt 0.335693 0.117188
vt 0.338867 0.115234
vt 0.348877 0.146973
vt 0.352539 0.145508
vt 0.359375 0.178223
vt 0.355713 0.178711
vt 0.359375 0.211914
vt 0.355713 0.211426
vt 0.348877 0.243164
vt 0.352539 0.244629
vt 0.338867 0.274902
vt 0.335693 0.272949
vt 0.316406 0.299316
vt 0.319336 0.302246
vt 0.292236 0.321289
vt 0.294434 0.324219
vt 0.265381 0.341309
vt 0.263916 0.337891
vt 0.233643 0.351563
vt 0.232910 0.347656
vt 0.200439 0.351074
vt 0.200439 0.354980
vt 0.167236 0.351563
vt 0.167969 0.347656
vt 0.136963 0.337891
vt 0.135376 0.341309
vt 0.133301 0.950287
vt 0.066650 0.965057
vt 0.133301 0.965057
vt 0.066650 0.950287
vt 0.133301 0.704590
vt 0.199951 0.965057
vt 0.199951 0.950287
vt 0.199951 0.704590
vt 0.066650 0.704590
vt 0.066650 0.689697
vt 0.133301 0.689697
vt 0.199951 0.689697
vt 0.266602 0.950287
vt 0.266602 0.704590
vt 0.266602 0.689697
vt 0.333252 0.689697
vt 0.333252 0.704590
vt 0.333252 0.950287
vt 0.399902 0.950287
vt 0.399902 0.704590
vt 0.333252 0.965088
vt 0.399902 0.689697
vt 0.466553 0.704346
vt 0.466553 0.689697
vt 0.399902 0.674316
vt 0.333252 0.674316
vt 0.333252 0.656006
vt 0.266602 0.674316
vt 0.199951 0.656006
vt 0.199951 0.674316
vt 0.266602 0.656006
vt 0.133301 0.674316
vt 0.133301 0.656006
vt 0.066650 0.674316
vt -0.000016 0.674316
vt 0.066650 0.656006
vt -0.000016 0.656006
vt -0.066650 0.656006
vt -0.066650 0.674316
vt -0.133301 0.674316
vt -0.133301 0.656006
vt -0.199951 0.656006
vt -0.199951 0.674316
vt -0.266602 0.656006
vt -0.199951 0.689697
vt -0.266602 0.689697
vt -0.266602 0.674316
vt -0.333252 0.674316
vt -0.333252 0.656006
vt -0.333252 0.689697
vt -0.399902 0.674316
vt -0.266602 0.704590
vt -0.333252 0.704590
vt -0.399902 0.689697
vt -0.399902 0.704590
vt -0.466553 0.689697
vt -0.466553 0.674316
vt -0.533203 0.689697
vt -0.466553 0.656006
vt -0.533203 0.674316
vt -0.599609 0.656006
vt -0.599609 0.674316
vt -0.533203 0.656006
vt -0.599609 0.689697
vt -0.666504 0.656006
vt -0.666504 0.674316
vt -0.666504 0.689697
vt -0.732910 0.674316
vt -0.732910 0.656006
vt -0.799805 0.674316
vt -0.799805 0.656006
vt -0.732910 0.689697
vt -0.799805 0.689697
vt -0.866211 0.656006
vt -0.866211 0.674316
vt -0.732910 0.704346
vt -0.799805 0.704346
vt -0.866211 0.689697
vt -0.866211 0.704590
vt -0.933105 0.704346
vt -0.933105 0.689697
vt -1.000000 0.704590
vt -1.000000 0.689697
vt -0.933105 0.674316
vt -1.000000 0.674316
vt -1.000000 0.656006
vt -0.933105 0.656006
vt -0.933105 0.950317
vt -1.000000 0.950317
vt -0.933105 0.965118
vt -0.866211 0.965118
vt -0.866211 0.950317
vt -0.799805 0.950317
vt -0.732910 0.950317
vt -0.799805 0.965118
vt -0.732910 0.965118
vt -0.799805 0.980408
vt -0.866211 0.980392
vt -0.866211 0.998822
vt -0.933105 0.980392
vt -1.000000 0.965118
vt -1.000000 0.980392
vt -1.000000 0.998824
vt -0.933105 0.998830
vt -0.799805 0.998835
vt -0.732910 0.998824
vt -0.732910 0.980392
vt -0.666504 0.998837
vt -0.666504 0.965118
vt -0.666504 0.980408
vt -0.599609 0.980423
vt -0.599609 0.965118
vt -0.533203 0.980408
vt -0.599609 0.998852
vt -0.666504 0.950317
vt -0.599609 0.950317
vt -0.533203 0.965118
vt -0.533203 0.950317
vt -0.466553 0.965118
vt -0.466553 0.980392
vt -0.399902 0.950287
vt -0.466553 0.950317
vt -0.399902 0.965088
vt -0.533203 0.704346
vt -0.466553 0.704346
vt -0.599609 0.704346
vt -0.666504 0.704346
vt -0.333252 0.950287
vt -0.333252 0.965088
vt -0.399902 0.980377
vt -0.333252 0.998798
vt -0.333252 0.980362
vt -0.466553 0.998825
vt -0.399902 0.998809
vt -0.533203 0.998845
vt -0.266602 0.998792
vt -0.266602 0.980362
vt -0.199951 0.980362
vt -0.199951 0.998789
vt -0.133301 0.980362
vt -0.133301 0.998787
vt -0.066650 0.998786
vt -0.000016 0.998786
vt -0.000016 0.980362
vt -0.066650 0.980362
vt -0.000016 0.965057
vt -0.066650 0.965057
vt -0.133301 0.965057
vt -0.133301 0.950287
vt -0.199951 0.965088
vt -0.199951 0.950287
vt -0.199951 0.704590
vt -0.133301 0.704590
vt -0.066650 0.950287
vt -0.000016 0.950287
vt -0.000016 0.704590
vt -0.066650 0.704590
vt -0.066650 0.689697
vt -0.000016 0.689697
vt -0.133301 0.689697
vt -0.266602 0.950287
vt -0.266602 0.965088
vt 0.066650 0.998785
vt 0.066650 0.980362
vt 0.133301 0.998785
vt 0.199951 0.980362
vt 0.199951 0.998786
vt 0.133301 0.980362
vt 0.266602 0.980362
vt 0.266602 0.998788
vt 0.333252 0.998794
vt 0.399902 0.980377
vt 0.333252 0.980362
vt 0.399902 0.998803
vt 0.466553 0.998818
vt 0.466553 0.980392
vt 0.533203 0.998838
vt 0.466553 0.965088
vt 0.533203 0.965118
vt 0.533203 0.980408
vt 0.599609 0.980408
vt 0.599609 0.965118
vt 0.666504 0.980392
vt 0.599609 0.998843
vt 0.533203 0.950317
vt 0.599609 0.950317
vt 0.666504 0.965118
vt 0.666504 0.950317
vt 0.732910 0.965088
vt 0.732910 0.980377
vt 0.799805 0.950287
vt 0.732910 0.950287
vt 0.799805 0.965088
vt 0.799805 0.704346
vt 0.666504 0.704346
vt 0.732910 0.704346
vt 0.732910 0.689697
vt 0.666504 0.689697
vt 0.599609 0.704346
vt 0.732910 0.674316
vt 0.599609 0.689697
vt 0.666504 0.674316
vt 0.799805 0.689697
vt 0.732910 0.656006
vt 0.799805 0.674316
vt 0.866211 0.689697
vt 0.866211 0.704346
vt 0.866211 0.950287
vt 0.933105 0.704346
vt 0.933105 0.950287
vt 0.999512 0.950287
vt 0.999512 0.704346
vt 0.933105 0.689697
vt 0.999512 0.689697
vt 0.866211 0.965088
vt 0.933105 0.965088
vt 0.999512 0.965088
vt 0.999512 0.980377
vt 0.933105 0.980392
vt 0.933105 0.998819
vt 0.999512 0.998813
vt 0.866211 0.980377
vt 0.866211 0.998812
vt 0.799805 0.980392
vt 0.732910 0.998815
vt 0.799805 0.998825
vt 0.666504 0.998828
vt 0.999512 0.674316
vt 0.999512 0.656006
vt 0.933105 0.656006
vt 0.933105 0.674316
vt 0.866211 0.674316
vt 0.866211 0.656006
vt 0.799805 0.656006
vt 0.666504 0.656006
vt 0.599609 0.656006
vt 0.599609 0.674316
vt 0.533203 0.656006
vt 0.533203 0.674316
vt 0.466553 0.674316
vt 0.466553 0.656006
vt 0.399902 0.656006
vt 0.533203 0.689697
vt 0.533203 0.704346
vt 0.466553 0.950317
vt 0.399902 0.965088
vt 0.266602 0.965057
vt -0.399902 0.656006
vt 0.512695 0.263672
vt 0.461182 0.233887
vt 0.443848 0.263672
vt 0.495605 0.233887
vt 0.547363 0.204102
vt 0.512695 0.144531
vt 0.512695 0.204102
vt 0.461182 0.174316
vt 0.443848 0.204102
vt 0.495605 0.174316
vt 0.409424 0.204102
vt 0.443848 0.144531
vt 0.782715 0.267578
vt 0.962402 0.247559
vt 0.782715 0.247559
vt 0.962402 0.267578
vt 0.962402 0.227539
vt 0.782715 0.227539
vt 0.607910 0.175293
vt 0.607910 0.329590
vt 0.696777 0.329590
vt 0.563477 0.252441
vt 0.741211 0.252441
vt 0.696777 0.175293
vt 0.962402 0.208008
vt 0.782715 0.208008
vt 0.962402 0.187988
vt 0.782715 0.187988
vt 0.962402 0.167969
vt 0.782715 0.167969
vt 0.038727 0.139648
vt 0.025696 0.170410
vt 0.038727 0.170410
vt 0.025696 0.139648
vt 0.025696 0.201172
vt 0.038727 0.201172
vt 0.025696 0.231934
vt 0.038727 0.231934
vt 0.025696 0.263184
vt 0.038727 0.263184
vt 0.025696 0.293945
vt 0.038727 0.293945
vt 0.025696 0.324707
vt 0.038727 0.324707
vt 0.025696 0.355469
vt 0.038727 0.355469
vt 0.025696 0.386719
vt 0.038727 0.386719
vt 0.025696 0.417480
vt 0.038727 0.417480
vt 0.025696 0.448242
vt 0.038727 0.448242
vt 0.025696 0.479004
vt 0.038727 0.479004
vt 0.025696 0.510010
vt 0.038727 0.510010
vt 0.025696 0.540771
vt 0.038727 0.540771
vt 0.025696 0.571777
vt 0.038727 0.571777
vt 0.025696 0.602539
vt 0.038727 0.602539
vt 0.025696 0.633545
vt 0.038727 0.633545
vt 0.410400 0.302734
vt 0.529785 0.302734
vt 0.470215 0.290527
vt 0.359619 0.336426
vt 0.580566 0.336426
vt 0.325684 0.387207
vt 0.614258 0.387207
vt 0.626465 0.446777
vt 0.313965 0.446777
vt 0.325684 0.506592
vt 0.614258 0.506592
vt 0.359619 0.557129
vt 0.580566 0.557129
vt 0.529785 0.591064
vt 0.410400 0.591064
vt 0.470215 0.603027
vt 0.713379 0.352539
vt 0.679688 0.402832
vt 0.679688 0.522461
vt 0.667480 0.462891
vt 0.713379 0.573242
vt 0.764160 0.318359
vt 0.764160 0.607178
vt 0.823730 0.306641
vt 0.823730 0.618896
vt 0.883789 0.318359
vt 0.883789 0.607178
vt 0.934570 0.352539
vt 0.934570 0.573242
vt 0.968262 0.402832
vt 0.968262 0.522461
vt 0.979980 0.462891
vt 0.092896 0.291992
vt 0.115417 0.312012
vt 0.141602 0.327148
vt 0.170288 0.336914
vt 0.178833 0.337891
vt 0.179077 0.336426
vt 0.200439 0.340332
vt 0.222168 0.337891
vt 0.200439 0.338867
vt 0.221924 0.336426
vt 0.200439 0.336914
vt 0.181274 0.335449
vt 0.219604 0.335449
vt 0.218018 0.333008
vt 0.182861 0.333008
vt 0.184082 0.326172
vt 0.216797 0.326172
vt 0.230347 0.335449
vt 0.230591 0.336914
vt 0.258789 0.326172
vt 0.259277 0.327148
vt 0.284912 0.311035
vt 0.285400 0.312012
vt 0.308105 0.291992
vt 0.307129 0.291016
vt 0.325928 0.267578
vt 0.324707 0.267090
vt 0.328125 0.259277
vt 0.338379 0.239746
vt 0.336914 0.239258
vt 0.329590 0.259766
vt 0.327881 0.256836
vt 0.343018 0.218750
vt 0.344482 0.209961
vt 0.343262 0.209961
vt 0.341553 0.218262
vt 0.335449 0.238770
vt 0.339844 0.220215
vt 0.337158 0.221191
vt 0.326416 0.254395
vt 0.320068 0.250977
vt 0.330078 0.220215
vt 0.343262 0.180176
vt 0.344482 0.180176
vt 0.336914 0.150879
vt 0.325928 0.122559
vt 0.324707 0.123047
vt 0.338135 0.150391
vt 0.308105 0.098145
vt 0.302002 0.092285
vt 0.300781 0.093262
vt 0.285645 0.077637
vt 0.266846 0.066895
vt 0.284912 0.079102
vt 0.266113 0.068359
vt 0.298340 0.092773
vt 0.283936 0.080078
vt 0.295898 0.093750
vt 0.267334 0.072754
vt 0.290771 0.098633
vt 0.264160 0.079590
vt 0.267334 0.070313
vt 0.258789 0.063965
vt 0.259277 0.062988
vt 0.230347 0.054688
vt 0.230591 0.053223
vt 0.200439 0.051270
vt 0.170410 0.053223
vt 0.200439 0.050293
vt 0.170654 0.054688
vt 0.141602 0.062988
vt 0.142090 0.063965
vt 0.134766 0.068359
vt 0.133545 0.070313
vt 0.116089 0.079102
vt 0.115295 0.077637
vt 0.134033 0.066895
vt 0.098999 0.092285
vt 0.092896 0.098145
vt 0.075073 0.122559
vt 0.076111 0.123047
vt 0.093750 0.099121
vt 0.100098 0.093262
vt 0.117065 0.080078
vt 0.102539 0.092773
vt 0.105103 0.093750
vt 0.133423 0.072754
vt 0.136719 0.079590
vt 0.110229 0.098633
vt 0.063904 0.150879
vt 0.056519 0.180176
vt 0.057678 0.180176
vt 0.062805 0.150391
vt 0.056488 0.209961
vt 0.057983 0.218750
vt 0.059479 0.218262
vt 0.062622 0.239746
vt 0.063904 0.239258
vt 0.057678 0.209961
vt 0.061188 0.220215
vt 0.071350 0.259766
vt 0.065491 0.238770
vt 0.072693 0.259277
vt 0.075073 0.267578
vt 0.076111 0.267090
vt 0.093750 0.291016
vt 0.116089 0.311035
vt 0.142090 0.326172
vt 0.170654 0.335449
vt 0.072998 0.256836
vt 0.074524 0.254395
vt 0.063660 0.221191
vt 0.070801 0.220215
vt 0.080933 0.250977
vt 0.307129 0.099121
vt 0.200439 0.194824
vt 0.226929 0.231445
vt 0.236816 0.221680
vt 0.214355 0.237793
vt 0.200439 0.240234
vt 0.243164 0.208984
vt 0.245361 0.194824
vt 0.243164 0.181152
vt 0.236816 0.168457
vt 0.226929 0.158691
vt 0.214355 0.152344
vt 0.200439 0.149902
vt 0.186523 0.152344
vt 0.174072 0.158691
vt 0.164063 0.168457
vt 0.157715 0.181152
vt 0.155518 0.194824
vt 0.157715 0.208984
vt 0.164063 0.221680
vt 0.174072 0.231445
vt 0.186523 0.237793
vt 0.372559 0.711670
vt 0.367188 0.760376
vt 0.396973 0.745361
vt 0.354248 0.720947
vt 0.386963 0.697266
vt 0.420654 0.721680
vt 0.396240 0.678955
vt 0.435791 0.691895
vt 0.399414 0.658691
vt 0.440918 0.658691
vt 0.396240 0.638672
vt 0.435791 0.625732
vt 0.386963 0.620361
vt 0.420654 0.595947
vt 0.372559 0.605957
vt 0.396973 0.572266
vt 0.354248 0.596680
vt 0.367188 0.557129
vt 0.334229 0.593506
vt 0.334229 0.552002
vt 0.313965 0.596680
vt 0.301025 0.557129
vt 0.295654 0.605957
vt 0.271240 0.572266
vt 0.281250 0.620361
vt 0.247681 0.595947
vt 0.271973 0.638672
vt 0.232544 0.625732
vt 0.268799 0.658691
vt 0.227295 0.658691
vt 0.271973 0.678955
vt 0.232544 0.691895
vt 0.281250 0.697266
vt 0.247681 0.721680
vt 0.295654 0.711670
vt 0.271240 0.745361
vt 0.313965 0.720947
vt 0.301025 0.760376
vt 0.334229 0.724121
vt 0.334229 0.765625
vt 0.400391 0.750000
vt 0.376221 0.788330
vt 0.414307 0.768921
vt 0.368896 0.765869
vt 0.425293 0.725098
vt 0.444336 0.738770
vt 0.441162 0.693604
vt 0.463623 0.700928
vt 0.446777 0.658691
vt 0.470459 0.658691
vt 0.441162 0.624023
vt 0.463623 0.616699
vt 0.425293 0.592529
vt 0.444336 0.578613
vt 0.400391 0.567627
vt 0.414307 0.548584
vt 0.368896 0.551758
vt 0.376221 0.529297
vt 0.334229 0.546143
vt 0.334229 0.522461
vt 0.299316 0.551758
vt 0.291992 0.529297
vt 0.267822 0.567627
vt 0.254150 0.548584
vt 0.243042 0.592529
vt 0.223999 0.578613
vt 0.227051 0.624023
vt 0.204590 0.616699
vt 0.221558 0.658691
vt 0.197998 0.658691
vt 0.227051 0.693604
vt 0.204590 0.700928
vt 0.243042 0.725098
vt 0.223999 0.738770
vt 0.267822 0.750000
vt 0.254150 0.768921
vt 0.299316 0.765869
vt 0.291992 0.788330
vt 0.334229 0.771362
vt 0.334229 0.794922
vt 0.793945 0.893188
vt 0.776855 0.970718
vt 0.793945 0.970718
vt 0.776855 0.893188
vt 0.810547 0.893188
vt 0.810547 0.970718
vt 0.815430 0.893188
vt 0.827637 0.970718
vt 0.839355 0.893188
vt 0.844238 0.970718
vt 0.844238 0.893188
vt 0.861328 0.970718
vt 0.861328 0.893188
vt 0.877930 0.970718
vt 0.877930 0.893188
vt 0.895020 0.893188
vt 0.895020 0.970718
vt 0.911621 0.893188
vt 0.911621 0.970718
vt 0.916504 0.893188
vt 0.928711 0.970718
vt 0.940430 0.893188
vt 0.945313 0.970718
vt 0.945313 0.893188
vt 0.962402 0.970718
vt 0.962402 0.893188
vt 0.979004 0.970718
vt 0.979004 0.893188
vt 0.760254 0.893188
vt 0.743164 0.893188
vt 0.760254 0.970718
vt 0.743164 0.970718
vt 0.738281 0.893188
vt 0.726563 0.970718
vt 0.714355 0.893188
vt 0.709473 0.970718
vt 0.709473 0.893188
vt 0.692871 0.970718
vt 0.692871 0.893188
vt 0.675781 0.970718
vt 0.659180 0.893188
vt 0.675781 0.893188
vt 0.659180 0.970718
vt 0.642090 0.893188
vt 0.642090 0.970718
vt 0.637207 0.893188
vt 0.625488 0.970718
vt 0.613281 0.893188
vt 0.608398 0.970718
vt 0.608398 0.893188
vt 0.591797 0.970718
vt 0.591797 0.893188
vt 0.574707 0.970718
vt 0.574707 0.893188
vt 0.558105 0.893188
vt 0.558105 0.970718
vt 0.541016 0.893188
vt 0.541016 0.970718
vt 0.536133 0.893188
vt 0.524414 0.970718
vt 0.512207 0.893188
vt 0.507324 0.893188
vt 0.507324 0.970718
vt 0.490723 0.970718
vt 0.490723 0.893188
vt 0.473877 0.970718
vt 0.473877 0.893188
vt 0.251465 0.204102
vt 0.280518 0.141602
vt 0.251465 0.141602
vt 0.280518 0.204102
vt 0.222656 0.204102
vt 0.222656 0.141602
vt 0.193726 0.204102
vt 0.193726 0.141602
vt 0.164795 0.204102
vt 0.164795 0.141602
vt 0.135986 0.204102
vt 0.107056 0.204102
vt 0.135986 0.141602
vt 0.107056 0.141602
vt 0.078125 0.204102
vt 0.078125 0.141602
vt 0.049194 0.204102
vt 0.049194 0.141602
vt 0.020279 0.204102
vt 0.020279 0.141602
vt 0.309326 0.141602
vt 0.309326 0.204102
vt 0.338379 0.204102
vt 0.338379 0.141602
vt 0.367188 0.141602
vt 0.367188 0.204102
vt 0.396240 0.141602
vt 0.396240 0.204102
vt 0.425049 0.141602
vt 0.425049 0.204102
vt 0.454102 0.141602
vt 0.454102 0.204102
vt 0.482910 0.141602
vt 0.482910 0.204102
vt 0.511719 0.204102
vt 0.511719 0.141602
vt 0.540527 0.141602
vt 0.540527 0.204102
vt 0.569824 0.141602
vt 0.569824 0.204102
vt 0.598633 0.141602
vt 0.598633 0.204102
vt 0.367188 0.018555
vt 0.338379 0.123047
vt 0.367188 0.123047
vt 0.338379 0.018555
vt 0.396240 0.018555
vt 0.396240 0.123047
vt 0.425049 0.018555
vt 0.425049 0.123047
vt 0.454102 0.018555
vt 0.482910 0.018555
vt 0.454102 0.123047
vt 0.482910 0.123047
vt 0.511719 0.018555
vt 0.511719 0.123047
vt 0.540527 0.018555
vt 0.540527 0.123047
vt 0.569824 0.018555
vt 0.598633 0.018555
vt 0.569824 0.123047
vt 0.598633 0.123047
vt 0.309326 0.123047
vt 0.309326 0.018555
vt 0.280518 0.123047
vt 0.280518 0.018555
vt 0.251465 0.123047
vt 0.251465 0.018555
vt 0.222656 0.123047
vt 0.222656 0.018555
vt 0.193726 0.018555
vt 0.193726 0.123047
vt 0.164795 0.123047
vt 0.164795 0.018555
vt 0.135986 0.123047
vt 0.135986 0.018555
vt 0.107056 0.018555
vt 0.107056 0.123047
vt 0.078125 0.123047
vt 0.078125 0.018555
vt 0.049194 0.123047
vt 0.049194 0.018555
vt 0.020279 0.123047
vt 0.020279 0.018555
vt 0.253662 0.326172
vt 0.282471 0.291992
vt 0.253662 0.291992
vt 0.282471 0.326172
vt 0.224976 0.326172
vt 0.224976 0.291992
vt 0.196167 0.326172
vt 0.167358 0.326172
vt 0.196167 0.291992
vt 0.167358 0.291992
vt 0.138550 0.326172
vt 0.138550 0.291992
vt 0.109680 0.326172
vt 0.109680 0.291992
vt 0.080872 0.326172
vt 0.052063 0.326172
vt 0.080872 0.291992
vt 0.052063 0.291992
vt 0.023254 0.326172
vt 0.023254 0.291992
vt 0.311279 0.291992
vt 0.311279 0.326172
vt 0.340332 0.326172
vt 0.340332 0.291992
vt 0.369141 0.291992
vt 0.369141 0.326172
vt 0.397949 0.291992
vt 0.397949 0.326172
vt 0.426758 0.326172
vt 0.426758 0.291992
vt 0.455566 0.291992
vt 0.455566 0.326172
vt 0.484375 0.291992
vt 0.484375 0.326172
vt 0.513184 0.291992
vt 0.513184 0.326172
vt 0.541992 0.326172
vt 0.541992 0.291992
vt 0.570801 0.291992
vt 0.570801 0.326172
vt 0.599609 0.291992
vt 0.599609 0.326172
vt 0.282471 0.280762
vt 0.253662 0.280762
vt 0.224976 0.280762
vt 0.196167 0.280762
vt 0.167358 0.280762
vt 0.138550 0.280762
vt 0.109680 0.280762
vt 0.080872 0.280762
vt 0.052063 0.280762
vt 0.023254 0.280762
vt 0.311279 0.280762
vt 0.340332 0.280762
vt 0.369141 0.280762
vt 0.397949 0.280762
vt 0.426758 0.280762
vt 0.455566 0.280762
vt 0.484375 0.280762
vt 0.513184 0.280762
vt 0.541992 0.280762
vt 0.570801 0.280762
vt 0.599609 0.280762
vt 0.282471 0.219727
vt 0.253662 0.219727
vt 0.224976 0.219727
vt 0.196167 0.219727
vt 0.167358 0.219727
vt 0.138550 0.219727
vt 0.109680 0.219727
vt 0.080872 0.219727
vt 0.052063 0.219727
vt 0.023254 0.219727
vt 0.311279 0.219727
vt 0.340332 0.219727
vt 0.369141 0.219727
vt 0.397949 0.219727
vt 0.426758 0.219727
vt 0.455566 0.219727
vt 0.484375 0.219727
vt 0.513184 0.219727
vt 0.541992 0.219727
vt 0.570801 0.219727
vt 0.599609 0.219727
vt 0.745117 0.229492
vt 0.802734 0.199707
vt 0.745117 0.199707
vt 0.802734 0.229492
vt 0.688477 0.229492
vt 0.686035 0.199707
vt 0.666992 0.199707
vt 0.675293 0.229492
vt 0.669922 0.229492
vt 0.658203 0.199707
vt 0.662598 0.229492
vt 0.646973 0.199707
vt 0.641113 0.229492
vt 0.860352 0.229492
vt 0.916992 0.229492
vt 0.860352 0.199707
vt 0.918945 0.199707
vt 0.938477 0.199707
vt 0.930176 0.229492
vt 0.935547 0.229492
vt 0.942383 0.229492
vt 0.947266 0.199707
vt 0.958496 0.199707
vt 0.964355 0.229492
vt 0.860352 0.285645
vt 0.802734 0.255859
vt 0.802734 0.285645
vt 0.860352 0.255859
vt 0.916992 0.285645
vt 0.918945 0.255859
vt 0.938477 0.255859
vt 0.930176 0.285645
vt 0.935547 0.285645
vt 0.942383 0.285645
vt 0.947266 0.255859
vt 0.958496 0.255859
vt 0.964355 0.285645
vt 0.745117 0.285645
vt 0.688477 0.285645
vt 0.745117 0.255859
vt 0.686035 0.255859
vt 0.666992 0.255859
vt 0.675293 0.285645
vt 0.669922 0.285645
vt 0.662598 0.285645
vt 0.658203 0.255859
vt 0.646973 0.255859
vt 0.641113 0.285645
vt 0.860352 0.113770
vt 0.802734 0.083984
vt 0.802734 0.113770
vt 0.860352 0.083984
vt 0.916992 0.113770
vt 0.938477 0.083984
vt 0.918945 0.083984
vt 0.930176 0.113770
vt 0.935547 0.113770
vt 0.947266 0.083984
vt 0.942383 0.113770
vt 0.958496 0.083984
vt 0.964355 0.113770
vt 0.745117 0.113770
vt 0.745117 0.083984
vt 0.688477 0.113770
vt 0.666992 0.083984
vt 0.686035 0.083984
vt 0.675293 0.113770
vt 0.669922 0.113770
vt 0.658203 0.083984
vt 0.662598 0.113770
vt 0.646973 0.083984
vt 0.641113 0.113770
vt 0.860352 0.062012
vt 0.802734 0.032227
vt 0.802734 0.062012
vt 0.860352 0.032227
vt 0.916992 0.062012
vt 0.938477 0.032227
vt 0.918945 0.032227
vt 0.930176 0.062012
vt 0.935547 0.062012
vt 0.947266 0.032227
vt 0.942383 0.062012
vt 0.958496 0.032227
vt 0.964355 0.062012
vt 0.745117 0.062012
vt 0.688477 0.062012
vt 0.745117 0.032227
vt 0.686035 0.032227
vt 0.666992 0.032227
vt 0.675293 0.062012
vt 0.669922 0.062012
vt 0.658203 0.032227
vt 0.662598 0.062012
vt 0.646973 0.032227
vt 0.641113 0.062012
vt 0.860352 0.168945
vt 0.802734 0.139160
vt 0.802734 0.168945
vt 0.860352 0.139160
vt 0.916992 0.168945
vt 0.918945 0.139160
vt 0.938477 0.139160
vt 0.930176 0.168945
vt 0.935547 0.168945
vt 0.947266 0.139160
vt 0.942383 0.168945
vt 0.958496 0.139160
vt 0.964355 0.168945
vt 0.745117 0.168945
vt 0.688477 0.168945
vt 0.745117 0.139160
vt 0.686035 0.139160
vt 0.666992 0.139160
vt 0.675293 0.168945
vt 0.669922 0.168945
vt 0.658203 0.139160
vt 0.662598 0.168945
vt 0.646973 0.139160
vt 0.641113 0.168945
vt 0.974609 0.504150
vt 0.950195 0.473145
vt 0.957520 0.505859
vt 0.966797 0.467773
vt 0.974609 0.541504
vt 0.957520 0.539551
vt 0.966797 0.578125
vt 0.950195 0.572754
vt 0.936523 0.603516
vt 0.951660 0.612305
vt 0.916992 0.630859
vt 0.929688 0.642578
vt 0.891602 0.653320
vt 0.901855 0.667480
vt 0.869629 0.686279
vt 0.862305 0.670166
vt 0.833984 0.697754
vt 0.830566 0.680664
vt 0.796875 0.701660
vt 0.796875 0.684326
vt 0.763184 0.680664
vt 0.759766 0.697754
vt 0.730957 0.670166
vt 0.724121 0.686279
vt 0.702148 0.653320
vt 0.691895 0.667480
vt 0.664063 0.642578
vt 0.676758 0.630859
vt 0.642090 0.612305
vt 0.657227 0.603516
vt 0.626953 0.578125
vt 0.643066 0.572754
vt 0.636230 0.539551
vt 0.619141 0.541504
vt 0.636230 0.505859
vt 0.619141 0.504150
vt 0.643066 0.473145
vt 0.642090 0.433594
vt 0.657227 0.442383
vt 0.626953 0.467773
vt 0.664063 0.403320
vt 0.676758 0.415039
vt 0.691895 0.378418
vt 0.702148 0.392090
vt 0.730957 0.375488
vt 0.724121 0.359375
vt 0.763184 0.365234
vt 0.759766 0.348145
vt 0.796875 0.361328
vt 0.796875 0.344238
vt 0.833984 0.348145
vt 0.830566 0.365234
vt 0.869629 0.359375
vt 0.862305 0.375488
vt 0.901855 0.378418
vt 0.891602 0.392090
vt 0.916992 0.415039
vt 0.929688 0.403320
vt 0.936523 0.442383
vt 0.951660 0.433594
vt 0.919434 0.582275
vt 0.933105 0.549072
vt 0.930176 0.549805
vt 0.921875 0.584717
vt 0.843262 0.557129
vt 0.853516 0.525391
vt 0.935547 0.547119
vt 0.922363 0.587402
vt 0.862793 0.402832
vt 0.890137 0.426270
vt 0.893066 0.424805
vt 0.862305 0.406250
vt 0.861328 0.400391
vt 0.895508 0.425293
vt 0.842285 0.490723
vt 0.815430 0.471191
vt 0.779297 0.471191
vt 0.704590 0.426270
vt 0.751953 0.490723
vt 0.731934 0.406250
vt 0.701660 0.424805
vt 0.731934 0.402832
vt 0.698730 0.425293
vt 0.732910 0.400391
vt 0.740723 0.525391
vt 0.674805 0.582275
vt 0.750977 0.557129
vt 0.664551 0.549805
vt 0.672852 0.584717
vt 0.661133 0.549072
vt 0.672363 0.587402
vt 0.659180 0.547119
vt 0.778809 0.661621
vt 0.818359 0.662842
vt 0.815918 0.661621
vt 0.776367 0.662842
vt 0.780273 0.658691
vt 0.814453 0.658691
vt 0.780762 0.578369
vt 0.813965 0.578369
vt 0.562988 0.414551
vt 0.380859 0.519043
vt 0.452881 0.571289
vt 0.496094 0.365723
vt 0.342041 0.495605
vt 0.442383 0.357422
vt 0.490234 0.603027
vt 0.590332 0.464844
vt 0.172363 0.365723
vt 0.215454 0.571289
vt 0.287354 0.519043
vt 0.105103 0.414551
vt 0.180908 0.601074
vt 0.080566 0.462891
vt 0.329102 0.493164
vt 0.228760 0.354980
vt 0.213989 0.744873
vt 0.005100 0.722168
vt 0.030777 0.801270
vt 0.186523 0.660156
vt 0.231567 0.786743
vt 0.069214 0.839600
vt 0.174927 0.612549
vt 0.012634 0.665283
vt 0.637695 0.801270
vt 0.481689 0.660156
vt 0.454346 0.744873
vt 0.663086 0.722168
vt 0.492188 0.615967
vt 0.654297 0.668701
vt 0.435547 0.790161
vt 0.597656 0.842896
vt 0.292480 0.991470
vt 0.378662 0.799805
vt 0.289551 0.799805
vt 0.375732 0.991470
vt 0.424072 0.796021
vt 0.424072 0.966705
vt 0.240845 0.796021
vt 0.240845 0.966705
s 1
usemtl 5b395f45_dds
f 61/61/60 62/62/61 64/63/63
f 61/61/60 63/64/62 62/62/61
f 63/64/62 61/61/60 67/65/66
f 61/61/60 64/63/63 65/66/64
f 61/61/60 65/66/64 66/67/65
f 66/67/65 67/65/66 61/61/60
f 66/67/65 72/68/71 67/65/66
f 63/64/62 67/65/66 70/69/69
f 67/65/66 68/70/67 70/69/69
f 67/65/66 69/71/68 68/70/67
f 67/65/66 71/72/70 69/71/68
f 67/65/66 72/68/71 71/72/70
f 73/73/72 72/68/71 66/67/65
f 73/73/72 75/74/74 72/68/71
f 72/68/71 74/75/73 71/72/70
f 72/68/71 75/74/74 74/75/73
f 76/76/75 75/74/74 77/77/76
f 76/76/75 74/75/73 75/74/74
f 78/78/77 77/77/76 75/74/74
f 78/78/77 75/74/74 73/73/72
f 78/78/77 79/79/78 81/80/80
f 80/81/79 79/79/78 78/78/77
f 80/81/79 78/78/77 73/73/72
f 78/78/77 81/80/80 77/77/76
f 76/76/75 81/80/80 83/82/82
f 76/76/75 77/77/76 81/80/80
f 79/79/78 82/83/81 81/80/80
f 82/83/81 83/82/82 81/80/80
f 84/84/83 85/85/84 83/82/82
f 82/83/81 84/84/83 83/82/82
f 86/86/85 76/76/75 83/82/82
f 86/86/85 83/82/82 85/85/84
f 86/86/85 74/75/73 76/76/75
f 87/87/86 86/86/85 85/85/84
f 87/87/86 88/88/87 86/86/85
f 86/86/85 88/88/87 74/75/73
f 88/88/87 89/89/88 91/90/90
f 88/88/87 90/91/89 89/89/88
f 87/87/86 90/91/89 88/88/87
f 71/72/70 88/88/87 91/90/90
f 71/72/70 74/75/73 88/88/87
f 69/71/68 91/90/90 93/92/92
f 69/71/68 71/72/70 91/90/90
f 91/90/90 92/93/91 93/92/92
f 91/90/90 89/89/88 92/93/91
f 69/71/68 93/92/92 94/94/93
f 94/94/93 93/92/92 92/93/91
f 69/71/68 94/94/93 68/70/67
f 95/95/94 94/94/93 96/96/95
f 68/70/67 94/94/93 95/95/94
f 94/94/93 92/93/91 96/96/95
f 95/95/94 96/96/95 97/97/96
f 98/98/97 95/95/94 97/97/96
f 98/98/97 99/99/98 95/95/94
f 98/98/97 100/100/99 99/99/98
f 98/98/97 101/101/100 100/100/99
f 100/100/99 101/101/100 102/102/101
f 104/103/103 102/102/101 103/104/102
f 100/100/99 102/102/101 104/103/103
f 105/105/104 100/100/99 104/103/103
f 106/106/105 105/105/104 104/103/103
f 106/106/105 104/103/103 107/107/106
f 104/103/103 103/104/102 107/107/106
f 106/106/105 107/107/106 108/108/107
f 108/108/107 107/107/106 103/104/102
f 108/108/107 103/104/102 110/109/109
f 106/106/105 108/108/107 111/110/110
f 109/111/108 108/108/107 110/109/109
f 111/110/110 108/108/107 109/111/108
f 112/112/111 106/106/105 111/110/110
f 112/112/111 111/110/110 113/113/112
f 113/113/112 111/110/110 114/114/113
f 111/110/110 109/111/108 114/114/113
f 113/113/112 114/114/113 115/115/114
f 116/116/115 115/115/114 114/114/113
f 117/117/116 116/116/115 114/114/113
f 117/117/116 114/114/113 109/111/108
f 117/117/116 119/118/118 116/116/115
f 118/119/117 117/117/116 109/111/108
f 118/119/117 120/120/119 117/117/116
f 117/117/116 120/120/119 119/118/118
f 120/120/119 121/121/120 124/122/123
f 120/120/119 122/123/121 121/121/120
f 118/119/117 122/123/121 120/120/119
f 123/124/122 120/120/119 124/122/123
f 123/124/122 119/118/118 120/120/119
f 124/122/123 127/125/126 125/126/124
f 126/127/125 124/122/123 125/126/124
f 126/127/125 123/124/122 124/122/123
f 124/122/123 121/121/120 127/125/126
f 128/128/127 125/126/124 127/125/126
f 128/128/127 127/125/126 129/129/128
f 131/130/130 129/129/128 130/131/129
f 131/130/130 128/128/127 129/129/128
f 132/132/131 128/128/127 131/130/130
f 132/132/131 131/130/130 135/133/134
f 134/134/133 133/135/132 131/130/130
f 133/135/132 135/133/134 131/130/130
f 134/134/133 131/130/130 130/131/129
f 136/136/135 132/132/131 135/133/134
f 136/136/135 135/133/134 137/137/136
f 138/138/137 137/137/136 135/133/134
f 133/135/132 138/138/137 135/133/134
f 138/138/137 139/139/138 137/137/136
f 138/138/137 140/140/139 139/139/138
f 133/135/132 141/141/140 138/138/137
f 138/138/137 141/141/140 140/140/139
f 142/142/141 141/141/140 143/143/142
f 142/142/141 140/140/139 141/141/140
f 133/135/132 144/144/143 141/141/140
f 143/143/142 141/141/140 144/144/143
f 143/143/142 144/144/143 145/145/144
f 144/144/143 146/146/145 145/145/144
f 144/144/143 147/147/146 146/146/145
f 134/134/133 147/147/146 144/144/143
f 134/134/133 144/144/143 133/135/132
f 149/148/148 142/142/141 148/149/147
f 149/148/148 140/140/139 142/142/141
f 148/149/147 150/150/149 149/148/148
f 151/151/150 149/148/148 150/150/149
f 152/152/151 140/140/139 149/148/148
f 151/151/150 152/152/151 149/148/148
f 152/152/151 153/153/152 137/137/136
f 151/151/150 153/153/152 152/152/151
f 152/152/151 137/137/136 139/139/138
f 152/152/151 139/139/138 140/140/139
f 153/153/152 154/154/153 136/136/135
f 154/154/153 153/153/152 155/155/154
f 151/151/150 155/155/154 153/153/152
f 153/153/152 136/136/135 137/137/136
f 154/154/153 155/155/154 156/156/155
f 156/156/155 155/155/154 157/157/156
f 158/158/157 155/155/154 151/151/150
f 158/158/157 157/157/156 155/155/154
f 159/159/158 157/157/156 158/158/157
f 159/159/158 158/158/157 160/160/159
f 158/158/157 150/150/149 160/160/159
f 158/158/157 151/151/150 150/150/149
f 161/161/160 160/160/159 150/150/149
f 161/161/160 162/162/161 160/160/159
f 160/160/159 162/162/161 163/163/162
f 159/159/158 160/160/159 164/164/163
f 160/160/159 163/163/162 164/164/163
f 148/149/147 161/161/160 150/150/149
f 159/159/158 165/165/164 157/157/156
f 157/157/156 165/165/164 166/166/165
f 157/157/156 166/166/165 168/167/167
f 168/167/167 166/166/165 167/168/166
f 156/156/155 157/157/156 168/167/167
f 169/169/168 156/156/155 168/167/167
f 169/169/168 168/167/167 170/170/169
f 168/167/167 167/168/166 170/170/169
f 171/171/170 170/170/169 167/168/166
f 169/169/168 170/170/169 171/171/170
f 169/169/168 171/171/170 174/172/173
f 172/173/171 171/171/170 173/174/172
f 174/172/173 171/171/170 172/173/171
f 171/171/170 167/168/166 173/174/172
f 175/175/174 169/169/168 174/172/173
f 175/175/174 174/172/173 176/176/175
f 176/176/175 174/172/173 177/177/176
f 174/172/173 172/173/171 177/177/176
f 176/176/175 177/177/176 178/178/177
f 180/179/179 178/178/177 177/177/176
f 179/180/178 177/177/176 172/173/171
f 179/180/178 180/179/179 177/177/176
f 180/179/179 181/181/180 183/182/182
f 180/179/179 182/183/181 181/181/180
f 179/180/178 182/183/181 180/179/179
f 180/179/179 183/182/182 178/178/177
f 183/182/182 185/184/184 178/178/177
f 183/182/182 115/115/114 184/185/183
f 183/182/182 181/181/180 115/115/114
f 183/182/182 184/185/183 185/184/184
f 178/178/177 185/184/184 186/186/185
f 186/186/185 185/184/184 119/118/118
f 116/116/115 185/184/184 184/185/183
f 116/116/115 119/118/118 185/184/184
f 178/178/177 186/186/185 176/176/175
f 176/176/175 186/186/185 187/187/186
f 187/187/186 186/186/185 123/124/122
f 186/186/185 119/118/118 123/124/122
f 154/154/153 187/187/186 136/136/135
f 154/154/153 175/175/174 187/187/186
f 176/176/175 187/187/186 175/175/174
f 187/187/186 132/132/131 136/136/135
f 187/187/186 126/127/125 132/132/131
f 187/187/186 123/124/122 126/127/125
f 116/116/115 184/185/183 115/115/114
f 188/188/187 182/183/181 189/189/188
f 188/188/187 181/181/180 182/183/181
f 189/189/188 182/183/181 190/190/189
f 179/180/178 190/190/189 182/183/181
f 190/190/189 192/191/191 191/192/190
f 189/189/188 190/190/189 191/192/190
f 194/193/193 190/190/189 179/180/178
f 190/190/189 193/194/192 192/191/191
f 194/193/193 193/194/192 190/190/189
f 194/193/193 179/180/178 172/173/171
f 194/193/193 172/173/171 195/195/194
f 172/173/171 173/174/172 195/195/194
f 191/192/190 192/191/191 196/196/195
f 191/192/190 196/196/195 197/197/196
f 198/198/197 197/197/196 196/196/195
f 198/198/197 196/196/195 199/199/198
f 200/200/199 198/198/197 199/199/198
f 200/200/199 199/199/198 201/201/200
f 202/202/201 200/200/199 201/201/200
f 202/202/201 203/203/202 204/204/203
f 202/202/201 205/205/204 200/200/199
f 202/202/201 204/204/203 205/205/204
f 205/205/204 206/206/205 207/207/206
f 205/205/204 204/204/203 206/206/205
f 205/205/204 207/207/206 208/208/207
f 205/205/204 208/208/207 200/200/199
f 207/207/206 211/209/210 208/208/207
f 209/210/208 200/200/199 208/208/207
f 210/211/209 209/210/208 208/208/207
f 210/211/209 208/208/207 211/209/210
f 211/209/210 212/212/211 210/211/209
f 211/209/210 213/213/212 212/212/211
f 214/214/213 213/213/212 211/209/210
f 207/207/206 214/214/213 211/209/210
f 207/207/206 217/215/216 214/214/213
f 214/214/213 215/216/214 216/217/215
f 214/214/213 217/215/216 215/216/214
f 214/214/213 216/217/215 213/213/212
f 217/215/216 63/64/62 70/69/69
f 63/64/62 217/215/216 206/206/205
f 207/207/206 206/206/205 217/215/216
f 217/215/216 70/69/69 215/216/214
f 218/218/217 216/217/215 215/216/214
f 218/218/217 213/213/212 216/217/215
f 99/99/98 218/218/217 219/219/218
f 218/218/217 215/216/214 219/219/218
f 99/99/98 220/220/219 218/218/217
f 218/218/217 220/220/219 213/213/212
f 212/212/211 220/220/219 105/105/104
f 212/212/211 213/213/212 220/220/219
f 105/105/104 220/220/219 100/100/99
f 99/99/98 100/100/99 220/220/219
f 68/70/67 95/95/94 219/219/218
f 70/69/69 68/70/67 219/219/218
f 70/69/69 219/219/218 215/216/214
f 99/99/98 219/219/218 95/95/94
f 112/112/111 212/212/211 105/105/104
f 210/211/209 212/212/211 112/112/111
f 210/211/209 112/112/111 221/221/220
f 221/221/220 209/210/208 210/211/209
f 221/221/220 222/222/221 209/210/208
f 221/221/220 189/189/188 222/222/221
f 221/221/220 188/188/187 189/189/188
f 188/188/187 221/221/220 112/112/111
f 222/222/221 198/198/197 209/210/208
f 222/222/221 197/197/196 198/198/197
f 222/222/221 191/192/190 197/197/196
f 222/222/221 189/189/188 191/192/190
f 209/210/208 198/198/197 200/200/199
f 62/62/61 206/206/205 204/204/203
f 63/64/62 206/206/205 62/62/61
f 204/204/203 224/223/223 223/224/222
f 62/62/61 204/204/203 223/224/222
f 204/204/203 203/203/202 224/223/223
f 223/224/222 224/223/223 225/225/224
f 226/226/225 225/225/224 227/227/226
f 226/226/225 228/228/227 225/225/224
f 223/224/222 225/225/224 228/228/227
f 64/63/63 223/224/222 228/228/227
f 64/63/63 228/228/227 226/226/225
f 229/229/228 226/226/225 227/227/226
f 229/229/228 227/227/226 230/230/229
f 231/231/230 229/229/228 230/230/229
f 231/231/230 232/232/231 233/233/232
f 231/231/230 234/234/233 232/232/231
f 231/231/230 233/233/232 229/229/228
f 232/232/231 234/234/233 235/235/234
f 232/232/231 235/235/234 237/236/236
f 237/236/236 235/235/234 236/237/235
f 238/238/237 232/232/231 237/236/236
f 239/239/238 238/238/237 237/236/236
f 239/239/238 237/236/236 240/240/239
f 237/236/236 236/237/235 240/240/239
f 241/241/240 240/240/239 236/237/235
f 239/239/238 240/240/239 241/241/240
f 239/239/238 241/241/240 244/242/243
f 242/243/241 241/241/240 243/244/242
f 244/242/243 241/241/240 242/243/241
f 241/241/240 236/237/235 243/244/242
f 245/245/244 239/239/238 244/242/243
f 245/245/244 244/242/243 246/246/245
f 246/246/245 244/242/243 247/247/246
f 244/242/243 242/243/241 247/247/246
f 246/246/245 247/247/246 248/248/247
f 250/249/249 248/248/247 247/247/246
f 249/250/248 247/247/246 242/243/241
f 249/250/248 250/249/249 247/247/246
f 250/249/249 251/251/250 253/252/252
f 250/249/249 252/253/251 251/251/250
f 249/250/248 252/253/251 250/249/249
f 250/249/249 253/252/252 248/248/247
f 253/252/252 251/251/250 254/254/253
f 253/252/252 256/255/255 248/248/247
f 253/252/252 254/254/253 255/256/254
f 253/252/252 255/256/254 256/255/255
f 257/257/256 256/255/255 255/256/254
f 257/257/256 259/258/258 256/255/255
f 248/248/247 256/255/255 258/259/257
f 258/259/257 256/255/255 259/258/258
f 262/260/261 259/258/258 257/257/256
f 258/259/257 259/258/258 260/261/259
f 260/261/259 259/258/258 261/262/260
f 262/260/261 261/262/260 259/258/258
f 262/260/261 257/257/256 265/263/264
f 264/264/263 262/260/261 263/265/262
f 262/260/261 265/263/264 263/265/262
f 264/264/263 261/262/260 262/260/261
f 266/266/265 263/265/262 265/263/264
f 267/267/266 266/266/265 265/263/264
f 267/267/266 265/263/264 254/254/253
f 257/257/256 254/254/253 265/263/264
f 251/251/250 268/268/267 267/267/266
f 268/268/267 269/269/268 267/267/266
f 269/269/268 266/266/265 267/267/266
f 251/251/250 267/267/266 254/254/253
f 268/268/267 274/270/273 269/269/268
f 270/271/269 269/269/268 274/270/273
f 270/271/269 273/272/272 269/269/268
f 269/269/268 271/273/270 266/266/265
f 269/269/268 272/274/271 271/273/270
f 269/269/268 273/272/272 272/274/271
f 274/270/273 275/275/274 276/276/275
f 274/270/273 268/268/267 275/275/274
f 274/270/273 276/276/275 277/277/276
f 274/270/273 277/277/276 270/271/269
f 276/276/275 278/278/277 277/277/276
f 278/278/277 279/279/278 280/280/279
f 276/276/275 279/279/278 278/278/277
f 278/278/277 280/280/279 281/281/280
f 283/282/282 280/280/279 279/279/278
f 283/282/282 282/283/281 280/280/279
f 275/275/274 284/284/283 283/282/282
f 276/276/275 275/275/274 283/282/282
f 276/276/275 283/282/282 279/279/278
f 284/284/283 282/283/281 283/282/282
f 275/275/274 252/253/251 284/284/283
f 286/285/285 284/284/283 249/250/248
f 249/250/248 284/284/283 252/253/251
f 284/284/283 285/286/284 282/283/281
f 286/285/285 285/286/284 284/284/283
f 286/285/285 249/250/248 242/243/241
f 286/285/285 242/243/241 287/287/286
f 242/243/241 243/244/242 287/287/286
f 268/268/267 252/253/251 275/275/274
f 271/273/270 272/274/271 288/288/287
f 288/288/287 289/289/288 291/290/290
f 288/288/287 291/290/290 290/291/289
f 271/273/270 288/288/287 290/291/289
f 292/292/291 290/291/289 291/290/290
f 292/292/291 291/290/290 293/293/292
f 263/265/262 293/293/292 294/294/293
f 263/265/262 292/292/291 293/293/292
f 264/264/263 263/265/262 294/294/293
f 271/273/270 290/291/289 292/292/291
f 271/273/270 292/292/291 266/266/265
f 266/266/265 292/292/291 263/265/262
f 268/268/267 251/251/250 252/253/251
f 264/264/263 295/295/294 261/262/260
f 261/262/260 295/295/294 296/296/295
f 261/262/260 296/296/295 297/297/296
f 297/297/296 296/296/295 298/298/297
f 297/297/296 298/298/297 299/299/298
f 300/300/299 299/299/298 298/298/297
f 300/300/299 298/298/297 301/301/300
f 85/85/84 301/301/300 302/302/301
f 85/85/84 300/300/299 301/301/300
f 87/87/86 85/85/84 302/302/301
f 303/303/302 299/299/298 300/300/299
f 303/303/302 300/300/299 84/84/83
f 84/84/83 300/300/299 85/85/84
f 304/304/303 260/261/259 303/303/302
f 304/304/303 303/303/302 84/84/83
f 303/303/302 297/297/296 299/299/298
f 303/303/302 260/261/259 297/297/296
f 305/305/304 304/304/303 82/83/81
f 305/305/304 245/245/244 304/304/303
f 246/246/245 304/304/303 245/245/244
f 246/246/245 258/259/257 304/304/303
f 304/304/303 84/84/83 82/83/81
f 304/304/303 258/259/257 260/261/259
f 305/305/304 306/306/305 238/238/237
f 245/245/244 305/305/304 238/238/237
f 305/305/304 79/79/78 306/306/305
f 79/79/78 305/305/304 82/83/81
f 238/238/237 306/306/305 232/232/231
f 80/81/79 306/306/305 79/79/78
f 233/233/232 306/306/305 80/81/79
f 233/233/232 232/232/231 306/306/305
f 260/261/259 261/262/260 297/297/296
f 248/248/247 258/259/257 246/246/245
f 257/257/256 255/256/254 254/254/253
f 245/245/244 238/238/237 239/239/238
f 233/233/232 307/307/306 229/229/228
f 233/233/232 80/81/79 307/307/306
f 66/67/65 307/307/306 73/73/72
f 66/67/65 65/66/64 307/307/306
f 80/81/79 73/73/72 307/307/306
f 65/66/64 229/229/228 307/307/306
f 65/66/64 226/226/225 229/229/228
f 64/63/63 226/226/225 65/66/64
f 64/63/63 62/62/61 223/224/222
f 181/181/180 188/188/187 113/113/112
f 188/188/187 112/112/111 113/113/112
f 181/181/180 113/113/112 115/115/114
f 175/175/174 156/156/155 169/169/168
f 175/175/174 154/154/153 156/156/155
f 126/127/125 128/128/127 132/132/131
f 126/127/125 125/126/124 128/128/127
f 118/119/117 109/111/108 308/308/307
f 109/111/108 110/109/109 308/308/307
f 112/112/111 105/105/104 106/106/105
f 309/309/308 310/310/309 312/311/311
f 309/309/308 311/312/310 310/310/309
f 313/313/312 311/312/310 309/309/308
f 314/314/313 315/315/314 313/313/312
f 313/313/312 315/315/314 311/312/310
f 315/315/314 316/316/315 318/317/317
f 315/315/314 317/318/316 316/316/315
f 314/314/313 317/318/316 315/315/314
f 315/315/314 310/310/309 311/312/310
f 315/315/314 318/317/317 310/310/309
f 312/311/311 310/310/309 318/317/317
f 312/311/311 318/317/317 319/319/318
f 319/319/318 318/317/317 316/316/315
f 319/319/318 316/316/315 320/320/319
f 320/320/319 316/316/315 317/318/316
f 320/320/319 317/318/316 314/314/313
f 321/321/320 322/322/320 324/323/320
f 321/321/320 323/324/320 322/322/320
f 325/323/321 326/325/321 328/326/321
f 325/323/321 327/322/321 326/325/321
f 329/327/322 330/328/322 332/329/324
f 329/327/322 331/330/323 330/328/322
f 333/331/324 329/327/322 332/329/324
f 333/331/324 334/332/325 329/327/322
f 335/309/308 336/310/326 338/311/328
f 335/309/308 337/312/327 336/310/326
f 339/313/329 337/312/327 335/309/308
f 340/314/330 341/315/331 339/313/329
f 339/313/329 341/315/331 337/312/327
f 341/315/331 342/318/332 337/312/327
f 340/314/330 342/318/332 341/315/331
f 337/312/327 342/318/332 343/316/333
f 344/320/319 343/316/333 342/318/332
f 344/320/319 342/318/332 340/314/330
f 345/319/318 343/316/333 344/320/319
f 338/311/328 346/317/334 345/319/318
f 345/319/318 346/317/334 343/316/333
f 338/311/328 336/310/326 346/317/334
f 336/310/326 343/316/333 346/317/334
f 337/312/327 343/316/333 336/310/326
f 347/323/321 348/325/321 350/326/321
f 347/323/321 349/322/321 348/325/321
f 351/326/335 352/333/336 354/334/335
f 351/326/335 353/325/337 352/333/336
f 355/309/308 356/310/309 358/311/311
f 355/309/308 357/312/310 356/310/309
f 359/313/329 357/312/310 355/309/308
f 360/314/338 361/315/331 359/313/329
f 359/313/329 361/315/331 357/312/310
f 360/314/338 362/318/339 361/315/331
f 361/315/331 362/318/339 357/312/310
f 357/312/310 362/318/339 363/316/340
f 364/320/319 363/316/340 362/318/339
f 364/320/319 362/318/339 360/314/338
f 365/319/318 363/316/340 364/320/319
f 358/311/311 366/317/317 365/319/318
f 365/319/318 366/317/317 363/316/340
f 356/310/309 363/316/340 366/317/317
f 358/311/311 356/310/309 366/317/317
f 357/312/310 363/316/340 356/310/309
f 367/309/341 368/310/309 370/311/342
f 367/309/341 369/312/310 368/310/309
f 371/313/329 369/312/310 367/309/341
f 372/314/343 373/315/344 371/313/329
f 371/313/329 373/315/344 369/312/310
f 373/315/344 374/318/316 369/312/310
f 372/314/343 374/318/316 373/315/344
f 375/320/345 374/318/316 372/314/343
f 375/320/345 376/316/346 374/318/316
f 369/312/310 374/318/316 376/316/346
f 369/312/310 376/316/346 368/310/309
f 368/310/309 376/316/346 377/317/317
f 378/319/347 377/317/317 376/316/346
f 378/319/347 376/316/346 375/320/345
f 370/311/342 377/317/317 378/319/347
f 370/311/342 368/310/309 377/317/317
f 379/326/348 380/333/348 382/334/349
f 379/326/348 381/325/348 380/333/348
f 383/327/350 384/328/350 386/329/350
f 383/327/350 385/330/350 384/328/350
f 387/331/350 383/327/350 386/329/350
f 387/331/350 388/332/350 383/327/350
f 389/309/341 390/310/309 392/311/342
f 389/309/341 391/312/310 390/310/309
f 393/313/329 391/312/310 389/309/341
f 394/314/313 395/315/314 393/313/329
f 393/313/329 395/315/314 391/312/310
f 395/315/314 396/318/351 391/312/310
f 394/314/313 396/318/351 395/315/314
f 391/312/310 396/318/351 397/316/352
f 398/320/353 397/316/352 396/318/351
f 398/320/353 396/318/351 394/314/313
f 399/319/354 397/316/352 398/320/353
f 399/319/354 400/317/317 397/316/352
f 392/311/342 400/317/317 399/319/354
f 390/310/309 397/316/352 400/317/317
f 392/311/342 390/310/309 400/317/317
f 391/312/310 397/316/352 390/310/309
f 401/327/322 402/328/322 404/329/322
f 401/327/322 403/330/323 402/328/322
f 405/331/322 401/327/322 404/329/322
f 405/331/322 406/332/324 401/327/322
f 407/309/338 408/310/344 410/311/355
f 407/309/338 409/312/316 408/310/344
f 411/313/345 409/312/316 407/309/338
f 412/314/354 413/315/333 411/313/345
f 411/313/345 413/315/333 409/312/316
f 413/315/333 414/317/310 409/312/316
f 413/315/333 415/316/309 414/317/310
f 413/315/333 416/318/356 415/316/309
f 412/314/354 416/318/356 413/315/333
f 417/320/311 415/316/309 416/318/356
f 417/320/311 416/318/356 412/314/354
f 418/319/357 415/316/309 417/320/311
f 410/311/355 414/317/310 418/319/357
f 418/319/357 414/317/310 415/316/309
f 410/311/355 408/310/344 414/317/310
f 409/312/316 414/317/310 408/310/344
f 419/334/358 420/335/358 422/336/358
f 419/334/358 421/333/359 420/335/358
f 423/336/336 424/337/336 426/338/335
f 423/336/336 425/335/336 424/337/336
f 427/327/322 428/328/322 430/329/322
f 427/327/322 429/330/322 428/328/322
f 431/331/322 427/327/322 430/329/322
f 431/331/322 432/332/322 427/327/322
f 433/339/360 434/340/361 436/341/362
f 433/339/360 435/342/360 434/340/361
f 436/341/362 434/340/361 437/343/363
f 436/341/362 437/343/363 438/344/364
f 438/344/364 437/343/363 439/345/320
f 438/344/364 439/345/320 440/346/320
f 440/346/320 439/345/320 441/347/365
f 440/346/320 441/347/365 442/348/366
f 442/348/366 443/349/367 444/350/368
f 442/348/366 441/347/365 443/349/367
f 444/350/368 443/349/367 445/351/369
f 444/350/368 445/351/369 446/352/370
f 446/352/370 445/351/369 447/353/371
f 446/352/370 447/353/371 448/354/372
f 448/354/372 447/353/371 449/355/373
f 448/354/372 449/355/373 450/356/374
f 450/356/374 451/357/375 452/358/376
f 450/356/374 449/355/373 451/357/375
f 452/358/376 451/357/375 453/359/377
f 452/358/376 453/359/377 454/360/378
f 454/360/378 453/359/377 455/361/379
f 454/360/378 455/361/379 456/362/379
f 456/362/379 455/361/379 457/363/380
f 456/362/379 457/363/380 458/364/381
f 458/364/381 459/365/382 460/366/383
f 458/364/381 457/363/380 459/365/382
f 460/366/383 459/365/382 461/367/384
f 460/366/383 461/367/384 462/368/385
f 462/368/385 461/367/384 463/369/386
f 462/368/385 463/369/386 464/370/387
f 464/370/387 463/369/386 465/371/388
f 464/370/387 465/371/388 466/372/389
f 467/373/390 469/374/390 468/375/391
f 470/376/390 469/374/390 467/373/390
f 470/376/390 472/377/390 469/374/390
f 471/378/390 472/377/390 470/376/390
f 471/378/390 473/379/390 472/377/390
f 474/380/390 473/379/390 471/378/390
f 474/380/390 471/378/390 477/381/390
f 474/380/390 476/382/390 475/383/392
f 474/380/390 477/381/390 476/382/390
f 478/384/390 475/383/392 476/382/390
f 478/384/390 479/385/390 475/383/392
f 480/386/390 479/385/390 478/384/390
f 480/386/390 478/384/390 481/387/390
f 482/388/390 480/386/390 481/387/390
f 486/389/350 483/390/350 484/391/350
f 483/390/350 485/392/325 484/391/350
f 486/389/350 484/391/350 488/393/350
f 487/394/350 486/389/350 488/393/350
f 487/394/350 488/393/350 489/395/350
f 490/396/350 487/394/350 489/395/350
f 490/396/350 489/395/350 491/397/350
f 492/398/350 491/397/350 493/399/350
f 492/398/350 490/396/350 491/397/350
f 494/400/350 492/398/350 493/399/350
f 494/400/350 493/399/350 495/401/350
f 496/402/350 495/401/350 497/403/322
f 496/402/350 494/400/350 495/401/350
f 498/404/322 496/402/350 497/403/322
usemtl 24fe1dbe_dds
f 1/1/1 2/2/2 4/3/4
f 1/1/1 3/4/3 2/2/2
f 5/5/5 1/1/1 4/3/4
f 5/5/5 4/3/4 6/6/6
f 7/7/7 5/5/5 6/6/6
f 7/7/7 8/8/8 5/5/5
f 7/7/7 9/9/9 8/8/8
f 7/7/7 10/10/10 9/9/9
f 9/9/9 10/10/10 12/11/11
f 9/9/9 12/11/11 11/12/11
f 11/12/11 12/11/11 13/13/12
f 11/12/11 13/13/12 14/14/13
f 15/15/14 14/14/13 13/13/12
f 15/15/14 13/13/12 16/16/15
f 17/17/16 15/15/14 16/16/15
f 17/17/16 16/16/15 18/18/17
f 19/19/18 17/17/16 18/18/17
f 19/19/18 20/20/19 17/17/16
f 19/19/18 21/21/20 20/20/19
f 19/19/18 22/22/21 21/21/20
f 21/21/20 22/22/21 23/23/22
f 21/21/20 23/23/22 24/24/23
f 24/24/23 23/23/22 25/25/24
f 24/24/23 25/25/24 26/26/25
f 27/27/26 26/26/25 25/25/24
f 27/27/26 25/25/24 28/28/27
f 29/29/28 28/28/27 30/30/29
f 29/29/28 27/27/26 28/28/27
f 31/31/30 29/29/28 30/30/29
f 31/31/30 32/32/31 29/29/28
f 31/31/30 33/33/32 32/32/31
f 31/31/30 34/34/33 33/33/32
f 33/33/32 34/34/33 35/35/34
f 33/33/32 35/35/34 36/36/35
f 36/36/35 35/35/34 37/37/36
f 36/36/35 37/37/36 38/38/37
f 39/39/38 38/38/37 37/37/36
f 39/39/38 37/37/36 40/40/39
f 41/41/40 39/39/38 40/40/39
f 41/41/40 40/40/39 42/42/41
f 43/43/42 41/41/40 42/42/41
f 43/43/42 44/44/43 41/41/40
f 43/43/42 45/45/44 44/44/43
f 43/43/42 46/46/45 45/45/44
f 45/45/44 46/46/45 47/47/46
f 45/45/44 47/47/46 48/48/47
f 48/48/47 47/47/46 49/49/48
f 48/48/47 49/49/48 50/50/49
f 51/51/50 50/50/49 49/49/48
f 51/51/50 49/49/48 52/52/51
f 53/53/52 52/52/51 54/54/53
f 53/53/52 51/51/50 52/52/51
f 55/55/54 53/53/52 54/54/53
f 55/55/54 56/56/55 53/53/52
f 55/55/54 57/57/56 56/56/55
f 55/55/54 58/58/57 57/57/56
f 57/57/56 58/58/57 59/59/58
f 57/57/56 59/59/58 60/60/59
f 60/60/59 59/59/58 2/2/2
f 60/60/59 2/2/2 3/4/3
f 499/2/393 500/405/394 502/3/396
f 499/2/393 501/406/395 500/405/394
f 499/2/393 503/407/397 501/406/395
f 499/2/393 504/59/398 503/407/397
f 504/59/398 505/408/399 503/407/397
f 504/59/398 506/58/400 505/408/399
f 508/409/402 506/58/400 507/55/401
f 508/409/402 505/408/399 506/58/400
f 509/410/403 505/408/399 508/409/402
f 509/410/403 508/409/402 510/411/404
f 508/409/402 507/55/401 510/411/404
f 511/412/405 512/413/406 510/411/404
f 511/412/405 510/411/404 507/55/401
f 509/410/403 510/411/404 512/413/406
f 511/412/405 513/414/407 512/413/406
f 515/415/409 512/413/406 513/414/407
f 514/416/408 512/413/406 515/415/409
f 514/416/408 509/410/403 512/413/406
f 515/415/409 513/414/407 516/417/410
f 518/418/412 515/415/409 516/417/410
f 517/419/411 514/416/408 515/415/409
f 517/419/411 515/415/409 518/418/412
f 520/420/414 518/418/412 519/421/413
f 520/420/414 517/419/411 518/418/412
f 511/412/405 521/422/415 513/414/407
f 511/412/405 522/423/416 521/422/415
f 522/423/416 523/424/417 521/422/415
f 522/423/416 524/425/418 523/424/417
f 524/425/418 525/426/419 523/424/417
f 524/425/418 527/427/421 525/426/419
f 526/428/420 525/426/419 527/427/421
f 526/428/420 528/429/422 525/426/419
f 529/430/423 528/429/422 526/428/420
f 529/430/423 530/431/424 528/429/422
f 531/432/425 530/431/424 529/430/423
f 531/432/425 532/433/426 534/434/428
f 531/432/425 535/435/429 532/433/426
f 533/436/427 531/432/425 534/434/428
f 531/432/425 529/430/423 535/435/429
f 535/435/429 536/43/430 532/433/426
f 535/435/429 537/46/431 536/43/430
f 535/435/429 529/430/423 537/46/431
f 538/47/432 537/46/431 529/430/423
f 539/49/433 538/47/432 526/428/420
f 538/47/432 529/430/423 526/428/420
f 539/49/433 526/428/420 527/427/421
f 539/49/433 527/427/421 524/425/418
f 539/49/433 524/425/418 540/52/434
f 540/52/434 524/425/418 522/423/416
f 540/52/434 522/423/416 541/54/435
f 511/412/405 541/54/435 522/423/416
f 511/412/405 507/55/401 541/54/435
f 543/437/437 532/433/426 536/43/430
f 543/437/437 536/43/430 542/42/436
f 543/437/437 542/42/436 544/438/438
f 543/437/437 544/438/438 545/439/439
f 543/437/437 534/434/428 532/433/426
f 543/437/437 545/439/439 546/440/440
f 543/437/437 546/440/440 534/434/428
f 547/441/441 546/440/440 548/442/442
f 547/441/441 534/434/428 546/440/440
f 549/443/443 547/441/441 548/442/442
f 550/444/444 547/441/441 549/443/443
f 551/445/445 550/444/444 549/443/443
f 551/445/445 549/443/443 552/446/446
f 550/444/444 533/436/427 547/441/441
f 533/436/427 534/434/428 547/441/441
f 544/438/438 553/447/447 545/439/439
f 544/438/438 554/448/448 553/447/447
f 554/448/448 555/449/449 553/447/447
f 557/450/451 556/451/450 555/449/449
f 554/448/448 558/452/452 555/449/449
f 557/450/451 555/449/449 558/452/452
f 559/37/453 558/452/452 554/448/448
f 559/37/453 557/450/451 558/452/452
f 559/37/453 560/35/454 557/450/451
f 559/37/453 554/448/448 561/40/455
f 561/40/455 554/448/448 544/438/438
f 561/40/455 544/438/438 542/42/436
f 560/35/454 562/453/456 557/450/451
f 560/35/454 563/34/457 562/453/456
f 565/454/459 563/34/457 564/31/458
f 565/454/459 562/453/456 563/34/457
f 566/455/460 562/453/456 565/454/459
f 566/455/460 565/454/459 567/456/461
f 565/454/459 564/31/458 567/456/461
f 568/457/462 569/458/463 567/456/461
f 568/457/462 567/456/461 564/31/458
f 566/455/460 567/456/461 569/458/463
f 568/457/462 571/459/465 569/458/463
f 572/460/466 569/458/463 570/461/464
f 570/461/464 569/458/463 571/459/465
f 572/460/466 566/455/460 569/458/463
f 573/462/467 572/460/466 570/461/464
f 573/462/467 570/461/464 575/463/469
f 574/464/468 573/462/467 575/463/469
f 574/464/468 575/463/469 577/465/468
f 575/463/469 570/461/464 576/466/470
f 570/461/464 571/459/465 576/466/470
f 568/457/462 578/467/471 571/459/465
f 568/457/462 579/468/472 578/467/471
f 579/468/472 580/469/473 578/467/471
f 579/468/472 581/470/474 580/469/473
f 581/470/474 582/471/475 580/469/473
f 583/472/476 582/471/475 584/473/477
f 583/472/476 585/474/478 582/471/475
f 581/470/474 584/473/477 582/471/475
f 586/475/479 585/474/478 583/472/476
f 586/475/479 587/476/480 585/474/478
f 588/477/481 587/476/480 586/475/479
f 589/478/482 588/477/481 590/479/483
f 588/477/481 592/480/485 590/479/483
f 588/477/481 586/475/479 591/481/484
f 588/477/481 591/481/484 592/480/485
f 593/482/486 590/479/483 592/480/485
f 593/482/486 592/480/485 594/19/487
f 591/481/484 594/19/487 592/480/485
f 593/482/486 594/19/487 595/18/488
f 591/481/484 596/22/489 594/19/487
f 591/481/484 586/475/479 596/22/489
f 597/23/490 596/22/489 586/475/479
f 598/25/491 597/23/490 583/472/476
f 597/23/490 586/475/479 583/472/476
f 598/25/491 583/472/476 584/473/477
f 598/25/491 584/473/477 581/470/474
f 598/25/491 581/470/474 599/28/492
f 599/28/492 581/470/474 579/468/472
f 599/28/492 579/468/472 600/30/493
f 568/457/462 600/30/493 579/468/472
f 568/457/462 564/31/458 600/30/493
f 601/16/494 602/483/495 595/18/488
f 593/482/486 595/18/488 602/483/495
f 602/483/495 603/484/496 604/485/497
f 601/16/494 603/484/496 602/483/495
f 602/483/495 604/485/497 605/486/498
f 593/482/486 602/483/495 605/486/498
f 593/482/486 605/486/498 606/487/499
f 607/488/500 606/487/499 608/489/501
f 607/488/500 590/479/483 606/487/499
f 593/482/486 606/487/499 590/479/483
f 609/490/502 607/488/500 608/489/501
f 610/491/503 607/488/500 609/490/502
f 611/492/504 610/491/503 609/490/502
f 611/492/504 609/490/502 612/493/505
f 610/491/503 589/478/482 607/488/500
f 589/478/482 590/479/483 607/488/500
f 603/484/496 613/494/506 604/485/497
f 615/495/508 614/496/507 613/494/506
f 603/484/496 616/497/509 613/494/506
f 615/495/508 613/494/506 616/497/509
f 617/13/510 616/497/509 603/484/496
f 617/13/510 615/495/508 616/497/509
f 617/13/510 618/11/511 615/495/508
f 617/13/510 603/484/496 601/16/494
f 618/11/511 619/498/512 615/495/508
f 618/11/511 620/10/513 619/498/512
f 622/499/515 620/10/513 621/7/514
f 622/499/515 619/498/512 620/10/513
f 624/500/517 622/499/515 623/501/516
f 622/499/515 621/7/514 623/501/516
f 624/500/517 619/498/512 622/499/515
f 624/500/517 623/501/516 627/502/520
f 624/500/517 625/503/518 619/498/512
f 626/504/519 624/500/517 627/502/520
f 630/505/523 627/502/520 623/501/516
f 626/504/519 627/502/520 628/506/521
f 628/506/521 627/502/520 629/507/522
f 630/505/523 629/507/522 627/502/520
f 630/505/523 632/6/525 631/508/524
f 630/505/523 631/508/524 633/509/526
f 630/505/523 621/7/514 632/6/525
f 630/505/523 623/501/516 621/7/514
f 630/505/523 633/509/526 629/507/522
f 631/508/524 634/510/527 633/509/526
f 631/508/524 500/405/394 634/510/527
f 500/405/394 635/511/528 634/510/527
f 503/407/397 635/511/528 501/406/395
f 500/405/394 501/406/395 635/511/528
f 503/407/397 636/512/529 635/511/528
f 505/408/399 636/512/529 503/407/397
f 505/408/399 637/513/530 636/512/529
f 509/410/403 637/513/530 505/408/399
f 502/3/396 631/508/524 632/6/525
f 502/3/396 500/405/394 631/508/524
f 628/506/521 629/507/522 638/514/531
f 639/515/532 628/506/521 638/514/531
f 639/515/532 640/516/533 628/506/521
f 641/517/534 640/516/533 639/515/532
f 641/517/534 639/515/532 642/518/534
f 628/506/521 640/516/533 626/504/519
f 619/498/512 625/503/518 614/496/507
f 619/498/512 614/496/507 615/495/508
f 566/455/460 643/519/535 562/453/456
f 562/453/456 643/519/535 556/451/450
f 562/453/456 556/451/450 557/450/451
f 644/520/350 645/521/536 647/522/538
f 644/520/350 646/523/537 645/521/536
f 644/520/350 664/524/555 646/523/537
f 644/520/350 647/522/538 648/525/539
f 644/520/350 648/525/539 649/526/540
f 644/520/350 649/526/540 650/527/541
f 644/520/350 650/527/541 651/528/542
f 644/520/350 651/528/542 652/529/543
f 644/520/350 652/529/543 653/530/544
f 644/520/350 653/530/544 654/531/545
f 644/520/350 654/531/545 655/532/546
f 644/520/350 655/532/546 656/533/547
f 644/520/350 656/533/547 657/534/548
f 644/520/350 657/534/548 658/535/549
f 644/520/350 658/535/549 659/536/550
f 644/520/350 659/536/550 660/537/551
f 644/520/350 660/537/551 661/538/552
f 644/520/350 661/538/552 662/539/553
f 644/520/350 662/539/553 663/540/554
f 644/520/350 663/540/554 664/524/555
usemtl d121065c_dds
f 665/541/350 666/542/350 668/543/322
f 665/541/350 667/544/350 666/542/350
f 669/545/322 665/541/350 668/543/322
f 669/545/322 668/543/322 670/546/322
f 671/547/350 669/545/322 670/546/322
f 671/547/350 670/546/322 672/548/350
f 673/549/324 671/547/350 672/548/350
f 673/549/324 672/548/350 674/550/322
f 675/551/350 673/549/324 674/550/322
f 675/551/350 674/550/322 676/552/322
f 677/553/350 675/551/350 676/552/322
f 677/553/350 676/552/322 678/554/350
f 679/555/322 677/553/350 678/554/350
f 679/555/322 678/554/350 680/556/322
f 681/557/350 679/555/322 680/556/322
f 681/557/350 680/556/322 682/558/350
f 683/559/350 681/557/350 682/558/350
f 683/559/350 682/558/350 684/560/350
f 685/561/322 683/559/350 684/560/350
f 685/561/322 684/560/350 686/562/322
f 687/563/350 685/561/322 686/562/322
f 687/563/350 686/562/322 688/564/350
f 689/565/350 687/563/350 688/564/350
f 689/565/350 688/564/350 690/566/350
f 691/567/350 689/565/350 690/566/350
f 691/567/350 690/566/350 692/568/350
f 693/569/322 691/567/350 692/568/350
f 693/569/322 692/568/350 694/570/322
f 695/571/322 693/569/322 694/570/322
f 695/571/322 694/570/322 696/572/350
f 697/573/350 695/571/322 696/572/350
f 697/573/350 696/572/350 698/574/350
f 699/575/322 697/573/350 698/574/350
f 699/575/322 698/574/350 700/576/322
f 701/577/322 699/575/322 700/576/322
f 701/577/322 700/576/322 702/578/322
f 703/579/350 701/577/322 702/578/322
f 667/544/350 703/579/350 704/580/322
f 703/579/350 702/578/322 704/580/322
f 667/544/350 704/580/322 666/542/350
f 705/581/350 706/582/350 708/583/350
f 705/581/350 707/584/324 706/582/350
f 709/585/322 705/581/350 708/583/350
f 709/585/322 708/583/350 710/586/350
f 711/587/350 709/585/322 710/586/350
f 711/587/350 710/586/350 712/588/350
f 713/589/350 711/587/350 712/588/350
f 713/589/350 712/588/350 714/590/350
f 715/591/350 713/589/350 714/590/350
f 715/591/350 714/590/350 716/592/350
f 717/593/350 715/591/350 716/592/350
f 717/593/350 716/592/350 718/594/350
f 719/595/325 717/593/350 718/594/350
f 719/595/325 718/594/350 720/596/350
f 721/597/350 719/595/325 720/596/350
f 721/597/350 720/596/350 722/598/350
f 723/599/322 721/597/350 722/598/350
f 723/599/322 722/598/350 724/600/350
f 725/601/350 723/599/322 724/600/350
f 725/601/350 724/600/350 726/602/350
f 727/603/322 725/601/350 726/602/350
f 727/603/322 726/602/350 728/604/322
f 729/605/350 727/603/322 728/604/322
f 729/605/350 728/604/322 730/606/350
f 731/607/350 729/605/350 730/606/350
f 731/607/350 730/606/350 732/608/350
f 733/609/350 731/607/350 732/608/350
f 733/609/350 732/608/350 734/610/322
f 735/611/322 733/609/350 734/610/322
f 735/611/322 734/610/322 736/612/322
f 737/613/322 735/611/322 736/612/322
f 737/613/322 736/612/322 738/614/322
f 739/615/350 737/613/322 738/614/322
f 739/615/350 738/614/322 740/616/350
f 741/617/325 739/615/350 740/616/350
f 741/617/325 740/616/350 742/618/325
f 743/619/325 741/617/325 742/618/325
f 707/584/324 743/619/325 744/620/325
f 743/619/325 742/618/325 744/620/325
f 707/584/324 744/620/325 706/582/350
f 745/621/556 746/622/557 748/623/559
f 745/621/556 747/624/558 746/622/557
f 749/625/560 745/621/556 748/623/559
f 749/625/560 748/623/559 750/626/561
f 751/627/562 749/625/560 750/626/561
f 753/628/564 752/629/563 751/627/562
f 751/627/562 750/626/561 753/628/564
f 752/629/563 753/628/564 754/630/565
f 752/629/563 754/630/565 755/631/566
f 755/631/566 754/630/565 756/632/567
f 755/631/566 756/632/567 757/633/568
f 757/633/568 756/632/567 758/634/569
f 757/633/568 758/634/569 759/635/570
f 760/636/571 759/635/570 758/634/569
f 760/636/571 758/634/569 761/637/572
f 762/638/573 760/636/571 761/637/572
f 762/638/573 761/637/572 763/639/574
f 764/640/575 763/639/574 765/641/576
f 764/640/575 762/638/573 763/639/574
f 765/641/576 767/642/578 764/640/575
f 767/642/578 765/641/576 766/643/577
f 767/642/578 766/643/577 768/644/579
f 768/644/579 770/645/581 769/646/580
f 768/644/579 766/643/577 770/645/581
f 769/646/580 770/645/581 771/647/582
f 769/646/580 771/647/582 772/648/582
f 773/649/583 746/622/557 747/624/558
f 775/650/585 774/651/584 773/649/583
f 773/649/583 774/651/584 746/622/557
f 775/650/585 776/652/586 774/651/584
f 777/653/587 776/652/586 775/650/585
f 777/653/587 778/654/588 776/652/586
f 778/654/588 777/653/587 779/655/589
f 779/655/589 781/656/591 778/654/588
f 779/655/589 780/657/590 781/656/591
f 780/657/590 782/658/592 781/656/591
f 780/657/590 783/659/593 782/658/592
f 783/659/593 784/660/594 782/658/592
f 785/661/595 784/660/594 787/662/597
f 785/661/595 786/663/596 784/660/594
f 783/659/593 787/662/597 784/660/594
f 788/664/598 786/663/596 785/661/595
f 788/664/598 789/665/599 786/663/596
f 790/666/600 789/665/599 788/664/598
f 790/666/600 791/667/601 789/665/599
f 791/667/601 790/666/600 792/668/602
f 792/668/602 793/669/603 791/667/601
f 795/670/605 794/671/604 793/669/603
f 792/668/602 795/670/605 793/669/603
f 795/670/605 796/672/606 794/671/604
f 796/672/606 797/673/607 794/671/604
f 796/672/606 798/674/608 797/673/607
f 799/675/609 797/673/607 798/674/608
f 799/675/609 800/676/610 797/673/607
f 801/677/611 800/676/610 799/675/609
f 801/677/611 802/678/612 800/676/610
f 803/679/613 802/678/612 801/677/611
f 804/680/614 803/679/613 805/681/615
f 803/679/613 804/680/614 802/678/612
f 805/681/615 806/682/616 807/683/617
f 805/681/615 807/683/617 804/680/614
f 806/682/616 808/684/618 807/683/617
f 806/682/616 809/685/619 808/684/618
f 809/685/619 810/686/620 808/684/618
f 809/685/619 811/687/620 810/686/620
f 812/688/621 813/689/622 815/690/624
f 812/688/621 814/691/623 813/689/622
f 816/692/625 812/688/621 815/690/624
f 816/692/625 815/690/624 817/693/626
f 818/694/627 816/692/625 817/693/626
f 818/694/627 817/693/626 819/695/628
f 820/696/629 818/694/627 819/695/628
f 820/696/629 819/695/628 821/697/629
f 822/698/630 820/696/629 821/697/629
f 824/699/632 822/698/630 823/700/631
f 822/698/630 821/697/629 823/700/631
f 824/699/632 823/700/631 825/701/633
f 826/702/634 824/699/632 825/701/633
f 826/702/634 825/701/633 827/703/635
f 828/704/636 826/702/634 827/703/635
f 828/704/636 827/703/635 829/705/637
f 830/706/638 828/704/636 829/705/637
f 830/706/638 829/705/637 831/707/638
f 814/691/623 832/708/639 813/689/622
f 814/691/623 833/709/640 832/708/639
f 833/709/640 834/710/641 835/711/642
f 833/709/640 835/711/642 832/708/639
f 834/710/641 836/712/643 835/711/642
f 838/713/645 837/714/644 836/712/643
f 834/710/641 838/713/645 836/712/643
f 838/713/645 839/715/646 837/714/644
f 839/715/646 841/716/648 837/714/644
f 839/715/646 840/717/647 841/716/648
f 840/717/647 842/718/649 841/716/648
f 844/719/649 843/720/650 842/718/649
f 840/717/647 844/719/649 842/718/649
f 844/719/649 845/721/651 843/720/650
f 845/721/651 846/722/652 847/723/653
f 845/721/651 847/723/653 843/720/650
f 846/722/652 848/724/654 847/723/653
f 850/725/656 849/726/655 848/724/654
f 846/722/652 850/725/656 848/724/654
f 850/725/656 851/727/657 849/726/655
f 851/727/657 852/728/658 849/726/655
f 851/727/657 853/729/658 852/728/658
f 854/730/659 855/731/660 857/732/662
f 854/730/659 856/733/661 855/731/660
f 858/734/663 854/730/659 857/732/662
f 858/734/663 857/732/662 859/735/664
f 860/736/665 858/734/663 859/735/664
f 860/736/665 859/735/664 861/737/666
f 862/738/667 860/736/665 861/737/666
f 864/739/668 862/738/667 863/740/667
f 862/738/667 861/737/666 863/740/667
f 864/739/668 863/740/667 865/741/669
f 866/742/670 864/739/668 865/741/669
f 866/742/670 865/741/669 867/743/671
f 868/744/672 866/742/670 867/743/671
f 868/744/672 867/743/671 869/745/673
f 870/746/674 868/744/672 869/745/673
f 872/747/676 870/746/674 871/748/675
f 870/746/674 869/745/673 871/748/675
f 872/747/676 871/748/675 873/749/677
f 856/733/661 874/750/678 855/731/660
f 856/733/661 875/751/679 874/750/678
f 875/751/679 877/752/681 874/750/678
f 875/751/679 876/753/680 877/752/681
f 876/753/680 878/754/682 877/752/681
f 880/755/684 879/756/683 878/754/682
f 876/753/680 880/755/684 878/754/682
f 880/755/684 881/757/685 879/756/683
f 881/757/685 882/758/686 883/759/687
f 881/757/685 883/759/687 879/756/683
f 882/758/686 884/760/320 883/759/687
f 886/761/320 885/762/570 884/760/320
f 882/758/686 886/761/320 884/760/320
f 886/761/320 887/763/688 885/762/570
f 887/763/688 888/764/689 889/765/690
f 887/763/688 889/765/690 885/762/570
f 888/764/689 890/766/691 889/765/690
f 888/764/689 891/767/692 890/766/691
f 891/767/692 892/768/693 890/766/691
f 891/767/692 893/769/694 892/768/693
f 893/769/694 894/770/695 892/768/693
f 893/769/694 895/771/695 894/770/695
f 896/772/692 897/773/693 899/774/691
f 896/772/692 898/775/696 897/773/693
f 900/776/689 896/772/692 899/774/691
f 900/776/689 899/774/691 901/777/690
f 902/778/688 900/776/689 901/777/690
f 904/779/320 902/778/688 903/780/570
f 902/778/688 901/777/690 903/780/570
f 904/779/320 903/780/570 905/781/320
f 906/782/686 904/779/320 905/781/320
f 906/782/686 905/781/320 907/783/687
f 908/784/685 906/782/686 907/783/687
f 908/784/685 907/783/687 909/785/683
f 910/786/684 908/784/685 909/785/683
f 912/787/680 910/786/684 911/788/682
f 910/786/684 909/785/683 911/788/682
f 912/787/680 911/788/682 913/789/681
f 914/790/697 912/787/680 913/789/681
f 914/790/697 913/789/681 915/791/697
f 898/775/696 916/792/698 897/773/693
f 898/775/696 917/793/699 916/792/698
f 917/793/699 918/794/674 919/795/675
f 917/793/699 919/795/675 916/792/698
f 918/794/674 920/796/673 919/795/675
f 922/797/672 921/798/671 920/796/673
f 918/794/674 922/797/672 920/796/673
f 922/797/672 923/799/670 921/798/671
f 923/799/670 924/800/668 925/801/669
f 923/799/670 925/801/669 921/798/671
f 924/800/668 926/802/667 925/801/669
f 924/800/668 927/803/667 926/802/667
f 927/803/667 928/804/666 926/802/667
f 930/805/665 929/806/664 928/804/666
f 927/803/667 930/805/665 928/804/666
f 930/805/665 931/807/663 929/806/664
f 931/807/663 932/808/659 933/809/662
f 931/807/663 933/809/662 929/806/664
f 932/808/659 934/810/700 933/809/662
f 936/811/661 935/812/701 934/810/700
f 932/808/659 936/811/661 934/810/700
f 936/811/661 937/813/701 935/812/701
f 938/774/350 939/814/350 941/815/350
f 938/774/350 940/773/350 939/814/350
f 942/777/350 938/774/350 941/815/350
f 944/780/322 942/777/350 943/816/350
f 942/777/350 941/815/350 943/816/350
f 944/780/322 943/816/350 945/817/322
f 946/781/322 944/780/322 945/817/322
f 946/781/322 945/817/322 947/818/322
f 948/783/322 946/781/322 947/818/322
f 948/783/322 947/818/322 949/819/322
f 950/785/325 948/783/322 949/819/322
f 952/788/350 950/785/325 951/820/325
f 950/785/325 949/819/322 951/820/325
f 952/788/350 951/820/325 953/821/350
f 954/789/325 952/788/350 953/821/350
f 954/789/325 953/821/350 955/822/325
f 956/791/350 954/789/325 955/822/325
f 956/791/350 955/822/325 957/823/350
f 940/773/350 958/824/324 939/814/350
f 940/773/350 959/792/324 958/824/324
f 959/792/324 960/795/350 961/825/322
f 959/792/324 961/825/322 958/824/324
f 960/795/350 962/826/325 961/825/322
f 960/795/350 963/796/325 962/826/325
f 963/796/325 964/827/322 962/826/325
f 966/798/322 965/828/322 964/827/322
f 963/796/325 966/798/322 964/827/322
f 966/798/322 967/801/322 965/828/322
f 967/801/322 968/802/322 969/829/322
f 967/801/322 969/829/322 965/828/322
f 968/802/322 970/830/350 969/829/322
f 968/802/322 971/804/350 970/830/350
f 971/804/350 972/831/350 970/830/350
f 974/806/322 973/832/324 972/831/350
f 971/804/350 974/806/322 972/831/350
f 974/806/322 975/809/324 973/832/324
f 975/809/324 976/810/324 977/833/324
f 975/809/324 977/833/324 973/832/324
f 976/810/324 978/834/350 977/833/324
f 976/810/324 979/812/350 978/834/350
f 980/815/692 981/835/693 983/836/691
f 980/815/692 982/814/702 981/835/693
f 984/816/689 980/815/692 983/836/691
f 984/816/689 983/836/691 985/837/690
f 986/817/688 984/816/689 985/837/690
f 986/817/688 985/837/690 987/838/703
f 988/818/320 986/817/688 987/838/703
f 988/818/320 987/838/703 989/839/320
f 990/819/686 988/818/320 989/839/320
f 992/820/685 990/819/686 991/840/687
f 990/819/686 989/839/320 991/840/687
f 992/820/685 991/840/687 993/841/683
f 994/821/684 992/820/685 993/841/683
f 994/821/684 993/841/683 995/842/682
f 996/822/680 994/821/684 995/842/682
f 996/822/680 995/842/682 997/843/681
f 998/823/697 996/822/680 997/843/681
f 998/823/697 997/843/681 999/844/697
f 982/814/702 1000/845/704 981/835/693
f 982/814/702 1001/824/699 1000/845/704
f 1001/824/699 1002/825/674 1003/846/675
f 1001/824/699 1003/846/675 1000/845/704
f 1002/825/674 1004/847/673 1003/846/675
f 1006/826/672 1005/848/671 1004/847/673
f 1002/825/674 1006/826/672 1004/847/673
f 1006/826/672 1007/827/670 1005/848/671
f 1007/827/670 1009/849/669 1005/848/671
f 1007/827/670 1008/828/668 1009/849/669
f 1008/828/668 1010/850/667 1009/849/669
f 1012/829/667 1011/851/666 1010/850/667
f 1008/828/668 1012/829/667 1010/850/667
f 1012/829/667 1013/830/665 1011/851/666
f 1013/830/665 1014/831/663 1015/852/664
f 1013/830/665 1015/852/664 1011/851/666
f 1014/831/663 1016/853/662 1015/852/664
f 1018/832/659 1017/854/700 1016/853/662
f 1014/831/663 1018/832/659 1016/853/662
f 1018/832/659 1019/833/661 1017/854/700
f 1019/833/661 1020/855/701 1017/854/700
f 1019/833/661 1021/834/701 1020/855/701
f 1022/856/556 1023/857/557 1025/858/705
f 1022/856/556 1024/859/558 1023/857/557
f 1026/860/706 1022/856/556 1025/858/705
f 1026/860/706 1025/858/705 1027/861/707
f 1028/862/708 1026/860/706 1027/861/707
f 1028/862/708 1029/863/709 1026/860/706
f 1030/864/710 1029/863/709 1028/862/708
f 1030/864/710 1028/862/708 1031/865/711
f 1032/866/712 1030/864/710 1031/865/711
f 1033/867/713 1034/868/714 1032/866/712
f 1032/866/712 1031/865/711 1033/867/713
f 1035/869/583 1023/857/557 1024/859/558
f 1037/870/716 1036/871/715 1035/869/583
f 1035/869/583 1036/871/715 1023/857/557
f 1037/870/716 1038/872/717 1036/871/715
f 1039/873/718 1038/872/717 1037/870/716
f 1039/873/718 1037/870/716 1040/874/719
f 1041/875/720 1039/873/718 1040/874/719
f 1043/876/722 1042/877/721 1041/875/720
f 1041/875/720 1042/877/721 1039/873/718
f 1043/876/722 1044/878/723 1042/877/721
f 1044/878/723 1043/876/722 1045/879/724
f 1046/880/568 1047/881/569 1049/882/570
f 1046/880/568 1048/883/725 1047/881/569
f 1050/884/726 1048/883/725 1046/880/568
f 1050/884/726 1051/885/727 1048/883/725
f 1052/886/728 1051/885/727 1050/884/726
f 1052/886/728 1050/884/726 1053/887/729
f 1054/888/730 1052/886/728 1053/887/729
f 1056/889/732 1055/890/731 1054/888/730
f 1054/888/730 1055/890/731 1052/886/728
f 1056/889/732 1057/891/733 1055/890/731
f 1057/891/733 1056/889/732 1058/892/734
f 1059/893/571 1049/882/570 1047/881/569
f 1061/894/736 1059/893/571 1060/895/735
f 1059/893/571 1047/881/569 1060/895/735
f 1061/894/736 1060/895/735 1062/896/737
f 1063/897/738 1061/894/736 1062/896/737
f 1063/897/738 1064/898/739 1061/894/736
f 1065/899/740 1064/898/739 1063/897/738
f 1067/900/742 1065/899/740 1066/901/741
f 1065/899/740 1063/897/738 1066/901/741
f 1067/900/742 1066/901/741 1068/902/743
f 1068/902/743 1069/903/744 1067/900/742
f 1070/904/580 1071/905/745 1073/906/747
f 1070/904/580 1072/907/746 1071/905/745
f 1074/908/748 1072/907/746 1070/904/580
f 1076/909/750 1075/910/749 1074/908/748
f 1074/908/748 1075/910/749 1072/907/746
f 1076/909/750 1074/908/748 1077/911/751
f 1078/912/752 1076/909/750 1077/911/751
f 1078/912/752 1079/913/753 1076/909/750
f 1080/914/754 1079/913/753 1078/912/752
f 1080/914/754 1081/915/755 1079/913/753
f 1081/915/755 1080/914/754 1082/916/756
f 1083/917/619 1073/906/747 1071/905/745
f 1083/917/619 1071/905/745 1084/918/757
f 1085/919/758 1083/917/619 1084/918/757
f 1087/920/760 1085/919/758 1086/921/759
f 1085/919/758 1084/918/757 1086/921/759
f 1087/920/760 1088/922/761 1085/919/758
f 1089/923/762 1088/922/761 1087/920/760
f 1089/923/762 1087/920/760 1090/924/763
f 1091/925/764 1089/923/762 1090/924/763
f 1091/925/764 1090/924/763 1092/926/765
f 1092/926/765 1093/927/766 1091/925/764
f 1094/928/609 1095/929/607 1097/930/608
f 1094/928/609 1096/931/767 1095/929/607
f 1098/932/768 1096/931/767 1094/928/609
f 1100/933/770 1099/934/769 1098/932/768
f 1098/932/768 1099/934/769 1096/931/767
f 1100/933/770 1098/932/768 1101/935/771
f 1102/936/772 1100/933/770 1101/935/771
f 1102/936/772 1103/937/773 1100/933/770
f 1104/938/774 1103/937/773 1102/936/772
f 1104/938/774 1105/939/775 1103/937/773
f 1105/939/775 1104/938/774 1106/940/776
f 1107/941/777 1097/930/608 1095/929/607
f 1109/942/778 1107/941/777 1108/943/606
f 1107/941/777 1095/929/607 1108/943/606
f 1109/942/778 1108/943/606 1110/944/779
f 1111/945/780 1109/942/778 1110/944/779
f 1111/945/780 1112/946/781 1109/942/778
f 1113/947/782 1112/946/781 1111/945/780
f 1113/947/782 1111/945/780 1114/948/783
f 1115/949/784 1113/947/782 1114/948/783
f 1115/949/784 1114/948/783 1116/950/785
f 1116/950/785 1117/951/786 1115/949/784
f 1118/952/595 1119/953/594 1121/954/597
f 1118/952/595 1120/955/787 1119/953/594
f 1122/956/788 1120/955/787 1118/952/595
f 1122/956/788 1123/957/598 1120/955/787
f 1124/958/789 1123/957/598 1122/956/788
f 1124/958/789 1122/956/788 1125/959/790
f 1126/960/791 1124/958/789 1125/959/790
f 1126/960/791 1127/961/792 1124/958/789
f 1128/962/793 1127/961/792 1126/960/791
f 1128/962/793 1129/963/794 1127/961/792
f 1129/963/794 1128/962/793 1130/964/795
f 1131/965/593 1121/954/597 1119/953/594
f 1133/966/797 1131/965/593 1132/967/796
f 1131/965/593 1119/953/594 1132/967/796
f 1133/966/797 1132/967/796 1134/968/798
f 1135/969/799 1133/966/797 1134/968/798
f 1135/969/799 1136/970/800 1133/966/797
f 1137/971/801 1136/970/800 1135/969/799
f 1137/971/801 1135/969/799 1138/972/802
f 1139/973/803 1137/971/801 1138/972/802
f 1140/974/804 1141/975/805 1139/973/803
f 1139/973/803 1138/972/802 1140/974/804
f 1142/976/806 1143/977/807 1145/978/809
f 1142/976/806 1144/979/808 1143/977/807
f 1146/980/810 1142/976/806 1145/978/809
f 1146/980/810 1145/978/809 1147/981/810
f 1148/982/811 1146/980/810 1147/981/810
f 1148/982/811 1147/981/810 1149/983/811
f 1148/982/811 1149/983/811 1150/984/812
f 1148/982/811 1150/984/812 1151/985/812
f 1151/985/812 1153/986/814 1152/987/813
f 1151/985/812 1150/984/812 1153/986/814
f 1152/987/813 1153/986/814 1154/988/815
f 1152/987/813 1154/988/815 1155/989/816
f 1156/990/817 1155/989/816 1154/988/815
f 1156/990/817 1154/988/815 1157/991/818
f 1158/992/819 1156/990/817 1157/991/818
f 1158/992/819 1157/991/818 1159/993/819
f 1160/994/820 1158/992/819 1159/993/819
f 1160/994/820 1159/993/819 1161/995/820
f 1160/994/820 1161/995/820 1162/996/821
f 1164/997/821 1162/996/821 1163/998/822
f 1160/994/820 1162/996/821 1164/997/821
f 1164/997/821 1163/998/822 1165/999/823
f 1165/999/823 1166/1000/824 1167/1001/825
f 1165/999/823 1163/998/822 1166/1000/824
f 1168/1002/826 1167/1001/825 1166/1000/824
f 1168/1002/826 1166/1000/824 1169/1003/827
f 1170/1004/828 1168/1002/826 1169/1003/827
f 1170/1004/828 1169/1003/827 1171/1005/828
f 1172/1006/829 1170/1004/828 1171/1005/828
f 1172/1006/829 1171/1005/828 1173/1007/829
f 1172/1006/829 1173/1007/829 1174/1008/830
f 1172/1006/829 1174/1008/830 1175/1009/830
f 1175/1009/830 1174/1008/830 1177/1010/832
f 1175/1009/830 1177/1010/832 1176/1011/831
f 1176/1011/831 1177/1010/832 1178/1012/833
f 1179/1013/834 1178/1012/833 1181/1014/836
f 1179/1013/834 1180/1015/835 1178/1012/833
f 1176/1011/831 1178/1012/833 1180/1015/835
f 1182/1016/837 1179/1013/834 1181/1014/836
f 1182/1016/837 1181/1014/836 1183/1017/837
f 1184/1018/838 1182/1016/837 1183/1017/837
f 1184/1018/838 1183/1017/837 1185/1019/838
f 1184/1018/838 1185/1019/838 1186/1020/839
f 1184/1018/838 1186/1020/839 1188/1021/839
f 1188/1021/839 1186/1020/839 1187/1022/840
f 1188/1021/839 1187/1022/840 1189/1023/841
f 1189/1023/841 1190/1024/842 1191/1025/843
f 1189/1023/841 1187/1022/840 1190/1024/842
f 1192/1026/844 1191/1025/843 1190/1024/842
f 1192/1026/844 1190/1024/842 1193/1027/845
f 1194/1028/846 1192/1026/844 1193/1027/845
f 1194/1028/846 1193/1027/845 1195/1029/846
f 1196/1030/847 1194/1028/846 1195/1029/846
f 1196/1030/847 1195/1029/846 1197/1031/847
f 1196/1030/847 1197/1031/847 1198/1032/848
f 1196/1030/847 1198/1032/848 1199/1033/849
f 1199/1033/849 1198/1032/848 1201/1034/851
f 1199/1033/849 1201/1034/851 1200/1035/850
f 1200/1035/850 1201/1034/851 1143/977/807
f 1200/1035/850 1143/977/807 1144/979/808
f 1202/1036/852 1203/1037/853 1205/1038/852
f 1202/1036/852 1204/1039/854 1203/1037/853
f 1206/1040/855 1202/1036/852 1205/1038/852
f 1206/1040/855 1205/1038/852 1207/1041/855
f 1204/1039/854 1208/1042/856 1203/1037/853
f 1204/1039/854 1209/1043/857 1208/1042/856
f 1210/1044/858 1211/1045/859 1213/1046/861
f 1210/1044/858 1212/1047/860 1211/1045/859
f 1214/1048/862 1210/1044/858 1213/1046/861
f 1214/1048/862 1213/1046/861 1215/1049/863
f 1212/1047/860 1216/1050/864 1211/1045/859
f 1212/1047/860 1217/1051/864 1216/1050/864
f 1218/1052/865 1219/1053/866 1221/1054/865
f 1218/1052/865 1220/1055/867 1219/1053/866
f 1220/1055/867 1222/1056/868 1219/1053/866
f 1220/1055/867 1223/1057/868 1222/1056/868
f 1223/1057/868 1224/1058/869 1222/1056/868
f 1223/1057/868 1225/1059/870 1224/1058/869
f 1226/1060/871 1227/1061/872 1229/1062/871
f 1226/1060/871 1228/1063/872 1227/1061/872
f 1228/1063/872 1230/1064/873 1227/1061/872
f 1228/1063/872 1231/1065/874 1230/1064/873
f 1231/1065/874 1232/1066/875 1230/1064/873
f 1231/1065/874 1233/1067/876 1232/1066/875
f 1234/1068/877 1235/1069/878 1237/1070/880
f 1234/1068/877 1236/1071/879 1235/1069/878
f 1238/1072/881 1234/1068/877 1237/1070/880
f 1238/1072/881 1237/1070/880 1239/1073/882
f 1240/1074/883 1238/1072/881 1239/1073/882
f 1240/1074/883 1239/1073/882 1241/1075/883
f 1242/1076/884 1243/1077/884 1245/1078/884
f 1242/1076/884 1244/1079/884 1243/1077/884
f 1246/1080/885 1247/1079/886 1249/1081/888
f 1246/1080/885 1248/1077/887 1247/1079/886
f 1250/1082/889 1251/1076/890 1253/1078/892
f 1250/1082/889 1252/1083/891 1251/1076/890
f 1254/1084/893 1255/1085/893 1257/1086/893
f 1254/1084/893 1256/1087/893 1255/1085/893
f 1258/1088/894 1259/1087/895 1261/1089/897
f 1258/1088/894 1260/1085/896 1259/1087/895
f 1262/1090/898 1263/1084/899 1265/1086/901
f 1262/1090/898 1264/1091/900 1263/1084/899
f 1266/1092/902 1267/1093/902 1269/1094/902
f 1266/1092/902 1268/1095/902 1267/1093/902
f 1270/1096/903 1271/1094/904 1273/1097/905
f 1270/1096/903 1272/1092/693 1271/1094/904
f 1274/1098/906 1275/1093/907 1277/1095/700
f 1274/1098/906 1276/1099/908 1275/1093/907
f 1278/1100/909 1279/1101/909 1281/1102/909
f 1278/1100/909 1280/1103/909 1279/1101/909
f 1282/1104/910 1283/1103/911 1285/1105/913
f 1282/1104/910 1284/1101/912 1283/1103/911
f 1286/1106/914 1287/1100/915 1289/1102/917
f 1286/1106/914 1288/1107/916 1287/1100/915
f 1290/1108/918 1291/1109/918 1293/1110/918
f 1290/1108/918 1292/1111/918 1291/1109/918
f 1294/1112/919 1295/1111/920 1297/1113/922
f 1294/1112/919 1296/1109/921 1295/1111/920
f 1298/1114/923 1299/1108/924 1301/1110/926
f 1298/1114/923 1300/1115/925 1299/1108/924
