# Blender 5.0.1
# www.blender.org
mtllib llanta4.mtl
o llanta_4
v -0.697342 -0.061918 -0.247151
v -0.731484 -0.109533 -0.238758
v -0.731420 -0.109562 -0.261435
v -0.654418 -0.061588 -0.168306
v 0.196463 0.098642 -0.041778
v 0.207410 0.136596 -0.010381
v 0.207577 0.105238 -0.010342
v 0.196222 0.142994 -0.041832
v 0.234963 0.076674 -0.041472
v 0.273222 0.099056 -0.041228
v 0.234802 0.089703 -0.010130
v 0.261855 0.105530 -0.009957
v 0.261688 0.136891 -0.009996
v 0.272982 0.143408 -0.041283
v 0.234482 0.165375 -0.041585
v 0.234462 0.152423 -0.010208
v 0.188475 0.093733 -0.124061
v 0.187939 0.147719 -0.037693
v 0.188227 0.093839 -0.037623
v 0.188183 0.147614 -0.124131
v 0.188183 0.147614 -0.124131
v 0.234421 0.174913 -0.037388
v 0.187939 0.147719 -0.037693
v 0.234665 0.174807 -0.123833
v 0.234665 0.174807 -0.123833
v 0.281191 0.148223 -0.037023
v 0.234421 0.174913 -0.037388
v 0.281438 0.148117 -0.123467
v 0.281438 0.148117 -0.123467
v 0.281483 0.094339 -0.036952
v 0.281191 0.148223 -0.037023
v 0.281731 0.094234 -0.123397
v 0.281731 0.094234 -0.123397
v 0.235005 0.067149 -0.037257
v 0.281483 0.094339 -0.036952
v 0.235248 0.067040 -0.123695
v 0.235248 0.067040 -0.123695
v 0.188227 0.093839 -0.037623
v 0.235005 0.067149 -0.037257
v 0.188475 0.093733 -0.124061
v 0.281191 0.148223 -0.037023
v 0.187939 0.147719 -0.037693
v 0.234421 0.174913 -0.037388
v 0.188227 0.093839 -0.037623
v 0.235005 0.067149 -0.037257
v 0.281483 0.094339 -0.036952
v 0.197920 -0.170645 -0.041434
v 0.208863 -0.132687 -0.010041
v 0.209033 -0.164049 -0.010002
v 0.197679 -0.126293 -0.041495
v 0.236416 -0.192612 -0.041132
v 0.274676 -0.170231 -0.040886
v 0.236259 -0.179583 -0.009787
v 0.263312 -0.163757 -0.009614
v 0.263142 -0.132395 -0.009655
v 0.274435 -0.125879 -0.040943
v 0.235938 -0.103909 -0.041241
v 0.235919 -0.116864 -0.009867
v 0.189931 -0.175553 -0.123724
v 0.189395 -0.121568 -0.037346
v 0.189684 -0.175448 -0.037283
v 0.189639 -0.121673 -0.123788
v 0.189639 -0.121673 -0.123788
v 0.235874 -0.094374 -0.037048
v 0.189395 -0.121568 -0.037346
v 0.236121 -0.094479 -0.123493
v 0.236121 -0.094479 -0.123493
v 0.282648 -0.121063 -0.036682
v 0.235874 -0.094374 -0.037048
v 0.282892 -0.121170 -0.123124
v 0.282892 -0.121170 -0.123124
v 0.282937 -0.174947 -0.036615
v 0.282648 -0.121063 -0.036682
v 0.283187 -0.175053 -0.123057
v 0.283187 -0.175053 -0.123057
v 0.236458 -0.202138 -0.036913
v 0.282937 -0.174947 -0.036615
v 0.236702 -0.202244 -0.123352
v 0.236702 -0.202244 -0.123352
v 0.189684 -0.175448 -0.037283
v 0.236458 -0.202138 -0.036913
v 0.189931 -0.175553 -0.123724
v 0.282648 -0.121063 -0.036682
v 0.189395 -0.121568 -0.037346
v 0.235874 -0.094374 -0.037048
v 0.189684 -0.175448 -0.037283
v 0.236458 -0.202138 -0.036913
v 0.282937 -0.174947 -0.036615
v -0.034378 -0.306543 -0.042930
v -0.023431 -0.268589 -0.011533
v -0.023262 -0.299950 -0.011491
v -0.034622 -0.262194 -0.042984
v 0.004118 -0.328510 -0.042624
v 0.042377 -0.306129 -0.042380
v 0.003961 -0.315484 -0.011279
v 0.031013 -0.299654 -0.011109
v 0.042140 -0.261777 -0.042435
v 0.030844 -0.268296 -0.011147
v 0.003621 -0.252762 -0.011360
v 0.003640 -0.239810 -0.042740
v -0.042367 -0.311455 -0.125213
v -0.042903 -0.257465 -0.038842
v -0.042614 -0.311349 -0.038774
v -0.042659 -0.257571 -0.125283
v -0.042659 -0.257571 -0.125283
v 0.003576 -0.230274 -0.038540
v -0.042903 -0.257465 -0.038842
v 0.003823 -0.230381 -0.124985
v 0.003823 -0.230381 -0.124985
v 0.050347 -0.256965 -0.038175
v 0.003576 -0.230274 -0.038540
v 0.050597 -0.257070 -0.124616
v 0.050597 -0.257070 -0.124616
v 0.050639 -0.310845 -0.038107
v 0.050347 -0.256965 -0.038175
v 0.050886 -0.310951 -0.124548
v 0.050886 -0.310951 -0.124548
v 0.004160 -0.338039 -0.038406
v 0.050639 -0.310845 -0.038107
v 0.004404 -0.338145 -0.124850
v 0.004404 -0.338145 -0.124850
v -0.042614 -0.311349 -0.038774
v 0.004160 -0.338039 -0.038406
v -0.042367 -0.311455 -0.125213
v 0.050347 -0.256965 -0.038175
v -0.042903 -0.257465 -0.038842
v 0.003576 -0.230274 -0.038540
v -0.042614 -0.311349 -0.038774
v 0.004160 -0.338039 -0.038406
v 0.050639 -0.310845 -0.038107
v -0.269586 0.096130 -0.045104
v -0.258636 0.134084 -0.013708
v -0.258469 0.102723 -0.013669
v -0.269827 0.140481 -0.045159
v -0.231087 0.074162 -0.044803
v -0.192827 0.096544 -0.044553
v -0.231247 0.087191 -0.013454
v -0.204194 0.103018 -0.013287
v -0.204365 0.134376 -0.013322
v -0.193068 0.140896 -0.044607
v -0.231564 0.162863 -0.044915
v -0.231587 0.149911 -0.013537
v -0.277572 0.091218 -0.127391
v -0.278114 0.145207 -0.041020
v -0.277819 0.091324 -0.040950
v -0.277864 0.145102 -0.127462
v -0.277864 0.145102 -0.127462
v -0.231629 0.172401 -0.040715
v -0.278114 0.145207 -0.041020
v -0.231385 0.172295 -0.127160
v -0.231385 0.172295 -0.127160
v -0.184858 0.145711 -0.040353
v -0.231629 0.172401 -0.040715
v -0.184614 0.145602 -0.126791
v -0.184614 0.145602 -0.126791
v -0.184569 0.091827 -0.040282
v -0.184858 0.145711 -0.040353
v -0.184322 0.091721 -0.126724
v -0.184322 0.091721 -0.126724
v -0.231048 0.064637 -0.040580
v -0.184569 0.091827 -0.040282
v -0.230801 0.064528 -0.127025
v -0.230801 0.064528 -0.127025
v -0.277819 0.091324 -0.040950
v -0.231048 0.064637 -0.040580
v -0.277572 0.091218 -0.127391
v -0.184858 0.145711 -0.040353
v -0.278114 0.145207 -0.041020
v -0.231629 0.172401 -0.040715
v -0.277819 0.091324 -0.040950
v -0.231048 0.064637 -0.040580
v -0.184569 0.091827 -0.040282
v -0.037288 0.232031 -0.043609
v -0.026342 0.269985 -0.012216
v -0.026175 0.238624 -0.012177
v -0.037529 0.276379 -0.043670
v 0.001212 0.210060 -0.043307
v 0.039471 0.232444 -0.043064
v 0.001051 0.223089 -0.011962
v 0.028101 0.238916 -0.011793
v 0.027933 0.270277 -0.011834
v 0.039230 0.276793 -0.043122
v 0.000734 0.298760 -0.043417
v 0.000711 0.285812 -0.012046
v -0.045277 0.227119 -0.125899
v -0.045816 0.281108 -0.039525
v -0.045524 0.227225 -0.039458
v -0.045566 0.280999 -0.125963
v -0.045566 0.280999 -0.125963
v 0.000669 0.308299 -0.039227
v -0.045816 0.281108 -0.039525
v 0.000913 0.308193 -0.125665
v 0.000913 0.308193 -0.125665
v 0.047437 0.281609 -0.038861
v 0.000669 0.308299 -0.039227
v 0.047687 0.281503 -0.125302
v 0.047687 0.281503 -0.125302
v 0.047729 0.227728 -0.038794
v 0.047437 0.281609 -0.038861
v 0.047976 0.227619 -0.125235
v 0.047976 0.227619 -0.125235
v 0.001250 0.200535 -0.039089
v 0.047729 0.227728 -0.038794
v 0.001497 0.200429 -0.125527
v 0.001497 0.200429 -0.125527
v -0.045524 0.227225 -0.039458
v 0.001250 0.200535 -0.039089
v -0.045277 0.227119 -0.125899
v 0.047437 0.281609 -0.038861
v -0.045816 0.281108 -0.039525
v 0.000669 0.308299 -0.039227
v -0.045524 0.227225 -0.039458
v 0.001250 0.200535 -0.039089
v 0.047729 0.227728 -0.038794
v -0.191377 -0.172740 -0.044212
v -0.229794 -0.182095 -0.013117
v -0.202744 -0.166269 -0.012945
v -0.229636 -0.195124 -0.044459
v -0.191618 -0.128391 -0.044273
v -0.230115 -0.106421 -0.044572
v -0.202911 -0.134908 -0.012980
v -0.257019 -0.166561 -0.013332
v -0.257186 -0.135199 -0.013371
v -0.230134 -0.119373 -0.013198
v -0.268374 -0.128805 -0.044819
v -0.268133 -0.173154 -0.044761
v -0.182869 -0.177562 -0.126381
v -0.229598 -0.204650 -0.040244
v -0.183116 -0.177456 -0.039942
v -0.229351 -0.204756 -0.126685
v -0.229351 -0.204756 -0.126685
v -0.276369 -0.177960 -0.040610
v -0.229598 -0.204650 -0.040244
v -0.276125 -0.178066 -0.127051
v -0.276125 -0.178066 -0.127051
v -0.276661 -0.124077 -0.040677
v -0.276369 -0.177960 -0.040610
v -0.276414 -0.124185 -0.127118
v -0.276414 -0.124185 -0.127118
v -0.230179 -0.096886 -0.040379
v -0.276661 -0.124077 -0.040677
v -0.229935 -0.096992 -0.126820
v -0.229935 -0.096992 -0.126820
v -0.183405 -0.123576 -0.040009
v -0.230179 -0.096886 -0.040379
v -0.183157 -0.123682 -0.126451
v -0.183157 -0.123682 -0.126451
v -0.183116 -0.177456 -0.039942
v -0.183405 -0.123576 -0.040009
v -0.182869 -0.177562 -0.126381
v -0.276661 -0.124077 -0.040677
v -0.229598 -0.204650 -0.040244
v -0.276369 -0.177960 -0.040610
v -0.183116 -0.177456 -0.039942
v -0.183405 -0.123576 -0.040009
v -0.230179 -0.096886 -0.040379
v -0.248610 -0.633801 -0.411253
v -0.466067 -0.490113 -0.360247
v -0.248758 -0.633736 -0.358525
v -0.465919 -0.490177 -0.412986
v -0.611914 -0.274197 -0.361563
v -0.611763 -0.274261 -0.414288
v -0.664097 -0.018860 -0.362246
v -0.663949 -0.018924 -0.414975
v -0.614676 0.237026 -0.362211
v -0.614528 0.236959 -0.414936
v -0.471168 0.454502 -0.361448
v -0.471021 0.454434 -0.414183
v -0.255425 0.600461 -0.360087
v -0.255277 0.600393 -0.412819
v -0.000290 0.652683 -0.358326
v -0.000142 0.652615 -0.411054
v 0.255394 0.603214 -0.356433
v 0.255544 0.603149 -0.409171
v 0.472702 0.459590 -0.354707
v 0.472850 0.459526 -0.407439
v 0.618545 0.243674 -0.353398
v 0.618700 0.243609 -0.406133
v 0.670732 -0.011664 -0.352711
v 0.670883 -0.011727 -0.405446
v 0.621311 -0.267546 -0.352753
v 0.621459 -0.267610 -0.405485
v 0.477804 -0.485021 -0.353510
v 0.477951 -0.485085 -0.406241
v 0.262060 -0.630980 -0.354874
v 0.262208 -0.631045 -0.407605
v 0.006926 -0.683202 -0.356632
v 0.007076 -0.683267 -0.409364
v -0.248758 -0.633736 -0.358525
v -0.248610 -0.633801 -0.411253
v 0.255544 0.603149 -0.409171
v -0.000142 0.652615 -0.411054
v -0.255277 0.600393 -0.412819
v 0.472850 0.459526 -0.407439
v 0.618700 0.243609 -0.406133
v -0.471021 0.454434 -0.414183
v -0.614528 0.236959 -0.414936
v -0.663949 -0.018924 -0.414975
v -0.611763 -0.274261 -0.414288
v 0.621459 -0.267610 -0.405485
v 0.670883 -0.011727 -0.405446
v 0.477951 -0.485085 -0.406241
v -0.465919 -0.490177 -0.412986
v -0.248610 -0.633801 -0.411253
v 0.262208 -0.631045 -0.407605
v 0.007076 -0.683267 -0.409364
v 0.255394 0.603214 -0.356433
v -0.255425 0.600461 -0.360087
v -0.000290 0.652683 -0.358326
v 0.472702 0.459590 -0.354707
v 0.618545 0.243674 -0.353398
v -0.471168 0.454502 -0.361448
v -0.614676 0.237026 -0.362211
v 0.670732 -0.011664 -0.352711
v -0.664097 -0.018860 -0.362246
v 0.621311 -0.267546 -0.352753
v -0.611914 -0.274197 -0.361563
v 0.477804 -0.485021 -0.353510
v -0.466067 -0.490113 -0.360247
v -0.248758 -0.633736 -0.358525
v 0.262060 -0.630980 -0.354874
v 0.006926 -0.683202 -0.356632
v -0.528439 0.443115 -4.893959
v -0.594836 0.389558 -4.953746
v -0.527981 0.389918 -4.953265
v -0.610162 0.442675 -4.894543
v -0.680225 0.239628 -4.894793
v -0.640747 -0.067495 -4.972675
v -0.636852 0.239762 -4.973022
v -0.684120 -0.067629 -4.894447
v -0.579789 0.526163 -0.450901
v -0.620246 0.526210 -0.235245
v -0.619630 0.525948 -0.451184
v -0.580405 0.526425 -0.234956
v -0.751299 0.311536 -0.451861
v -0.749480 -0.138767 -0.235351
v -0.748864 -0.139033 -0.451293
v -0.751912 0.311802 -0.235925
v -0.641783 0.504320 -0.451318
v -0.642396 0.504587 -0.235376
v -0.619630 0.525948 -0.451184
v -0.620246 0.526210 -0.235245
v -0.637272 -0.330628 -0.450263
v -0.637885 -0.330361 -0.234318
v -0.615501 -0.351748 -0.234132
v -0.614888 -0.352011 -0.450071
v -0.614888 -0.352011 -0.450071
v -0.575660 -0.351533 -0.233846
v -0.575047 -0.351796 -0.449788
v -0.615501 -0.351748 -0.234132
v -0.471502 -0.137538 -0.449310
v -0.474546 0.313297 -0.233943
v -0.473933 0.313031 -0.449882
v -0.472114 -0.137272 -0.233371
v -0.552897 -0.330172 -0.449657
v -0.553509 -0.329906 -0.233718
v -0.575047 -0.351796 -0.449788
v -0.575660 -0.351533 -0.233846
v -0.557407 0.504776 -0.450713
v -0.558024 0.505042 -0.234774
v -0.580405 0.526425 -0.234956
v -0.579789 0.526163 -0.450901
v -0.474546 0.313297 -0.233943
v -0.749480 -0.138767 -0.235351
v -0.751912 0.311802 -0.235925
v -0.472114 -0.137272 -0.233371
v -0.558024 0.505042 -0.234774
v -0.642396 0.504587 -0.235376
v -0.620246 0.526210 -0.235245
v -0.580405 0.526425 -0.234956
v -0.637885 -0.330361 -0.234318
v -0.553509 -0.329906 -0.233718
v -0.575660 -0.351533 -0.233846
v -0.615501 -0.351748 -0.234132
v -0.471502 -0.137538 -0.449310
v -0.751299 0.311536 -0.451861
v -0.748864 -0.139033 -0.451293
v -0.473933 0.313031 -0.449882
v -0.637272 -0.330628 -0.450263
v -0.552897 -0.330172 -0.449657
v -0.614888 -0.352011 -0.450071
v -0.575047 -0.351796 -0.449788
v -0.557407 0.504776 -0.450713
v -0.641783 0.504320 -0.451318
v -0.579789 0.526163 -0.450901
v -0.619630 0.525948 -0.451184
v -0.541661 0.448829 -0.246667
v -0.608394 0.395417 -0.187704
v -0.623383 0.448390 -0.247251
v -0.541543 0.395777 -0.187223
v -0.693447 0.245339 -0.247501
v -0.654418 -0.061588 -0.168306
v -0.697342 -0.061918 -0.247151
v -0.650523 0.245669 -0.168654
v -0.612125 -0.265159 -0.246295
v -0.530859 -0.211522 -0.186405
v -0.530403 -0.264716 -0.245710
v -0.597713 -0.211882 -0.186880
v -0.601692 -0.170356 -0.167797
v -0.630050 -0.122154 -0.168057
v -0.534840 -0.169997 -0.167322
v -0.500781 -0.074135 -0.167190
v -0.654418 -0.061588 -0.168306
v -0.485127 -0.009238 -0.167158
v -0.486228 0.194086 -0.167418
v -0.650523 0.245669 -0.168654
v -0.627702 0.299286 -0.168560
v -0.502577 0.258811 -0.167617
v -0.604522 0.353940 -0.168461
v -0.537670 0.354300 -0.167983
v -0.608394 0.395417 -0.187704
v -0.541543 0.395777 -0.187223
v -0.484906 -0.009334 -0.245698
v -0.486228 0.194086 -0.167418
v -0.486003 0.193990 -0.245957
v -0.485127 -0.009238 -0.167158
v -0.500559 -0.074232 -0.245726
v -0.500781 -0.074135 -0.167190
v -0.534612 -0.170093 -0.245852
v -0.534840 -0.169997 -0.167322
v -0.530403 -0.264716 -0.245710
v -0.530859 -0.211522 -0.186405
v -0.502577 0.258811 -0.167617
v -0.502356 0.258714 -0.246153
v -0.537670 0.354300 -0.167983
v -0.537449 0.354203 -0.246519
v -0.541543 0.395777 -0.187223
v -0.541661 0.448829 -0.246667
v -0.627702 0.299286 -0.168560
v -0.619171 0.353764 -0.247109
v -0.604522 0.353940 -0.168461
v -0.642348 0.299110 -0.247203
v -0.623383 0.448390 -0.247251
v -0.608394 0.395417 -0.187704
v -0.644699 -0.122334 -0.246705
v -0.601692 -0.170356 -0.167797
v -0.616341 -0.170533 -0.246445
v -0.630050 -0.122154 -0.168057
v -0.597713 -0.211882 -0.186880
v -0.612125 -0.265159 -0.246295
v -0.650523 0.245669 -0.168654
v -0.727128 0.293605 -0.261903
v -0.727195 0.293634 -0.239224
v -0.693447 0.245339 -0.247501
v -0.642348 0.299110 -0.247203
v -0.713489 0.324199 -0.239163
v -0.713428 0.324170 -0.261839
v -0.627702 0.299286 -0.168560
v -0.627702 0.299286 -0.168560
v -0.727195 0.293634 -0.239224
v -0.713489 0.324199 -0.239163
v -0.650523 0.245669 -0.168654
v 0.002126 -0.014743 0.062897
v -0.116893 0.147370 0.055300
v -0.061011 0.176248 0.055660
v -0.161126 0.102620 0.055037
v -0.189375 0.046385 0.054906
v -0.198878 -0.015837 0.054912
v -0.188702 -0.077954 0.055062
v -0.159846 -0.133881 0.055335
v -0.115135 -0.178149 0.055714
v -0.058941 -0.206421 0.056144
v 0.003230 -0.215934 0.056602
v 0.065298 -0.205753 0.057032
v 0.121180 -0.176875 0.057398
v 0.165413 -0.132126 0.057661
v 0.193662 -0.075891 0.057792
v 0.203165 -0.013668 0.057783
v 0.192992 0.048448 0.057636
v 0.164136 0.104375 0.057362
v 0.119422 0.148643 0.056985
v 0.063228 0.176915 0.056548
v 0.001058 0.186428 0.056090
v -0.117281 0.148351 -0.117846
v -0.105565 0.312271 -0.117965
v -0.060982 0.177444 -0.117480
v -0.201307 0.262795 -0.118584
v -0.161838 0.103274 -0.118109
v -0.277094 0.186132 -0.119040
v -0.190296 0.046622 -0.118245
v -0.325491 0.089780 -0.119264
v -0.199870 -0.016059 -0.118238
v -0.341773 -0.016822 -0.119249
v -0.189619 -0.078631 -0.118087
v -0.324343 -0.123245 -0.118992
v -0.160552 -0.134972 -0.117808
v -0.274903 -0.219068 -0.118521
v -0.115507 -0.179567 -0.117429
v -0.198298 -0.294910 -0.117882
v -0.058899 -0.208047 -0.116993
v -0.102023 -0.343352 -0.117135
v 0.003730 -0.217631 -0.116534
v 0.004500 -0.359647 -0.116351
v 0.066254 -0.207374 -0.116098
v 0.110836 -0.342203 -0.115613
v 0.122553 -0.178284 -0.115732
v 0.206582 -0.292728 -0.114991
v 0.167110 -0.133204 -0.115472
v 0.282362 -0.216062 -0.114542
v 0.195568 -0.076555 -0.115338
v 0.330767 -0.119713 -0.114314
v 0.205138 -0.013874 -0.115344
v 0.347042 -0.013107 -0.114333
v 0.194891 0.048701 -0.115495
v 0.329615 0.093313 -0.114584
v 0.165821 0.105042 -0.115771
v 0.280175 0.189135 -0.115056
v 0.120779 0.149635 -0.116146
v 0.203569 0.264980 -0.115700
v 0.064172 0.178118 -0.116585
v 0.107294 0.313419 -0.116448
v 0.001539 0.187698 -0.117047
v 0.000772 0.329714 -0.117227
v -0.116893 0.147370 0.055300
v -0.060885 0.177403 -0.151226
v -0.061011 0.176248 0.055660
v -0.117185 0.148310 -0.151594
v -0.161126 0.102620 0.055037
v -0.161742 0.103233 -0.151857
v -0.189375 0.046385 0.054906
v -0.190203 0.046581 -0.151992
v -0.198878 -0.015837 0.054912
v -0.199777 -0.016097 -0.151983
v -0.188702 -0.077954 0.055062
v -0.189523 -0.078672 -0.151832
v -0.159846 -0.133881 0.055335
v -0.160452 -0.135013 -0.151550
v -0.115135 -0.178149 0.055714
v -0.115411 -0.179609 -0.151177
v -0.058941 -0.206421 0.056144
v -0.058803 -0.208089 -0.150741
v 0.003230 -0.215934 0.056602
v 0.003826 -0.217672 -0.150279
v 0.001635 0.187657 -0.150793
v 0.001058 0.186428 0.056090
v 0.063228 0.176915 0.056548
v 0.064268 0.178077 -0.150334
v 0.120875 0.149593 -0.149888
v 0.165920 0.105001 -0.149519
v 0.119422 0.148643 0.056985
v 0.164136 0.104375 0.057362
v 0.192992 0.048448 0.057636
v 0.194987 0.048660 -0.149240
v 0.205235 -0.013915 -0.149092
v 0.195664 -0.076596 -0.149085
v 0.203165 -0.013668 0.057783
v 0.193662 -0.075891 0.057792
v 0.167207 -0.133246 -0.149217
v 0.165413 -0.132126 0.057661
v 0.121180 -0.176875 0.057398
v 0.122650 -0.178326 -0.149480
v 0.066350 -0.207416 -0.149846
v 0.065298 -0.205753 0.057032
v 0.003826 -0.217672 -0.150279
v 0.003230 -0.215934 0.056602
v -0.243801 0.320933 -0.220878
v -0.145360 0.433388 -0.220307
v -0.127971 0.380790 -0.220121
v -0.276580 0.365580 -0.221164
v -0.335479 0.228187 -0.221414
v -0.380440 0.260511 -0.221777
v -0.394030 0.111629 -0.221690
v -0.446772 0.128463 -0.222088
v -0.413729 -0.017335 -0.221677
v -0.469089 -0.017634 -0.222072
v -0.392641 -0.146082 -0.221363
v -0.445193 -0.163487 -0.221719
v -0.332832 -0.262005 -0.220791
v -0.377440 -0.294810 -0.221074
v -0.240156 -0.353757 -0.220021
v -0.272451 -0.398753 -0.220195
v -0.123685 -0.412360 -0.219117
v -0.140506 -0.465140 -0.219171
v 0.005180 -0.432075 -0.218170
v 0.005478 -0.487476 -0.218100
v 0.000371 0.457293 -0.219303
v 0.000672 0.401891 -0.219229
v 0.129538 0.382176 -0.218280
v 0.146362 0.434960 -0.218225
v 0.278304 0.368573 -0.217202
v 0.383293 0.264630 -0.216322
v 0.246006 0.323576 -0.217381
v 0.338681 0.231822 -0.216598
v 0.398490 0.115899 -0.216034
v 0.451046 0.133304 -0.215678
v 0.474935 -0.012545 -0.215331
v 0.452625 -0.158646 -0.215305
v 0.419579 -0.012844 -0.215725
v 0.399883 -0.141809 -0.215706
v 0.341332 -0.258370 -0.215979
v 0.386293 -0.290694 -0.215614
v 0.282433 -0.395763 -0.216233
v 0.151216 -0.463567 -0.217082
v 0.249651 -0.351116 -0.216528
v 0.133821 -0.410970 -0.217272
v 0.005478 -0.487476 -0.218100
v 0.005180 -0.432075 -0.218170
v -0.276580 0.365580 -0.221164
v -0.144966 0.433214 -0.359092
v -0.145360 0.433388 -0.220307
v -0.276186 0.365410 -0.359942
v -0.380440 0.260511 -0.221777
v -0.380045 0.260341 -0.360559
v -0.446772 0.128463 -0.222088
v -0.446377 0.128293 -0.360870
v -0.469089 -0.017634 -0.222072
v -0.468691 -0.017807 -0.360847
v -0.445193 -0.163487 -0.221719
v -0.444799 -0.163657 -0.360498
v -0.377440 -0.294810 -0.221074
v -0.377046 -0.294980 -0.359853
v -0.272451 -0.398753 -0.220195
v -0.272057 -0.398923 -0.358977
v -0.140506 -0.465140 -0.219171
v -0.140112 -0.465313 -0.357953
v 0.005478 -0.487476 -0.218100
v 0.005873 -0.487646 -0.356879
v 0.000769 0.457123 -0.358079
v 0.000371 0.457293 -0.219303
v 0.146362 0.434960 -0.218225
v 0.146757 0.434790 -0.357010
v 0.278698 0.368403 -0.355980
v 0.383688 0.264457 -0.355105
v 0.278304 0.368573 -0.217202
v 0.383293 0.264630 -0.216322
v 0.451046 0.133304 -0.215678
v 0.451444 0.133135 -0.354456
v 0.475333 -0.012716 -0.354107
v 0.453019 -0.158816 -0.354088
v 0.474935 -0.012545 -0.215331
v 0.452625 -0.158646 -0.215305
v 0.386688 -0.290864 -0.354402
v 0.386293 -0.290694 -0.215614
v 0.282433 -0.395763 -0.216233
v 0.282827 -0.395933 -0.355015
v 0.151608 -0.463737 -0.355871
v 0.151216 -0.463567 -0.217082
v 0.005873 -0.487646 -0.356879
v 0.005478 -0.487476 -0.218100
v 0.750003 0.668230 0.512757
v 0.592901 0.808744 0.142669
v 0.591856 0.809197 0.511448
v 0.751049 0.667775 0.144029
v 0.875403 0.497435 0.513865
v 0.876456 0.496980 0.145139
v 0.901494 0.443651 0.145662
v 0.899912 0.442859 0.512362
v 0.896495 0.424411 0.496604
v 0.897952 0.424116 0.138267
v 0.884383 0.407962 0.477530
v 0.882607 0.406611 0.126101
v 0.836753 0.389569 0.440150
v 0.407878 0.914180 0.510011
v 0.408931 0.913727 0.141286
v 0.206114 0.978587 0.508484
v 0.207163 0.978134 0.139759
v 0.148669 0.984855 0.139614
v 0.146622 0.984400 0.506312
v 0.130321 0.975211 0.490447
v 0.131334 0.975233 0.132107
v 0.118706 0.958406 0.471379
v 0.119723 0.955050 0.119976
v 0.116679 0.907230 0.434369
v 0.882607 0.406611 0.126101
v 0.982619 0.168041 0.139188
v 0.897952 0.424116 0.138267
v 0.959888 0.172885 0.126941
v 0.333859 0.221417 -0.217516
v 0.409505 -0.007374 -0.216698
v 0.997099 0.154508 0.146705
v 0.901494 0.443651 0.145662
v 0.912517 0.160421 0.440975
v 0.335634 0.222768 0.134776
v 0.836753 0.389569 0.440150
v 0.411282 -0.006020 0.135601
v 0.333859 0.221417 -0.217516
v 0.836753 0.389569 0.440150
v 0.335634 0.222768 0.134776
v 0.882607 0.406611 0.126101
v 0.409505 -0.007374 -0.216698
v 0.912517 0.160421 0.440975
v 0.959888 0.172885 0.126941
v 0.411282 -0.006020 0.135601
v -0.838934 0.380534 0.428186
v -0.407502 -0.010434 0.129752
v -0.912221 0.150585 0.427943
v -0.334327 0.219156 0.129996
v -0.403713 -0.011756 -0.222502
v -0.912221 0.150585 0.427943
v -0.407502 -0.010434 0.129752
v -0.957940 0.162545 0.113245
v -0.330541 0.217834 -0.222258
v -0.838934 0.380534 0.428186
v -0.883183 0.397092 0.113492
v -0.334327 0.219156 0.129996
v 0.116679 0.907230 0.434369
v -0.120589 0.376341 0.131330
v -0.124493 0.905928 0.432649
v 0.120208 0.377640 0.133047
v 0.121225 0.374281 -0.219226
v 0.116679 0.907230 0.434369
v 0.119723 0.955050 0.119976
v 0.120208 0.377640 0.133047
v -0.119569 0.372981 -0.282747
v -0.124493 0.905928 0.370844
v -0.120589 0.376341 0.069525
v -0.126271 0.953722 0.056413
v -0.702147 0.366235 -0.295876
v -0.680196 0.376485 -0.295732
v -0.658139 0.366472 -0.295564
v -0.648892 0.342057 -0.295472
v -0.711128 0.341720 -0.295911
v -0.701884 0.317305 -0.295815
v -0.657873 0.317542 -0.295504
v -0.679821 0.307291 -0.295641
v -0.615725 0.513307 -0.295443
v -0.593774 0.523561 -0.295295
v -0.571713 0.513544 -0.295125
v -0.562470 0.489132 -0.295032
v -0.624705 0.488795 -0.295475
v -0.615462 0.464380 -0.295382
v -0.571450 0.464617 -0.295064
v -0.593402 0.454364 -0.295208
v -0.755614 0.660110 0.440198
v -0.597954 0.802321 0.072362
v -0.754568 0.659657 0.071470
v -0.599000 0.802774 0.441144
v -0.879170 0.487974 0.439524
v -0.878120 0.487521 0.070796
v -0.902584 0.433923 0.070976
v -0.903071 0.433138 0.437686
v -0.899366 0.414728 0.421975
v -0.898785 0.414427 0.063632
v -0.886972 0.398411 0.403078
v -0.883183 0.397092 0.051687
v -0.838934 0.380534 0.366381
v -0.416174 0.909736 0.442316
v -0.415125 0.909283 0.073593
v -0.215116 0.976315 0.443676
v -0.214066 0.975863 0.074951
v -0.155649 0.983216 0.075640
v -0.155678 0.982770 0.442348
v -0.139191 0.973758 0.426723
v -0.138174 0.973780 0.068377
v -0.126271 0.953722 0.056413
v -0.127288 0.957081 0.407820
v -0.124493 0.905928 0.370844
v -0.403713 -0.011756 -0.284307
v -0.883183 0.397092 0.051687
v -0.957940 0.162545 0.051440
v -0.330541 0.217834 -0.284063
v -0.898785 0.414427 0.063632
v -0.980687 0.157457 0.063356
v -0.902584 0.433923 0.070976
v -0.995057 0.143767 0.070668
v -0.138174 0.973780 0.068377
v 0.148669 0.984855 0.077809
v -0.155649 0.983216 0.075640
v 0.131334 0.975233 0.070302
v -0.126271 0.953722 0.056413
v -0.119569 0.372981 -0.282747
v 0.119723 0.955050 0.058171
v 0.121225 0.374281 -0.281031
v 1.229614 -0.406459 0.473009
v 1.240622 -0.137850 0.512407
v 1.284243 -0.142235 0.473073
v 1.187846 -0.393113 0.512343
v 1.083194 -0.631815 0.511891
v 1.121289 -0.653538 0.472537
v 1.232447 -0.407682 -0.522348
v 1.243680 -0.139168 -0.562253
v 1.190903 -0.394431 -0.562315
v 1.287075 -0.143461 -0.522281
v 1.086251 -0.633137 -0.562773
v 1.124121 -0.654760 -0.522820
v 0.963998 -0.872679 0.471684
v 0.934292 -0.844847 -0.563598
v 0.966831 -0.873905 -0.523677
v 0.741674 -1.020310 -0.564759
v 0.767451 -1.055524 -0.524880
v 0.764620 -1.054302 0.470481
v 0.531867 -1.190469 0.468982
v 0.738617 -1.018991 0.509905
v 0.534696 -1.191691 -0.526375
v 0.278737 -1.276452 -0.528101
v 0.516813 -1.151860 -0.566203
v 0.493678 -1.100524 -0.583034
v 0.708376 -0.974918 -0.581657
v 0.269526 -1.233746 -0.567872
v 0.010766 -1.306100 -0.529977
v 0.010644 -1.262390 -0.569681
v 0.257572 -1.178707 -0.584628
v 0.010384 -1.206055 -0.586361
v 0.010031 -1.138802 -0.589495
v 0.243244 -1.112995 -0.584343
v 0.466009 -1.039226 -0.582841
v 0.668576 -0.920717 -0.581542
v 0.892292 -0.807383 -0.580547
v 0.842105 -0.762650 -0.580493
v 0.978997 -0.571925 -0.579749
v 1.037379 -0.605243 -0.579758
v 1.073283 -0.356891 -0.582857
v 1.137298 -0.377328 -0.579325
v 1.187691 -0.133599 -0.579265
v 1.120817 -0.126932 -0.579283
v 1.186347 0.115287 -0.579578
v 1.119550 0.107898 -0.579582
v 1.069523 0.337327 -0.580220
v 1.030946 0.585279 -0.581266
v 0.972927 0.551338 -0.581173
v 1.133327 0.358454 -0.580259
v 1.079514 0.613740 -0.564352
v 1.242271 0.121501 -0.562584
v 1.186742 0.376177 -0.563290
v 1.285619 0.126358 -0.522624
v 1.228139 0.389973 -0.523362
v 1.117150 0.635871 -0.524456
v 1.114317 0.637094 0.470898
v 0.957498 0.853305 -0.525868
v 1.225305 0.391199 0.471998
v 1.282782 0.127581 0.472730
v 1.183681 0.377499 0.511367
v 1.239211 0.122823 0.512076
v 1.130176 0.359818 0.527611
v 1.076456 0.615059 0.510309
v 1.027796 0.586642 0.526601
v 0.922223 0.825120 0.508949
v 0.954668 0.854527 0.469489
v 0.753337 1.033988 0.467834
v 0.756169 1.032765 -0.527527
v 0.925277 0.823798 -0.565712
v 0.730773 0.997175 -0.567316
v 0.504503 1.126294 -0.569090
v 0.521960 1.166414 -0.529366
v 0.519126 1.167637 0.465995
v 0.501446 1.127616 0.505570
v 0.253295 1.206829 0.503700
v 0.262266 1.249635 0.464058
v -0.005888 1.232682 0.501813
v -0.006010 1.276392 0.462110
v 0.265099 1.248409 -0.531303
v 0.256349 1.205510 -0.570964
v -0.002831 1.231360 -0.572848
v -0.003181 1.275166 -0.533251
v -0.271152 1.245518 -0.535127
v -0.273985 1.246741 0.460230
v -0.527115 1.160758 -0.536857
v -0.261717 1.202716 -0.574664
v -0.249666 1.147636 -0.591112
v -0.002478 1.174987 -0.589380
v -0.508997 1.120830 -0.576329
v -0.759865 1.024590 -0.538355
v -0.733858 0.989280 -0.577772
v -0.485769 1.069452 -0.592703
v -0.660664 0.889642 -0.596781
v -0.458107 1.008157 -0.591966
v -0.700470 0.943847 -0.594083
v -0.884386 0.776312 -0.595193
v -1.029472 0.574169 -0.595980
v -0.834202 0.731578 -0.594311
v -0.926483 0.813813 -0.578937
v -0.959243 0.842971 -0.539551
v -1.078438 0.602103 -0.579762
v -1.116537 0.623827 -0.540411
v -1.183090 0.363401 -0.580214
v -1.129395 0.346256 -0.596416
v -1.065370 0.325816 -0.595466
v -1.235867 0.108139 -0.580278
v -1.179785 0.102530 -0.596477
v -1.234458 -0.152531 -0.579948
v -1.178441 -0.146358 -0.596162
v -1.111647 -0.138966 -0.595228
v -1.112914 0.095860 -0.595521
v -1.278030 -0.157289 -0.540604
v -1.280863 -0.156066 0.454757
v -1.282323 0.113750 0.454414
v -1.279490 0.112528 -0.540944
v -1.224862 0.376748 -0.540880
v -1.227692 0.377971 0.454478
v -1.119366 0.625053 0.454949
v -1.186148 0.364723 0.494446
v -1.081496 0.603426 0.494899
v -1.132546 0.347617 0.511454
v -1.238924 0.109460 0.494383
v -1.237519 -0.151209 0.494710
v -1.182936 0.103891 0.511393
v -1.114794 -0.137606 0.511711
v -1.116062 0.097220 0.511413
v -1.181592 -0.144994 0.511711
v -1.068521 0.327176 0.511464
v -1.032623 0.575532 0.511887
v -0.974241 0.542217 0.511874
v -0.837349 0.732938 0.512622
v -0.887537 0.777672 0.512673
v -0.663824 0.891009 0.513668
v -0.703623 0.945207 0.513783
v -0.488923 1.070813 0.515163
v -0.461254 1.009518 0.514970
v -0.512058 1.122149 0.498331
v -0.736919 0.990598 0.496888
v -0.252820 1.148999 0.516757
v -0.461254 1.009518 0.514970
v -0.238488 1.083286 0.516469
v -0.005266 1.109091 0.518108
v 0.241842 1.151665 0.520289
v -0.005632 1.176347 0.518493
v 0.228222 1.085802 0.519805
v 0.451774 1.014440 0.521490
v 0.478772 1.076030 0.522077
v 0.655611 0.898122 0.523090
v 0.694817 0.952747 0.523771
v 0.880530 0.787207 0.525301
v 0.830830 0.741932 0.524531
v 0.969779 0.552699 0.525760
v 1.066375 0.338688 0.526709
v 1.116403 0.109258 0.527354
v 1.183196 0.116650 0.528288
v 1.184541 -0.132238 0.528605
v 1.117667 -0.125568 0.527653
v 1.070123 -0.355527 0.527592
v 1.034228 -0.603880 0.528112
v 0.975843 -0.570564 0.527181
v 1.134148 -0.375965 0.528544
v 0.889138 -0.806023 0.527322
v 0.838954 -0.761286 0.526440
v 0.665429 -0.919357 0.525392
v 0.490524 -1.099160 0.524836
v 0.705225 -0.973555 0.526215
v 0.462862 -1.037865 0.524095
v 0.240093 -1.111634 0.522587
v 0.254421 -1.177344 0.523241
v 0.006871 -1.137439 0.520954
v 0.007234 -1.204695 0.521509
v -0.240237 -1.180013 0.519709
v -0.226617 -1.114150 0.519257
v -0.477171 -1.104377 0.517922
v -0.450167 -1.042787 0.517572
v -0.654007 -0.926470 0.515971
v -0.878929 -0.815555 0.514695
v -0.693215 -0.981094 0.516228
v -0.829229 -0.770282 0.514528
v -0.968171 -0.581046 0.513299
v -1.026194 -0.614990 0.513398
v -1.064771 -0.367039 0.512343
v -1.128571 -0.388166 0.512385
v -1.181592 -0.144994 0.511711
v -1.114794 -0.137606 0.511711
v -1.237519 -0.151209 0.494710
v -1.181983 -0.405888 0.495419
v -1.223386 -0.419684 0.455488
v -1.074758 -0.643448 0.496477
v -1.112395 -0.665582 0.456582
v -0.920521 -0.853509 0.497844
v -0.952746 -0.883013 0.457997
v -0.726017 -1.026887 0.499445
v -0.751414 -1.062473 0.459656
v -0.517204 -1.196122 0.461491
v -0.499748 -1.156002 0.501220
v -0.251597 -1.235219 0.503093
v -0.260343 -1.278120 0.463432
v 0.007936 -1.304878 0.465383
v -0.257510 -1.279343 -0.531929
v -0.248540 -1.236540 -0.571571
v -0.496693 -1.157324 -0.573444
v -0.514374 -1.197348 -0.533869
v -0.722960 -1.028208 -0.575218
v -0.748585 -1.063699 -0.535704
v -0.949913 -0.884235 -0.537364
v -1.109565 -0.666805 -0.538775
v -0.917464 -0.854831 -0.576816
v -0.875778 -0.816915 -0.593172
v -0.690062 -0.982458 -0.591642
v -1.071703 -0.644770 -0.578183
v -1.220550 -0.420906 -0.539866
v -1.178926 -0.407210 -0.579238
v -1.023043 -0.616351 -0.594471
v -1.125420 -0.389526 -0.595482
v -1.061607 -0.368403 -0.598103
v -0.965024 -0.582410 -0.593631
v -0.826078 -0.771643 -0.592405
v -0.650856 -0.927833 -0.590962
v -0.474020 -1.105737 -0.589944
v -0.447016 -1.044147 -0.589364
v -0.223467 -1.115510 -0.587676
v -0.237086 -1.181373 -0.588163
v -1.178441 -0.146358 -0.596162
v -1.111647 -0.138966 -0.595228
v -1.234458 -0.152531 -0.579948
v -1.278030 -0.157289 -0.540604
v -1.280863 -0.156066 0.454757
v 0.266472 -1.232427 0.506789
v 0.275907 -1.275229 0.467260
v 0.007587 -1.261068 0.504977
v 0.513753 -1.150538 0.508461
v 0.931238 -0.843525 0.511066
v 0.727718 0.998497 0.507347
v -0.264774 1.204038 0.500000
v -0.529944 1.161980 0.458500
v -0.762698 1.025813 0.457006
v -0.929540 0.815135 0.495724
v -0.962076 0.844193 0.455806
v -0.971091 0.540856 -0.595059
v -0.235341 1.081923 -0.590465
v -0.002115 1.107728 -0.588831
v 0.244992 1.150302 -0.587580
v 0.231373 1.084441 -0.587128
v 0.454922 1.013079 -0.585447
v 0.658768 0.896755 -0.587362
v 0.481923 1.074669 -0.585793
v 0.697967 0.951386 -0.584096
v 0.883684 0.785844 -0.582569
v 0.833984 0.740571 -0.582398
v 0.830833 0.741932 0.524531
v 0.649663 0.889960 0.547380
v 0.655614 0.898122 0.523090
v 0.823314 0.735175 0.548815
v 0.969782 0.552699 0.525760
v 0.961011 0.547639 0.550031
v 1.056738 0.335550 0.550974
v 1.066375 0.338688 0.526709
v 1.116406 0.109258 0.527354
v 1.117670 -0.125568 0.527653
v 1.107573 -0.124538 0.551904
v 1.106316 0.108180 0.551609
v 1.060456 -0.352431 0.551847
v 1.070126 -0.355527 0.527592
v 0.975847 -0.570564 0.527181
v 0.967023 -0.565540 0.551442
v 0.838957 -0.761286 0.526440
v 0.831360 -0.754549 0.550704
v 0.659394 -0.911198 0.549668
v 0.665432 -0.919357 0.525392
v 0.462866 -1.037865 0.524095
v 0.458643 -1.028645 0.548379
v 0.237879 -1.101750 0.546893
v 0.006752 -1.127320 0.545269
v 0.240096 -1.111634 0.522587
v 0.006874 -1.137439 0.520954
v -0.226614 -1.114150 0.519257
v -0.224644 -1.104242 0.543582
v -0.450163 -1.042787 0.517572
v -0.446182 -1.033521 0.541914
v -0.648193 -0.918250 0.540329
v -0.654003 -0.926470 0.515971
v -0.829225 -0.770282 0.514528
v -0.968168 -0.581046 0.513299
v -0.959538 -0.575926 0.537682
v -0.821840 -0.763465 0.538901
v -1.055268 -0.363840 0.536739
v -1.064767 -0.367039 0.512343
v -1.114791 -0.137606 0.511711
v -1.104842 -0.136467 0.536100
v -1.116059 0.097220 0.511413
v -1.106100 0.096252 0.535808
v -1.058986 0.324141 0.535866
v -1.068518 0.327176 0.511464
v -0.974238 0.542217 0.511874
v -0.965550 0.537251 0.536273
v -0.829890 0.726259 0.537011
v -0.657921 0.882911 0.538048
v -0.837346 0.732938 0.512622
v -0.663821 0.891009 0.513668
v -0.461251 1.009518 0.514970
v -0.457170 1.000355 0.539334
v -0.238485 1.083286 0.516469
v -0.236406 1.073462 0.540829
v -0.005279 1.099033 0.542446
v -0.005263 1.109091 0.518108
v 0.228226 1.085802 0.519805
v 0.451778 1.014440 0.521490
v 0.447655 1.005235 0.545796
v 0.226114 1.075955 0.544127
v 0.649663 0.889960 0.547380
v 0.754305 0.672183 0.514473
v 0.595244 0.813965 0.513157
v 0.823314 0.735175 0.548815
v 0.410208 0.919553 0.511708
v 0.447655 1.005235 0.545796
v 0.207279 0.984336 0.510180
v 0.226114 1.075955 0.544127
v -0.005279 1.099033 0.542446
v 0.148111 0.990249 0.509750
v -0.004676 1.005472 0.508633
v 0.146622 0.984400 0.499644
v 0.206114 0.978587 0.501817
v 0.130321 0.975211 0.483779
v -0.004602 0.996120 0.499952
v -0.157289 0.988603 0.507569
v -0.004512 0.985347 0.489852
v -0.155678 0.982770 0.497485
v -0.139191 0.973758 0.481860
v -0.215116 0.976315 0.498813
v -0.216389 0.982051 0.507152
v -0.416174 0.909736 0.497453
v -0.418606 0.915084 0.505785
v -0.599000 0.802774 0.496282
v -0.760009 0.664017 0.503655
v -0.602491 0.807506 0.504604
v -0.755614 0.660110 0.495335
v -0.884280 0.490887 0.502981
v -0.879170 0.487974 0.494661
v -0.903071 0.433138 0.492823
v -0.899366 0.414728 0.477113
v -0.960940 0.292831 0.493978
v -0.908179 0.436397 0.502881
v -0.969859 0.295681 0.502606
v -1.000983 0.145211 0.502580
v -1.058986 0.324141 0.535866
v -1.106100 0.096252 0.535808
v -0.965550 0.537251 0.536273
v -0.829890 0.726259 0.537011
v -0.657921 0.882911 0.538048
v -0.457170 1.000355 0.539334
v -0.236406 1.073462 0.540829
v -1.104842 -0.136467 0.536100
v -1.013017 0.086935 0.502557
v -1.011868 -0.126232 0.502824
v -1.006023 -0.125600 0.494511
v -1.007172 0.086344 0.494245
v -0.994935 0.144902 0.492515
v -0.950667 0.289549 0.483949
v -0.981264 0.157755 0.476840
v -0.961723 0.163864 0.457965
v -0.886972 0.398411 0.458215
v -0.838934 0.380534 0.421518
v -0.912221 0.150585 0.421275
v -0.960872 -0.332671 0.495088
v -0.873693 -0.525828 0.495951
v -0.878765 -0.528773 0.504274
v -0.966452 -0.334503 0.503408
v -1.055268 -0.363840 0.536739
v -0.959538 -0.575926 0.537682
v -0.752640 -0.700556 0.505387
v -0.821840 -0.763465 0.538901
v -0.648193 -0.918250 0.540329
v -0.708243 -0.740143 0.505759
v -0.593581 -0.842334 0.506693
v -0.703559 -0.736325 0.495682
v -0.748286 -0.696622 0.497055
v -0.684906 -0.738546 0.480064
v -0.588108 -0.834760 0.498033
v -0.460205 -0.918462 0.507749
v -0.581803 -0.826030 0.487950
v -0.458033 -0.912837 0.497652
v -0.466012 -0.895907 0.481818
v -0.406167 -0.942572 0.499802
v -0.408542 -0.947927 0.508146
v -0.204403 -1.006979 0.501326
v -0.205613 -1.012706 0.509680
v 0.006335 -1.027997 0.502859
v 0.216829 -1.004707 0.504332
v 0.218055 -1.010421 0.512708
v 0.006342 -1.033842 0.511217
v 0.006752 -1.127320 0.545269
v 0.237879 -1.101750 0.546893
v -0.224644 -1.104242 0.543582
v -0.446182 -1.033521 0.541914
v 0.420272 -0.943457 0.514069
v 0.458643 -1.028645 0.548379
v 0.471615 -0.913437 0.514406
v 0.659394 -0.911198 0.549668
v 0.831360 -0.754549 0.550704
v 0.717712 -0.732456 0.515939
v 0.604157 -0.835876 0.515249
v 0.598654 -0.828362 0.506504
v 0.469439 -0.907836 0.504277
v 0.417888 -0.938128 0.505689
v 0.477326 -0.890822 0.488556
v 0.592315 -0.819700 0.496337
v 0.476963 -0.870404 0.469522
v 0.448762 -0.827827 0.432206
v 0.675192 -0.724625 0.470760
v 0.694503 -0.731109 0.489910
v 0.643109 -0.684906 0.433422
v 0.713043 -0.728690 0.505798
v 0.757331 -0.688502 0.507809
v 0.761675 -0.692391 0.516203
v 0.880883 -0.516367 0.508480
v 0.885943 -0.519257 0.516873
v 0.965971 -0.322283 0.508852
v 1.014683 -0.115305 0.517299
v 0.971525 -0.324054 0.517245
v 1.008882 -0.114737 0.508900
v 1.013534 0.097862 0.517030
v 1.007737 0.097208 0.508630
v 0.994881 0.155631 0.506728
v 0.981162 0.168340 0.490851
v 0.959285 0.303185 0.507687
v 1.000868 0.156004 0.516873
v 0.968121 0.306130 0.516443
v 0.904926 0.446173 0.515827
v 1.056738 0.335550 0.550974
v 0.961011 0.547639 0.550031
v 1.106316 0.108180 0.551609
v 1.107573 -0.124538 0.551904
v 1.060456 -0.352431 0.551847
v 0.967023 -0.565540 0.551442
v 0.880434 0.500403 0.515584
v 0.750003 0.668230 0.506089
v 0.875403 0.497435 0.507197
v 0.899912 0.442859 0.505695
v 0.949102 0.299791 0.497511
v 0.896495 0.424411 0.489936
v 0.884383 0.407962 0.470862
v 0.961663 0.174236 0.471700
v 0.912517 0.160421 0.434307
v 0.836753 0.389569 0.433482
v 0.591856 0.809197 0.504781
v 0.407878 0.914180 0.503343
v -0.465762 -0.875489 0.462790
v -0.665557 -0.731856 0.461186
v -0.633692 -0.691791 0.424307
v -0.437818 -0.832607 0.425875
v -0.127288 0.957081 0.462957
v 0.118706 0.958406 0.464712
v 0.116679 0.907230 0.427701
v -0.124493 0.905928 0.425981
v -0.202183 0.263174 0.181334
v -0.129133 0.381291 0.181713
v -0.106437 0.312649 0.181960
v -0.244959 0.321437 0.180956
v -0.277963 0.186508 0.180889
v -0.336640 0.228691 0.180417
v -0.326364 0.090159 0.180661
v -0.395192 0.112130 0.180141
v -0.342646 -0.016447 0.180676
v -0.414891 -0.016835 0.180160
v -0.325215 -0.122867 0.180930
v -0.393799 -0.145582 0.180468
v -0.275775 -0.218690 0.181405
v -0.333993 -0.261501 0.181036
v -0.199170 -0.294534 0.182043
v -0.241318 -0.353256 0.181809
v -0.102892 -0.342974 0.182794
v -0.124846 -0.411856 0.182720
v 0.003624 -0.359268 0.183574
v 0.004015 -0.431571 0.183664
v 0.109964 -0.341825 0.184315
v 0.132663 -0.410466 0.184559
v 0.205710 -0.292349 0.184931
v 0.248489 -0.350615 0.185312
v 0.281493 -0.215684 0.185384
v 0.340170 -0.257866 0.185852
v 0.329891 -0.119334 0.185605
v 0.398721 -0.141305 0.186128
v 0.346173 -0.012732 0.185595
v 0.418417 -0.012343 0.186112
v 0.328739 0.093692 0.185335
v 0.397329 0.116403 0.185804
v 0.279305 0.189511 0.184866
v 0.337520 0.232326 0.185232
v 0.202694 0.265355 0.184229
v 0.244845 0.324077 0.184456
v 0.106422 0.313798 0.183480
v 0.128376 0.382681 0.183552
v -0.000101 0.330093 0.182695
v -0.000489 0.402396 0.182605
v 0.751049 0.667775 0.137361
v 0.594936 0.807862 -0.579502
v 0.592901 0.808744 0.136001
v 0.753064 0.666905 -0.571159
v 0.876456 0.496980 0.138471
v 0.878471 0.496110 -0.570050
v 0.901494 0.443651 0.138994
v 0.997099 0.154508 0.140037
v 0.965653 0.302957 -0.569197
v 1.010804 0.095883 -0.568615
v 1.008786 0.096755 0.139905
v 1.011946 -0.116059 -0.568349
v 1.009932 -0.115189 0.140175
v 0.969054 -0.323618 -0.575437
v 0.967020 -0.322738 0.140066
v 0.881933 -0.516819 0.139755
v 0.883947 -0.517692 -0.568767
v 0.758377 -0.688955 0.139078
v 0.760395 -0.689827 -0.569440
v 0.715437 -0.729271 0.139107
v 0.603781 -0.832491 -0.570384
v 0.420952 -0.939454 -0.571558
v 0.470203 -0.909610 0.137573
v 0.418934 -0.938581 0.136963
v 0.217875 -1.005163 0.135606
v 0.219894 -1.006032 -0.572915
v 0.009419 -1.029331 -0.581429
v 0.007381 -1.028452 0.134073
v 0.408931 0.913727 0.134618
v 0.410946 0.912854 -0.573906
v 0.207163 0.978134 0.133091
v 0.209178 0.977261 -0.575430
v 0.148669 0.984855 0.132947
v -0.001557 0.998282 -0.576958
v -0.155649 0.983216 0.130777
v -0.214066 0.975863 0.130088
v -0.212052 0.974993 -0.578436
v -0.413110 0.908411 -0.579794
v -0.415125 0.909283 0.128730
v -0.595917 0.801442 -0.588004
v -0.754568 0.659657 0.126607
v -0.752553 0.658784 -0.581911
v -0.597954 0.802321 0.127499
v -0.878120 0.487521 0.125933
v -0.876106 0.486649 -0.582581
v -0.902584 0.433923 0.126113
v -0.961193 0.292568 -0.582951
v -0.995057 0.143767 0.125805
v -1.004105 0.085020 -0.583002
v -1.002959 -0.126925 -0.582733
v -1.006122 0.085889 0.125519
v -1.004974 -0.126053 0.125785
v -0.957789 -0.334006 -0.589197
v -0.959823 -0.333127 0.126306
v -0.872641 -0.526280 0.127227
v -0.870626 -0.527153 -0.581298
v -0.747240 -0.697075 0.128327
v -0.745222 -0.697945 -0.580192
v -0.703861 -0.736922 0.128968
v -0.456699 -0.914608 0.130954
v -0.587075 -0.838915 -0.578885
v -0.403100 -0.943897 -0.577442
v -0.201336 -1.008304 -0.575921
v -0.405118 -0.943025 0.131076
v -0.203351 -1.007431 0.132600
v 0.009419 -1.029331 -0.581429
v 0.007381 -1.028452 0.134073
v -0.201214 0.262754 -0.159003
v -0.106437 0.312649 0.181960
v -0.105468 0.312229 -0.158378
v -0.202183 0.263174 0.181334
v -0.276994 0.186091 -0.159449
v -0.277963 0.186508 0.180889
v -0.325398 0.089739 -0.159677
v -0.326364 0.090159 0.180661
v -0.341680 -0.016864 -0.159661
v -0.342646 -0.016447 0.180676
v -0.324247 -0.123287 -0.159405
v -0.325215 -0.122867 0.180930
v -0.274806 -0.219107 -0.158933
v -0.275775 -0.218690 0.181405
v -0.198201 -0.294951 -0.158294
v -0.199170 -0.294534 0.182043
v -0.101926 -0.343390 -0.157547
v -0.102892 -0.342974 0.182794
v 0.004596 -0.359689 -0.156764
v 0.003624 -0.359268 0.183574
v -0.000101 0.330093 0.182695
v 0.000868 0.329673 -0.157640
v 0.107394 0.313377 -0.156857
v 0.106422 0.313798 0.183480
v 0.202694 0.265355 0.184229
v 0.279305 0.189511 0.184866
v 0.203666 0.264938 -0.156110
v 0.280274 0.189094 -0.155472
v 0.328739 0.093692 0.185335
v 0.329711 0.093271 -0.155003
v 0.347142 -0.013149 -0.154747
v 0.346173 -0.012732 0.185595
v 0.329891 -0.119334 0.185605
v 0.281493 -0.215684 0.185384
v 0.330859 -0.119752 -0.154730
v 0.282462 -0.216104 -0.154958
v 0.205710 -0.292349 0.184931
v 0.206675 -0.292769 -0.155404
v 0.110933 -0.342245 -0.156026
v 0.109964 -0.341825 0.184315
v 0.003624 -0.359268 0.183574
v 0.004596 -0.359689 -0.156764
v -0.244959 0.321437 0.180956
v -0.127971 0.380790 -0.226789
v -0.129133 0.381291 0.181713
v -0.243801 0.320933 -0.227546
v -0.336640 0.228691 0.180417
v -0.335479 0.228187 -0.228082
v -0.395192 0.112130 0.180141
v -0.394030 0.111629 -0.228358
v -0.414891 -0.016835 0.180160
v -0.413729 -0.017335 -0.228345
v -0.393799 -0.145582 0.180468
v -0.392641 -0.146082 -0.228031
v -0.333993 -0.261501 0.181036
v -0.332832 -0.262005 -0.227459
v -0.241318 -0.353256 0.181809
v -0.240156 -0.353757 -0.226689
v -0.124846 -0.411856 0.182720
v -0.123685 -0.412360 -0.225785
v 0.004015 -0.431571 0.183664
v 0.005180 -0.432075 -0.224838
v 0.000672 0.401891 -0.225897
v -0.000489 0.402396 0.182605
v 0.129538 0.382176 -0.224947
v 0.128376 0.382681 0.183552
v 0.244845 0.324077 0.184456
v 0.246006 0.323576 -0.224049
v 0.338681 0.231822 -0.223266
v 0.398490 0.115899 -0.222702
v 0.337520 0.232326 0.185232
v 0.397329 0.116403 0.185804
v 0.419579 -0.012844 -0.222393
v 0.418417 -0.012343 0.186112
v 0.398721 -0.141305 0.186128
v 0.399883 -0.141809 -0.222374
v 0.341332 -0.258370 -0.222647
v 0.249651 -0.351116 -0.223196
v 0.340170 -0.257866 0.185852
v 0.248489 -0.350615 0.185312
v 0.133821 -0.410970 -0.223940
v 0.132663 -0.410466 0.184559
v 0.005180 -0.432075 -0.224838
v 0.004015 -0.431571 0.183664
v 1.008882 -0.114737 0.508900
v 0.967020 -0.322738 0.140066
v 1.009932 -0.115189 0.140175
v 0.965971 -0.322283 0.508852
v 1.007737 0.097208 0.508630
v 1.008786 0.096755 0.139905
v 0.997099 0.154508 0.140037
v 0.994881 0.155631 0.506728
v 0.981162 0.168340 0.490851
v 0.982619 0.168041 0.132520
v 0.961663 0.174236 0.471700
v 0.959888 0.172885 0.120273
v 0.912517 0.160421 0.434307
v 0.880883 -0.516367 0.508480
v 0.881933 -0.516819 0.139755
v 0.757331 -0.688502 0.507809
v 0.758377 -0.688955 0.139078
v 0.715437 -0.729271 0.139107
v 0.713043 -0.728690 0.505798
v 0.694503 -0.731109 0.489910
v 0.695799 -0.731920 0.131577
v 0.675192 -0.724625 0.470760
v 0.674461 -0.722700 0.119330
v 0.643109 -0.684906 0.433422
v 0.216829 -1.004707 0.504332
v 0.007381 -1.028452 0.134073
v 0.217875 -1.005163 0.135606
v 0.006335 -1.027997 0.502859
v 0.417888 -0.938128 0.505689
v 0.418934 -0.938581 0.136963
v 0.470203 -0.909610 0.137573
v 0.469439 -0.907836 0.504277
v 0.477326 -0.890822 0.488556
v 0.478621 -0.891637 0.128291
v 0.476963 -0.870404 0.469522
v 0.476235 -0.868483 0.117133
v 0.448762 -0.827827 0.432206
v -0.204403 -1.006979 0.501326
v -0.203351 -1.007431 0.132600
v -0.406167 -0.942572 0.499802
v -0.405118 -0.943025 0.131076
v -0.456699 -0.914608 0.130954
v -0.458033 -0.912837 0.497652
v -0.466012 -0.895907 0.481818
v -0.465261 -0.896722 0.123482
v -0.465762 -0.875489 0.462790
v -0.463057 -0.873545 0.111390
v -0.437818 -0.832607 0.425875
v -0.873693 -0.525828 0.495951
v -0.959823 -0.333127 0.126306
v -0.872641 -0.526280 0.127227
v -0.960872 -0.332671 0.495088
v -0.748286 -0.696622 0.497055
v -0.747240 -0.697075 0.128327
v -0.703861 -0.736922 0.128968
v -0.703559 -0.736325 0.495682
v -0.684906 -0.738546 0.480064
v -0.684155 -0.739361 0.121721
v -0.665557 -0.731856 0.461186
v -0.662852 -0.729912 0.109783
v -0.633692 -0.691791 0.424307
v -1.006023 -0.125600 0.494511
v -1.004974 -0.126053 0.125785
v -1.007172 0.086344 0.494245
v -1.006122 0.085889 0.125519
v -0.995057 0.143767 0.125805
v -0.994935 0.144902 0.492515
v -0.981264 0.157755 0.476840
v -0.980687 0.157457 0.118493
v -0.961723 0.163864 0.457965
v -0.957940 0.162545 0.106578
v -0.912221 0.150585 0.421275
v 1.120821 -0.126932 -0.579283
v 0.969054 -0.323618 -0.575437
v 1.073286 -0.356891 -0.582857
v 1.011946 -0.116059 -0.568349
v 1.119553 0.107898 -0.579582
v 1.010804 0.095883 -0.568615
v 1.069526 0.337327 -0.580220
v 0.965653 0.302957 -0.569197
v 0.878471 0.496110 -0.570050
v 0.972930 0.551338 -0.581173
v 0.753064 0.666905 -0.571159
v 0.833987 0.740571 -0.582398
v 0.594936 0.807862 -0.579502
v 0.658772 0.896755 -0.587362
v 0.454925 1.013079 -0.585447
v 0.410946 0.912854 -0.573906
v 0.231376 1.084441 -0.587128
v 0.209178 0.977261 -0.575430
v -0.002112 1.107728 -0.588831
v -0.001557 0.998282 -0.576958
v -0.212052 0.974993 -0.578436
v -0.235337 1.081923 -0.590465
v -0.413110 0.908411 -0.579794
v -0.458104 1.008157 -0.591966
v -0.660664 0.889642 -0.596781
v -0.595917 0.801442 -0.588004
v -0.834199 0.731578 -0.594311
v -0.752553 0.658784 -0.581911
v -0.971088 0.540856 -0.595059
v -0.876106 0.486649 -0.582581
v -1.065367 0.325816 -0.595466
v -0.961193 0.292568 -0.582951
v -1.004105 0.085020 -0.583002
v -1.002959 -0.126925 -0.582733
v -1.112911 0.095860 -0.595521
v -1.111644 -0.138966 -0.595228
v -1.061604 -0.368403 -0.598103
v -0.957789 -0.334006 -0.589197
v -0.965021 -0.582410 -0.593631
v -0.870626 -0.527153 -0.581298
v -0.826075 -0.771643 -0.592405
v -0.745222 -0.697945 -0.580192
v -0.650853 -0.927833 -0.590962
v -0.587075 -0.838915 -0.578885
v -0.403100 -0.943897 -0.577442
v -0.201336 -1.008304 -0.575921
v -0.447013 -1.044147 -0.589364
v -0.223464 -1.115510 -0.587676
v 0.010034 -1.138802 -0.589495
v 0.009419 -1.029331 -0.581429
v 0.243247 -1.112995 -0.584343
v 0.219894 -1.006032 -0.572915
v 0.466013 -1.039226 -0.582841
v 0.420952 -0.939454 -0.571558
v 0.668580 -0.920717 -0.581542
v 0.603781 -0.832491 -0.570384
v 0.760395 -0.689827 -0.569440
v 0.883947 -0.517692 -0.568767
v 0.842108 -0.762650 -0.580493
v 0.979000 -0.571925 -0.579749
v 0.478621 -0.891637 0.128291
v 0.674461 -0.722700 0.119330
v 0.476235 -0.868483 0.117133
v 0.695799 -0.731920 0.131577
v 0.470203 -0.909610 0.137573
v 0.715437 -0.729271 0.139107
v 0.329955 -0.256994 -0.223622
v 0.135913 -0.399693 -0.225797
v -0.125895 -0.401105 -0.226702
v -0.662852 -0.729912 0.109783
v -0.463057 -0.873545 0.111390
v -0.321468 -0.260507 -0.228278
v -0.684155 -0.739361 0.121721
v -0.465261 -0.896722 0.123482
v -0.703861 -0.736922 0.128968
v -0.456699 -0.914608 0.130954
v -0.633692 -0.691791 0.424307
v -0.128600 -0.403046 0.125558
v -0.437818 -0.832607 0.425875
v -0.324173 -0.262451 0.123993
v -0.125895 -0.401105 -0.226702
v -0.437818 -0.832607 0.425875
v -0.128600 -0.403046 0.125558
v -0.463057 -0.873545 0.111390
v -0.321468 -0.260507 -0.228278
v -0.633692 -0.691791 0.424307
v -0.662852 -0.729912 0.109783
v -0.324173 -0.262451 0.123993
v 0.448762 -0.827827 0.432206
v 0.330680 -0.258919 0.128667
v 0.643109 -0.684906 0.433422
v 0.136641 -0.401618 0.127454
v 0.329955 -0.256994 -0.223622
v 0.643109 -0.684906 0.433422
v 0.330680 -0.258919 0.128667
v 0.674461 -0.722700 0.119330
v 0.135913 -0.399693 -0.225797
v 0.448762 -0.827827 0.432206
v 0.476235 -0.868483 0.117133
v 0.136641 -0.401618 0.127454
vn -0.7422 0.5887 0.3204
vn -0.7910 0.5934 0.1488
vn -0.8129 0.5824 -0.0030
vn -0.7156 0.5814 0.3872
vn -0.7997 -0.4647 0.3802
vn -0.5762 0.3268 0.7491
vn -0.5727 -0.3311 0.7499
vn -0.8046 0.4570 0.3792
vn 0.0012 -0.9234 0.3839
vn 0.8008 -0.4581 0.3859
vn -0.0008 -0.6577 0.7533
vn 0.5682 -0.3253 0.7559
vn 0.5647 0.3333 0.7550
vn 0.7958 0.4677 0.3847
vn -0.0087 0.9243 0.3815
vn -0.0079 0.6595 0.7517
vn -1.0000 -0.0054 -0.0028
vn -1.0000 -0.0054 -0.0029
vn -0.5050 0.8631 -0.0025
vn 0.4956 0.8685 0.0003
vn 0.4956 0.8685 0.0004
vn 1.0000 0.0054 0.0029
vn 0.5049 -0.8631 0.0025
vn 0.5049 -0.8632 0.0025
vn 0.5050 -0.8631 0.0025
vn -0.4956 -0.8685 -0.0003
vn -0.4956 -0.8686 -0.0003
vn -0.4956 -0.8685 -0.0004
vn -0.0072 0.0012 1.0000
vn -0.0072 0.0011 1.0000
vn -0.0073 0.0013 1.0000
vn -0.7997 -0.4647 0.3803
vn -0.5762 0.3269 0.7491
vn -0.8046 0.4570 0.3791
vn 0.0012 -0.9234 0.3838
vn 0.8008 -0.4581 0.3858
vn -0.0008 -0.6576 0.7534
vn 0.5646 0.3334 0.7550
vn 0.7958 0.4677 0.3846
vn -0.0087 0.9243 0.3816
vn -0.0079 0.6594 0.7517
vn 0.4956 0.8686 0.0004
vn 1.0000 0.0054 0.0028
vn 1.0000 0.0055 0.0029
vn -0.0071 0.0012 1.0000
vn -0.8046 0.4569 0.3792
vn 0.0012 -0.9234 0.3837
vn -0.0007 -0.6577 0.7533
vn 0.5682 -0.3253 0.7558
vn 0.5646 0.3333 0.7550
vn -0.5049 0.8632 -0.0025
vn -0.5762 0.3268 0.7492
vn 0.8007 -0.4581 0.3859
vn 0.5646 0.3333 0.7551
vn 0.7957 0.4677 0.3848
vn -0.0079 0.6595 0.7516
vn -1.0000 -0.0055 -0.0029
vn -0.5049 0.8631 -0.0025
vn 0.4957 0.8685 0.0003
vn -0.0072 0.0010 1.0000
vn -0.0072 0.0013 1.0000
vn 0.0013 -0.9234 0.3838
vn 0.8008 -0.4580 0.3859
vn 0.7958 0.4676 0.3848
vn -0.0086 0.9243 0.3815
vn -0.0071 0.0013 1.0000
vn 0.5682 -0.3254 0.7559
vn -0.7997 -0.4646 0.3803
vn 0.4956 0.8686 0.0003
vn -0.5514 -0.8343 -0.0005
vn -0.7033 -0.7109 -0.0011
vn -0.7038 -0.7104 -0.0011
vn -0.9218 -0.3876 -0.0022
vn -0.9220 -0.3872 -0.0022
vn -0.9259 0.3776 -0.0031
vn -0.9261 0.3773 -0.0031
vn -0.7109 0.7033 -0.0029
vn -0.7114 0.7028 -0.0029
vn -0.3874 0.9219 -0.0023
vn -0.3884 0.9215 -0.0023
vn -0.0048 1.0000 -0.0013
vn -0.0059 1.0000 -0.0013
vn 0.3784 0.9256 -0.0001
vn 0.3775 0.9260 -0.0001
vn 0.7038 0.7104 0.0011
vn 0.7033 0.7109 0.0011
vn 0.9220 0.3872 0.0022
vn 0.9218 0.3876 0.0022
vn 0.9261 -0.3773 0.0031
vn 0.9259 -0.3776 0.0031
vn 0.7114 -0.7028 0.0028
vn 0.7109 -0.7033 0.0028
vn 0.3883 -0.9215 0.0022
vn 0.3874 -0.9219 0.0022
vn 0.0059 -1.0000 0.0012
vn 0.0049 -1.0000 0.0012
vn -0.1899 -0.9818 0.0007
vn 0.0071 -0.0012 -1.0000
vn 0.0071 -0.0011 -1.0000
vn 0.0072 -0.0012 -1.0000
vn 0.0008 0.7444 -0.6677
vn -0.8745 0.0105 -0.4849
vn -0.0054 1.0000 -0.0012
vn -0.9675 0.2527 -0.0031
vn -0.9647 -0.2635 -0.0024
vn -0.9648 -0.2631 -0.0024
vn -0.9675 0.2530 -0.0031
vn -0.7920 0.6106 -0.0030
vn -0.7917 0.6109 -0.0030
vn -0.6986 0.7156 -0.0029
vn -0.6985 0.7156 -0.0029
vn -0.7853 -0.6191 -0.0015
vn -0.7850 -0.6195 -0.0015
vn -0.6908 -0.7230 -0.0011
vn -0.6908 -0.7231 -0.0011
vn 0.0054 -1.0000 0.0012
vn 0.9806 -0.1960 0.0030
vn 0.9785 0.2064 0.0025
vn 0.9784 0.2066 0.0025
vn 0.9806 -0.1958 0.0030
vn 0.8259 -0.5637 0.0030
vn 0.8263 -0.5632 0.0030
vn 0.6985 -0.7156 0.0029
vn 0.6986 -0.7155 0.0029
vn 0.8198 0.5726 0.0016
vn 0.8202 0.5721 0.0016
vn 0.6908 0.7230 0.0011
vn 0.6909 0.7230 0.0011
vn 0.0072 -0.0013 -1.0000
vn 0.0072 -0.0014 -1.0000
vn 0.0071 -0.0010 -1.0000
vn -0.0088 0.7460 0.6659
vn -0.0088 0.7460 0.6658
vn -0.8782 0.0117 0.4781
vn -0.0007 -0.7444 0.6677
vn -0.0025 -0.5976 0.8018
vn -0.0025 -0.5988 0.8009
vn -0.0060 -0.1770 0.9842
vn -0.0059 -0.1972 0.9803
vn -0.0081 0.1965 0.9805
vn -0.0080 0.1886 0.9820
vn -0.0088 0.4201 0.9074
vn 0.9933 -0.1154 0.0029
vn 0.9920 0.1260 0.0027
vn 0.9920 0.1261 0.0027
vn 0.9933 -0.1153 0.0029
vn 0.9585 -0.2850 0.0031
vn 0.9890 -0.1478 0.0030
vn 0.9857 -0.1681 -0.0102
vn 0.9977 0.0642 -0.0211
vn 0.9794 0.1539 -0.1305
vn 0.9554 0.2953 0.0023
vn 0.9554 0.2954 0.0023
vn 0.9704 0.2415 0.0024
vn 0.9784 0.2065 0.0133
vn 0.9974 0.0698 0.0199
vn 0.9983 0.0445 0.0377
vn -0.9076 0.3846 0.1682
vn -0.9672 0.1794 0.1797
vn -0.9587 0.2132 0.1882
vn -0.9794 -0.0290 0.1997
vn -0.9604 0.0383 0.2758
vn -0.8512 -0.4999 0.1597
vn -0.9162 -0.3623 0.1715
vn -0.9289 -0.3104 0.2021
vn -0.9679 -0.1113 0.2254
vn -0.9616 -0.0424 0.2713
vn -0.7609 -0.5518 0.3414
vn -0.6899 -0.6925 0.2108
vn -0.5300 -0.8480 -0.0005
vn -0.7944 -0.4248 0.4342
vn 0.3268 0.9436 -0.0532
vn 0.3303 0.9436 -0.0220
vn 0.3326 0.9431 -0.0003
vn 0.3256 0.9434 -0.0628
vn -0.5707 0.2439 0.7841
vn -0.5700 0.2503 0.7826
vn -0.5696 0.2539 0.7817
vn -0.5710 0.2417 0.7846
vn -0.0264 0.0274 0.9993
vn -0.0173 0.0321 0.9993
vn -0.0336 0.0202 0.9992
vn -0.0382 0.0111 0.9992
vn -0.0397 0.0010 0.9992
vn -0.0380 -0.0090 0.9992
vn -0.0334 -0.0180 0.9993
vn -0.0261 -0.0252 0.9993
vn -0.0170 -0.0298 0.9994
vn -0.0070 -0.0313 0.9995
vn 0.0031 -0.0297 0.9996
vn 0.0121 -0.0250 0.9996
vn 0.0193 -0.0178 0.9997
vn 0.0239 -0.0086 0.9997
vn 0.0254 0.0014 0.9997
vn 0.0238 0.0114 0.9997
vn 0.0191 0.0205 0.9996
vn 0.0118 0.0277 0.9995
vn 0.0027 0.0322 0.9995
vn -0.0073 0.0338 0.9994
vn -0.5922 0.8058 0.0045
vn -0.3147 0.9492 0.0051
vn -0.3140 0.9494 0.0051
vn -0.5927 0.8054 0.0045
vn -0.8122 0.5833 0.0041
vn -0.8125 0.5829 0.0041
vn -0.9527 0.3038 0.0041
vn -0.9528 0.3036 0.0041
vn -1.0000 -0.0054 0.0043
vn -0.9494 -0.3141 0.0049
vn -0.9495 -0.3138 0.0049
vn -0.8059 -0.5920 0.0056
vn -0.8062 -0.5916 0.0056
vn -0.5834 -0.8121 0.0065
vn -0.5840 -0.8117 0.0065
vn -0.3037 -0.9527 0.0075
vn -0.3045 -0.9525 0.0075
vn -0.1513 -0.9885 0.0079
vn -0.0059 1.0000 0.0059
vn -0.0050 1.0000 0.0059
vn 0.3044 0.9525 0.0069
vn 0.3036 0.9528 0.0069
vn 0.5833 0.8122 0.0078
vn 0.8058 0.5921 0.0087
vn 0.5839 0.8118 0.0078
vn 0.8061 0.5917 0.0087
vn 0.9494 0.3138 0.0095
vn 0.9494 0.3141 0.0095
vn 0.9999 0.0054 0.0100
vn 0.9527 -0.3038 0.0103
vn 0.9528 -0.3035 0.0103
vn 0.8122 -0.5833 0.0102
vn 0.8125 -0.5829 0.0102
vn 0.5927 -0.8054 0.0098
vn 0.5921 -0.8058 0.0099
vn 0.3139 -0.9494 0.0092
vn 0.3147 -0.9492 0.0092
vn 0.1618 -0.9868 0.0088
vn -0.5921 0.8058 -0.0027
vn -0.3147 0.9492 -0.0021
vn -0.3140 0.9494 -0.0021
vn -0.5927 0.8054 -0.0027
vn -0.8122 0.5833 -0.0030
vn -0.8125 0.5829 -0.0030
vn -0.9527 0.3038 -0.0031
vn -0.9528 0.3035 -0.0031
vn -0.9494 -0.3141 -0.0023
vn -0.9495 -0.3138 -0.0023
vn -0.8059 -0.5921 -0.0016
vn -0.8062 -0.5917 -0.0016
vn -0.5834 -0.8122 -0.0007
vn -0.5840 -0.8118 -0.0007
vn -0.3037 -0.9528 0.0003
vn -0.3045 -0.9525 0.0003
vn -0.1512 -0.9885 0.0008
vn -0.0058 1.0000 -0.0012
vn -0.0050 1.0000 -0.0012
vn 0.3045 0.9525 -0.0003
vn 0.3037 0.9528 -0.0003
vn 0.5834 0.8122 0.0007
vn 0.8059 0.5921 0.0016
vn 0.5840 0.8118 0.0007
vn 0.8062 0.5917 0.0016
vn 0.9495 0.3138 0.0023
vn 0.9494 0.3141 0.0023
vn 0.9527 -0.3038 0.0031
vn 0.9528 -0.3035 0.0031
vn 0.8122 -0.5833 0.0030
vn 0.8125 -0.5829 0.0030
vn 0.5927 -0.8054 0.0027
vn 0.5921 -0.8058 0.0027
vn 0.3140 -0.9494 0.0021
vn 0.3147 -0.9492 0.0021
vn 0.1619 -0.9868 0.0017
vn -0.7399 -0.6727 -0.0013
vn -0.5835 -0.8121 -0.0007
vn -0.5839 -0.8118 -0.0007
vn -0.7396 -0.6730 -0.0013
vn -0.8631 -0.5050 -0.0031
vn -0.8595 -0.5111 -0.0018
vn -0.9953 -0.0965 -0.0035
vn -0.9782 -0.2076 -0.0047
vn -0.9539 0.3002 -0.0039
vn -0.8683 0.4960 -0.0009
vn -0.6975 0.7166 -0.0032
vn -0.7109 0.7033 0.0009
vn -0.3590 0.9333 -0.0018
vn -0.4023 -0.9155 -0.0000
vn -0.4018 -0.9157 -0.0000
vn -0.2039 -0.9790 -0.0006
vn -0.2100 -0.9777 0.0006
vn 0.2272 -0.9739 0.0011
vn 0.1147 -0.9934 -0.0006
vn 0.5895 -0.8078 0.0019
vn 0.7479 -0.6638 0.0052
vn 0.9022 -0.4312 0.0028
vn 0.8938 -0.4484 0.0069
vn 0.9991 -0.0420 0.0033
vn 0.4905 0.1591 -0.8568
vn 0.5598 0.1822 -0.8083
vn 0.5598 0.1822 -0.8084
vn 0.4854 0.1574 -0.8600
vn 0.5871 0.1913 -0.7866
vn -0.4762 -0.1543 0.8657
vn -0.3173 0.9483 0.0002
vn -0.3199 0.9474 0.0024
vn -0.3222 0.9467 0.0043
vn 0.3114 -0.9503 0.0043
vn 0.3088 -0.9511 0.0065
vn 0.3065 -0.9518 0.0084
vn 0.4671 -0.1498 0.8714
vn -0.3012 -0.9536 0.0025
vn -0.2986 -0.9544 0.0048
vn -0.3038 -0.9527 0.0003
vn -0.2963 -0.9551 0.0067
vn 0.3070 0.9517 0.0019
vn 0.3096 0.9509 0.0042
vn 0.3119 0.9501 0.0061
vn -0.0035 -0.4945 0.8691
vn 1.0000 0.0023 0.0051
vn 1.0000 -0.0004 0.0073
vn 1.0000 -0.0028 0.0093
vn 1.0000 0.0050 0.0028
vn -1.0000 -0.0085 -0.0006
vn -0.9999 -0.0112 0.0016
vn -1.0000 -0.0058 -0.0028
vn -0.9999 -0.0136 0.0036
vn -0.0071 0.0011 1.0000
vn -0.0071 0.0014 1.0000
vn -0.0071 0.0017 1.0000
vn -0.0072 0.0014 1.0000
vn 0.7469 -0.6650 0.0029
vn 0.5926 -0.8055 0.0027
vn 0.7471 -0.6647 0.0029
vn 0.5922 -0.8058 0.0027
vn 0.8684 -0.4959 0.0019
vn 0.8651 -0.5015 0.0031
vn 0.9963 -0.0854 0.0022
vn 0.9804 -0.1971 0.0009
vn 0.9505 0.3108 0.0015
vn 0.8630 0.5051 0.0041
vn 0.6892 0.7246 0.0008
vn 0.7033 0.7108 0.0049
vn 0.3489 0.9371 0.0002
vn 0.4117 -0.9113 0.0023
vn 0.4122 -0.9111 0.0023
vn 0.2139 -0.9769 0.0006
vn 0.2211 -0.9753 0.0018
vn -0.2154 -0.9765 -0.0002
vn -0.1055 -0.9944 -0.0012
vn -0.5815 -0.8136 -0.0001
vn -0.7422 -0.6702 -0.0021
vn -0.8880 -0.4598 -0.0022
vn -0.8951 -0.4458 0.0017
vn -0.9986 -0.0528 -0.0024
vn -0.4765 0.1528 -0.8658
vn -0.4816 0.1544 -0.8627
vn -0.5523 0.1769 -0.8147
vn -0.5525 0.1769 -0.8145
vn -0.5801 0.1857 -0.7931
vn -0.5805 0.1858 -0.7928
vn 0.0026 0.5835 -0.8121
vn 0.0023 0.6125 -0.7904
vn 0.0023 0.6127 -0.7903
vn 0.0027 0.5834 -0.8121
vn 0.0034 0.5096 -0.8604
vn 0.0034 0.5043 -0.8635
vn 0.0034 0.5097 -0.8604
vn 0.8734 -0.2787 0.3994
vn 0.4931 -0.0486 0.8686
vn 0.9123 -0.0906 0.3993
vn 0.4718 -0.1513 0.8686
vn 0.4296 -0.2472 0.8685
vn 0.7961 -0.4547 0.3993
vn 0.8768 -0.2791 -0.3916
vn 0.5035 -0.0506 -0.8625
vn 0.4823 -0.1528 -0.8626
vn 0.9156 -0.0914 -0.3916
vn 0.4404 -0.2485 -0.8627
vn 0.7999 -0.4547 -0.3917
vn 0.6840 -0.6107 0.3991
vn 0.3796 -0.3334 -0.8630
vn 0.6882 -0.6105 -0.3920
vn 0.3023 -0.4039 -0.8634
vn 0.5464 -0.7399 -0.3924
vn 0.5418 -0.7400 0.3987
vn 0.3758 -0.8368 0.3981
vn 0.2908 -0.4027 0.8679
vn 0.3808 -0.8370 -0.3930
vn 0.1986 -0.8975 -0.3937
vn 0.2121 -0.4568 -0.8639
vn 0.0684 -0.1368 -0.9882
vn 0.0952 -0.1211 -0.9881
vn 0.1128 -0.4898 -0.8645
vn 0.0077 -0.9189 -0.3945
vn 0.0088 -0.5016 -0.8651
vn 0.0419 -0.1482 -0.9881
vn 0.0080 -0.1742 -0.9847
vn 0.0073 -0.0376 -0.9993
vn 0.0130 0.0072 -0.9999
vn 0.0043 0.0051 -1.0000
vn 0.0030 0.0044 -1.0000
vn 0.1182 -0.1001 -0.9879
vn 0.0020 0.0034 -1.0000
vn -0.0026 -0.0043 -1.0000
vn 0.1369 -0.0783 -0.9875
vn 0.0418 -0.0123 -0.9990
vn 0.1717 -0.0537 -0.9837
vn 0.1576 -0.0135 -0.9874
vn 0.0010 0.0070 -1.0000
vn 0.1549 0.0151 -0.9878
vn 0.0003 -0.0020 -1.0000
vn 0.0005 -0.0034 -1.0000
vn 0.1355 0.0738 -0.9880
vn 0.0012 -0.0047 -1.0000
vn 0.1483 0.0455 -0.9879
vn 0.4377 0.2511 -0.8633
vn 0.5029 0.0538 -0.8627
vn 0.4807 0.1559 -0.8629
vn 0.9145 0.1003 -0.3919
vn 0.8737 0.2875 -0.3923
vn 0.7950 0.4623 -0.3928
vn 0.7912 0.4642 0.3982
vn 0.6815 0.6170 -0.3935
vn 0.8703 0.2892 0.3987
vn 0.9113 0.1015 0.3991
vn 0.4701 0.1585 0.8682
vn 0.4925 0.0562 0.8685
vn 0.1345 0.0480 0.9898
vn 0.4269 0.2540 0.8679
vn 0.1217 0.0764 0.9896
vn 0.3648 0.3384 0.8674
vn 0.6773 0.6190 0.3975
vn 0.5337 0.7468 0.3968
vn 0.5384 0.7447 -0.3943
vn 0.3760 0.3353 -0.8638
vn 0.2980 0.4049 -0.8644
vn 0.2072 0.4569 -0.8651
vn 0.3718 0.8400 -0.3951
vn 0.3667 0.8418 0.3961
vn 0.1953 0.4597 0.8663
vn 0.0954 0.4914 0.8657
vn 0.1836 0.9000 0.3953
vn -0.0088 0.5016 0.8651
vn -0.0077 0.9189 0.3945
vn 0.1889 0.8986 -0.3960
vn 0.1076 0.4888 -0.8657
vn 0.0034 0.4994 -0.8663
vn -0.0022 0.9179 -0.3968
vn -0.1932 0.8970 -0.3975
vn -0.1986 0.8975 0.3937
vn -0.3758 0.8368 -0.3982
vn -0.1007 0.4881 -0.8669
vn -0.0247 0.1443 -0.9892
vn 0.0063 0.1477 -0.9890
vn -0.2002 0.4554 -0.8675
vn -0.5417 0.7400 -0.3987
vn -0.2908 0.4027 -0.8679
vn -0.0528 0.1376 -0.9891
vn -0.0144 0.0281 -0.9995
vn 0.0169 -0.0044 -0.9998
vn -0.0955 0.1382 -0.9858
vn -0.1077 0.0974 -0.9894
vn -0.1225 0.0726 -0.9898
vn 0.0073 -0.0115 -0.9999
vn -0.3684 0.3322 -0.8683
vn -0.6840 0.6107 -0.3991
vn -0.4296 0.2472 -0.8685
vn -0.7961 0.4547 -0.3993
vn -0.4718 0.1512 -0.8686
vn -0.1350 0.0441 -0.9899
vn 0.0138 -0.0033 -0.9999
vn -0.4931 0.0486 -0.8686
vn -0.1413 0.0136 -0.9899
vn -0.4977 -0.0038 -0.8673
vn -0.1429 -0.0020 -0.9897
vn 0.0141 -0.0012 -0.9999
vn 0.0141 -0.0019 -0.9999
vn -0.9177 -0.0055 -0.3973
vn -0.9208 -0.0045 0.3900
vn -0.9156 0.0914 0.3916
vn -0.9123 0.0906 -0.3993
vn -0.8734 0.2787 -0.3994
vn -0.8768 0.2791 0.3916
vn -0.7999 0.4547 0.3917
vn -0.4823 0.1528 0.8626
vn -0.4404 0.2485 0.8627
vn -0.1488 0.0464 0.9878
vn -0.5034 0.0506 0.8626
vn -0.5079 -0.0017 0.8614
vn -0.1551 0.0160 0.9878
vn -0.0001 0.0013 1.0000
vn -0.0002 0.0006 1.0000
vn -0.1567 0.0004 0.9877
vn -0.0005 -0.0009 1.0000
vn -0.1363 0.0749 0.9878
vn -0.0011 -0.0022 1.0000
vn -0.0020 -0.0034 1.0000
vn -0.1182 0.1001 0.9879
vn -0.0030 -0.0044 1.0000
vn -0.0952 0.1211 0.9881
vn -0.0684 0.1368 0.9882
vn -0.0036 -0.0048 1.0000
vn -0.2121 0.4568 0.8639
vn -0.3023 0.4039 0.8634
vn -0.0388 0.1466 0.9884
vn -0.0050 -0.0054 1.0000
vn -0.0057 -0.0056 1.0000
vn -0.0071 -0.0058 1.0000
vn 0.0232 0.1470 0.9889
vn -0.0079 0.1501 0.9886
vn -0.0086 -0.0056 0.9999
vn -0.0100 -0.0052 0.9999
vn 0.0528 0.1376 0.9891
vn -0.0112 -0.0044 0.9999
vn 0.0799 0.1222 0.9893
vn 0.1032 0.1015 0.9895
vn -0.0123 -0.0035 0.9999
vn -0.0132 -0.0023 0.9999
vn -0.0138 -0.0010 0.9999
vn -0.0140 0.0005 0.9999
vn 0.1412 0.0176 0.9898
vn 0.1414 -0.0136 0.9899
vn -0.0141 0.0019 0.9999
vn -0.0138 0.0033 0.9999
vn 0.1225 -0.0726 0.9898
vn -0.0132 0.0047 0.9999
vn 0.1350 -0.0441 0.9899
vn 0.1043 -0.0979 0.9897
vn -0.0123 0.0059 0.9999
vn -0.0113 0.0069 0.9999
vn 0.0543 -0.1345 0.9894
vn 0.0812 -0.1188 0.9896
vn -0.0100 0.0076 0.9999
vn -0.0086 0.0081 0.9999
vn 0.0247 -0.1442 0.9892
vn -0.0072 0.0082 0.9999
vn -0.0063 -0.1476 0.9890
vn -0.0372 -0.1445 0.9888
vn -0.0057 0.0080 1.0000
vn -0.0669 -0.1350 0.9886
vn -0.0044 0.0076 1.0000
vn -0.0031 0.0069 1.0000
vn -0.1171 -0.0989 0.9882
vn -0.0939 -0.1196 0.9884
vn -0.0020 0.0059 1.0000
vn -0.0011 0.0048 1.0000
vn -0.1355 -0.0738 0.9880
vn -0.0005 0.0034 1.0000
vn -0.1483 -0.0455 0.9879
vn -0.1532 -0.0307 0.9877
vn -0.0003 0.0027 1.0000
vn -0.4965 -0.1059 0.8616
vn -0.4807 -0.1558 0.8630
vn -0.8737 -0.2875 0.3923
vn -0.4378 -0.2511 0.8633
vn -0.7950 -0.4623 0.3928
vn -0.3759 -0.3353 0.8639
vn -0.6815 -0.6169 0.3935
vn -0.2980 -0.4049 0.8644
vn -0.5384 -0.7447 0.3943
vn -0.3718 -0.8400 0.3951
vn -0.2072 -0.4569 0.8650
vn -0.1076 -0.4888 0.8657
vn -0.1889 -0.8986 0.3960
vn 0.0022 -0.9179 0.3968
vn -0.1835 -0.9000 -0.3952
vn -0.0954 -0.4914 -0.8657
vn -0.1953 -0.4597 -0.8664
vn -0.3667 -0.8418 -0.3961
vn -0.2864 -0.4080 -0.8669
vn -0.5337 -0.7468 -0.3968
vn -0.6773 -0.6190 -0.3976
vn -0.7912 -0.4642 -0.3982
vn -0.3648 -0.3384 -0.8674
vn -0.1032 -0.1015 -0.9895
vn -0.0799 -0.1222 -0.9893
vn -0.4269 -0.2540 -0.8679
vn -0.8703 -0.2892 -0.3987
vn -0.4702 -0.1585 -0.8682
vn -0.1222 -0.0798 -0.9893
vn -0.1574 -0.0556 -0.9860
vn -0.0275 -0.0127 -0.9995
vn 0.0169 -0.0042 -0.9998
vn 0.0123 0.0035 -0.9999
vn 0.0112 0.0044 -0.9999
vn -0.0528 -0.1376 -0.9891
vn 0.0099 0.0051 -0.9999
vn 0.0012 0.0071 -1.0000
vn -0.0262 -0.1487 -0.9885
vn -0.1445 -0.0284 -0.9891
vn 0.0123 0.0152 -0.9998
vn -0.4860 -0.1084 -0.8672
vn -0.8964 -0.1966 -0.3972
vn -0.8998 -0.1951 0.3902
vn 0.1007 -0.4881 0.8670
vn 0.1932 -0.8970 0.3975
vn -0.0034 -0.4994 0.8664
vn 0.2002 -0.4554 0.8675
vn 0.3684 -0.3322 0.8683
vn 0.2864 0.4080 0.8669
vn -0.1129 0.4899 0.8645
vn -0.3808 0.8370 0.3930
vn -0.5464 0.7399 0.3924
vn -0.3795 0.3334 0.8630
vn -0.6882 0.6106 0.3920
vn 0.0131 -0.0046 -0.9999
vn 0.0086 -0.0080 -0.9999
vn 0.0072 -0.0081 -0.9999
vn 0.0372 0.1445 -0.9888
vn 0.0057 -0.0081 -1.0000
vn -0.0025 -0.0045 -1.0000
vn 0.0284 0.0284 -0.9992
vn 0.0654 0.1382 -0.9882
vn 0.1079 0.1392 -0.9844
vn 0.1206 0.0984 -0.9878
vn 0.0071 -0.0115 -0.9999
vn 0.6814 0.6229 0.3843
vn 0.5371 0.7511 0.3839
vn 0.5368 0.7513 0.3840
vn 0.6816 0.6227 0.3843
vn 0.7959 0.4672 0.3850
vn 0.7961 0.4669 0.3850
vn 0.8757 0.2908 0.3854
vn 0.8757 0.2910 0.3854
vn 0.9169 0.1021 0.3859
vn 0.9180 -0.0912 0.3861
vn 0.9169 0.1021 0.3860
vn 0.8788 -0.2804 0.3861
vn 0.8787 -0.2806 0.3861
vn 0.8010 -0.4576 0.3861
vn 0.8011 -0.4574 0.3861
vn 0.6880 -0.6145 0.3860
vn 0.6882 -0.6143 0.3860
vn 0.5452 -0.7443 0.3857
vn 0.5449 -0.7445 0.3857
vn 0.3778 -0.8419 0.3853
vn 0.3782 -0.8417 0.3854
vn 0.1946 -0.9023 0.3847
vn 0.0025 -0.9232 0.3842
vn 0.1941 -0.9024 0.3847
vn 0.0020 -0.9232 0.3842
vn -0.1902 -0.9037 0.3835
vn -0.1898 -0.9038 0.3835
vn -0.3741 -0.8447 0.3827
vn -0.3737 -0.8449 0.3827
vn -0.5413 -0.7491 0.3819
vn -0.5416 -0.7489 0.3819
vn -0.6855 -0.6203 0.3812
vn -0.7995 -0.4648 0.3806
vn -0.7993 -0.4650 0.3806
vn -0.6853 -0.6205 0.3812
vn -0.8786 -0.2892 0.3800
vn -0.8786 -0.2891 0.3800
vn -0.9196 -0.1008 0.3798
vn -0.9206 0.0918 0.3795
vn -0.9206 0.0919 0.3795
vn -0.8817 0.2807 0.3793
vn -0.8817 0.2805 0.3793
vn -0.8044 0.4571 0.3795
vn -0.8043 0.4573 0.3795
vn -0.6919 0.6141 0.3797
vn -0.5494 0.7441 0.3801
vn -0.6921 0.6138 0.3797
vn -0.5496 0.7439 0.3801
vn -0.3832 0.8416 0.3807
vn -0.3828 0.8418 0.3807
vn -0.2000 0.9027 0.3811
vn -0.1995 0.9028 0.3811
vn -0.0075 0.9242 0.3819
vn -0.0079 0.9242 0.3819
vn 0.1844 0.9053 0.3825
vn 0.3687 0.8469 0.3833
vn 0.3691 0.8467 0.3833
vn 0.1849 0.9052 0.3825
vn -0.2057 -0.2756 0.9390
vn -0.4455 -0.3990 0.8015
vn -0.3529 -0.4818 0.8021
vn -0.2588 -0.2282 0.9386
vn -0.2449 -0.5435 0.8029
vn -0.1438 -0.3109 0.9395
vn -0.1299 -0.5828 0.8022
vn -0.0759 -0.3327 0.9400
vn -0.0049 -0.3399 0.9404
vn -0.0690 -0.6352 0.7692
vn 0.0013 -0.5137 0.8580
vn -0.0832 -0.8468 0.5253
vn -0.1767 -0.7994 0.5742
vn -0.0488 -0.7993 0.5990
vn 0.0111 -0.6882 0.7254
vn 0.0620 -0.6307 0.7735
vn 0.0072 -0.6924 0.7214
vn 0.0754 -0.8512 0.5194
vn 0.0353 -0.8117 0.5830
vn 0.1713 -0.8020 0.5723
vn 0.1212 -0.5807 0.8050
vn 0.3337 -0.7460 0.5763
vn 0.2396 -0.5419 0.8055
vn 0.4817 -0.6596 0.5770
vn 0.4396 -0.3955 0.8064
vn 0.3473 -0.4792 0.8061
vn 0.6086 -0.5444 0.5772
vn 0.5126 -0.2980 0.8052
vn 0.7053 -0.4113 0.5773
vn 0.7794 -0.3372 0.5281
vn 0.7446 -0.2893 0.6015
vn 0.6567 -0.1969 0.7280
vn 0.5814 -0.2564 0.7721
vn 0.4870 -0.1511 0.8602
vn 0.6176 -0.1303 0.7756
vn 0.3188 -0.1026 0.9422
vn 0.3333 -0.0327 0.9423
vn 0.2901 -0.1680 0.9421
vn 0.2484 -0.2259 0.9419
vn 0.1955 -0.2739 0.9417
vn 0.1338 -0.3098 0.9413
vn 0.0660 -0.3322 0.9409
vn 0.3329 0.0387 0.9422
vn 0.5881 -0.0581 0.8067
vn 0.5872 0.0665 0.8067
vn 0.8114 0.0908 0.5774
vn 0.8152 -0.0809 0.5735
vn 0.8326 -0.1877 0.5211
vn 0.6595 -0.2019 0.7240
vn 0.7825 -0.2132 0.5850
vn 0.6422 -0.1928 0.7419
vn 0.6350 -0.2158 0.7418
vn 0.5548 -0.1777 0.8128
vn 0.7751 0.2583 0.5767
vn 0.7045 0.4145 0.5761
vn 0.5094 0.3020 0.8058
vn 0.5608 0.1884 0.8062
vn 0.3177 0.1085 0.9420
vn 0.2882 0.1735 0.9417
vn 0.4389 0.4012 0.8040
vn 0.2459 0.2310 0.9414
vn 0.1925 0.2784 0.9410
vn 0.4207 0.4791 0.7703
vn 0.2908 0.4223 0.8585
vn 0.5597 0.6404 0.5259
vn 0.6074 0.5473 0.5758
vn 0.5029 0.6225 0.5996
vn 0.3875 0.5685 0.7258
vn 0.3117 0.5521 0.7733
vn 0.3932 0.5696 0.7218
vn 0.4338 0.7367 0.5187
vn 0.4424 0.6819 0.5825
vn 0.3267 0.7533 0.5708
vn 0.2337 0.5465 0.8042
vn 0.1622 0.8028 0.5738
vn 0.1149 0.5841 0.8035
vn -0.0083 0.8194 0.5731
vn -0.1785 0.8005 0.5722
vn -0.1327 0.5822 0.8021
vn -0.0090 0.5961 0.8029
vn -0.0086 0.3422 0.9396
vn -0.0795 0.3343 0.9391
vn 0.0624 0.3352 0.9401
vn 0.1305 0.3137 0.9405
vn -0.2487 0.5459 0.8001
vn -0.1471 0.3118 0.9387
vn -0.3280 0.5524 0.7664
vn -0.2086 0.2758 0.9383
vn -0.2613 0.2277 0.9380
vn -0.4309 0.4714 0.7695
vn -0.3147 0.4127 0.8548
vn -0.4231 0.5481 0.7215
vn -0.4376 0.7322 0.5219
vn -0.3347 0.7492 0.5716
vn -0.4383 0.6732 0.5955
vn -0.4223 0.5537 0.7177
vn -0.3945 0.5504 0.7358
vn -0.3532 0.4734 0.8070
vn -0.4139 0.5362 0.7356
vn -0.5132 0.6340 0.5785
vn -0.3531 0.4734 0.8070
vn -0.5678 0.6423 0.5148
vn -0.6168 0.5462 0.5667
vn -0.4498 0.3961 0.8005
vn -0.7144 0.4055 0.5703
vn -0.5221 0.2951 0.8002
vn -0.7827 0.2489 0.5705
vn -0.5969 0.0598 0.8001
vn -0.5717 0.1813 0.8002
vn -0.8175 0.0817 0.5702
vn -0.5984 -0.0614 0.7988
vn -0.8172 -0.0822 0.5704
vn -0.8331 -0.1853 0.5212
vn -0.7776 -0.2037 0.5948
vn -0.6544 -0.2269 0.7212
vn -0.6291 -0.1350 0.7655
vn -0.4928 -0.1648 0.8544
vn -0.5843 -0.2577 0.7695
vn -0.3303 -0.1058 0.9379
vn -0.3010 -0.1708 0.9382
vn -0.3454 -0.0363 0.9377
vn -0.3458 0.0349 0.9376
vn -0.3314 0.1046 0.9377
vn -0.3028 0.1699 0.9378
vn -0.5188 -0.2987 0.8010
vn -0.6091 -0.5497 0.5717
vn -0.7121 -0.4129 0.5678
vn -0.7881 -0.3370 0.5151
vn -0.6595 -0.2245 0.7174
vn -0.7635 -0.2871 0.5784
vn -0.6405 -0.2218 0.7353
vn -0.6480 -0.1990 0.7352
vn -0.5622 -0.1830 0.8065
vn -0.4815 -0.6636 0.5725
vn -0.3329 -0.7485 0.5735
vn 0.3790 0.5562 0.7396
vn 0.3985 0.5419 0.7399
vn 0.3373 0.4782 0.8109
vn 0.0104 -0.6731 0.7395
vn -0.0137 -0.6733 0.7392
vn -0.0026 -0.5859 0.8104
vn -0.7389 -0.6738 -0.0013
vn -0.8598 -0.5106 -0.0018
vn -0.8632 -0.5049 -0.0012
vn -0.9265 -0.3762 -0.0113
vn -0.9681 -0.2502 -0.0116
vn -0.9494 -0.3140 -0.0041
vn -0.9940 -0.1095 -0.0021
vn -0.9947 -0.1025 -0.0027
vn -0.9950 0.1002 -0.0030
vn -0.9951 0.0990 -0.0030
vn -0.9527 0.3037 -0.0031
vn -0.9528 0.3036 -0.0031
vn -0.8689 0.4949 -0.0031
vn -0.8693 0.4942 -0.0031
vn -0.7520 0.6592 -0.0030
vn -0.7471 0.6647 -0.0023
vn -0.6447 0.7644 -0.0119
vn -0.5922 0.8058 -0.0045
vn -0.4113 0.9115 -0.0017
vn -0.5376 0.8431 -0.0117
vn -0.4054 0.9141 -0.0023
vn -0.2136 0.9769 -0.0018
vn -0.2120 0.9773 -0.0018
vn -0.1100 0.9939 -0.0015
vn -0.4028 -0.9153 -0.0000
vn -0.2102 -0.9777 0.0006
vn -0.2029 -0.9792 0.0012
vn -0.0612 -0.9981 -0.0081
vn 0.0057 -1.0000 -0.0006
vn 0.0717 -0.9974 -0.0077
vn 0.2203 -0.9754 0.0018
vn 0.2140 -0.9768 0.0024
vn 0.4132 -0.9107 0.0023
vn 0.7464 -0.6655 0.0029
vn 0.8687 -0.4952 0.0037
vn 0.9305 -0.3663 -0.0060
vn 0.9528 -0.3036 0.0013
vn 0.9708 -0.2398 -0.0061
vn 0.9951 -0.0987 0.0035
vn 0.9938 0.1109 0.0027
vn 0.9958 -0.0918 0.0029
vn 0.9939 0.1099 0.0027
vn 0.9495 0.3139 0.0023
vn 0.9494 0.3140 0.0023
vn 0.8634 0.5045 0.0018
vn 0.8641 0.5033 0.0018
vn 0.7446 0.6675 0.0013
vn 0.7402 0.6724 0.0019
vn 0.6363 0.7714 -0.0083
vn 0.5284 0.8489 -0.0086
vn 0.5839 0.8118 -0.0011
vn 0.4019 0.9157 0.0006
vn 0.2020 0.9794 -0.0006
vn 0.3951 0.9186 -0.0000
vn 0.2025 0.9793 -0.0006
vn 0.0993 0.9951 -0.0009
vn 0.3139 -0.9494 0.0021
vn 0.9528 -0.3036 0.0031
vn 0.1512 0.9885 -0.0008
vn 0.0050 -1.0000 0.0012
vn 0.0058 -1.0000 0.0013
vn -0.1619 0.9868 -0.0017
vn -0.9951 0.0991 -0.0030
vn -0.9940 -0.1090 -0.0039
vn -0.9948 -0.1022 -0.0027
vn -0.8563 -0.5164 -0.0026
vn -0.9093 -0.4161 -0.0042
vn -0.5868 -0.8097 -0.0015
vn -0.4007 -0.9162 0.0022
vn -0.1321 -0.9912 0.0005
vn -0.1509 -0.9885 0.0046
vn 0.2690 -0.9631 0.0023
vn -0.8688 0.4951 -0.0031
vn -0.7477 0.6641 -0.0042
vn -0.7520 0.6592 -0.0029
vn -0.3989 0.9170 -0.0030
vn -0.5007 0.8656 -0.0046
vn -0.0091 1.0000 -0.0021
vn 0.2043 0.9789 0.0016
vn 0.4668 0.8844 -0.0001
vn 0.4499 0.8931 0.0040
vn 0.7771 0.6294 0.0018
vn -0.0051 1.0000 -0.0012
vn -0.2130 0.9770 -0.0018
vn -0.0057 1.0000 -0.0013
vn -0.4114 0.9115 -0.0035
vn -0.4047 0.9144 -0.0023
vn -0.7599 0.6500 -0.0037
vn -0.6778 0.7352 -0.0050
vn -0.9517 0.3070 -0.0039
vn -0.9958 0.0915 -0.0007
vn -0.9835 -0.1809 -0.0029
vn -0.9871 -0.1604 0.0012
vn -0.8332 -0.5530 -0.0013
vn 0.2031 0.9792 -0.0006
vn 0.4011 0.9160 -0.0012
vn 0.3953 0.9186 -0.0000
vn 0.7491 0.6624 0.0005
vn 0.6692 0.7431 -0.0012
vn 0.9484 0.3172 0.0015
vn 0.9941 0.1088 0.0049
vn 0.9853 -0.1707 0.0027
vn 0.9885 -0.1513 0.0068
vn 0.8392 -0.5439 0.0034
vn 0.8636 0.5043 0.0018
vn 0.7402 0.6724 0.0001
vn 0.7450 0.6671 0.0013
vn 0.3901 0.9208 -0.0008
vn 0.4902 0.8716 -0.0018
vn -0.0021 1.0000 -0.0021
vn -0.2137 0.9769 0.0004
vn -0.4767 0.8790 -0.0028
vn -0.4592 0.8883 0.0014
vn -0.7838 0.6210 -0.0026
vn 0.9939 0.1098 0.0027
vn 0.9952 -0.0983 0.0017
vn 0.9958 -0.0914 0.0029
vn 0.8622 -0.5065 0.0023
vn 0.9134 -0.4070 0.0010
vn 0.5949 -0.8038 0.0019
vn 0.4115 -0.9114 0.0045
vn 0.1420 -0.9899 0.0013
vn 0.1618 -0.9868 0.0054
vn -0.2585 -0.9660 0.0008
vn -0.0923 0.0220 -0.9955
vn -0.0742 0.0247 -0.9969
vn -0.0642 0.0215 -0.9977
vn -0.0973 0.0258 -0.9949
vn -0.0989 -0.0129 -0.9950
vn -0.0941 -0.0347 -0.9950
vn -0.0850 -0.0550 -0.9949
vn -0.0606 -0.0852 -0.9945
vn -0.0588 -0.0791 -0.9951
vn -0.0427 -0.0705 -0.9966
vn -0.0365 -0.0620 -0.9974
vn -0.0457 -0.0886 -0.9950
vn -0.0509 -0.0921 -0.9944
vn -0.0145 -0.1055 -0.9943
vn 0.0077 -0.1078 -0.9941
vn 0.0298 -0.1053 -0.9940
vn 0.0661 -0.0915 -0.9936
vn 0.0608 -0.0879 -0.9943
vn 0.0514 -0.0615 -0.9968
vn 0.0576 -0.0699 -0.9959
vn 0.0738 -0.0783 -0.9942
vn 0.0757 -0.0844 -0.9936
vn 0.0997 -0.0540 -0.9936
vn 0.1086 -0.0336 -0.9935
vn 0.1131 -0.0118 -0.9935
vn 0.1112 0.0269 -0.9934
vn 0.1062 0.0230 -0.9941
vn 0.0781 0.0222 -0.9967
vn 0.0881 0.0256 -0.9958
vn 0.1011 0.0384 -0.9941
vn 0.1074 0.0382 -0.9935
vn 0.0859 0.0705 -0.9938
vn 0.0693 0.0853 -0.9939
vn 0.0499 0.0963 -0.9941
vn 0.0125 0.1064 -0.9942
vn 0.0147 0.1005 -0.9948
vn 0.0067 0.0735 -0.9973
vn 0.0067 0.0840 -0.9964
vn -0.0015 0.1004 -0.9949
vn 0.0006 0.1064 -0.9943
vn -0.0368 0.0959 -0.9947
vn -0.0560 0.0847 -0.9948
vn -0.0561 0.0847 -0.9948
vn -0.0725 0.0696 -0.9949
vn -0.0937 0.0371 -0.9949
vn -0.0725 0.0697 -0.9949
vn -0.0874 0.0374 -0.9955
vn 0.3896 -0.5154 -0.7633
vn 0.3112 -0.4076 -0.8585
vn 0.3014 -0.3967 -0.8670
vn 0.3535 -0.4706 -0.8084
vn 0.4224 -0.5603 -0.7124
vn 0.3686 -0.4945 -0.7872
vn 0.3081 -0.4058 -0.8605
vn -0.2892 -0.4120 -0.8641
vn -0.2924 -0.4164 -0.8609
vn -0.3357 -0.4761 -0.8128
vn -0.3357 -0.4760 -0.8129
vn -0.3528 -0.4996 -0.7911
vn -0.3527 -0.4994 -0.7913
vn 0.2835 0.4040 0.8697
vn 0.8142 -0.5806 0.0053
vn 0.8157 -0.5784 0.0075
vn 0.8126 -0.5828 0.0030
vn 0.8171 -0.5764 0.0095
vn -0.8106 0.5856 -0.0008
vn -0.8090 0.5878 0.0014
vn -0.8076 0.5898 0.0034
vn -0.8122 0.5834 -0.0030
vn -0.2996 0.4000 0.8662
vn 0.8042 0.5943 0.0038
vn 0.8026 0.5965 0.0060
vn 0.8058 0.5921 0.0016
vn 0.8011 0.5985 0.0080
vn -0.8079 -0.5893 0.0006
vn -0.8095 -0.5871 0.0028
vn -0.8109 -0.5852 0.0048
vn -0.8063 -0.5916 -0.0016
vt 0.103882 0.495605
vt 0.078308 0.528320
vt 0.134033 0.494629
vt 0.078979 0.528320
vt 0.512695 0.263672
vt 0.461182 0.233887
vt 0.443848 0.263672
vt 0.495605 0.233887
vt 0.547363 0.204102
vt 0.512695 0.144531
vt 0.512695 0.204102
vt 0.495605 0.174316
vt 0.461182 0.174316
vt 0.443848 0.144531
vt 0.409424 0.204102
vt 0.443848 0.204102
vt 0.782715 0.267578
vt 0.962402 0.247559
vt 0.782715 0.247559
vt 0.962402 0.267578
vt 0.962402 0.227539
vt 0.782715 0.227539
vt 0.962402 0.208008
vt 0.782715 0.208008
vt 0.962402 0.187988
vt 0.782715 0.187988
vt 0.962402 0.167969
vt 0.782715 0.167969
vt 0.962402 0.147949
vt 0.782715 0.147949
vt 0.607910 0.175293
vt 0.607910 0.329590
vt 0.696777 0.329590
vt 0.563477 0.252441
vt 0.741211 0.252441
vt 0.696777 0.175293
vt 0.038727 0.139648
vt 0.025696 0.170410
vt 0.038727 0.170410
vt 0.025696 0.139648
vt 0.025696 0.201172
vt 0.038727 0.201172
vt 0.025696 0.231934
vt 0.038727 0.231934
vt 0.025696 0.263184
vt 0.038727 0.263184
vt 0.025696 0.293945
vt 0.038727 0.293945
vt 0.025696 0.324707
vt 0.038727 0.324707
vt 0.025696 0.355469
vt 0.038727 0.355469
vt 0.025696 0.386719
vt 0.038727 0.386719
vt 0.025696 0.417480
vt 0.038727 0.417480
vt 0.025696 0.448242
vt 0.038727 0.448242
vt 0.025696 0.479004
vt 0.038727 0.479004
vt 0.025696 0.510010
vt 0.038727 0.510010
vt 0.025696 0.540771
vt 0.038727 0.540771
vt 0.025696 0.571777
vt 0.038727 0.571777
vt 0.025696 0.602539
vt 0.038727 0.602539
vt 0.025696 0.633545
vt 0.038727 0.633545
vt 0.410400 0.302734
vt 0.529785 0.302734
vt 0.470215 0.290527
vt 0.359619 0.336426
vt 0.580566 0.336426
vt 0.325684 0.387207
vt 0.614258 0.387207
vt 0.626465 0.446777
vt 0.325684 0.506592
vt 0.614258 0.506592
vt 0.313965 0.446777
vt 0.359619 0.557129
vt 0.580566 0.557129
vt 0.529785 0.591064
vt 0.410400 0.591064
vt 0.470215 0.603027
vt 0.713379 0.352539
vt 0.679688 0.402832
vt 0.679688 0.522461
vt 0.667480 0.462891
vt 0.713379 0.573242
vt 0.764160 0.318359
vt 0.764160 0.607178
vt 0.823730 0.306641
vt 0.823730 0.618896
vt 0.883789 0.318359
vt 0.883789 0.607178
vt 0.934570 0.352539
vt 0.934570 0.573242
vt 0.968262 0.402832
vt 0.968262 0.522461
vt 0.979980 0.462891
vt 0.216431 0.146484
vt 0.163574 0.147461
vt 0.154785 0.147949
vt 0.214111 0.146484
vt 0.103882 0.286621
vt 0.134033 0.285645
vt 0.500977 0.022461
vt 0.500977 0.116699
vt 0.384277 0.022461
vt 0.137573 0.116699
vt 0.384277 0.116699
vt 0.137573 0.022461
vt 0.489502 0.022461
vt 0.489502 0.116699
vt 0.032318 0.022461
vt 0.020554 0.116699
vt 0.032318 0.116699
vt 0.020538 0.022461
vt 0.865234 0.022461
vt 0.618164 0.116699
vt 0.865234 0.116699
vt 0.618164 0.022461
vt 0.970215 0.022461
vt 0.970215 0.116699
vt 0.981934 0.022461
vt 0.981934 0.116699
vt 0.513184 0.022461
vt 0.513184 0.116699
vt 0.170044 0.632568
vt 0.229370 0.631104
vt 0.178955 0.632080
vt 0.231689 0.631348
vt 0.174805 0.567871
vt 0.152954 0.535400
vt 0.225342 0.566895
vt 0.250000 0.501221
vt 0.261230 0.457031
vt 0.258545 0.318848
vt 0.150757 0.249023
vt 0.245483 0.275391
vt 0.167725 0.211914
vt 0.218140 0.210449
vt 0.263672 0.457520
vt 0.260742 0.319336
vt 0.252441 0.501465
vt 0.227661 0.567139
vt 0.247925 0.275391
vt 0.220459 0.210938
vt 0.158813 0.212402
vt 0.141846 0.249512
vt 0.144165 0.535889
vt 0.166016 0.568359
vt 0.078369 0.254395
vt 0.077698 0.254395
vt 0.087769 0.233398
vt 0.088440 0.233398
vt 0.200439 0.194824
vt 0.226929 0.231445
vt 0.236816 0.221680
vt 0.214355 0.237793
vt 0.200439 0.240234
vt 0.243164 0.208984
vt 0.245361 0.194824
vt 0.243164 0.181152
vt 0.236816 0.168457
vt 0.226929 0.158691
vt 0.214355 0.152344
vt 0.200439 0.149902
vt 0.186523 0.152344
vt 0.174072 0.158691
vt 0.164063 0.168457
vt 0.157715 0.181152
vt 0.155518 0.194824
vt 0.157715 0.208984
vt 0.164063 0.221680
vt 0.174072 0.231445
vt 0.186523 0.237793
vt 0.372559 0.711670
vt 0.367188 0.760376
vt 0.396973 0.745361
vt 0.354248 0.720947
vt 0.386963 0.697266
vt 0.420654 0.721680
vt 0.396240 0.678955
vt 0.435791 0.691895
vt 0.399414 0.658691
vt 0.440918 0.658691
vt 0.396240 0.638672
vt 0.386963 0.620361
vt 0.435791 0.625732
vt 0.420654 0.595947
vt 0.372559 0.605957
vt 0.396973 0.572266
vt 0.354248 0.596680
vt 0.367188 0.557129
vt 0.334229 0.593506
vt 0.313965 0.596680
vt 0.334229 0.552002
vt 0.301025 0.557129
vt 0.295654 0.605957
vt 0.271240 0.572266
vt 0.281250 0.620361
vt 0.247681 0.595947
vt 0.271973 0.638672
vt 0.268799 0.658691
vt 0.232544 0.625732
vt 0.227295 0.658691
vt 0.271973 0.678955
vt 0.232544 0.691895
vt 0.281250 0.697266
vt 0.247681 0.721680
vt 0.295654 0.711670
vt 0.313965 0.720947
vt 0.271240 0.745361
vt 0.301025 0.760376
vt 0.334229 0.724121
vt 0.334229 0.765625
vt 0.251465 0.204102
vt 0.280518 0.141602
vt 0.251465 0.141602
vt 0.280518 0.204102
vt 0.222656 0.204102
vt 0.222656 0.141602
vt 0.193726 0.204102
vt 0.193726 0.141602
vt 0.164795 0.204102
vt 0.164795 0.141602
vt 0.135986 0.204102
vt 0.135986 0.141602
vt 0.107056 0.204102
vt 0.107056 0.141602
vt 0.078125 0.204102
vt 0.078125 0.141602
vt 0.049194 0.204102
vt 0.049194 0.141602
vt 0.020279 0.204102
vt 0.020279 0.141602
vt 0.309326 0.141602
vt 0.309326 0.204102
vt 0.338379 0.204102
vt 0.338379 0.141602
vt 0.367188 0.141602
vt 0.367188 0.204102
vt 0.396240 0.141602
vt 0.396240 0.204102
vt 0.425049 0.204102
vt 0.425049 0.141602
vt 0.454102 0.141602
vt 0.454102 0.204102
vt 0.482910 0.141602
vt 0.482910 0.204102
vt 0.511719 0.141602
vt 0.511719 0.204102
vt 0.540527 0.204102
vt 0.540527 0.141602
vt 0.569824 0.141602
vt 0.569824 0.204102
vt 0.598633 0.141602
vt 0.598633 0.204102
vt 0.253662 0.291992
vt 0.282471 0.280762
vt 0.253662 0.280762
vt 0.282471 0.291992
vt 0.224976 0.291992
vt 0.224976 0.280762
vt 0.196167 0.291992
vt 0.196167 0.280762
vt 0.167358 0.291992
vt 0.167358 0.280762
vt 0.138550 0.291992
vt 0.138550 0.280762
vt 0.109680 0.291992
vt 0.109680 0.280762
vt 0.080872 0.291992
vt 0.080872 0.280762
vt 0.052063 0.291992
vt 0.052063 0.280762
vt 0.023254 0.291992
vt 0.023254 0.280762
vt 0.311279 0.280762
vt 0.311279 0.291992
vt 0.340332 0.291992
vt 0.340332 0.280762
vt 0.369141 0.280762
vt 0.369141 0.291992
vt 0.397949 0.280762
vt 0.397949 0.291992
vt 0.426758 0.291992
vt 0.426758 0.280762
vt 0.455566 0.280762
vt 0.455566 0.291992
vt 0.484375 0.280762
vt 0.484375 0.291992
vt 0.513184 0.291992
vt 0.513184 0.280762
vt 0.541992 0.280762
vt 0.541992 0.291992
vt 0.570801 0.280762
vt 0.570801 0.291992
vt 0.599609 0.280762
vt 0.599609 0.291992
vt 0.282471 0.219727
vt 0.253662 0.219727
vt 0.224976 0.219727
vt 0.196167 0.219727
vt 0.167358 0.219727
vt 0.138550 0.219727
vt 0.109680 0.219727
vt 0.080872 0.219727
vt 0.052063 0.219727
vt 0.023254 0.219727
vt 0.311279 0.219727
vt 0.340332 0.219727
vt 0.369141 0.219727
vt 0.397949 0.219727
vt 0.426758 0.219727
vt 0.455566 0.219727
vt 0.484375 0.219727
vt 0.513184 0.219727
vt 0.541992 0.219727
vt 0.570801 0.219727
vt 0.599609 0.219727
vt 0.745117 0.229492
vt 0.802734 0.199707
vt 0.745117 0.199707
vt 0.802734 0.229492
vt 0.688477 0.229492
vt 0.686035 0.199707
vt 0.666992 0.199707
vt 0.675293 0.229492
vt 0.669922 0.229492
vt 0.658203 0.199707
vt 0.662598 0.229492
vt 0.646973 0.199707
vt 0.641113 0.229492
vt 0.860352 0.229492
vt 0.860352 0.199707
vt 0.916992 0.229492
vt 0.918945 0.199707
vt 0.938477 0.199707
vt 0.930176 0.229492
vt 0.935547 0.229492
vt 0.942383 0.229492
vt 0.947266 0.199707
vt 0.958496 0.199707
vt 0.964355 0.229492
vt 0.919434 0.582275
vt 0.933105 0.549072
vt 0.930176 0.549805
vt 0.921875 0.584717
vt 0.843262 0.557129
vt 0.853516 0.525391
vt 0.935547 0.547119
vt 0.922363 0.587402
vt 0.005100 0.722168
vt 0.213989 0.744873
vt 0.186523 0.660156
vt 0.030777 0.801270
vt 0.231567 0.786743
vt 0.069214 0.839600
vt 0.174927 0.612549
vt 0.012634 0.665283
vt 0.637695 0.801270
vt 0.481689 0.660156
vt 0.454346 0.744873
vt 0.663086 0.722168
vt 0.492188 0.615967
vt 0.654297 0.668701
vt 0.435547 0.790161
vt 0.597656 0.842896
vt 0.292480 0.991470
vt 0.378662 0.799805
vt 0.289551 0.799805
vt 0.375732 0.991470
vt 0.240845 0.796021
vt 0.240845 0.966705
vt 0.424072 0.796021
vt 0.424072 0.966705
vt 0.379395 0.213379
vt 0.345703 0.294434
vt 0.379395 0.260742
vt 0.298340 0.294434
vt 0.345703 0.179688
vt 0.298340 0.179688
vt 0.264648 0.260742
vt 0.264648 0.213379
vt 0.860352 0.168945
vt 0.802734 0.139160
vt 0.802734 0.168945
vt 0.860352 0.139160
vt 0.916992 0.168945
vt 0.918945 0.139160
vt 0.938477 0.139160
vt 0.930176 0.168945
vt 0.935547 0.168945
vt 0.942383 0.168945
vt 0.947266 0.139160
vt 0.958496 0.139160
vt 0.964355 0.168945
vt 0.745117 0.168945
vt 0.688477 0.168945
vt 0.745117 0.139160
vt 0.686035 0.139160
vt 0.666992 0.139160
vt 0.675293 0.168945
vt 0.669922 0.168945
vt 0.658203 0.139160
vt 0.646973 0.139160
vt 0.662598 0.168945
vt 0.641113 0.168945
vt 0.740723 0.525391
vt 0.674805 0.582275
vt 0.750977 0.557129
vt 0.664551 0.549805
vt 0.672852 0.584717
vt 0.661133 0.549072
vt 0.672363 0.587402
vt 0.659180 0.547119
vt 0.778809 0.661621
vt 0.818359 0.662842
vt 0.815918 0.661621
vt 0.776367 0.662842
vt 0.780273 0.658691
vt 0.780762 0.578369
vt 0.814453 0.658691
vt 0.813965 0.578369
vt 0.133301 0.950287
vt 0.066650 0.965057
vt 0.133301 0.965057
vt 0.066650 0.950287
vt 0.133301 0.704590
vt 0.199951 0.965057
vt 0.199951 0.950287
vt 0.066650 0.689697
vt 0.066650 0.704590
vt 0.133301 0.689697
vt 0.199951 0.689697
vt 0.199951 0.704590
vt 0.266602 0.950287
vt 0.266602 0.704590
vt 0.266602 0.689697
vt 0.333252 0.689697
vt 0.333252 0.704590
vt 0.333252 0.950287
vt 0.399902 0.950287
vt 0.399902 0.704590
vt 0.333252 0.965088
vt 0.466553 0.704346
vt 0.399902 0.689697
vt 0.466553 0.689697
vt 0.333252 0.674316
vt 0.399902 0.674316
vt 0.533203 0.704346
vt 0.533203 0.689697
vt 0.466553 0.674316
vt 0.533203 0.674316
vt 0.533203 0.656006
vt 0.466553 0.656006
vt 0.399902 0.656006
vt 0.333252 0.656006
vt 0.266602 0.674316
vt 0.266602 0.656006
vt 0.199951 0.656006
vt 0.199951 0.674316
vt 0.133301 0.656006
vt 0.133301 0.674316
vt 0.066650 0.674316
vt 0.066650 0.656006
vt -0.000016 0.674316
vt -0.000016 0.656006
vt -0.066650 0.656006
vt -0.133301 0.674316
vt -0.066650 0.674316
vt -0.133301 0.656006
vt -0.000016 0.689697
vt -0.133301 0.689697
vt -0.066650 0.689697
vt -0.000016 0.704590
vt -0.066650 0.704590
vt -0.133301 0.704590
vt -0.066650 0.950287
vt -0.133301 0.950287
vt -0.199951 0.704590
vt -0.000016 0.950287
vt -0.066650 0.965057
vt -0.000016 0.965057
vt -0.066650 0.980362
vt -0.133301 0.965057
vt -0.199951 0.950287
vt -0.133301 0.980362
vt -0.199951 0.965088
vt -0.266602 0.704590
vt -0.266602 0.950287
vt -0.199951 0.689697
vt -0.266602 0.689697
vt -0.333252 0.689697
vt -0.333252 0.704590
vt -0.333252 0.950287
vt -0.333252 0.965088
vt -0.399902 0.965088
vt -0.399902 0.950287
vt -0.466553 0.965118
vt -0.466553 0.950317
vt -0.399902 0.704590
vt -0.466553 0.704346
vt -0.399902 0.689697
vt -0.466553 0.689697
vt -0.533203 0.704346
vt -0.533203 0.950317
vt -0.599609 0.704346
vt -0.533203 0.689697
vt -0.466553 0.674316
vt -0.533203 0.674316
vt -0.599609 0.689697
vt -0.666504 0.704346
vt -0.666504 0.689697
vt -0.599609 0.674316
vt -0.599609 0.656006
vt -0.666504 0.656006
vt -0.666504 0.674316
vt -0.732910 0.674316
vt -0.732910 0.689697
vt -0.799805 0.674316
vt -0.732910 0.656006
vt -0.732910 0.704346
vt -0.799805 0.689697
vt -0.799805 0.704346
vt -0.866211 0.689697
vt -0.866211 0.674316
vt -0.866211 0.656006
vt -0.933105 0.674316
vt -0.933105 0.689697
vt -1.000000 0.689697
vt -1.000000 0.674316
vt -1.000000 0.656006
vt -0.933105 0.656006
vt -1.000000 0.704590
vt -0.933105 0.950317
vt -1.000000 0.950317
vt -0.933105 0.704346
vt -0.866211 0.704590
vt -0.866211 0.950317
vt -0.799805 0.950317
vt -0.866211 0.965118
vt -0.799805 0.965118
vt -0.866211 0.980392
vt -0.933105 0.965118
vt -1.000000 0.965118
vt -0.933105 0.980392
vt -1.000000 0.998824
vt -0.933105 0.998830
vt -1.000000 0.980392
vt -0.866211 0.998822
vt -0.799805 0.980408
vt -0.799805 0.998835
vt -0.732910 0.998824
vt -0.732910 0.980392
vt -0.666504 0.998837
vt -0.666504 0.980408
vt -0.599609 0.980423
vt -0.599609 0.998852
vt -0.599609 0.965118
vt -0.533203 0.980408
vt -0.666504 0.965118
vt -0.533203 0.998845
vt -0.466553 0.998825
vt -0.399902 0.980377
vt -0.466553 0.980392
vt -0.399902 0.998809
vt -0.333252 0.998798
vt -0.333252 0.980362
vt -0.266602 0.998792
vt -0.266602 0.980362
vt -0.199951 0.980362
vt -0.199951 0.998789
vt -0.133301 0.998787
vt -0.066650 0.998786
vt -0.000016 0.998786
vt -0.000016 0.980362
vt 0.066650 0.998785
vt 0.066650 0.980362
vt 0.133301 0.998785
vt 0.199951 0.980362
vt 0.199951 0.998786
vt 0.133301 0.980362
vt 0.266602 0.980362
vt 0.266602 0.998788
vt 0.333252 0.998794
vt 0.399902 0.980377
vt 0.333252 0.980362
vt 0.399902 0.998803
vt 0.466553 0.998818
vt 0.466553 0.980392
vt 0.533203 0.998838
vt 0.533203 0.980408
vt 0.599609 0.980408
vt 0.599609 0.998843
vt 0.666504 0.980392
vt 0.666504 0.998828
vt 0.732910 0.998815
vt 0.799805 0.980392
vt 0.732910 0.980377
vt 0.799805 0.998825
vt 0.866211 0.998812
vt 0.866211 0.980377
vt 0.933105 0.998819
vt 0.933105 0.980392
vt 0.999512 0.980377
vt 0.999512 0.998813
vt 0.933105 0.965088
vt 0.999512 0.965088
vt 0.933105 0.950287
vt 0.866211 0.965088
vt 0.866211 0.950287
vt 0.799805 0.965088
vt 0.799805 0.950287
vt 0.732910 0.965088
vt 0.732910 0.950287
vt 0.666504 0.950317
vt 0.666504 0.965118
vt 0.599609 0.965118
vt 0.599609 0.950317
vt 0.533203 0.950317
vt 0.599609 0.704346
vt 0.666504 0.704346
vt 0.599609 0.689697
vt 0.666504 0.689697
vt 0.732910 0.689697
vt 0.732910 0.704346
vt 0.799805 0.704346
vt 0.866211 0.704346
vt 0.799805 0.689697
vt 0.866211 0.689697
vt 0.732910 0.674316
vt 0.799805 0.674316
vt 0.933105 0.704346
vt 0.933105 0.689697
vt 0.866211 0.674316
vt 0.933105 0.674316
vt 0.933105 0.656006
vt 0.866211 0.656006
vt 0.799805 0.656006
vt 0.732910 0.656006
vt 0.666504 0.674316
vt 0.666504 0.656006
vt 0.599609 0.656006
vt 0.599609 0.674316
vt 0.999512 0.674316
vt 0.999512 0.656006
vt 0.999512 0.689697
vt 0.999512 0.704346
vt 0.999512 0.950287
vt 0.466553 0.965088
vt 0.533203 0.965118
vt 0.466553 0.950317
vt 0.399902 0.965088
vt 0.266602 0.965057
vt -0.266602 0.965088
vt -0.533203 0.965118
vt -0.599609 0.950317
vt -0.666504 0.950317
vt -0.732910 0.965118
vt -0.732910 0.950317
vt -0.799805 0.656006
vt -0.533203 0.656006
vt -0.466553 0.656006
vt -0.399902 0.674316
vt -0.399902 0.656006
vt -0.333252 0.656006
vt -0.333252 0.674316
vt -0.266602 0.656006
vt -0.266602 0.674316
vt -0.199951 0.674316
vt -0.199951 0.656006
vt 0.081604 0.302246
vt 0.108765 0.321289
vt 0.084534 0.299316
vt 0.106445 0.324219
vt 0.061981 0.274902
vt 0.065308 0.272949
vt 0.052032 0.243164
vt 0.048370 0.244629
vt 0.041412 0.211914
vt 0.045288 0.211426
vt 0.045288 0.178711
vt 0.041443 0.178223
vt 0.052094 0.146973
vt 0.048401 0.145508
vt 0.061981 0.115234
vt 0.065308 0.117188
vt 0.081604 0.087891
vt 0.084534 0.090820
vt 0.108765 0.068848
vt 0.106445 0.065430
vt 0.135376 0.048828
vt 0.136963 0.052246
vt 0.167969 0.042480
vt 0.167236 0.038574
vt 0.200439 0.039063
vt 0.200439 0.035156
vt 0.233643 0.038574
vt 0.232910 0.042480
vt 0.265381 0.048828
vt 0.263916 0.052246
vt 0.292236 0.068848
vt 0.294434 0.065430
vt 0.319336 0.087891
vt 0.316406 0.090820
vt 0.335693 0.117188
vt 0.338867 0.115234
vt 0.348877 0.146973
vt 0.352539 0.145508
vt 0.359375 0.178223
vt 0.355713 0.178711
vt 0.359375 0.211914
vt 0.355713 0.211426
vt 0.348877 0.243164
vt 0.352539 0.244629
vt 0.338867 0.274902
vt 0.335693 0.272949
vt 0.316406 0.299316
vt 0.319336 0.302246
vt 0.292236 0.321289
vt 0.294434 0.324219
vt 0.265381 0.341309
vt 0.263916 0.337891
vt 0.233643 0.351563
vt 0.232910 0.347656
vt 0.200439 0.351074
vt 0.200439 0.354980
vt 0.167236 0.351563
vt 0.167969 0.347656
vt 0.136963 0.337891
vt 0.135376 0.341309
vt 0.092896 0.291992
vt 0.115417 0.312012
vt 0.141602 0.327148
vt 0.170288 0.336914
vt 0.178833 0.337891
vt 0.179077 0.336426
vt 0.200439 0.340332
vt 0.170654 0.335449
vt 0.181274 0.335449
vt 0.200439 0.338867
vt 0.222168 0.337891
vt 0.221924 0.336426
vt 0.200439 0.336914
vt 0.230347 0.335449
vt 0.219604 0.335449
vt 0.230591 0.336914
vt 0.258789 0.326172
vt 0.259277 0.327148
vt 0.284912 0.311035
vt 0.308105 0.291992
vt 0.285400 0.312012
vt 0.307129 0.291016
vt 0.325928 0.267578
vt 0.324707 0.267090
vt 0.328125 0.259277
vt 0.327881 0.256836
vt 0.336914 0.239258
vt 0.338379 0.239746
vt 0.329590 0.259766
vt 0.343018 0.218750
vt 0.344482 0.209961
vt 0.344482 0.180176
vt 0.343262 0.180176
vt 0.343262 0.209961
vt 0.341553 0.218262
vt 0.335449 0.238770
vt 0.339844 0.220215
vt 0.337158 0.221191
vt 0.326416 0.254395
vt 0.320068 0.250977
vt 0.330078 0.220215
vt 0.336914 0.150879
vt 0.325928 0.122559
vt 0.324707 0.123047
vt 0.338135 0.150391
vt 0.308105 0.098145
vt 0.302002 0.092285
vt 0.300781 0.093262
vt 0.285645 0.077637
vt 0.284912 0.079102
vt 0.307129 0.099121
vt 0.298340 0.092773
vt 0.266846 0.066895
vt 0.266113 0.068359
vt 0.283936 0.080078
vt 0.258789 0.063965
vt 0.267334 0.070313
vt 0.259277 0.062988
vt 0.230347 0.054688
vt 0.230591 0.053223
vt 0.200439 0.051270
vt 0.170410 0.053223
vt 0.170654 0.054688
vt 0.200439 0.050293
vt 0.141602 0.062988
vt 0.134033 0.066895
vt 0.098999 0.092285
vt 0.115295 0.077637
vt 0.116089 0.079102
vt 0.134766 0.068359
vt 0.142090 0.063965
vt 0.133545 0.070313
vt 0.133423 0.072754
vt 0.117065 0.080078
vt 0.136719 0.079590
vt 0.105103 0.093750
vt 0.110229 0.098633
vt 0.102539 0.092773
vt 0.100098 0.093262
vt 0.093750 0.099121
vt 0.092896 0.098145
vt 0.076111 0.123047
vt 0.075073 0.122559
vt 0.063904 0.150879
vt 0.056519 0.180176
vt 0.062805 0.150391
vt 0.057678 0.180176
vt 0.056488 0.209961
vt 0.057678 0.209961
vt 0.059479 0.218262
vt 0.061188 0.220215
vt 0.063904 0.239258
vt 0.062622 0.239746
vt 0.057983 0.218750
vt 0.071350 0.259766
vt 0.075073 0.267578
vt 0.093750 0.291016
vt 0.076111 0.267090
vt 0.072693 0.259277
vt 0.065491 0.238770
vt 0.072998 0.256836
vt 0.074524 0.254395
vt 0.063660 0.221191
vt 0.070801 0.220215
vt 0.080933 0.250977
vt 0.116089 0.311035
vt 0.142090 0.326172
vt 0.267334 0.072754
vt 0.295898 0.093750
vt 0.290771 0.098633
vt 0.264160 0.079590
vt 0.218018 0.333008
vt 0.182861 0.333008
vt 0.184082 0.326172
vt 0.216797 0.326172
vt 0.400391 0.750000
vt 0.376221 0.788330
vt 0.414307 0.768921
vt 0.368896 0.765869
vt 0.425293 0.725098
vt 0.444336 0.738770
vt 0.441162 0.693604
vt 0.463623 0.700928
vt 0.446777 0.658691
vt 0.470459 0.658691
vt 0.441162 0.624023
vt 0.425293 0.592529
vt 0.463623 0.616699
vt 0.444336 0.578613
vt 0.400391 0.567627
vt 0.414307 0.548584
vt 0.368896 0.551758
vt 0.376221 0.529297
vt 0.334229 0.546143
vt 0.299316 0.551758
vt 0.334229 0.522461
vt 0.291992 0.529297
vt 0.267822 0.567627
vt 0.254150 0.548584
vt 0.243042 0.592529
vt 0.223999 0.578613
vt 0.227051 0.624023
vt 0.221558 0.658691
vt 0.204590 0.616699
vt 0.197998 0.658691
vt 0.227051 0.693604
vt 0.204590 0.700928
vt 0.243042 0.725098
vt 0.223999 0.738770
vt 0.267822 0.750000
vt 0.299316 0.765869
vt 0.254150 0.768921
vt 0.291992 0.788330
vt 0.334229 0.771362
vt 0.334229 0.794922
vt 0.793945 0.893188
vt 0.776855 0.970718
vt 0.793945 0.970718
vt 0.776855 0.893188
vt 0.810547 0.893188
vt 0.810547 0.970718
vt 0.815430 0.893188
vt 0.827637 0.970718
vt 0.839355 0.893188
vt 0.844238 0.970718
vt 0.844238 0.893188
vt 0.861328 0.970718
vt 0.861328 0.893188
vt 0.877930 0.970718
vt 0.877930 0.893188
vt 0.895020 0.893188
vt 0.895020 0.970718
vt 0.911621 0.893188
vt 0.911621 0.970718
vt 0.916504 0.893188
vt 0.928711 0.970718
vt 0.940430 0.893188
vt 0.945313 0.970718
vt 0.945313 0.893188
vt 0.962402 0.970718
vt 0.962402 0.893188
vt 0.979004 0.970718
vt 0.979004 0.893188
vt 0.760254 0.893188
vt 0.760254 0.970718
vt 0.743164 0.893188
vt 0.743164 0.970718
vt 0.738281 0.893188
vt 0.726563 0.970718
vt 0.714355 0.893188
vt 0.709473 0.970718
vt 0.709473 0.893188
vt 0.692871 0.970718
vt 0.692871 0.893188
vt 0.675781 0.970718
vt 0.659180 0.893188
vt 0.675781 0.893188
vt 0.659180 0.970718
vt 0.642090 0.893188
vt 0.642090 0.970718
vt 0.637207 0.893188
vt 0.625488 0.970718
vt 0.613281 0.893188
vt 0.608398 0.970718
vt 0.608398 0.893188
vt 0.591797 0.970718
vt 0.591797 0.893188
vt 0.574707 0.970718
vt 0.574707 0.893188
vt 0.558105 0.893188
vt 0.558105 0.970718
vt 0.541016 0.893188
vt 0.541016 0.970718
vt 0.536133 0.893188
vt 0.524414 0.970718
vt 0.512207 0.893188
vt 0.507324 0.970718
vt 0.507324 0.893188
vt 0.490723 0.970718
vt 0.490723 0.893188
vt 0.473877 0.970718
vt 0.473877 0.893188
vt 0.367188 0.018555
vt 0.338379 0.123047
vt 0.367188 0.123047
vt 0.338379 0.018555
vt 0.396240 0.018555
vt 0.396240 0.123047
vt 0.425049 0.018555
vt 0.425049 0.123047
vt 0.454102 0.018555
vt 0.454102 0.123047
vt 0.482910 0.018555
vt 0.482910 0.123047
vt 0.511719 0.018555
vt 0.511719 0.123047
vt 0.540527 0.018555
vt 0.540527 0.123047
vt 0.569824 0.018555
vt 0.569824 0.123047
vt 0.598633 0.018555
vt 0.598633 0.123047
vt 0.309326 0.123047
vt 0.309326 0.018555
vt 0.280518 0.018555
vt 0.280518 0.123047
vt 0.251465 0.123047
vt 0.251465 0.018555
vt 0.222656 0.123047
vt 0.222656 0.018555
vt 0.193726 0.123047
vt 0.193726 0.018555
vt 0.164795 0.018555
vt 0.164795 0.123047
vt 0.135986 0.123047
vt 0.135986 0.018555
vt 0.107056 0.123047
vt 0.107056 0.018555
vt 0.078125 0.123047
vt 0.078125 0.018555
vt 0.049194 0.018555
vt 0.049194 0.123047
vt 0.020279 0.123047
vt 0.020279 0.018555
vt 0.253662 0.326172
vt 0.282471 0.326172
vt 0.224976 0.326172
vt 0.196167 0.326172
vt 0.167358 0.326172
vt 0.138550 0.326172
vt 0.109680 0.326172
vt 0.080872 0.326172
vt 0.052063 0.326172
vt 0.023254 0.326172
vt 0.311279 0.326172
vt 0.340332 0.326172
vt 0.369141 0.326172
vt 0.397949 0.326172
vt 0.426758 0.326172
vt 0.455566 0.326172
vt 0.484375 0.326172
vt 0.513184 0.326172
vt 0.541992 0.326172
vt 0.570801 0.326172
vt 0.599609 0.326172
vt 0.860352 0.285645
vt 0.802734 0.255859
vt 0.802734 0.285645
vt 0.860352 0.255859
vt 0.916992 0.285645
vt 0.918945 0.255859
vt 0.938477 0.255859
vt 0.930176 0.285645
vt 0.935547 0.285645
vt 0.942383 0.285645
vt 0.947266 0.255859
vt 0.958496 0.255859
vt 0.964355 0.285645
vt 0.745117 0.285645
vt 0.745117 0.255859
vt 0.688477 0.285645
vt 0.686035 0.255859
vt 0.666992 0.255859
vt 0.675293 0.285645
vt 0.669922 0.285645
vt 0.658203 0.255859
vt 0.662598 0.285645
vt 0.646973 0.255859
vt 0.641113 0.285645
vt 0.860352 0.113770
vt 0.802734 0.083984
vt 0.802734 0.113770
vt 0.860352 0.083984
vt 0.916992 0.113770
vt 0.938477 0.083984
vt 0.918945 0.083984
vt 0.930176 0.113770
vt 0.935547 0.113770
vt 0.947266 0.083984
vt 0.942383 0.113770
vt 0.958496 0.083984
vt 0.964355 0.113770
vt 0.745117 0.113770
vt 0.688477 0.113770
vt 0.745117 0.083984
vt 0.686035 0.083984
vt 0.666992 0.083984
vt 0.675293 0.113770
vt 0.669922 0.113770
vt 0.658203 0.083984
vt 0.662598 0.113770
vt 0.646973 0.083984
vt 0.641113 0.113770
vt 0.860352 0.062012
vt 0.802734 0.032227
vt 0.802734 0.062012
vt 0.860352 0.032227
vt 0.916992 0.062012
vt 0.918945 0.032227
vt 0.938477 0.032227
vt 0.930176 0.062012
vt 0.935547 0.062012
vt 0.947266 0.032227
vt 0.942383 0.062012
vt 0.958496 0.032227
vt 0.964355 0.062012
vt 0.745117 0.062012
vt 0.688477 0.062012
vt 0.745117 0.032227
vt 0.686035 0.032227
vt 0.666992 0.032227
vt 0.675293 0.062012
vt 0.669922 0.062012
vt 0.662598 0.062012
vt 0.658203 0.032227
vt 0.646973 0.032227
vt 0.641113 0.062012
vt 0.974609 0.504150
vt 0.950195 0.473145
vt 0.957520 0.505859
vt 0.966797 0.467773
vt 0.974609 0.541504
vt 0.957520 0.539551
vt 0.966797 0.578125
vt 0.950195 0.572754
vt 0.936523 0.603516
vt 0.951660 0.612305
vt 0.916992 0.630859
vt 0.929688 0.642578
vt 0.891602 0.653320
vt 0.901855 0.667480
vt 0.869629 0.686279
vt 0.862305 0.670166
vt 0.833984 0.697754
vt 0.830566 0.680664
vt 0.796875 0.701660
vt 0.796875 0.684326
vt 0.763184 0.680664
vt 0.759766 0.697754
vt 0.730957 0.670166
vt 0.724121 0.686279
vt 0.702148 0.653320
vt 0.691895 0.667480
vt 0.664063 0.642578
vt 0.676758 0.630859
vt 0.642090 0.612305
vt 0.657227 0.603516
vt 0.626953 0.578125
vt 0.643066 0.572754
vt 0.636230 0.539551
vt 0.619141 0.541504
vt 0.636230 0.505859
vt 0.619141 0.504150
vt 0.643066 0.473145
vt 0.626953 0.467773
vt 0.642090 0.433594
vt 0.657227 0.442383
vt 0.664063 0.403320
vt 0.676758 0.415039
vt 0.691895 0.378418
vt 0.702148 0.392090
vt 0.730957 0.375488
vt 0.724121 0.359375
vt 0.763184 0.365234
vt 0.759766 0.348145
vt 0.796875 0.361328
vt 0.796875 0.344238
vt 0.833984 0.348145
vt 0.830566 0.365234
vt 0.869629 0.359375
vt 0.862305 0.375488
vt 0.901855 0.378418
vt 0.891602 0.392090
vt 0.916992 0.415039
vt 0.929688 0.403320
vt 0.936523 0.442383
vt 0.951660 0.433594
vt 0.862793 0.402832
vt 0.890137 0.426270
vt 0.893066 0.424805
vt 0.862305 0.406250
vt 0.861328 0.400391
vt 0.895508 0.425293
vt 0.842285 0.490723
vt 0.815430 0.471191
vt 0.779297 0.471191
vt 0.704590 0.426270
vt 0.751953 0.490723
vt 0.731934 0.406250
vt 0.701660 0.424805
vt 0.731934 0.402832
vt 0.698730 0.425293
vt 0.732910 0.400391
vt 0.562988 0.414551
vt 0.380859 0.519043
vt 0.452881 0.571289
vt 0.496094 0.365723
vt 0.342041 0.495605
vt 0.442383 0.357422
vt 0.490234 0.603027
vt 0.590332 0.464844
vt 0.172363 0.365723
vt 0.215454 0.571289
vt 0.287354 0.519043
vt 0.105103 0.414551
vt 0.180908 0.601074
vt 0.080566 0.462891
vt 0.329102 0.493164
vt 0.228760 0.354980
s 1
usemtl 5b395f45_dds
f 1/1/1 2/2/2 4/3/4
f 1/1/1 3/4/3 2/2/2
f 5/5/5 6/6/6 8/7/8
f 5/5/5 7/8/7 6/6/6
f 9/9/9 7/8/7 5/5/5
f 10/10/10 11/11/11 9/9/9
f 9/9/9 11/11/11 7/8/7
f 11/11/11 12/12/12 7/8/7
f 10/10/10 12/12/12 11/11/11
f 7/8/7 12/12/12 13/13/13
f 14/14/14 13/13/13 12/12/12
f 14/14/14 12/12/12 10/10/10
f 15/15/15 13/13/13 14/14/14
f 8/7/8 16/16/16 15/15/15
f 15/15/15 16/16/16 13/13/13
f 8/7/8 6/6/6 16/16/16
f 6/6/6 13/13/13 16/16/16
f 7/8/7 13/13/13 6/6/6
f 17/17/17 18/18/17 20/19/17
f 17/17/17 19/20/18 18/18/17
f 21/19/19 22/21/19 24/22/19
f 21/19/19 23/18/19 22/21/19
f 25/22/20 26/23/20 28/24/21
f 25/22/20 27/21/20 26/23/20
f 29/24/22 30/25/22 32/26/22
f 29/24/22 31/23/22 30/25/22
f 33/26/23 34/27/24 36/28/25
f 33/26/23 35/25/24 34/27/24
f 37/28/26 38/29/26 40/30/28
f 37/28/26 39/27/27 38/29/26
f 41/31/29 42/32/29 44/33/29
f 41/31/29 43/34/30 42/32/29
f 45/35/29 41/31/29 44/33/29
f 45/35/29 46/36/31 41/31/29
f 47/5/32 48/6/33 50/7/34
f 47/5/32 49/8/7 48/6/33
f 51/9/35 49/8/7 47/5/32
f 52/10/36 53/11/37 51/9/35
f 51/9/35 53/11/37 49/8/7
f 52/10/36 54/12/12 53/11/37
f 53/11/37 54/12/12 49/8/7
f 49/8/7 54/12/12 55/13/38
f 56/14/39 55/13/38 54/12/12
f 56/14/39 54/12/12 52/10/36
f 57/15/40 55/13/38 56/14/39
f 50/7/34 58/16/41 57/15/40
f 57/15/40 58/16/41 55/13/38
f 48/6/33 55/13/38 58/16/41
f 50/7/34 48/6/33 58/16/41
f 49/8/7 55/13/38 48/6/33
f 59/17/17 60/18/17 62/19/17
f 59/17/17 61/20/18 60/18/17
f 63/19/19 64/21/19 66/22/19
f 63/19/19 65/18/19 64/21/19
f 67/22/20 68/23/20 70/24/20
f 67/22/20 69/21/42 68/23/20
f 71/24/22 72/25/43 74/26/44
f 71/24/22 73/23/43 72/25/43
f 75/26/24 76/27/24 78/28/24
f 75/26/24 77/25/24 76/27/24
f 79/28/26 80/29/26 82/30/28
f 79/28/26 81/27/27 80/29/26
f 83/31/45 84/32/45 86/33/29
f 83/31/45 85/34/45 84/32/45
f 87/35/29 83/31/45 86/33/29
f 87/35/29 88/36/45 83/31/45
f 89/5/5 90/6/6 92/7/46
f 89/5/5 91/8/7 90/6/6
f 93/9/47 91/8/7 89/5/5
f 94/10/36 95/11/48 93/9/47
f 93/9/47 95/11/48 91/8/7
f 95/11/48 96/12/49 91/8/7
f 94/10/36 96/12/49 95/11/48
f 97/14/14 96/12/49 94/10/36
f 97/14/14 98/13/50 96/12/49
f 91/8/7 96/12/49 98/13/50
f 91/8/7 98/13/50 90/6/6
f 90/6/6 98/13/50 99/16/16
f 100/15/15 99/16/16 98/13/50
f 100/15/15 98/13/50 97/14/14
f 92/7/46 99/16/16 100/15/15
f 92/7/46 90/6/6 99/16/16
f 101/17/17 102/18/17 104/19/17
f 101/17/17 103/20/18 102/18/17
f 105/19/51 106/21/51 108/22/51
f 105/19/51 107/18/51 106/21/51
f 109/22/21 110/23/21 112/24/42
f 109/22/21 111/21/20 110/23/21
f 113/24/22 114/25/22 116/26/43
f 113/24/22 115/23/22 114/25/22
f 117/26/25 118/27/25 120/28/25
f 117/26/25 119/25/25 118/27/25
f 121/28/26 122/29/26 124/30/28
f 121/28/26 123/27/26 122/29/26
f 125/31/29 126/32/29 128/33/29
f 125/31/29 127/34/29 126/32/29
f 129/35/29 125/31/29 128/33/29
f 129/35/29 130/36/29 125/31/29
f 131/5/32 132/6/52 134/7/8
f 131/5/32 133/8/7 132/6/52
f 135/9/35 133/8/7 131/5/32
f 136/10/53 137/11/37 135/9/35
f 135/9/35 137/11/37 133/8/7
f 137/11/37 138/12/12 133/8/7
f 136/10/53 138/12/12 137/11/37
f 133/8/7 138/12/12 139/13/54
f 140/14/55 139/13/54 138/12/12
f 140/14/55 138/12/12 136/10/53
f 141/15/15 139/13/54 140/14/55
f 141/15/15 142/16/56 139/13/54
f 134/7/8 142/16/56 141/15/15
f 132/6/52 139/13/54 142/16/56
f 134/7/8 132/6/52 142/16/56
f 133/8/7 139/13/54 132/6/52
f 143/17/18 144/18/57 146/19/18
f 143/17/18 145/20/57 144/18/57
f 147/19/19 148/21/58 150/22/19
f 147/19/19 149/18/51 148/21/58
f 151/22/59 152/23/20 154/24/59
f 151/22/59 153/21/20 152/23/20
f 155/24/43 156/25/43 158/26/22
f 155/24/43 157/23/43 156/25/43
f 159/26/25 160/27/25 162/28/25
f 159/26/25 161/25/24 160/27/25
f 163/28/26 164/29/26 166/30/28
f 163/28/26 165/27/27 164/29/26
f 167/31/29 168/32/29 170/33/61
f 167/31/29 169/34/60 168/32/29
f 171/35/61 167/31/29 170/33/61
f 171/35/61 172/36/61 167/31/29
f 173/5/5 174/6/33 176/7/34
f 173/5/5 175/8/7 174/6/33
f 177/9/62 175/8/7 173/5/5
f 178/10/63 179/11/37 177/9/62
f 177/9/62 179/11/37 175/8/7
f 179/11/37 180/12/12 175/8/7
f 178/10/63 180/12/12 179/11/37
f 174/6/33 180/12/12 181/13/50
f 182/14/64 181/13/50 180/12/12
f 182/14/64 180/12/12 178/10/63
f 174/6/33 175/8/7 180/12/12
f 183/15/65 181/13/50 182/14/64
f 176/7/34 184/16/56 183/15/65
f 183/15/65 184/16/56 181/13/50
f 176/7/34 174/6/33 184/16/56
f 174/6/33 181/13/50 184/16/56
f 185/17/18 186/18/18 188/19/18
f 185/17/18 187/20/18 186/18/18
f 189/19/58 190/21/51 192/22/19
f 189/19/58 191/18/51 190/21/51
f 193/22/21 194/23/20 196/24/21
f 193/22/21 195/21/59 194/23/20
f 197/24/22 198/25/22 200/26/22
f 197/24/22 199/23/22 198/25/22
f 201/26/25 202/27/25 204/28/24
f 201/26/25 203/25/25 202/27/25
f 205/28/28 206/29/28 208/30/28
f 205/28/28 207/27/28 206/29/28
f 209/31/45 210/32/45 212/33/45
f 209/31/45 211/34/45 210/32/45
f 213/35/66 209/31/45 212/33/45
f 213/35/66 214/36/45 209/31/45
f 215/5/63 216/6/37 218/7/35
f 215/5/63 217/8/67 216/6/37
f 219/9/39 217/8/67 215/5/63
f 220/10/15 221/11/50 219/9/39
f 219/9/39 221/11/50 217/8/67
f 220/10/15 224/12/56 221/11/50
f 221/11/50 222/16/7 217/8/67
f 221/11/50 223/13/6 222/16/7
f 221/11/50 224/12/56 223/13/6
f 225/14/8 223/13/6 224/12/56
f 225/14/8 224/12/56 220/10/15
f 226/15/68 223/13/6 225/14/8
f 218/7/35 222/16/7 226/15/68
f 226/15/68 222/16/7 223/13/6
f 217/8/67 222/16/7 216/6/37
f 218/7/35 216/6/37 222/16/7
f 227/17/25 228/18/25 230/19/25
f 227/17/25 229/20/25 228/18/25
f 231/19/26 232/21/26 234/22/26
f 231/19/26 233/18/28 232/21/26
f 235/22/17 236/23/17 238/24/18
f 235/22/17 237/21/17 236/23/17
f 239/24/19 240/25/51 242/26/19
f 239/24/19 241/23/51 240/25/51
f 243/26/69 244/27/69 246/28/42
f 243/26/69 245/25/20 244/27/69
f 247/28/22 248/29/22 250/30/22
f 247/28/22 249/27/22 248/29/22
f 251/31/29 252/32/29 254/33/29
f 251/31/29 253/34/45 252/32/29
f 255/35/29 251/31/29 254/33/29
f 255/35/29 256/36/61 251/31/29
f 257/37/70 258/38/71 260/39/72
f 257/37/70 259/40/70 258/38/71
f 260/39/72 258/38/71 261/41/73
f 260/39/72 261/41/73 262/42/74
f 262/42/74 261/41/73 263/43/17
f 262/42/74 263/43/17 264/44/17
f 264/44/17 265/45/75 266/46/76
f 264/44/17 263/43/17 265/45/75
f 266/46/76 265/45/75 267/47/77
f 266/46/76 267/47/77 268/48/78
f 268/48/78 267/47/77 269/49/79
f 268/48/78 269/49/79 270/50/80
f 270/50/80 269/49/79 271/51/81
f 270/50/80 271/51/81 272/52/82
f 272/52/82 273/53/83 274/54/84
f 272/52/82 271/51/81 273/53/83
f 274/54/84 273/53/83 275/55/85
f 274/54/84 275/55/85 276/56/86
f 276/56/86 275/55/85 277/57/87
f 276/56/86 277/57/87 278/58/88
f 278/58/88 277/57/87 279/59/22
f 278/58/88 279/59/22 280/60/43
f 280/60/43 281/61/89 282/62/90
f 280/60/43 279/59/22 281/61/89
f 282/62/90 281/61/89 283/63/91
f 282/62/90 283/63/91 284/64/92
f 284/64/92 283/63/91 285/65/93
f 284/64/92 285/65/93 286/66/94
f 286/66/94 285/65/93 287/67/95
f 286/66/94 287/67/95 288/68/96
f 288/68/96 289/69/97 290/70/97
f 288/68/96 287/67/95 289/69/97
f 291/71/98 293/72/100 292/73/99
f 294/74/100 293/72/100 291/71/98
f 294/74/100 296/75/98 293/72/100
f 295/76/98 296/75/98 294/74/100
f 295/76/98 297/77/98 296/75/98
f 298/78/98 297/77/98 295/76/98
f 298/78/98 300/79/98 299/80/98
f 298/78/98 301/81/98 300/79/98
f 298/78/98 295/76/98 301/81/98
f 302/82/98 299/80/98 300/79/98
f 302/82/98 303/83/100 299/80/98
f 304/84/100 303/83/100 302/82/98
f 304/84/100 302/82/98 305/85/98
f 306/86/98 304/84/100 305/85/98
f 310/87/45 307/88/29 308/89/45
f 307/88/29 309/90/61 308/89/45
f 310/87/45 308/89/45 312/91/29
f 311/92/29 310/87/45 312/91/29
f 311/92/29 312/91/29 313/93/29
f 314/94/29 313/93/29 315/95/29
f 314/94/29 311/92/29 313/93/29
f 316/96/29 315/95/29 317/97/45
f 316/96/29 314/94/29 315/95/29
f 318/98/45 316/96/29 317/97/45
f 318/98/45 317/97/45 319/99/45
f 321/100/45 319/99/45 320/101/29
f 321/100/45 318/98/45 319/99/45
f 322/102/61 321/100/45 320/101/29
f 323/103/101 324/104/101 326/105/101
f 323/103/101 325/106/101 324/104/101
f 327/107/102 328/3/102 330/1/102
f 327/107/102 329/108/102 328/3/102
f 331/109/103 332/110/103 334/110/103
f 331/109/103 333/109/103 332/110/103
f 335/111/104 336/112/105 338/113/107
f 335/111/104 337/114/106 336/112/105
f 338/113/107 339/115/108 335/111/104
f 338/113/107 340/116/109 339/115/108
f 340/116/109 341/109/110 339/115/108
f 340/116/109 342/110/111 341/109/110
f 336/112/105 337/114/106 343/117/112
f 343/117/112 345/118/114 344/119/113
f 336/112/105 343/117/112 344/119/113
f 343/117/112 346/120/115 345/118/114
f 347/120/116 348/118/116 350/118/116
f 347/120/116 349/120/116 348/118/116
f 351/121/117 352/122/118 354/123/120
f 351/121/117 353/124/119 352/122/118
f 354/123/120 355/125/121 351/121/117
f 354/123/120 356/126/122 355/125/121
f 356/126/122 357/127/123 355/125/121
f 356/126/122 358/128/124 357/127/123
f 352/122/118 353/124/119 359/129/125
f 359/129/125 361/110/127 360/130/126
f 352/122/118 359/129/125 360/130/126
f 359/129/125 362/109/128 361/110/127
f 363/113/29 364/112/45 366/112/45
f 363/113/29 365/113/29 364/112/45
f 365/113/29 363/113/29 367/116/29
f 365/113/29 367/116/29 368/116/29
f 367/116/29 369/110/29 368/116/29
f 367/116/29 370/110/60 369/110/29
f 366/112/45 364/112/45 371/119/45
f 366/112/45 371/119/45 372/119/45
f 371/119/45 373/118/66 372/119/45
f 371/119/45 374/118/29 373/118/66
f 375/114/100 376/111/100 378/111/98
f 375/114/100 377/114/100 376/111/100
f 375/114/100 379/117/129 377/114/100
f 375/114/100 380/117/129 379/117/129
f 380/117/129 381/120/130 379/117/129
f 380/117/129 382/120/98 381/120/130
f 376/111/100 383/115/129 378/111/98
f 384/115/100 385/109/129 383/115/129
f 376/111/100 384/115/100 383/115/129
f 384/115/100 386/109/131 385/109/129
f 387/103/132 388/104/132 390/106/133
f 387/103/132 389/105/132 388/104/132
f 391/107/134 392/3/134 394/108/134
f 391/107/134 393/1/134 392/3/134
f 395/131/135 396/132/136 398/133/137
f 395/131/135 397/134/135 396/132/136
f 399/135/138 398/133/137 396/132/136
f 400/136/45 399/135/138 401/137/139
f 399/135/138 396/132/136 401/137/139
f 400/136/45 401/137/139 402/138/29
f 403/3/29 400/136/45 402/138/29
f 403/3/29 402/138/29 404/139/29
f 405/140/45 403/3/29 404/139/29
f 405/140/45 406/108/66 403/3/29
f 405/140/45 407/141/66 406/108/66
f 405/140/45 408/142/66 407/141/66
f 408/142/66 409/143/140 407/141/66
f 408/142/66 410/144/141 409/143/140
f 410/144/141 411/104/142 409/143/140
f 410/144/141 412/106/142 411/104/142
f 413/145/143 414/140/144 416/139/146
f 413/145/143 415/146/145 414/140/144
f 416/139/146 417/147/147 413/145/143
f 416/139/146 418/138/147 417/147/147
f 418/138/147 419/148/148 417/147/147
f 418/138/147 420/137/149 419/148/148
f 420/137/149 421/134/150 419/148/148
f 420/137/149 422/132/151 421/134/150
f 415/146/145 423/142/152 414/140/144
f 415/146/145 424/149/153 423/142/152
f 424/149/153 425/144/154 423/142/152
f 424/149/153 426/150/155 425/144/154
f 426/150/155 427/106/156 425/144/154
f 426/150/155 428/103/157 427/106/156
f 429/141/158 430/151/159 432/152/158
f 429/141/158 431/143/160 430/151/159
f 431/143/160 433/105/161 430/151/159
f 431/143/160 434/104/162 433/105/161
f 435/153/163 436/135/164 438/136/163
f 435/153/163 437/154/165 436/135/164
f 437/154/165 439/133/166 436/135/164
f 437/154/165 440/131/167 439/133/166
f 441/108/168 442/155/169 444/107/171
f 441/108/168 443/156/170 442/155/169
f 445/152/172 446/157/173 448/141/175
f 445/152/172 447/158/174 446/157/173
f 449/141/176 450/156/177 452/108/179
f 449/141/176 451/157/178 450/156/177
f 708/381/327 710/382/327 709/383/327
f 711/384/45 710/382/327 708/381/327
f 711/384/45 708/381/327 712/385/45
f 711/384/45 712/385/45 713/386/328
f 711/384/45 713/386/328 714/387/328
f 714/387/328 713/386/328 715/388/329
f 716/381/29 718/382/30 717/383/30
f 719/384/29 718/382/30 716/381/29
f 719/384/29 716/381/29 720/385/45
f 719/384/29 720/385/45 721/386/29
f 719/384/29 721/386/29 722/387/330
f 722/387/330 721/386/29 723/388/330
f 764/429/368 765/430/369 767/431/371
f 764/429/368 766/432/370 765/430/369
f 766/432/370 764/429/368 770/433/374
f 764/429/368 767/431/371 768/434/372
f 764/429/368 768/434/372 769/435/373
f 769/435/373 770/433/374 764/429/368
f 770/433/374 771/436/375 773/437/377
f 770/433/374 772/438/376 771/436/375
f 770/433/374 774/439/378 772/438/376
f 766/432/370 770/433/374 773/437/377
f 770/433/374 775/440/379 774/439/378
f 769/435/373 775/440/379 770/433/374
f 776/441/380 775/440/379 769/435/373
f 776/441/380 778/442/382 775/440/379
f 775/440/379 777/443/381 774/439/378
f 775/440/379 778/442/382 777/443/381
f 779/444/383 778/442/382 780/445/384
f 779/444/383 777/443/381 778/442/382
f 781/446/385 778/442/382 776/441/380
f 781/446/385 780/445/384 778/442/382
f 781/446/385 782/447/386 784/448/388
f 783/449/387 782/447/386 781/446/385
f 783/449/387 781/446/385 776/441/380
f 781/446/385 784/448/388 780/445/384
f 782/447/386 785/450/389 784/448/388
f 785/450/389 786/451/390 784/448/388
f 779/444/383 784/448/388 786/451/390
f 779/444/383 780/445/384 784/448/388
f 785/450/389 789/452/393 786/451/390
f 788/453/392 779/444/383 786/451/390
f 788/453/392 786/451/390 787/454/391
f 789/452/393 787/454/391 786/451/390
f 790/455/394 789/452/393 785/450/389
f 790/455/394 791/456/395 789/452/393
f 791/456/395 792/457/396 789/452/393
f 789/452/393 792/457/396 787/454/391
f 792/457/396 793/458/397 794/459/398
f 791/456/395 793/458/397 792/457/396
f 787/454/391 792/457/396 795/460/399
f 792/457/396 794/459/398 795/460/399
f 787/454/391 795/460/399 796/461/400
f 797/462/401 787/454/391 796/461/400
f 797/462/401 798/463/402 788/453/392
f 797/462/401 788/453/392 787/454/391
f 797/462/401 799/464/403 798/463/402
f 798/463/402 799/464/403 800/465/404
f 798/463/402 800/465/404 801/466/405
f 801/466/405 800/465/404 802/467/406
f 801/466/405 802/467/406 803/468/407
f 804/469/408 803/468/407 802/467/406
f 804/469/408 802/467/406 805/470/409
f 806/471/410 804/469/408 805/470/409
f 806/471/410 805/470/409 807/472/411
f 808/473/412 806/471/410 807/472/411
f 808/473/412 809/474/413 811/475/415
f 808/473/412 810/476/414 809/474/413
f 808/473/412 811/475/415 806/471/410
f 811/475/415 813/477/417 806/471/410
f 811/475/415 812/478/416 814/479/418
f 811/475/415 809/474/413 812/478/416
f 811/475/415 814/479/418 813/477/417
f 814/479/418 815/480/419 813/477/417
f 814/479/418 816/481/420 815/480/419
f 814/479/418 817/482/421 816/481/420
f 814/479/418 812/478/416 817/482/421
f 820/483/424 816/481/420 817/482/421
f 820/483/424 817/482/421 818/484/422
f 818/484/422 817/482/421 819/485/423
f 819/485/423 817/482/421 812/478/416
f 820/483/424 821/486/425 815/480/419
f 822/487/426 821/486/425 820/483/424
f 822/487/426 820/483/424 818/484/422
f 820/483/424 815/480/419 816/481/420
f 822/487/426 823/488/427 821/486/425
f 824/489/428 823/488/427 822/487/426
f 824/489/428 822/487/426 825/490/429
f 822/487/426 818/484/422 825/490/429
f 828/491/432 825/490/429 818/484/422
f 824/489/428 825/490/429 826/492/430
f 827/493/431 826/492/430 825/490/429
f 828/491/432 827/493/431 825/490/429
f 828/491/432 830/494/434 829/495/433
f 829/495/433 827/493/431 828/491/432
f 818/484/422 819/485/423 828/491/432
f 828/491/432 819/485/423 830/494/434
f 830/494/434 831/496/435 832/497/436
f 830/494/434 819/485/423 831/496/435
f 830/494/434 832/497/436 833/498/437
f 830/494/434 833/498/437 834/499/438
f 835/500/439 830/494/434 834/499/438
f 835/500/439 829/495/433 830/494/434
f 829/495/433 835/500/439 836/501/440
f 835/500/439 837/502/441 836/501/440
f 835/500/439 838/503/442 837/502/441
f 838/503/442 835/500/439 834/499/438
f 839/504/443 837/502/441 838/503/442
f 839/504/443 838/503/442 840/505/444
f 840/505/444 838/503/442 841/506/445
f 838/503/442 834/499/438 841/506/445
f 840/505/444 841/506/445 844/507/448
f 834/499/438 842/508/446 841/506/445
f 843/509/447 841/506/445 842/508/446
f 843/509/447 844/507/448 841/506/445
f 840/505/444 844/507/448 845/510/449
f 843/509/447 845/510/449 844/507/448
f 840/505/444 845/510/449 846/511/450
f 846/511/450 845/510/449 847/512/451
f 847/512/451 845/510/449 848/513/452
f 843/509/447 848/513/452 845/510/449
f 850/514/454 849/515/453 848/513/452
f 851/516/455 848/513/452 849/515/453
f 850/514/454 848/513/452 843/509/447
f 847/512/451 848/513/452 851/516/455
f 852/517/456 851/516/455 853/518/457
f 852/517/456 847/512/451 851/516/455
f 853/518/457 851/516/455 854/519/458
f 851/516/455 849/515/453 854/519/458
f 849/515/453 856/520/460 854/519/458
f 854/519/458 855/521/459 857/522/461
f 854/519/458 856/520/460 855/521/459
f 853/518/457 854/519/458 857/522/461
f 858/523/462 857/522/461 855/521/459
f 853/518/457 857/522/461 858/523/462
f 853/518/457 858/523/462 861/524/465
f 859/525/463 858/523/462 860/526/464
f 861/524/465 858/523/462 859/525/463
f 858/523/462 855/521/459 860/526/464
f 852/517/456 861/524/465 862/527/466
f 852/517/456 853/518/457 861/524/465
f 862/527/466 861/524/465 863/528/467
f 861/524/465 859/525/463 863/528/467
f 862/527/466 863/528/467 864/529/468
f 865/530/469 864/529/468 863/528/467
f 866/531/470 865/530/469 863/528/467
f 866/531/470 863/528/467 859/525/463
f 867/532/471 869/533/473 866/531/470
f 867/532/471 866/531/470 859/525/463
f 866/531/470 868/534/472 865/530/469
f 866/531/470 869/533/473 868/534/472
f 870/535/474 868/534/472 869/533/473
f 870/535/474 869/533/473 871/536/475
f 869/533/473 872/537/476 871/536/475
f 869/533/473 873/538/477 872/537/476
f 867/532/471 873/538/477 869/533/473
f 874/539/478 868/534/472 870/535/474
f 876/540/480 874/539/478 875/541/479
f 876/540/480 877/542/481 874/539/478
f 874/539/478 877/542/481 868/534/472
f 865/530/469 868/534/472 877/542/481
f 865/530/469 877/542/481 878/543/482
f 879/544/483 878/543/482 877/542/481
f 879/544/483 877/542/481 876/540/480
f 879/544/483 880/545/484 864/529/468
f 881/546/485 880/545/484 879/544/483
f 881/546/485 879/544/483 876/540/480
f 879/544/483 864/529/468 878/543/482
f 881/546/485 882/547/486 880/545/484
f 883/548/487 882/547/486 881/546/485
f 883/548/487 881/546/485 884/549/488
f 881/546/485 876/540/480 884/549/488
f 875/541/479 884/549/488 876/540/480
f 875/541/479 885/550/489 884/549/488
f 885/550/489 886/551/490 884/549/488
f 883/548/487 884/549/488 886/551/490
f 886/551/490 887/552/491 888/553/492
f 886/551/490 889/554/493 887/552/491
f 890/555/494 886/551/490 888/553/492
f 885/550/489 889/554/493 886/551/490
f 890/555/494 883/548/487 886/551/490
f 890/555/494 891/556/495 883/548/487
f 890/555/494 892/557/496 891/556/495
f 891/556/495 892/557/496 893/558/497
f 891/556/495 893/558/497 894/559/498
f 894/559/498 893/558/497 895/560/499
f 894/559/498 895/560/499 896/561/500
f 897/562/501 896/561/500 895/560/499
f 897/562/501 895/560/499 898/563/502
f 899/564/503 897/562/501 901/565/505
f 900/566/504 897/562/501 899/564/503
f 900/566/504 896/561/500 897/562/501
f 901/565/505 897/562/501 902/563/506
f 901/565/505 902/563/506 903/567/507
f 904/568/508 901/565/505 903/567/507
f 904/568/508 905/569/509 906/570/510
f 904/568/508 907/571/511 905/569/509
f 904/568/508 906/570/510 901/565/505
f 905/569/509 907/571/511 908/572/512
f 905/569/509 908/572/512 909/573/513
f 909/573/513 908/572/512 910/574/514
f 909/573/513 910/574/514 911/575/515
f 912/576/516 911/575/515 910/574/514
f 912/576/516 910/574/514 913/577/517
f 826/492/430 912/576/516 913/577/517
f 826/492/430 913/577/517 914/578/518
f 915/579/519 826/492/430 914/578/518
f 915/579/519 916/580/520 917/581/521
f 915/579/519 824/489/428 826/492/430
f 915/579/519 917/581/521 824/489/428
f 824/489/428 917/581/521 823/488/427
f 765/430/369 823/488/427 917/581/521
f 917/581/521 919/582/523 918/583/522
f 765/430/369 917/581/521 918/583/522
f 917/581/521 916/580/520 919/582/523
f 918/583/522 919/582/523 920/584/524
f 921/585/525 920/584/524 922/586/526
f 921/585/525 923/587/527 920/584/524
f 918/583/522 920/584/524 923/587/527
f 767/431/371 918/583/522 923/587/527
f 767/431/371 923/587/527 921/585/525
f 924/588/528 921/585/525 922/586/526
f 924/588/528 922/586/526 925/589/529
f 926/590/530 924/588/528 925/589/529
f 926/590/530 927/591/531 928/592/532
f 926/590/530 929/593/533 927/591/531
f 926/590/530 928/592/532 924/588/528
f 927/591/531 929/593/533 930/594/534
f 927/591/531 930/594/534 931/595/535
f 931/595/535 930/594/534 932/596/536
f 931/595/535 932/596/536 933/597/537
f 934/598/538 933/597/537 932/596/536
f 934/598/538 932/596/536 935/599/539
f 936/600/540 934/598/538 935/599/539
f 936/600/540 935/599/539 937/601/541
f 938/602/542 936/600/540 937/601/541
f 938/602/542 939/603/543 940/604/544
f 938/602/542 941/605/545 939/603/543
f 938/602/542 940/604/544 936/600/540
f 939/603/543 941/605/545 942/606/546
f 939/603/543 942/606/546 943/607/547
f 943/607/547 942/606/546 944/608/548
f 943/607/547 944/608/548 945/609/549
f 946/610/550 945/609/549 944/608/548
f 946/610/550 944/608/548 947/611/551
f 949/612/553 946/610/550 948/613/552
f 949/612/553 945/609/549 946/610/550
f 950/614/554 949/612/553 948/613/552
f 950/614/554 951/615/555 949/612/553
f 949/612/553 951/615/555 943/607/547
f 949/612/553 943/607/547 945/609/549
f 950/614/554 952/616/556 951/615/555
f 952/616/556 953/617/557 951/615/555
f 951/615/555 953/617/557 939/603/543
f 951/615/555 939/603/543 943/607/547
f 952/616/556 954/618/558 953/617/557
f 955/619/559 953/617/557 954/618/558
f 940/604/544 953/617/557 955/619/559
f 940/604/544 939/603/543 953/617/557
f 955/619/559 954/618/558 956/620/560
f 955/619/559 956/620/560 957/621/561
f 940/604/544 955/619/559 958/622/562
f 955/619/559 957/621/561 958/622/562
f 959/623/563 936/600/540 958/622/562
f 960/624/564 959/623/563 958/622/562
f 960/624/564 958/622/562 957/621/561
f 940/604/544 958/622/562 936/600/540
f 960/624/564 790/455/394 961/625/565
f 961/625/565 959/623/563 960/624/564
f 957/621/561 962/626/566 960/624/564
f 960/624/564 962/626/566 790/455/394
f 957/621/561 965/627/569 962/626/566
f 790/455/394 962/626/566 963/628/567
f 962/626/566 964/629/568 963/628/567
f 962/626/566 965/627/569 964/629/568
f 966/630/570 965/627/569 967/631/571
f 966/630/570 964/629/568 965/627/569
f 956/620/560 965/627/569 957/621/561
f 956/620/560 967/631/571 965/627/569
f 956/620/560 968/632/572 967/631/571
f 966/630/570 967/631/571 968/632/572
f 954/618/558 969/633/573 968/632/572
f 969/633/573 970/634/574 968/632/572
f 966/630/570 968/632/572 970/634/574
f 956/620/560 954/618/558 968/632/572
f 969/633/573 973/635/577 970/634/574
f 972/636/576 966/630/570 970/634/574
f 972/636/576 970/634/574 971/637/575
f 973/635/577 971/637/575 970/634/574
f 974/638/578 973/635/577 969/633/573
f 974/638/578 975/639/579 973/635/577
f 975/639/579 976/640/580 973/635/577
f 973/635/577 976/640/580 971/637/575
f 976/640/580 977/641/581 978/642/582
f 975/639/579 977/641/581 976/640/580
f 971/637/575 976/640/580 979/643/583
f 976/640/580 978/642/582 979/643/583
f 971/637/575 979/643/583 980/644/584
f 981/645/585 971/637/575 980/644/584
f 981/645/585 982/646/586 972/636/576
f 981/645/585 972/636/576 971/637/575
f 981/645/585 983/647/587 982/646/586
f 982/646/586 983/647/587 984/648/588
f 982/646/586 984/648/588 985/649/589
f 985/649/589 984/648/588 794/459/398
f 963/628/567 982/646/586 985/649/589
f 985/649/589 794/459/398 793/458/397
f 791/456/395 985/649/589 793/458/397
f 791/456/395 963/628/567 985/649/589
f 972/636/576 982/646/586 964/629/568
f 963/628/567 964/629/568 982/646/586
f 986/650/590 978/642/582 977/641/581
f 986/650/590 987/651/591 978/642/582
f 975/639/579 986/650/590 977/641/581
f 975/639/579 988/652/592 986/650/590
f 974/638/578 988/652/592 975/639/579
f 974/638/578 989/653/593 988/652/592
f 990/654/594 989/653/593 974/638/578
f 990/654/594 974/638/578 950/614/554
f 950/614/554 948/613/552 990/654/594
f 952/616/556 950/614/554 974/638/578
f 952/616/556 974/638/578 969/633/573
f 972/636/576 964/629/568 966/630/570
f 954/618/558 952/616/556 969/633/573
f 790/455/394 963/628/567 791/456/395
f 961/625/565 991/655/595 993/656/597
f 961/625/565 992/657/596 991/655/595
f 992/657/596 961/625/565 790/455/394
f 961/625/565 993/656/597 959/623/563
f 993/656/597 991/655/595 931/595/535
f 993/656/597 931/595/535 933/597/537
f 993/656/597 933/597/537 934/598/538
f 993/656/597 934/598/538 959/623/563
f 992/657/596 994/658/598 991/655/595
f 992/657/596 782/447/386 994/658/598
f 782/447/386 992/657/596 785/450/389
f 992/657/596 790/455/394 785/450/389
f 991/655/595 994/658/598 927/591/531
f 783/449/387 994/658/598 782/447/386
f 928/592/532 994/658/598 783/449/387
f 928/592/532 927/591/531 994/658/598
f 991/655/595 927/591/531 931/595/535
f 959/623/563 934/598/538 936/600/540
f 928/592/532 995/659/599 924/588/528
f 928/592/532 783/449/387 995/659/599
f 768/434/372 924/588/528 995/659/599
f 769/435/373 768/434/372 995/659/599
f 769/435/373 995/659/599 776/441/380
f 783/449/387 776/441/380 995/659/599
f 768/434/372 921/585/525 924/588/528
f 767/431/371 921/585/525 768/434/372
f 767/431/371 765/430/369 918/583/522
f 996/660/600 911/575/515 912/576/516
f 827/493/431 912/576/516 826/492/430
f 996/660/600 912/576/516 827/493/431
f 829/495/433 836/501/440 996/660/600
f 829/495/433 996/660/600 827/493/431
f 996/660/600 909/573/513 911/575/515
f 996/660/600 836/501/440 909/573/513
f 836/501/440 905/569/509 909/573/513
f 906/570/510 839/504/443 997/661/601
f 906/570/510 837/502/441 839/504/443
f 906/570/510 905/569/509 837/502/441
f 906/570/510 997/661/601 901/565/505
f 899/564/503 901/565/505 997/661/601
f 998/662/602 899/564/503 997/661/601
f 839/504/443 846/511/450 997/661/601
f 998/662/602 997/661/601 846/511/450
f 998/662/602 852/517/456 999/663/603
f 999/663/603 899/564/503 998/662/602
f 846/511/450 847/512/451 998/662/602
f 998/662/602 847/512/451 852/517/456
f 999/663/603 1000/664/604 900/566/504
f 999/663/603 1001/665/605 1000/664/604
f 1001/665/605 999/663/603 852/517/456
f 999/663/603 900/566/504 899/564/503
f 1001/665/605 882/547/486 1000/664/604
f 1001/665/605 880/545/484 882/547/486
f 880/545/484 1001/665/605 862/527/466
f 1001/665/605 852/517/456 862/527/466
f 900/566/504 1000/664/604 894/559/498
f 1000/664/604 882/547/486 891/556/495
f 1000/664/604 891/556/495 894/559/498
f 836/501/440 837/502/441 905/569/509
f 900/566/504 894/559/498 896/561/500
f 883/548/487 891/556/495 882/547/486
f 880/545/484 862/527/466 864/529/468
f 865/530/469 878/543/482 864/529/468
f 867/532/471 859/525/463 1002/666/606
f 859/525/463 860/526/464 1002/666/606
f 849/515/453 1003/667/607 856/520/460
f 1004/668/608 1003/667/607 849/515/453
f 1004/668/608 1005/669/609 1006/670/610
f 1004/668/608 850/514/454 1005/669/609
f 1004/668/608 849/515/453 850/514/454
f 1005/669/609 1007/671/611 1006/670/610
f 1005/669/609 1009/672/613 1007/671/611
f 1009/672/613 1008/673/612 1007/671/611
f 1009/672/613 1010/674/614 1008/673/612
f 832/497/436 1010/674/614 1009/672/613
f 833/498/437 1009/672/613 1005/669/609
f 832/497/436 1009/672/613 833/498/437
f 1011/675/615 1008/673/612 1010/674/614
f 832/497/436 1011/675/615 1010/674/614
f 831/496/435 809/474/413 1011/675/615
f 832/497/436 831/496/435 1011/675/615
f 809/474/413 1012/676/616 1011/675/615
f 1011/675/615 1012/676/616 1008/673/612
f 809/474/413 810/476/414 1012/676/616
f 850/514/454 842/508/446 1005/669/609
f 833/498/437 1005/669/609 842/508/446
f 850/514/454 843/509/447 842/508/446
f 839/504/443 840/505/444 846/511/450
f 834/499/438 833/498/437 842/508/446
f 819/485/423 812/478/416 831/496/435
f 831/496/435 812/478/416 809/474/413
f 766/432/370 821/486/425 823/488/427
f 766/432/370 823/488/427 765/430/369
f 821/486/425 773/437/377 815/480/419
f 821/486/425 766/432/370 773/437/377
f 773/437/377 813/477/417 815/480/419
f 771/436/375 806/471/410 813/477/417
f 773/437/377 771/436/375 813/477/417
f 771/436/375 804/469/408 806/471/410
f 772/438/376 803/468/407 804/469/408
f 772/438/376 804/469/408 771/436/375
f 772/438/376 801/466/405 803/468/407
f 774/439/378 798/463/402 801/466/405
f 772/438/376 774/439/378 801/466/405
f 788/453/392 798/463/402 777/443/381
f 774/439/378 777/443/381 798/463/402
f 788/453/392 777/443/381 779/444/383
usemtl 24fe1dbe_dds
f 453/159/45 454/160/180 456/161/182
f 453/159/45 455/162/181 454/160/180
f 453/159/45 473/163/199 455/162/181
f 453/159/45 456/161/182 457/164/183
f 453/159/45 457/164/183 458/165/184
f 453/159/45 458/165/184 459/166/185
f 453/159/45 459/166/185 460/167/186
f 453/159/45 460/167/186 461/168/187
f 453/159/45 461/168/187 462/169/188
f 453/159/45 462/169/188 463/170/189
f 453/159/45 463/170/189 464/171/190
f 453/159/45 464/171/190 465/172/191
f 453/159/45 465/172/191 466/173/192
f 453/159/45 466/173/192 467/174/193
f 453/159/45 467/174/193 468/175/194
f 453/159/45 468/175/194 469/176/195
f 453/159/45 469/176/195 470/177/196
f 453/159/45 470/177/196 471/178/197
f 453/159/45 471/178/197 472/179/198
f 453/159/45 472/179/198 473/163/199
f 1013/677/617 1014/678/618 1016/679/620
f 1013/677/617 1015/680/619 1014/678/618
f 1017/681/621 1013/677/617 1016/679/620
f 1017/681/621 1016/679/620 1018/682/622
f 1019/683/623 1017/681/621 1018/682/622
f 1019/683/623 1020/684/624 1017/681/621
f 1019/683/623 1021/685/625 1020/684/624
f 1019/683/623 1024/686/627 1021/685/625
f 1021/685/625 1023/687/626 1022/688/626
f 1021/685/625 1024/686/627 1023/687/626
f 1022/688/626 1023/687/626 1025/689/628
f 1022/688/626 1025/689/628 1026/690/629
f 1027/691/630 1026/690/629 1025/689/628
f 1027/691/630 1025/689/628 1028/692/631
f 1029/693/632 1027/691/630 1028/692/631
f 1029/693/632 1028/692/631 1030/694/633
f 1031/695/634 1029/693/632 1030/694/633
f 1031/695/634 1032/696/635 1029/693/632
f 1031/695/634 1033/697/636 1032/696/635
f 1031/695/634 1034/698/637 1033/697/636
f 1033/697/636 1034/698/637 1035/699/638
f 1037/700/640 1035/699/638 1036/701/639
f 1033/697/636 1035/699/638 1037/700/640
f 1037/700/640 1036/701/639 1038/702/641
f 1039/703/642 1038/702/641 1036/701/639
f 1039/703/642 1036/701/639 1040/704/643
f 1041/705/644 1039/703/642 1040/704/643
f 1041/705/644 1040/704/643 1042/706/645
f 1043/707/646 1041/705/644 1042/706/645
f 1043/707/646 1044/708/647 1041/705/644
f 1043/707/646 1045/709/648 1044/708/647
f 1043/707/646 1048/710/651 1045/709/648
f 1045/709/648 1047/711/650 1046/712/649
f 1045/709/648 1048/710/651 1047/711/650
f 1046/712/649 1047/711/650 1049/713/652
f 1046/712/649 1049/713/652 1050/714/653
f 1051/715/654 1050/714/653 1049/713/652
f 1051/715/654 1049/713/652 1052/716/654
f 1053/717/655 1051/715/654 1052/716/654
f 1053/717/655 1052/716/654 1054/718/656
f 1055/719/657 1053/717/655 1054/718/656
f 1055/719/657 1056/720/658 1053/717/655
f 1055/719/657 1057/721/659 1056/720/658
f 1055/719/657 1058/722/660 1057/721/659
f 1057/721/659 1058/722/660 1059/723/661
f 1061/724/663 1059/723/661 1060/725/662
f 1057/721/659 1059/723/661 1061/724/663
f 1061/724/663 1060/725/662 1062/726/664
f 1063/727/665 1062/726/664 1060/725/662
f 1063/727/665 1060/725/662 1064/728/666
f 1065/729/667 1063/727/665 1064/728/666
f 1065/729/667 1064/728/666 1066/730/668
f 1067/731/669 1065/729/667 1066/730/668
f 1067/731/669 1068/732/670 1065/729/667
f 1067/731/669 1069/733/671 1068/732/670
f 1067/731/669 1072/734/674 1069/733/671
f 1069/733/671 1071/735/673 1070/736/672
f 1069/733/671 1072/734/674 1071/735/673
f 1070/736/672 1071/735/673 1014/678/618
f 1070/736/672 1014/678/618 1015/680/619
f 1073/678/675 1074/737/676 1076/679/678
f 1073/678/675 1075/738/677 1074/737/676
f 1073/678/675 1077/739/679 1075/738/677
f 1073/678/675 1078/735/680 1077/739/679
f 1078/735/680 1079/740/681 1077/739/679
f 1078/735/680 1080/734/682 1079/740/681
f 1082/741/684 1080/734/682 1081/731/683
f 1082/741/684 1079/740/681 1080/734/682
f 1084/742/686 1082/741/684 1083/743/685
f 1082/741/684 1081/731/683 1083/743/685
f 1084/742/686 1079/740/681 1082/741/684
f 1084/742/686 1085/744/687 1079/740/681
f 1086/745/688 1084/742/686 1087/746/689
f 1084/742/686 1083/743/685 1087/746/689
f 1088/747/690 1087/746/689 1083/743/685
f 1088/747/690 1090/748/692 1087/746/689
f 1086/745/688 1087/746/689 1089/749/691
f 1089/749/691 1087/746/689 1090/748/692
f 1088/747/690 1092/750/694 1090/748/692
f 1089/749/691 1090/748/692 1091/751/693
f 1088/747/690 1093/752/695 1092/750/694
f 1093/752/695 1094/753/696 1092/750/694
f 1093/752/695 1095/754/697 1094/753/696
f 1095/754/697 1096/755/698 1094/753/696
f 1097/756/699 1096/755/698 1098/757/700
f 1097/756/699 1099/758/701 1096/755/698
f 1095/754/697 1098/757/700 1096/755/698
f 1100/759/702 1099/758/701 1097/756/699
f 1100/759/702 1101/760/703 1099/758/701
f 1102/761/704 1101/760/703 1100/759/702
f 1103/762/705 1102/761/704 1104/763/706
f 1102/761/704 1106/764/708 1104/763/706
f 1102/761/704 1100/759/702 1105/765/707
f 1102/761/704 1105/765/707 1106/764/708
f 1107/766/709 1104/763/706 1106/764/708
f 1107/766/709 1106/764/708 1108/719/710
f 1105/765/707 1108/719/710 1106/764/708
f 1107/766/709 1108/719/710 1109/718/711
f 1105/765/707 1110/722/712 1108/719/710
f 1105/765/707 1100/759/702 1110/722/712
f 1111/723/713 1110/722/712 1100/759/702
f 1112/725/714 1111/723/713 1097/756/699
f 1111/723/713 1100/759/702 1097/756/699
f 1112/725/714 1097/756/699 1098/757/700
f 1112/725/714 1098/757/700 1095/754/697
f 1112/725/714 1095/754/697 1113/728/715
f 1113/728/715 1095/754/697 1093/752/695
f 1113/728/715 1093/752/695 1114/730/716
f 1088/747/690 1114/730/716 1093/752/695
f 1088/747/690 1081/731/683 1114/730/716
f 1115/716/717 1116/767/718 1109/718/711
f 1107/766/709 1109/718/711 1116/767/718
f 1116/767/718 1117/768/719 1118/769/720
f 1115/716/717 1117/768/719 1116/767/718
f 1116/767/718 1118/769/720 1119/770/721
f 1107/766/709 1116/767/718 1119/770/721
f 1107/766/709 1119/770/721 1120/771/722
f 1121/772/723 1120/771/722 1122/773/724
f 1121/772/723 1104/763/706 1120/771/722
f 1107/766/709 1120/771/722 1104/763/706
f 1123/774/725 1121/772/723 1122/773/724
f 1124/775/726 1121/772/723 1123/774/725
f 1125/776/727 1124/775/726 1123/774/725
f 1125/776/727 1123/774/725 1126/777/727
f 1124/775/726 1103/762/705 1121/772/723
f 1103/762/705 1104/763/706 1121/772/723
f 1117/768/719 1127/778/728 1118/769/720
f 1129/779/730 1128/780/729 1127/778/728
f 1117/768/719 1130/781/731 1127/778/728
f 1129/779/730 1127/778/728 1130/781/731
f 1131/713/732 1130/781/731 1117/768/719
f 1131/713/732 1129/779/730 1130/781/731
f 1131/713/732 1132/711/733 1129/779/730
f 1131/713/732 1117/768/719 1115/716/717
f 1132/711/733 1133/782/734 1129/779/730
f 1132/711/733 1134/710/735 1133/782/734
f 1136/783/737 1134/710/735 1135/707/736
f 1136/783/737 1133/782/734 1134/710/735
f 1138/784/739 1136/783/737 1137/785/738
f 1136/783/737 1135/707/736 1137/785/738
f 1138/784/739 1133/782/734 1136/783/737
f 1138/784/739 1137/785/738 1141/786/742
f 1138/784/739 1139/787/740 1133/782/734
f 1140/788/741 1138/784/739 1141/786/742
f 1142/789/743 1141/786/742 1137/785/738
f 1142/789/743 1144/790/745 1141/786/742
f 1140/788/741 1141/786/742 1143/791/744
f 1143/791/744 1141/786/742 1144/790/745
f 1142/789/743 1146/792/747 1144/790/745
f 1143/791/744 1144/790/745 1145/793/746
f 1142/789/743 1147/794/748 1146/792/747
f 1147/794/748 1148/795/749 1146/792/747
f 1147/794/748 1149/796/750 1148/795/749
f 1149/796/750 1150/797/751 1148/795/749
f 1152/798/753 1151/799/752 1150/797/751
f 1149/796/750 1153/800/754 1150/797/751
f 1152/798/753 1150/797/751 1153/800/754
f 1154/701/755 1153/800/754 1149/796/750
f 1154/701/755 1152/798/753 1153/800/754
f 1154/701/755 1155/699/756 1152/798/753
f 1154/701/755 1149/796/750 1156/704/757
f 1156/704/757 1149/796/750 1147/794/748
f 1156/704/757 1147/794/748 1157/706/758
f 1142/789/743 1157/706/758 1147/794/748
f 1142/789/743 1135/707/736 1157/706/758
f 1155/699/756 1158/801/759 1152/798/753
f 1155/699/756 1159/698/760 1158/801/759
f 1160/802/761 1158/801/759 1159/698/760
f 1160/802/761 1159/698/760 1161/695/762
f 1163/803/764 1161/695/762 1162/694/763
f 1163/803/764 1164/804/765 1161/695/762
f 1160/802/761 1161/695/762 1164/804/765
f 1163/803/764 1165/805/766 1164/804/765
f 1166/806/767 1164/804/765 1165/805/766
f 1166/806/767 1160/802/761 1164/804/765
f 1166/806/767 1158/801/759 1160/802/761
f 1166/806/767 1167/807/768 1158/801/759
f 1168/808/769 1166/806/767 1165/805/766
f 1170/809/771 1168/808/769 1169/810/770
f 1168/808/769 1165/805/766 1169/810/770
f 1171/811/772 1170/809/771 1172/812/773
f 1170/809/771 1169/810/770 1172/812/773
f 1171/811/772 1172/812/773 1174/813/775
f 1172/812/773 1169/810/770 1173/814/774
f 1169/810/770 1175/815/776 1173/814/774
f 1163/803/764 1176/816/777 1175/815/776
f 1163/803/764 1175/815/776 1165/805/766
f 1169/810/770 1165/805/766 1175/815/776
f 1163/803/764 1177/817/778 1176/816/777
f 1177/817/778 1178/818/779 1176/816/777
f 1177/817/778 1179/819/780 1178/818/779
f 1179/819/780 1180/820/781 1178/818/779
f 1181/821/782 1180/820/781 1182/822/783
f 1181/821/782 1183/823/784 1180/820/781
f 1179/819/780 1182/822/783 1180/820/781
f 1184/824/785 1183/823/784 1181/821/782
f 1184/824/785 1185/825/786 1183/823/784
f 1186/826/787 1185/825/786 1184/824/785
f 1187/827/788 1186/826/787 1188/828/789
f 1186/826/787 1190/829/791 1188/828/789
f 1186/826/787 1184/824/785 1189/830/790
f 1186/826/787 1189/830/790 1190/829/791
f 1191/831/792 1188/828/789 1190/829/791
f 1191/831/792 1190/829/791 1192/683/793
f 1189/830/790 1192/683/793 1190/829/791
f 1191/831/792 1192/683/793 1193/682/794
f 1189/830/790 1194/686/795 1192/683/793
f 1195/687/796 1194/686/795 1184/824/785
f 1189/830/790 1184/824/785 1194/686/795
f 1195/687/796 1184/824/785 1181/821/782
f 1196/689/797 1195/687/796 1181/821/782
f 1196/689/797 1181/821/782 1182/822/783
f 1196/689/797 1182/822/783 1179/819/780
f 1196/689/797 1179/819/780 1197/692/798
f 1197/692/798 1177/817/778 1162/694/763
f 1197/692/798 1179/819/780 1177/817/778
f 1076/679/678 1198/832/799 1193/682/794
f 1191/831/792 1193/682/794 1198/832/799
f 1198/832/799 1074/737/676 1199/833/800
f 1076/679/678 1074/737/676 1198/832/799
f 1198/832/799 1199/833/800 1200/834/801
f 1191/831/792 1198/832/799 1200/834/801
f 1191/831/792 1200/834/801 1201/835/802
f 1202/836/803 1201/835/802 1203/837/804
f 1202/836/803 1188/828/789 1201/835/802
f 1191/831/792 1201/835/802 1188/828/789
f 1204/838/805 1202/836/803 1203/837/804
f 1205/839/806 1202/836/803 1204/838/805
f 1206/840/807 1205/839/806 1204/838/805
f 1206/840/807 1204/838/805 1207/841/807
f 1205/839/806 1187/827/788 1202/836/803
f 1187/827/788 1188/828/789 1202/836/803
f 1074/737/676 1208/842/808 1199/833/800
f 1077/739/679 1208/842/808 1075/738/677
f 1074/737/676 1075/738/677 1208/842/808
f 1077/739/679 1209/843/809 1208/842/808
f 1079/740/681 1085/744/687 1209/843/809
f 1079/740/681 1209/843/809 1077/739/679
f 1163/803/764 1162/694/763 1177/817/778
f 1158/801/759 1167/807/768 1151/799/752
f 1158/801/759 1151/799/752 1152/798/753
f 1210/844/810 1143/791/744 1145/793/746
f 1211/845/811 1143/791/744 1210/844/810
f 1212/846/812 1211/845/811 1210/844/810
f 1212/846/812 1210/844/810 1213/847/812
f 1211/845/811 1140/788/741 1143/791/744
f 1142/789/743 1137/785/738 1135/707/736
f 1133/782/734 1139/787/740 1128/780/729
f 1133/782/734 1128/780/729 1129/779/730
f 1214/848/813 1089/749/691 1091/751/693
f 1215/849/814 1089/749/691 1214/848/813
f 1216/850/815 1215/849/814 1214/848/813
f 1216/850/815 1214/848/813 1217/851/815
f 1215/849/814 1086/745/688 1089/749/691
f 1088/747/690 1083/743/685 1081/731/683
usemtl d121065c_dds
f 474/180/45 475/181/45 477/182/45
f 474/180/45 476/183/45 475/181/45
f 478/184/29 474/180/45 477/182/45
f 478/184/29 477/182/45 479/185/29
f 480/186/29 478/184/29 479/185/29
f 480/186/29 479/185/29 481/187/45
f 482/188/45 480/186/29 481/187/45
f 482/188/45 481/187/45 483/189/45
f 484/190/66 482/188/45 483/189/45
f 486/191/66 484/190/66 485/192/45
f 484/190/66 483/189/45 485/192/45
f 486/191/66 485/192/45 487/193/45
f 488/194/45 486/191/66 487/193/45
f 488/194/45 487/193/45 489/195/45
f 490/196/45 488/194/45 489/195/45
f 490/196/45 489/195/45 491/197/45
f 492/198/29 490/196/45 491/197/45
f 494/199/29 492/198/29 493/200/29
f 492/198/29 491/197/45 493/200/29
f 494/199/29 493/200/29 495/201/45
f 496/202/45 494/199/29 495/201/45
f 496/202/45 495/201/45 497/203/45
f 498/204/29 496/202/45 497/203/45
f 498/204/29 497/203/45 499/205/29
f 500/206/29 498/204/29 499/205/29
f 502/207/45 500/206/29 501/208/29
f 500/206/29 499/205/29 501/208/29
f 502/207/45 501/208/29 503/209/45
f 504/210/45 502/207/45 503/209/45
f 504/210/45 503/209/45 505/211/29
f 506/212/29 504/210/45 505/211/29
f 506/212/29 505/211/29 507/213/29
f 508/214/45 506/212/29 507/213/29
f 510/215/61 508/214/45 509/216/66
f 508/214/45 507/213/29 509/216/66
f 510/215/61 509/216/66 511/217/45
f 512/218/45 510/215/61 511/217/45
f 512/218/45 511/217/45 513/219/45
f 476/183/45 512/218/45 513/219/45
f 476/183/45 513/219/45 475/181/45
f 514/220/200 515/221/201 517/222/203
f 514/220/200 516/223/202 515/221/201
f 518/224/204 514/220/200 517/222/203
f 518/224/204 517/222/203 519/225/205
f 520/226/206 518/224/204 519/225/205
f 520/226/206 519/225/205 521/227/207
f 522/228/208 520/226/206 521/227/207
f 522/228/208 521/227/207 523/229/208
f 524/230/209 522/228/208 523/229/208
f 524/230/209 523/229/208 525/231/210
f 526/232/211 524/230/209 525/231/210
f 526/232/211 525/231/210 527/233/212
f 528/234/213 526/232/211 527/233/212
f 528/234/213 527/233/212 529/235/214
f 530/236/215 528/234/213 529/235/214
f 530/236/215 529/235/214 531/237/216
f 532/238/217 530/236/215 531/237/216
f 532/238/217 531/237/216 533/239/217
f 516/223/202 534/240/218 515/221/201
f 516/223/202 535/241/219 534/240/218
f 535/241/219 536/242/220 537/243/221
f 535/241/219 537/243/221 534/240/218
f 536/242/220 538/244/222 537/243/221
f 540/245/224 539/246/223 538/244/222
f 536/242/220 540/245/224 538/244/222
f 540/245/224 541/247/225 539/246/223
f 541/247/225 542/248/226 543/249/227
f 541/247/225 543/249/227 539/246/223
f 542/248/226 544/250/228 543/249/227
f 546/251/228 545/252/229 544/250/228
f 542/248/226 546/251/228 544/250/228
f 546/251/228 547/253/230 545/252/229
f 547/253/230 548/254/231 545/252/229
f 547/253/230 549/255/232 548/254/231
f 549/255/232 550/256/233 551/257/234
f 549/255/232 551/257/234 548/254/231
f 550/256/233 552/258/235 551/257/234
f 550/256/233 553/259/236 552/258/235
f 553/259/236 554/260/237 552/258/235
f 553/259/236 555/261/237 554/260/237
f 556/262/45 557/263/45 559/264/45
f 556/262/45 558/265/45 557/263/45
f 560/266/29 556/262/45 559/264/45
f 560/266/29 559/264/45 561/267/29
f 562/268/29 560/266/29 561/267/29
f 562/268/29 561/267/29 563/269/29
f 564/270/45 562/268/29 563/269/29
f 564/270/45 563/269/29 565/271/45
f 566/272/29 564/270/45 565/271/45
f 566/272/29 565/271/45 567/273/29
f 568/274/29 566/272/29 567/273/29
f 568/274/29 567/273/29 569/275/29
f 570/276/45 568/274/29 569/275/29
f 570/276/45 569/275/29 571/277/66
f 572/278/45 570/276/45 571/277/66
f 572/278/45 571/277/66 573/279/45
f 574/280/29 572/278/45 573/279/45
f 574/280/29 573/279/45 575/281/29
f 558/265/45 576/282/61 557/263/45
f 558/265/45 577/283/61 576/282/61
f 577/283/61 578/284/29 579/285/61
f 577/283/61 579/285/61 576/282/61
f 578/284/29 580/286/29 579/285/61
f 578/284/29 582/287/29 580/286/29
f 582/287/29 581/288/66 580/286/29
f 582/287/29 583/289/66 581/288/66
f 583/289/66 584/290/29 585/291/29
f 583/289/66 585/291/29 581/288/66
f 584/290/29 586/292/45 585/291/29
f 588/293/45 587/294/61 586/292/45
f 584/290/29 588/293/45 586/292/45
f 588/293/45 589/295/61 587/294/61
f 589/295/61 590/296/61 591/297/61
f 589/295/61 591/297/61 587/294/61
f 590/296/61 592/298/61 591/297/61
f 594/299/61 593/300/66 592/298/61
f 590/296/61 594/299/61 592/298/61
f 594/299/61 595/301/45 593/300/66
f 595/301/45 596/302/29 593/300/66
f 595/301/45 597/303/29 596/302/29
f 598/264/238 599/304/239 601/305/241
f 598/264/238 600/263/240 599/304/239
f 602/267/242 598/264/238 601/305/241
f 602/267/242 601/305/241 603/306/243
f 604/269/244 602/267/242 603/306/243
f 604/269/244 603/306/243 605/307/245
f 606/271/18 604/269/244 605/307/245
f 606/271/18 605/307/245 607/308/18
f 608/273/246 606/271/18 607/308/18
f 608/273/246 607/308/18 609/309/247
f 610/275/248 608/273/246 609/309/247
f 610/275/248 609/309/247 611/310/249
f 612/277/250 610/275/248 611/310/249
f 612/277/250 611/310/249 613/311/251
f 614/279/252 612/277/250 613/311/251
f 614/279/252 613/311/251 615/312/253
f 616/281/254 614/279/252 615/312/253
f 616/281/254 615/312/253 617/313/254
f 600/263/240 618/314/255 599/304/239
f 600/263/240 619/282/256 618/314/255
f 619/282/256 620/285/257 621/315/258
f 619/282/256 621/315/258 618/314/255
f 620/285/257 622/316/259 621/315/258
f 624/286/261 623/317/260 622/316/259
f 620/285/257 624/286/261 622/316/259
f 624/286/261 625/288/262 623/317/260
f 625/288/262 626/291/263 627/318/264
f 625/288/262 627/318/264 623/317/260
f 626/291/263 628/319/22 627/318/264
f 630/292/22 629/320/265 628/319/22
f 626/291/263 630/292/22 628/319/22
f 630/292/22 631/294/266 629/320/265
f 631/294/266 632/321/267 629/320/265
f 631/294/266 633/297/268 632/321/267
f 633/297/268 634/298/269 635/322/270
f 633/297/268 635/322/270 632/321/267
f 634/298/269 636/323/271 635/322/270
f 634/298/269 637/300/272 636/323/271
f 637/300/272 638/324/273 636/323/271
f 637/300/272 639/302/273 638/324/273
f 640/325/274 641/326/275 643/327/277
f 640/325/274 642/328/276 641/326/275
f 644/329/278 640/325/274 643/327/277
f 644/329/278 643/327/277 645/330/279
f 646/331/280 644/329/278 645/330/279
f 646/331/280 647/332/281 644/329/278
f 648/333/282 647/332/281 646/331/280
f 648/333/282 646/331/280 649/334/283
f 650/335/284 648/333/282 649/334/283
f 650/335/284 649/334/283 651/336/285
f 651/336/285 652/337/286 650/335/284
f 653/338/287 641/326/275 642/328/276
f 653/338/287 654/339/288 641/326/275
f 655/340/289 654/339/288 653/338/287
f 655/340/289 656/341/290 654/339/288
f 657/342/291 656/341/290 655/340/289
f 657/342/291 655/340/289 658/343/292
f 659/344/293 657/342/291 658/343/292
f 661/345/295 660/346/294 659/344/293
f 659/344/293 660/346/294 657/342/291
f 661/345/295 662/347/296 660/346/294
f 662/347/296 661/345/295 663/348/297
f 664/349/298 665/350/299 667/351/298
f 664/349/298 666/352/300 665/350/299
f 668/353/301 664/349/298 667/351/298
f 668/353/301 667/351/298 669/354/301
f 666/352/300 670/355/302 665/350/299
f 666/352/300 671/356/302 670/355/302
f 672/357/303 673/358/303 675/359/303
f 672/357/303 674/360/303 673/358/303
f 676/361/304 677/360/305 679/362/306
f 676/361/304 678/358/239 677/360/305
f 680/363/307 681/357/308 683/359/271
f 680/363/307 682/364/309 681/357/308
f 684/365/310 685/366/310 687/367/310
f 684/365/310 686/368/310 685/366/310
f 688/369/311 689/368/312 691/370/314
f 688/369/311 690/366/313 689/368/312
f 692/371/315 693/365/316 695/367/257
f 692/371/315 694/372/317 693/365/316
f 696/373/318 697/374/318 699/375/318
f 696/373/318 698/376/318 697/374/318
f 700/377/319 701/373/320 703/375/322
f 700/377/319 702/378/321 701/373/320
f 704/379/323 705/376/324 707/380/326
f 704/379/323 706/374/325 705/376/324
f 724/389/331 725/390/332 727/391/334
f 724/389/331 726/392/333 725/390/332
f 728/393/335 726/392/333 724/389/331
f 728/393/335 729/394/336 726/392/333
f 730/395/337 729/394/336 728/393/335
f 730/395/337 728/393/335 731/396/338
f 732/397/339 730/395/337 731/396/338
f 734/398/341 733/399/340 732/397/339
f 732/397/339 733/399/340 730/395/337
f 734/398/341 735/400/342 733/399/340
f 735/400/342 734/398/341 736/401/343
f 737/402/344 727/391/334 725/390/332
f 739/403/346 737/402/344 738/404/345
f 737/402/344 725/390/332 738/404/345
f 739/403/346 738/404/345 740/405/347
f 741/406/348 739/403/346 740/405/347
f 741/406/348 742/407/349 739/403/346
f 743/408/350 742/407/349 741/406/348
f 743/408/350 741/406/348 744/409/351
f 745/410/352 743/408/350 744/409/351
f 745/410/352 746/411/353 743/408/350
f 745/410/352 747/412/354 746/411/353
f 748/413/355 749/414/356 751/415/355
f 748/413/355 750/416/356 749/414/356
f 750/416/356 752/417/357 749/414/356
f 750/416/356 753/418/358 752/417/357
f 753/418/358 754/419/359 752/417/357
f 753/418/358 755/420/360 754/419/359
f 756/421/361 757/422/362 759/423/364
f 756/421/361 758/424/363 757/422/362
f 760/425/365 756/421/361 759/423/364
f 761/426/366 760/425/365 762/427/367
f 760/425/365 759/423/364 762/427/367
f 761/426/366 762/427/367 763/428/366
f 1218/852/29 1219/853/29 1221/854/29
f 1218/852/29 1220/855/45 1219/853/29
f 1222/856/29 1218/852/29 1221/854/29
f 1222/856/29 1221/854/29 1223/857/29
f 1224/858/29 1222/856/29 1223/857/29
f 1224/858/29 1223/857/29 1225/859/29
f 1226/860/29 1224/858/29 1225/859/29
f 1226/860/29 1225/859/29 1227/861/29
f 1228/862/29 1226/860/29 1227/861/29
f 1230/863/29 1228/862/29 1229/864/29
f 1228/862/29 1227/861/29 1229/864/29
f 1230/863/29 1229/864/29 1231/865/29
f 1232/866/29 1230/863/29 1231/865/29
f 1232/866/29 1231/865/29 1233/867/29
f 1234/868/29 1232/866/29 1233/867/29
f 1234/868/29 1233/867/29 1235/869/29
f 1236/870/29 1234/868/29 1235/869/29
f 1238/871/45 1236/870/29 1237/872/29
f 1236/870/29 1235/869/29 1237/872/29
f 1238/871/45 1237/872/29 1239/873/45
f 1240/874/61 1238/871/45 1239/873/45
f 1240/874/61 1239/873/45 1241/875/61
f 1242/876/45 1240/874/61 1241/875/61
f 1242/876/45 1241/875/61 1243/877/45
f 1244/878/29 1242/876/45 1243/877/45
f 1246/879/29 1244/878/29 1245/880/29
f 1244/878/29 1243/877/45 1245/880/29
f 1246/879/29 1245/880/29 1247/881/29
f 1248/882/29 1246/879/29 1247/881/29
f 1248/882/29 1247/881/29 1249/883/29
f 1250/884/29 1248/882/29 1249/883/29
f 1250/884/29 1249/883/29 1251/885/29
f 1252/886/45 1250/884/29 1251/885/29
f 1254/887/61 1252/886/45 1253/888/45
f 1252/886/45 1251/885/29 1253/888/45
f 1254/887/61 1253/888/45 1255/889/29
f 1256/890/45 1254/887/61 1255/889/29
f 1256/890/45 1255/889/29 1257/891/45
f 1220/855/45 1256/890/45 1257/891/45
f 1220/855/45 1257/891/45 1219/853/29
f 1258/892/274 1259/893/275 1261/894/816
f 1258/892/274 1260/895/276 1259/893/275
f 1262/896/817 1258/892/274 1261/894/816
f 1262/896/817 1261/894/816 1263/897/818
f 1264/898/819 1262/896/817 1263/897/818
f 1266/899/821 1265/900/820 1264/898/819
f 1264/898/819 1263/897/818 1266/899/821
f 1265/900/820 1266/899/821 1267/901/822
f 1265/900/820 1267/901/822 1268/902/823
f 1268/902/823 1267/901/822 1269/903/824
f 1268/902/823 1269/903/824 1270/904/825
f 1270/904/825 1269/903/824 1271/905/826
f 1270/904/825 1271/905/826 1272/906/827
f 1273/907/828 1272/906/827 1271/905/826
f 1273/907/828 1271/905/826 1274/908/829
f 1275/909/830 1273/907/828 1274/908/829
f 1275/909/830 1274/908/829 1276/910/831
f 1277/911/832 1275/909/830 1276/910/831
f 1277/911/832 1276/910/831 1278/912/833
f 1280/913/835 1278/912/833 1279/914/834
f 1278/912/833 1280/913/835 1277/911/832
f 1280/913/835 1279/914/834 1281/915/836
f 1281/915/836 1283/916/838 1282/917/837
f 1281/915/836 1279/914/834 1283/916/838
f 1282/917/837 1283/916/838 1284/918/839
f 1282/917/837 1284/918/839 1285/919/839
f 1286/920/287 1259/893/275 1260/895/276
f 1286/920/287 1287/921/840 1259/893/275
f 1288/922/841 1287/921/840 1286/920/287
f 1288/922/841 1289/923/842 1287/921/840
f 1290/924/843 1289/923/842 1288/922/841
f 1290/924/843 1291/925/844 1289/923/842
f 1291/925/844 1290/924/843 1292/926/845
f 1292/926/845 1294/927/847 1291/925/844
f 1292/926/845 1293/928/846 1294/927/847
f 1293/928/846 1295/929/848 1294/927/847
f 1293/928/846 1296/930/344 1295/929/848
f 1296/930/344 1297/931/332 1295/929/848
f 1298/932/331 1297/931/332 1300/933/334
f 1298/932/331 1299/934/849 1297/931/332
f 1296/930/344 1300/933/334 1297/931/332
f 1301/935/336 1299/934/849 1298/932/331
f 1301/935/336 1302/936/850 1299/934/849
f 1303/937/851 1302/936/850 1301/935/336
f 1303/937/851 1304/938/852 1302/936/850
f 1304/938/852 1303/937/851 1305/939/853
f 1305/939/853 1306/940/854 1304/938/852
f 1308/941/856 1307/942/855 1306/940/854
f 1305/939/853 1308/941/856 1306/940/854
f 1308/941/856 1309/943/857 1307/942/855
f 1309/943/857 1310/944/858 1307/942/855
f 1309/943/857 1311/945/859 1310/944/858
f 1312/946/860 1310/944/858 1311/945/859
f 1312/946/860 1313/947/861 1310/944/858
f 1314/948/862 1313/947/861 1312/946/860
f 1314/948/862 1315/949/863 1313/947/861
f 1316/950/864 1315/949/863 1314/948/862
f 1316/950/864 1318/951/866 1315/949/863
f 1318/951/866 1316/950/864 1317/952/865
f 1317/952/865 1319/953/867 1318/951/866
f 1321/954/869 1320/955/868 1319/953/867
f 1317/952/865 1321/954/869 1319/953/867
f 1321/954/869 1322/956/870 1320/955/868
f 1322/956/870 1323/957/871 1320/955/868
f 1322/956/870 1324/958/871 1323/957/871
f 1325/959/269 1326/960/872 1328/961/270
f 1325/959/269 1327/962/272 1326/960/872
f 1329/963/268 1325/959/269 1328/961/270
f 1329/963/268 1328/961/270 1330/964/267
f 1331/965/873 1329/963/268 1330/964/267
f 1331/965/873 1330/964/267 1332/966/265
f 1333/967/43 1331/965/873 1332/966/265
f 1333/967/43 1332/966/265 1334/968/43
f 1335/969/263 1333/967/43 1334/968/43
f 1335/969/263 1334/968/43 1336/970/264
f 1337/971/262 1335/969/263 1336/970/264
f 1337/971/262 1336/970/264 1338/972/260
f 1339/973/261 1337/971/262 1338/972/260
f 1339/973/261 1338/972/260 1340/974/259
f 1341/975/257 1339/973/261 1340/974/259
f 1341/975/257 1340/974/259 1342/976/258
f 1343/977/874 1341/975/257 1342/976/258
f 1343/977/874 1342/976/258 1344/978/874
f 1327/962/272 1345/979/875 1326/960/872
f 1327/962/272 1346/980/876 1345/979/875
f 1346/980/876 1347/981/252 1348/982/253
f 1346/980/876 1348/982/253 1345/979/875
f 1347/981/252 1349/983/251 1348/982/253
f 1351/984/250 1350/985/249 1349/983/251
f 1347/981/252 1351/984/250 1349/983/251
f 1351/984/250 1352/986/248 1350/985/249
f 1352/986/248 1353/987/247 1350/985/249
f 1352/986/248 1354/988/246 1353/987/247
f 1354/988/246 1355/989/17 1356/990/17
f 1354/988/246 1356/990/17 1353/987/247
f 1355/989/17 1357/991/245 1356/990/17
f 1359/992/244 1358/993/243 1357/991/245
f 1355/989/17 1359/992/244 1357/991/245
f 1359/992/244 1360/994/242 1358/993/243
f 1360/994/242 1361/995/241 1358/993/243
f 1360/994/242 1362/996/238 1361/995/241
f 1362/996/238 1363/997/240 1364/998/239
f 1362/996/238 1364/998/239 1361/995/241
f 1363/997/240 1365/999/877 1364/998/239
f 1363/997/240 1366/1000/877 1365/999/877
f 1367/1001/238 1368/265/239 1370/262/241
f 1367/1001/238 1369/1002/240 1368/265/239
f 1371/1003/242 1367/1001/238 1370/262/241
f 1371/1003/242 1370/262/241 1372/266/243
f 1373/1004/244 1371/1003/242 1372/266/243
f 1373/1004/244 1372/266/243 1374/268/827
f 1375/1005/17 1373/1004/244 1374/268/827
f 1375/1005/17 1374/268/827 1376/270/17
f 1377/1006/246 1375/1005/17 1376/270/17
f 1377/1006/246 1376/270/17 1378/272/247
f 1379/1007/248 1377/1006/246 1378/272/247
f 1379/1007/248 1378/272/247 1380/274/249
f 1381/1008/250 1379/1007/248 1380/274/249
f 1381/1008/250 1380/274/249 1382/276/251
f 1383/1009/252 1381/1008/250 1382/276/251
f 1383/1009/252 1382/276/251 1384/278/253
f 1385/1010/254 1383/1009/252 1384/278/253
f 1385/1010/254 1384/278/253 1386/280/254
f 1369/1002/240 1387/283/255 1368/265/239
f 1369/1002/240 1388/1011/256 1387/283/255
f 1388/1011/256 1389/284/258 1387/283/255
f 1388/1011/256 1390/1012/257 1389/284/258
f 1390/1012/257 1391/1013/261 1392/287/259
f 1390/1012/257 1392/287/259 1389/284/258
f 1391/1013/261 1393/289/260 1392/287/259
f 1395/1014/262 1394/290/264 1393/289/260
f 1391/1013/261 1395/1014/262 1393/289/260
f 1395/1014/262 1396/1015/263 1394/290/264
f 1396/1015/263 1397/293/43 1394/290/264
f 1396/1015/263 1398/1016/43 1397/293/43
f 1398/1016/43 1399/1017/266 1400/295/265
f 1398/1016/43 1400/295/265 1397/293/43
f 1399/1017/266 1401/296/267 1400/295/265
f 1403/1018/268 1402/299/270 1401/296/267
f 1399/1017/266 1403/1018/268 1401/296/267
f 1403/1018/268 1404/1019/269 1402/299/270
f 1404/1019/269 1405/301/271 1402/299/270
f 1404/1019/269 1406/1020/272 1405/301/271
f 1406/1020/272 1407/303/273 1405/301/271
f 1406/1020/272 1408/1021/273 1407/303/273
f 1409/1022/825 1410/1023/826 1412/1024/827
f 1409/1022/825 1411/1025/878 1410/1023/826
f 1413/1026/879 1411/1025/878 1409/1022/825
f 1413/1026/879 1414/1027/880 1411/1025/878
f 1415/1028/881 1414/1027/880 1413/1026/879
f 1415/1028/881 1413/1026/879 1416/1029/882
f 1417/1030/883 1415/1028/881 1416/1029/882
f 1419/1031/885 1418/1032/884 1417/1030/883
f 1417/1030/883 1418/1032/884 1415/1028/881
f 1419/1031/885 1420/1033/886 1418/1032/884
f 1420/1033/886 1419/1031/885 1421/1034/887
f 1422/1035/828 1412/1024/827 1410/1023/826
f 1422/1035/828 1410/1023/826 1423/1036/888
f 1424/1037/889 1422/1035/828 1423/1036/888
f 1424/1037/889 1423/1036/888 1425/1038/890
f 1426/1039/891 1424/1037/889 1425/1038/890
f 1426/1039/891 1427/1040/892 1424/1037/889
f 1428/1041/893 1427/1040/892 1426/1039/891
f 1428/1041/893 1426/1039/891 1429/1042/894
f 1430/1043/895 1428/1041/893 1429/1042/894
f 1430/1043/895 1429/1042/894 1431/1044/896
f 1431/1044/896 1432/1045/897 1430/1043/895
f 1433/1046/837 1434/1047/898 1436/1048/900
f 1433/1046/837 1435/1049/899 1434/1047/898
f 1437/1050/901 1435/1049/899 1433/1046/837
f 1439/1051/903 1438/1052/902 1437/1050/901
f 1437/1050/901 1438/1052/902 1435/1049/899
f 1439/1051/903 1437/1050/901 1440/1053/904
f 1441/1054/905 1439/1051/903 1440/1053/904
f 1441/1054/905 1442/1055/906 1439/1051/903
f 1443/1056/907 1442/1055/906 1441/1054/905
f 1443/1056/907 1444/1057/908 1442/1055/906
f 1444/1057/908 1443/1056/907 1445/1058/909
f 1446/1059/870 1436/1048/900 1434/1047/898
f 1448/1060/911 1446/1059/870 1447/1061/910
f 1446/1059/870 1434/1047/898 1447/1061/910
f 1448/1060/911 1447/1061/910 1449/1062/912
f 1450/1063/913 1448/1060/911 1449/1062/912
f 1450/1063/913 1451/1064/914 1448/1060/911
f 1452/1065/915 1451/1064/914 1450/1063/913
f 1452/1065/915 1450/1063/913 1453/1066/916
f 1454/1067/917 1452/1065/915 1453/1066/916
f 1454/1067/917 1453/1066/916 1455/1068/918
f 1455/1068/918 1456/1069/919 1454/1067/917
f 1457/1070/860 1458/1071/858 1460/1072/859
f 1457/1070/860 1459/1073/920 1458/1071/858
f 1461/1074/921 1459/1073/920 1457/1070/860
f 1461/1074/921 1462/1075/922 1459/1073/920
f 1463/1076/923 1462/1075/922 1461/1074/921
f 1463/1076/923 1461/1074/921 1464/1077/924
f 1465/1078/925 1463/1076/923 1464/1077/924
f 1465/1078/925 1466/1079/926 1463/1076/923
f 1467/1080/927 1466/1079/926 1465/1078/925
f 1468/1081/928 1467/1080/927 1469/1082/929
f 1467/1080/927 1468/1081/928 1466/1079/926
f 1470/1083/857 1460/1072/859 1458/1071/858
f 1472/1084/931 1470/1083/857 1471/1085/930
f 1470/1083/857 1458/1071/858 1471/1085/930
f 1472/1084/931 1471/1085/930 1473/1086/932
f 1474/1087/933 1472/1084/931 1473/1086/932
f 1474/1087/933 1475/1088/934 1472/1084/931
f 1476/1089/935 1475/1088/934 1474/1087/933
f 1478/1090/937 1476/1089/935 1477/1091/936
f 1476/1089/935 1474/1087/933 1477/1091/936
f 1478/1090/937 1477/1091/936 1479/1092/938
f 1479/1092/938 1480/1093/939 1478/1090/937
f 1481/1094/940 1482/1095/941 1484/1096/943
f 1481/1094/940 1483/1097/942 1482/1095/941
f 1485/1098/944 1481/1094/940 1484/1096/943
f 1485/1098/944 1484/1096/943 1486/1099/944
f 1487/1100/945 1485/1098/944 1486/1099/944
f 1487/1100/945 1486/1099/944 1488/1101/945
f 1487/1100/945 1488/1101/945 1489/1102/946
f 1487/1100/945 1489/1102/946 1490/1103/946
f 1490/1103/946 1491/1104/947 1492/1105/948
f 1490/1103/946 1489/1102/946 1491/1104/947
f 1492/1105/948 1493/1106/949 1494/1107/950
f 1492/1105/948 1491/1104/947 1493/1106/949
f 1495/1108/951 1494/1107/950 1493/1106/949
f 1495/1108/951 1493/1106/949 1496/1109/952
f 1497/1110/953 1495/1108/951 1496/1109/952
f 1497/1110/953 1496/1109/952 1498/1111/953
f 1499/1112/954 1497/1110/953 1498/1111/953
f 1499/1112/954 1498/1111/953 1500/1113/954
f 1499/1112/954 1500/1113/954 1501/1114/955
f 1499/1112/954 1501/1114/955 1502/1115/955
f 1502/1115/955 1503/1116/956 1504/1117/957
f 1502/1115/955 1501/1114/955 1503/1116/956
f 1504/1117/957 1506/1118/959 1505/1119/958
f 1504/1117/957 1503/1116/956 1506/1118/959
f 1507/1120/960 1506/1118/959 1508/1121/961
f 1507/1120/960 1505/1119/958 1506/1118/959
f 1509/1122/962 1508/1121/961 1510/1123/962
f 1509/1122/962 1507/1120/960 1508/1121/961
f 1511/1124/963 1509/1122/962 1510/1123/962
f 1511/1124/963 1510/1123/962 1512/1125/963
f 1511/1124/963 1512/1125/963 1513/1126/964
f 1511/1124/963 1513/1126/964 1515/1127/964
f 1515/1127/964 1513/1126/964 1514/1128/965
f 1515/1127/964 1514/1128/965 1516/1129/966
f 1516/1129/966 1518/1130/968 1517/1131/967
f 1516/1129/966 1514/1128/965 1518/1130/968
f 1519/1132/969 1518/1130/968 1520/1133/970
f 1519/1132/969 1517/1131/967 1518/1130/968
f 1521/1134/971 1519/1132/969 1520/1133/970
f 1521/1134/971 1520/1133/970 1522/1135/971
f 1523/1136/972 1521/1134/971 1522/1135/971
f 1523/1136/972 1522/1135/971 1524/1137/972
f 1523/1136/972 1524/1137/972 1525/1138/973
f 1527/1139/973 1525/1138/973 1526/1140/974
f 1523/1136/972 1525/1138/973 1527/1139/973
f 1527/1139/973 1526/1140/974 1528/1141/975
f 1528/1141/975 1526/1140/974 1530/1142/977
f 1528/1141/975 1530/1142/977 1529/1143/976
f 1531/1144/978 1530/1142/977 1532/1145/979
f 1531/1144/978 1529/1143/976 1530/1142/977
f 1533/1146/980 1532/1145/979 1534/1147/980
f 1533/1146/980 1531/1144/978 1532/1145/979
f 1535/1148/981 1533/1146/980 1534/1147/980
f 1535/1148/981 1534/1147/980 1536/1149/982
f 1535/1148/981 1536/1149/982 1537/1150/983
f 1535/1148/981 1537/1150/983 1539/1151/985
f 1539/1151/985 1537/1150/983 1538/1152/984
f 1539/1151/985 1538/1152/984 1540/1153/986
f 1540/1153/986 1482/1095/941 1483/1097/942
f 1540/1153/986 1538/1152/984 1482/1095/941
f 1541/1154/987 1542/1155/988 1544/1156/990
f 1541/1154/987 1543/1157/989 1542/1155/988
f 1545/1158/991 1541/1154/987 1544/1156/990
f 1545/1158/991 1544/1156/990 1546/1159/992
f 1543/1157/989 1547/1160/993 1542/1155/988
f 1543/1157/989 1548/1161/993 1547/1160/993
f 1549/1162/994 1550/1163/995 1552/1164/994
f 1549/1162/994 1551/1165/995 1550/1163/995
f 1551/1165/995 1553/1166/996 1550/1163/995
f 1551/1165/995 1554/1167/997 1553/1166/996
f 1554/1167/997 1555/1168/998 1553/1166/996
f 1554/1167/997 1556/1169/999 1555/1168/998
f 1557/1170/1000 1558/1171/1000 1560/1172/1000
f 1557/1170/1000 1559/1173/1000 1558/1171/1000
f 1561/1174/1001 1562/1173/1002 1564/1175/1004
f 1561/1174/1001 1563/1171/1003 1562/1173/1002
f 1565/1176/1005 1566/1170/1006 1568/1172/1008
f 1565/1176/1005 1567/1177/1007 1566/1170/1006
f 1569/1178/1009 1570/1179/1009 1572/1180/1009
f 1569/1178/1009 1571/1181/1009 1570/1179/1009
f 1573/1182/1010 1574/1181/1011 1576/1183/1013
f 1573/1182/1010 1575/1179/1012 1574/1181/1011
f 1577/1184/1014 1578/1178/1015 1580/1180/1017
f 1577/1184/1014 1579/1185/1016 1578/1178/1015
