# Blender 5.0.1
# www.blender.org
mtllib llanta1.mtl
o llanta1
v 0.205580 0.163354 0.127987
v 0.252062 0.190544 0.128289
v 0.252312 0.190438 0.041844
v 0.205827 0.163245 0.041549
v 0.252062 0.190544 0.128289
v 0.298836 0.163854 0.128658
v 0.299083 0.163748 0.042216
v 0.252312 0.190438 0.041844
v 0.298836 0.163854 0.128658
v 0.299128 0.109974 0.128725
v 0.299372 0.109868 0.042284
v 0.299083 0.163748 0.042216
v 0.299128 0.109974 0.128725
v 0.299372 0.109868 0.042284
v 0.252649 0.082780 0.128427
v 0.205872 0.109470 0.128058
v 0.206119 0.109364 0.041613
v 0.252893 0.082674 0.041985
v 0.207036 -0.105936 0.128334
v 0.253518 -0.078743 0.128629
v 0.253765 -0.078848 0.042188
v 0.207283 -0.106042 0.041892
v 0.253518 -0.078743 0.128629
v 0.300290 -0.105432 0.128998
v 0.300536 -0.105538 0.042553
v 0.253765 -0.078848 0.042188
v 0.300290 -0.105432 0.128998
v 0.300581 -0.159313 0.129065
v 0.300831 -0.159419 0.042624
v 0.300536 -0.105538 0.042553
v 0.300581 -0.159313 0.129065
v 0.254102 -0.186507 0.128770
v 0.254349 -0.186612 0.042325
v 0.300831 -0.159419 0.042624
v 0.254102 -0.186507 0.128770
v 0.207329 -0.159817 0.128398
v 0.207576 -0.159923 0.041957
v 0.254349 -0.186612 0.042325
v -0.025262 -0.241834 0.126836
v -0.025015 -0.241940 0.040397
v 0.021220 -0.214640 0.127141
v 0.067991 -0.241330 0.127503
v 0.068238 -0.241436 0.041061
v 0.021467 -0.214749 0.040696
v 0.067991 -0.241330 0.127503
v 0.068283 -0.295214 0.127570
v 0.068530 -0.295320 0.041132
v 0.068238 -0.241436 0.041061
v 0.021804 -0.322404 0.127275
v -0.024970 -0.295718 0.126906
v -0.024723 -0.295824 0.040465
v 0.022051 -0.322513 0.040834
v -0.260470 0.160838 0.124660
v -0.213984 0.188032 0.124965
v -0.213740 0.187926 0.038520
v -0.260223 0.160733 0.038222
v -0.167214 0.161342 0.125328
v -0.166925 0.107458 0.125395
v -0.166678 0.107352 0.038953
v -0.166970 0.161236 0.038886
v -0.166925 0.107458 0.125395
v -0.213400 0.080268 0.125100
v -0.213157 0.080162 0.038655
v -0.166678 0.107352 0.038953
v -0.213400 0.080268 0.125100
v -0.260178 0.106958 0.124731
v -0.259931 0.106852 0.038286
v -0.213157 0.080162 0.038655
v -0.028171 0.296739 0.126159
v 0.018314 0.323933 0.126454
v 0.018561 0.323824 0.040012
v -0.027924 0.296634 0.039714
v 0.018314 0.323933 0.126454
v 0.065081 0.297243 0.126820
v 0.065328 0.297134 0.040378
v 0.018561 0.323824 0.040012
v 0.065081 0.297243 0.126820
v 0.065373 0.243359 0.126890
v 0.065620 0.243253 0.040442
v 0.065328 0.297134 0.040378
v 0.065373 0.243359 0.126890
v 0.018895 0.216166 0.126595
v 0.019141 0.216060 0.040150
v 0.065620 0.243253 0.040442
v 0.018895 0.216166 0.126595
v -0.027880 0.242856 0.126223
v -0.027633 0.242750 0.039778
v 0.019141 0.216060 0.040150
v -0.211953 -0.189019 0.125440
v -0.258724 -0.162329 0.125071
v -0.258481 -0.162435 0.038630
v -0.211706 -0.189125 0.038992
v -0.258724 -0.162329 0.125071
v -0.259016 -0.108445 0.125000
v -0.258769 -0.108551 0.038559
v -0.258481 -0.162435 0.038630
v -0.259016 -0.108445 0.125000
v -0.258769 -0.108551 0.038559
v -0.212534 -0.081255 0.125305
v -0.165760 -0.107941 0.125671
v -0.165513 -0.108051 0.039229
v -0.212287 -0.081361 0.038861
v -0.165760 -0.107941 0.125671
v -0.165468 -0.161825 0.125742
v -0.165224 -0.161931 0.039300
v -0.165513 -0.108051 0.039229
v -0.232833 -0.617361 0.410772
v -0.450139 -0.473737 0.409046
v -0.449991 -0.473801 0.356310
v -0.232682 -0.617425 0.358043
v -0.595989 -0.257821 0.407737
v -0.595838 -0.257885 0.355011
v -0.648172 -0.002484 0.407053
v -0.648024 -0.002548 0.354321
v -0.598748 0.253398 0.407088
v -0.598600 0.253334 0.354360
v -0.455243 0.470874 0.407845
v -0.455092 0.470810 0.355117
v -0.239500 0.616833 0.409206
v -0.239349 0.616769 0.356474
v 0.015638 0.669055 0.410967
v 0.015786 0.668991 0.358242
v 0.271318 0.619589 0.412857
v 0.271469 0.619525 0.360125
v 0.488630 0.475966 0.414589
v 0.488778 0.475898 0.361854
v 0.634471 0.260049 0.415892
v 0.634625 0.259985 0.363163
v 0.686663 0.004712 0.416582
v 0.686811 0.004648 0.363853
v 0.637236 -0.251173 0.416543
v 0.637387 -0.251237 0.363811
v 0.493728 -0.468649 0.415786
v 0.493879 -0.468713 0.363054
v 0.277988 -0.614608 0.414423
v 0.278139 -0.614672 0.361694
v 0.022850 -0.666826 0.412661
v 0.023001 -0.666894 0.359930
v -0.232833 -0.617361 0.410772
v -0.232682 -0.617425 0.358043
v -0.591327 0.411299 0.179561
v -0.606653 0.464416 0.238764
v -0.468176 0.006695 0.240314
v -0.467954 0.006598 0.161777
v -0.469052 0.209919 0.161521
v -0.469276 0.210019 0.240057
v -0.485401 0.274647 0.161325
v -0.485626 0.274743 0.239861
v -0.483829 -0.058203 0.240285
v -0.483605 -0.058299 0.161748
v -0.520497 0.370133 0.160956
v -0.520718 0.370229 0.239489
v -0.627966 -0.106305 0.239310
v -0.612874 -0.106321 0.160882
v -0.584516 -0.154523 0.161145
v -0.599611 -0.154507 0.239573
v -0.517889 -0.154064 0.240157
v -0.517664 -0.154160 0.161617
v -0.524472 0.411658 0.180042
v -0.524931 0.464855 0.239348
v -0.580644 -0.196000 0.180382
v -0.595398 -0.249130 0.239717
v -0.513673 -0.248690 0.240298
v -0.513792 -0.195641 0.180864
v -0.633343 0.261503 0.160286
v -0.676717 0.261368 0.238514
v -0.710478 0.309666 0.252310
v -0.710416 0.309640 0.229633
v -0.625618 0.315139 0.238809
v -0.610526 0.315123 0.160378
v -0.696710 0.340206 0.229691
v -0.696775 0.340235 0.252367
v -0.680611 -0.045889 0.238860
v -0.637238 -0.045755 0.160632
v -0.714706 -0.093526 0.230098
v -0.714770 -0.093501 0.252775
v -0.182998 0.278138 -0.189998
v -0.225778 0.336401 -0.190374
v -0.109951 0.396255 -0.189620
v -0.087253 0.327613 -0.189373
v -0.258782 0.201472 -0.190444
v -0.317456 0.243655 -0.190916
v -0.307179 0.105123 -0.190669
v -0.376007 0.127093 -0.191189
v -0.323461 -0.001480 -0.190659
v -0.395706 -0.001871 -0.191169
v -0.306031 -0.107903 -0.190399
v -0.374615 -0.130615 -0.190864
v -0.256591 -0.203726 -0.189931
v -0.314809 -0.246537 -0.190293
v -0.179983 -0.279567 -0.189286
v -0.222133 -0.338289 -0.189520
v -0.083711 -0.328009 -0.188542
v -0.105662 -0.396892 -0.188612
v 0.022809 -0.344304 -0.187756
v 0.023200 -0.416607 -0.187669
v 0.129148 -0.326861 -0.187021
v 0.151847 -0.395503 -0.186774
v 0.224894 -0.277385 -0.186398
v 0.267674 -0.335648 -0.186020
v 0.300678 -0.200719 -0.185949
v 0.359351 -0.242902 -0.185481
v 0.349078 -0.104371 -0.185725
v 0.417906 -0.126341 -0.185205
v 0.365357 0.002235 -0.185738
v 0.437602 0.002624 -0.185221
v 0.347927 0.108655 -0.185994
v 0.416514 0.131367 -0.185529
v 0.298486 0.204478 -0.186466
v 0.356704 0.247290 -0.186103
v 0.221878 0.280319 -0.187101
v 0.264029 0.339044 -0.186877
v 0.125606 0.328762 -0.187852
v 0.147561 0.397644 -0.187781
v 0.019087 0.345057 -0.188635
v 0.018695 0.417359 -0.188725
v 0.769948 0.682863 -0.133394
v 0.767933 0.683733 0.575127
v 0.609767 0.824713 0.580860
v 0.611801 0.823831 -0.134642
v 0.895352 0.512069 -0.132287
v 0.893337 0.512941 0.576234
v 1.028831 -0.100100 -0.130580
v 0.985919 -0.307649 -0.130574
v 0.983882 -0.306770 0.584925
v 1.026816 -0.099231 0.577941
v 1.027685 0.111841 -0.130847
v 1.025670 0.112714 0.577675
v 1.016000 0.169594 -0.131283
v 0.980520 0.319785 0.577094
v 0.900829 -0.501733 -0.131001
v 0.898814 -0.500860 0.577521
v 0.777279 -0.673869 -0.131674
v 0.775264 -0.672996 0.576847
v 0.236778 -0.990074 -0.135152
v 0.026283 -1.013363 -0.136567
v 0.024246 -1.012481 0.578932
v 0.234759 -0.989201 0.573375
v 0.437833 -0.923492 -0.133795
v 0.435818 -0.922622 0.574729
v 0.489105 -0.894524 -0.133740
v 0.618647 -0.815663 0.575904
v -0.184452 -0.992342 -0.138155
v -0.186470 -0.991473 0.570366
v 0.024246 -1.012481 0.578932
v 0.026283 -1.013363 -0.136567
v -0.386219 -0.927935 -0.139673
v -0.388234 -0.927066 0.568842
v -0.437796 -0.899519 -0.140362
v -0.572209 -0.822083 0.567405
v -0.853745 -0.511191 -0.143529
v -0.940928 -0.318038 -0.144334
v -0.942962 -0.317159 0.571165
v -0.855760 -0.510322 0.564989
v -0.728338 -0.681986 -0.142425
v -0.730356 -0.681113 0.566099
v -0.684962 -0.721833 -0.142345
v -0.986078 -0.110963 -0.144966
v -0.988093 -0.110094 0.563548
v -0.987224 0.100978 -0.145239
v -0.989238 0.101850 0.563282
v -0.735669 0.674746 -0.144142
v -0.579052 0.817411 -0.143144
v -0.581093 0.818290 0.572358
v -0.737684 0.675616 0.564379
v -0.859221 0.502608 -0.144819
v -0.861236 0.503480 0.563706
v -0.883685 0.449009 -0.145204
v -0.946327 0.309396 0.563337
v -0.396223 0.924369 -0.142024
v -0.398244 0.925242 0.566497
v -0.195168 0.990951 -0.140671
v -0.197182 0.991821 0.567851
v 0.427826 0.928813 -0.136140
v 0.425811 0.929686 0.572381
v 0.226062 0.993223 -0.137661
v 0.224047 0.994092 0.570860
v 0.167571 0.999945 -0.138367
v 0.013312 1.015110 0.569326
v 0.901396 0.421748 -0.112944
v 0.978678 0.188019 -0.112104
v 1.001479 0.183149 -0.124013
v 0.916809 0.439221 -0.124934
v 0.497469 -0.876525 -0.124382
v 0.714659 -0.716812 -0.124950
v 0.693250 -0.707566 -0.113040
v 0.495018 -0.853342 -0.113319
v -0.386858 0.004215 0.218289
v -0.313686 0.233805 0.218526
v -0.864396 0.412226 -0.125550
v -0.939147 0.177679 -0.125797
v -0.119313 0.988885 -0.133006
v 0.150195 0.990339 -0.131087
v 0.167571 0.999945 -0.138367
v -0.136747 0.998305 -0.140539
v -0.976158 0.158852 -0.145512
v -0.879928 0.429535 -0.137757
v -0.961830 0.172562 -0.138030
v -0.883685 0.449009 -0.145204
v -0.976158 0.158852 -0.145512
v 0.346810 -0.241022 0.223833
v 0.152765 -0.383718 0.223583
v 0.489105 -0.894524 -0.133740
v 0.734336 -0.714181 -0.132210
v 0.734336 -0.714181 -0.132210
v 0.350718 0.237389 0.223271
v 0.426363 0.008597 0.224092
v 1.016000 0.169594 -0.131283
v 0.920395 0.458737 -0.132319
v 0.920395 0.458737 -0.132319
v -0.102713 0.388953 0.219841
v 0.138080 0.390252 0.221561
v 0.138513 0.970187 -0.119066
v -0.107481 0.968859 -0.120824
v -0.136747 0.998305 -0.140539
v -0.305315 -0.247342 -0.133102
v -0.109743 -0.387940 -0.131533
v -0.417241 -0.818243 -0.435200
v -0.613115 -0.677427 -0.436769
v 0.155498 -0.386513 -0.129640
v 0.349540 -0.243814 -0.128431
v 0.663686 -0.670545 -0.427657
v 0.469339 -0.813463 -0.428870
v 0.152765 -0.383718 0.223583
v 0.155498 -0.386513 -0.129640
v 0.469339 -0.813463 -0.428870
v 0.495018 -0.853342 -0.113319
v 0.430143 0.009085 -0.128164
v 0.354494 0.237873 -0.128982
v 0.857330 0.403929 -0.427593
v 0.933098 0.174785 -0.426769
v -0.315470 0.234261 -0.133769
v -0.388642 0.004670 -0.134010
v -0.891641 0.164945 -0.439798
v -0.818357 0.394895 -0.439557
v 0.139068 0.392745 -0.130715
v -0.101729 0.391446 -0.132435
v -0.103917 0.920292 -0.435098
v 0.137256 0.921591 -0.433378
v 0.138080 0.390252 0.221561
v 0.139068 0.392745 -0.130715
v 0.137256 0.921591 -0.433378
v 0.138513 0.970187 -0.119066
v 1.247669 -0.396121 -0.480427
v 1.206125 -0.382870 -0.520390
v 1.258898 -0.127607 -0.520326
v 1.302298 -0.131897 -0.480360
v 1.257493 0.133062 -0.520656
v 1.300841 0.137919 -0.480703
v 1.201960 0.387741 -0.521372
v 1.243360 0.401537 -0.481438
v 1.152520 -0.365764 -0.537400
v 1.202914 -0.122038 -0.537340
v 1.201569 0.126851 -0.537657
v 1.148552 0.370019 -0.538331
v 1.088495 -0.345323 -0.537416
v 1.136039 -0.115368 -0.537359
v 1.134769 0.119459 -0.537657
v 1.084748 0.348892 -0.538292
v 0.771389 1.044326 -0.485605
v 0.972720 0.864866 -0.483943
v 0.940502 0.835362 -0.523788
v 0.745995 1.008739 -0.525392
v 1.132372 0.647432 -0.482532
v 1.094735 0.625301 -0.522430
v 0.898906 0.797408 -0.540644
v 0.713190 0.962947 -0.542174
v 1.046171 0.596840 -0.539345
v 0.849203 0.752135 -0.540471
v 0.673981 0.908322 -0.541918
v 0.988152 0.562899 -0.539248
v 0.025988 -1.294539 -0.488056
v 0.025863 -1.250829 -0.527766
v 0.284752 -1.222185 -0.525947
v 0.293959 -1.264891 -0.486173
v 0.532033 -1.140299 -0.524281
v 0.549919 -1.180127 -0.484450
v 0.756894 -1.008749 -0.522831
v 0.782672 -1.043963 -0.482952
v 0.025609 -1.194494 -0.544436
v 0.272794 -1.167146 -0.542704
v 0.508901 -1.088959 -0.541112
v 0.723600 -0.963354 -0.539733
v 0.025240 -1.127235 -0.544051
v 0.258466 -1.101434 -0.542418
v 0.481229 -1.027665 -0.540917
v 0.683798 -0.909156 -0.539614
v 1.139344 -0.643200 -0.480895
v 1.101473 -0.621572 -0.520845
v 0.982050 -0.862340 -0.481749
v 0.949514 -0.833286 -0.521670
v 1.052601 -0.593679 -0.537833
v 0.907514 -0.795822 -0.538623
v 0.994216 -0.560364 -0.537824
v 0.857323 -0.751086 -0.538565
v -1.205328 -0.409345 -0.497941
v -1.163703 -0.395646 -0.537314
v -1.056478 -0.633209 -0.536255
v -1.094343 -0.655244 -0.496847
v -0.902242 -0.843267 -0.534895
v -0.934691 -0.872674 -0.495439
v -0.707741 -1.016644 -0.533291
v -0.733363 -1.052135 -0.493777
v -1.110198 -0.377965 -0.553557
v -1.007821 -0.604790 -0.552550
v -0.860556 -0.805354 -0.551247
v -0.674843 -0.970894 -0.549717
v -1.046398 -0.356835 -0.552662
v -0.949799 -0.570846 -0.551703
v -0.810856 -0.760082 -0.550484
v -0.635637 -0.916269 -0.549034
v -0.242292 -1.267781 -0.490004
v -0.233318 -1.224976 -0.529643
v -0.499149 -1.185783 -0.491945
v -0.481471 -1.145763 -0.531516
v -0.221861 -1.169812 -0.546236
v -0.458795 -1.094176 -0.548023
v -0.208245 -1.103949 -0.545751
v -0.431797 -1.032586 -0.547436
v -0.744646 1.036154 -0.496427
v -0.718639 1.000841 -0.535851
v -0.911261 0.825378 -0.537012
v -0.944024 0.854532 -0.497633
v -1.063216 0.613668 -0.537837
v -1.101315 0.635391 -0.498484
v -1.167868 0.374966 -0.538292
v -1.209640 0.388309 -0.498952
v -0.685248 0.955407 -0.552159
v -0.869161 0.787873 -0.553272
v -1.014254 0.585733 -0.554061
v -1.114170 0.357817 -0.554488
v -0.645455 0.901210 -0.551340
v -0.818980 0.743139 -0.552390
v -0.955869 0.552418 -0.553131
v -1.050148 0.337380 -0.553538
v -1.262808 -0.145728 -0.498676
v -1.219236 -0.140967 -0.538023
v -1.262808 -0.145728 -0.498676
v -1.264268 0.124088 -0.499019
v -1.220641 0.119699 -0.538353
v -1.219236 -0.140967 -0.538023
v -1.163219 -0.134797 -0.554238
v -1.164563 0.114091 -0.554552
v -1.163219 -0.134797 -0.554238
v -1.096425 -0.127405 -0.553297
v -1.097692 0.107421 -0.553599
v -1.096425 -0.127405 -0.553297
v 0.519722 1.137855 -0.527166
v 0.537181 1.177975 -0.487437
v 0.271575 1.217071 -0.529036
v 0.280317 1.259973 -0.489378
v 0.012391 1.242921 -0.530923
v 0.012042 1.286730 -0.491326
v 0.497148 1.086230 -0.543868
v 0.260211 1.161866 -0.545655
v 0.012741 1.186547 -0.547459
v 0.470144 1.024640 -0.543519
v 0.246595 1.096002 -0.545206
v 0.013106 1.119291 -0.546900
v -0.511889 1.172318 -0.494935
v -0.493778 1.132391 -0.534404
v -0.255930 1.257079 -0.493209
v -0.246494 1.214277 -0.532735
v -0.470547 1.081013 -0.550779
v -0.234444 1.159196 -0.549191
v -0.442885 1.019718 -0.550038
v -0.220116 1.093487 -0.548536
v 1.244840 -0.394895 0.514930
v 1.299467 -0.130674 0.515001
v 1.255844 -0.126285 0.554332
v 1.203064 -0.381548 0.554267
v 1.298008 0.139142 0.514654
v 1.254436 0.134384 0.554004
v 1.198903 0.389063 0.553286
v 1.240531 0.402759 0.513919
v 1.199760 -0.120674 0.570527
v 1.149370 -0.364403 0.570466
v 1.198419 0.128211 0.570216
v 1.145398 0.371379 0.569536
v 1.132889 -0.114007 0.569574
v 1.085335 -0.343960 0.573033
v 1.131621 0.120819 0.569276
v 1.081598 0.350252 0.568641
v 0.768562 1.045552 0.509755
v 0.742937 1.010058 0.549266
v 0.937441 0.836684 0.550870
v 0.969887 0.866091 0.511414
v 1.091678 0.626623 0.552233
v 1.129539 0.648658 0.512825
v 0.710039 0.964311 0.565699
v 0.895752 0.798768 0.567226
v 1.043017 0.598203 0.568528
v 0.670821 0.909689 0.568531
v 0.846056 0.753496 0.566456
v 0.985002 0.564260 0.567681
v 0.023155 -1.293313 0.507304
v 0.291130 -1.263665 0.509184
v 0.281690 -1.220863 0.548714
v 0.022809 -1.249507 0.546898
v 0.547089 -1.178905 0.510907
v 0.528974 -1.138977 0.550379
v 0.753839 -1.007427 0.551829
v 0.779839 -1.042737 0.512402
v 0.269644 -1.165783 0.565169
v 0.022452 -1.193130 0.563434
v 0.505747 -1.087599 0.566757
v 0.720447 -0.961994 0.568140
v 0.255315 -1.100073 0.564512
v 0.022084 -1.125871 0.566395
v 0.478081 -1.026304 0.566016
v 0.680654 -0.907796 0.567316
v 1.098415 -0.620254 0.553812
v 1.136511 -0.641977 0.514462
v 0.946457 -0.831964 0.552987
v 0.979217 -0.861118 0.513605
v 1.049447 -0.592319 0.570036
v 0.904364 -0.794459 0.569247
v 0.991071 -0.559004 0.569109
v 0.854179 -0.749725 0.568368
v -1.208161 -0.408120 0.497416
v -1.097172 -0.654018 0.498510
v -1.059539 -0.631887 0.538402
v -1.166764 -0.394327 0.537347
v -0.937524 -0.871452 0.499919
v -0.905300 -0.841948 0.539766
v -0.710795 -1.015322 0.541367
v -0.736192 -1.050912 0.501580
v -1.010972 -0.603426 0.555320
v -1.113349 -0.376601 0.554312
v -0.863707 -0.803991 0.556622
v -0.677990 -0.969533 0.558153
v -0.952949 -0.569485 0.555227
v -1.049558 -0.355471 0.557787
v -0.814007 -0.758721 0.556452
v -0.638785 -0.914908 0.557896
v -0.236375 -1.223654 0.545018
v -0.245121 -1.266556 0.505354
v -0.484529 -1.144441 0.543141
v -0.501982 -1.184561 0.503416
v -0.225018 -1.168449 0.561630
v -0.461949 -1.092816 0.559850
v -0.211395 -1.102588 0.561181
v -0.434944 -1.031226 0.559494
v -0.747473 1.037377 0.498930
v -0.946854 0.855754 0.497727
v -0.914318 0.826700 0.537645
v -0.721697 1.002162 0.538810
v -1.104147 0.636613 0.496877
v -1.066277 0.614986 0.536824
v -1.170926 0.376284 0.536368
v -1.212470 0.389535 0.496405
v -0.872315 0.789236 0.554601
v -0.688401 0.956771 0.555711
v -1.017401 0.587093 0.553812
v -1.117324 0.359181 0.553379
v -0.822127 0.744500 0.554546
v -0.648615 0.902573 0.559109
v -0.959019 0.553778 0.553799
v -1.053299 0.338741 0.553392
v -1.222294 -0.139648 0.536638
v -1.265638 -0.144505 0.496678
v -1.265638 -0.144505 0.496678
v -1.222294 -0.139648 0.536638
v -1.223699 0.121021 0.536307
v -1.267098 0.125314 0.496341
v -1.166373 -0.133433 0.553629
v -1.166373 -0.133433 0.553629
v -1.167717 0.115452 0.553318
v -1.099572 -0.126045 0.553629
v -1.099572 -0.126045 0.553629
v -1.100840 0.108782 0.553337
v 0.534349 1.179200 0.507917
v 0.516668 1.139177 0.547491
v 0.277488 1.261195 0.505982
v 0.268517 1.218393 0.545621
v 0.009334 1.244243 0.543738
v 0.009211 1.287953 0.504028
v 0.493995 1.087593 0.563998
v 0.257061 1.163226 0.562214
v 0.009590 1.187908 0.560414
v 0.466994 1.026003 0.563411
v 0.243441 1.097363 0.561733
v 0.009956 1.120652 0.560026
v -0.496836 1.133713 0.540257
v -0.514719 1.173544 0.500425
v -0.249552 1.215599 0.541922
v -0.258763 1.258305 0.502151
v -0.473701 1.082373 0.557091
v -0.237595 1.160560 0.558682
v -0.446032 1.021079 0.556892
v -0.223266 1.094847 0.558393
v 0.211595 0.110244 0.024992
v 0.211354 0.154593 0.024931
v 0.222719 0.148122 -0.006338
v 0.222892 0.116761 -0.006299
v 0.249617 0.176977 0.025181
v 0.249774 0.163948 -0.006161
v 0.288114 0.155007 0.025482
v 0.276997 0.148414 -0.005946
v 0.288354 0.110658 0.025540
v 0.277167 0.117053 -0.005908
v 0.250095 0.088274 0.025293
v 0.250111 0.101226 -0.006081
v 0.296349 0.159813 0.021331
v 0.203385 0.105429 0.020728
v 0.203093 0.159309 0.020664
v 0.249578 0.186503 0.020959
v 0.250160 0.078739 0.021100
v 0.296638 0.105933 0.021398
v 0.213052 -0.159042 0.025332
v 0.212808 -0.114694 0.025277
v 0.224175 -0.121165 -0.005998
v 0.224345 -0.152526 -0.005956
v 0.251071 -0.092309 0.025521
v 0.251227 -0.105338 -0.005821
v 0.289567 -0.114277 0.025826
v 0.278453 -0.120873 -0.005606
v 0.289808 -0.158628 0.025880
v 0.278623 -0.152234 -0.005568
v 0.251549 -0.181013 0.025637
v 0.251571 -0.168061 -0.005741
v 0.297803 -0.109474 0.021668
v 0.204842 -0.163858 0.021071
v 0.204550 -0.109977 0.021007
v 0.251032 -0.082784 0.021302
v 0.251616 -0.190548 0.021440
v 0.298098 -0.163354 0.021738
v -0.019246 -0.294943 0.023840
v -0.019490 -0.250592 0.023779
v -0.008123 -0.257066 -0.007486
v -0.007953 -0.288424 -0.007451
v 0.018775 -0.228210 0.024029
v 0.018933 -0.241239 -0.007313
v 0.057269 -0.250178 0.024331
v 0.046152 -0.256771 -0.007101
v 0.057512 -0.294529 0.024388
v 0.046322 -0.288132 -0.007063
v 0.019250 -0.316911 0.024141
v 0.019272 -0.303959 -0.007233
v 0.065504 -0.245372 0.020176
v -0.027456 -0.299759 0.019579
v -0.027748 -0.245875 0.019512
v 0.018734 -0.218685 0.019810
v 0.019318 -0.326449 0.019948
v 0.065797 -0.299255 0.020247
v -0.254454 0.107732 0.021664
v -0.254692 0.152081 0.021604
v -0.243328 0.145610 -0.009665
v -0.243158 0.114248 -0.009626
v -0.216432 0.174462 0.021854
v -0.216275 0.161433 -0.009488
v -0.177936 0.152495 0.022155
v -0.189056 0.145902 -0.009280
v -0.177699 0.108143 0.022213
v -0.188882 0.114540 -0.009238
v -0.215951 0.085762 0.021966
v -0.215935 0.098714 -0.009414
v -0.169703 0.157301 0.018001
v -0.262664 0.102917 0.017401
v -0.262956 0.156797 0.017337
v -0.216474 0.183991 0.017635
v -0.215890 0.076227 0.017770
v -0.169411 0.103417 0.018068
v -0.022156 0.243630 0.023156
v -0.022400 0.287982 0.023102
v -0.011033 0.281508 -0.008176
v -0.010859 0.250146 -0.008131
v 0.015866 0.310363 0.023346
v 0.016023 0.297334 -0.008000
v 0.054363 0.288396 0.023647
v 0.043242 0.281799 -0.007788
v 0.054603 0.244044 0.023705
v 0.043416 0.250441 -0.007746
v 0.016341 0.221663 0.023458
v 0.016360 0.234615 -0.007919
v 0.062595 0.293199 0.019492
v -0.030366 0.238815 0.018893
v -0.030658 0.292698 0.018828
v 0.015827 0.319889 0.019127
v 0.016408 0.212125 0.019265
v 0.062887 0.239318 0.019557
v -0.176245 -0.161140 0.022550
v -0.214504 -0.183522 0.022310
v -0.214482 -0.170570 -0.009068
v -0.187433 -0.154743 -0.008898
v -0.253001 -0.161554 0.022005
v -0.241708 -0.155038 -0.009286
v -0.253241 -0.117203 0.021950
v -0.241874 -0.123677 -0.009321
v -0.214982 -0.094821 0.022194
v -0.214822 -0.107850 -0.009151
v -0.176486 -0.116789 0.022496
v -0.187599 -0.123382 -0.008936
v -0.261503 -0.112486 0.017674
v -0.167958 -0.165866 0.018415
v -0.214440 -0.193060 0.018106
v -0.261214 -0.166370 0.017744
v -0.168247 -0.111986 0.018344
v -0.215021 -0.085296 0.017975
v 0.268584 0.615654 0.391971
v 0.012905 0.665119 0.390082
v -0.242234 0.612898 0.388320
v 0.490995 -0.472584 0.394901
v 0.634502 -0.255109 0.395658
v -0.598722 -0.261756 0.386851
v -0.452872 -0.477673 0.388160
v 0.268736 0.615589 0.339240
v -0.242083 0.612834 0.335589
v 0.013052 0.665055 0.337356
v 0.631737 0.256114 0.395007
v 0.485896 0.472030 0.393704
v -0.457977 0.466938 0.386960
v -0.601482 0.249463 0.386203
v -0.650906 -0.006420 0.386168
v 0.683930 0.000777 0.395696
v 0.020117 -0.670762 0.391776
v 0.275254 -0.618544 0.393537
v -0.235567 -0.621296 0.389886
v 0.631891 0.256050 0.342278
v -0.601334 0.249399 0.333474
v -0.457826 0.466874 0.334231
v 0.486044 0.471963 0.340969
v 0.634654 -0.255173 0.342926
v -0.598572 -0.261821 0.334126
v -0.650758 -0.006484 0.333436
v 0.684078 0.000713 0.342968
v 0.020268 -0.670829 0.339044
v -0.235416 -0.621360 0.337158
v 0.275406 -0.618608 0.340809
v 0.491145 -0.472649 0.342169
v -0.452725 -0.477737 0.335425
v -0.566954 0.538754 0.421947
v -0.566341 0.538490 0.206008
v -0.606182 0.538275 0.205729
v -0.606798 0.538539 0.421665
v -0.738460 0.324127 0.420988
v -0.737848 0.323864 0.205049
v -0.735413 -0.126706 0.205620
v -0.736029 -0.126443 0.421562
v -0.602056 -0.339420 0.422778
v -0.601440 -0.339683 0.206839
v -0.561599 -0.339468 0.207124
v -0.562212 -0.339205 0.423060
v -0.458664 -0.124947 0.423541
v -0.458047 -0.125211 0.207599
v -0.460483 0.325359 0.207028
v -0.461095 0.325625 0.422970
v -0.460483 0.325359 0.207028
v -0.458047 -0.125211 0.207599
v -0.735413 -0.126706 0.205620
v -0.737848 0.323864 0.205049
v -0.458664 -0.124947 0.423541
v -0.461095 0.325625 0.422970
v -0.738460 0.324127 0.420988
v -0.736029 -0.126443 0.421562
v -0.628945 0.516914 0.421533
v -0.628332 0.516648 0.205597
v -0.544569 0.517370 0.422136
v -0.628945 0.516914 0.421533
v -0.540062 -0.317578 0.423195
v -0.539445 -0.317847 0.207259
v -0.624434 -0.318033 0.422592
v -0.540062 -0.317578 0.423195
v -0.543960 0.517104 0.206197
v -0.544569 0.517370 0.422136
v -0.628332 0.516648 0.205597
v -0.543960 0.517104 0.206197
v -0.623824 -0.318300 0.206656
v -0.624434 -0.318033 0.422592
v -0.539445 -0.317847 0.207259
v -0.623824 -0.318300 0.206656
v -0.606182 0.538275 0.205729
v -0.566341 0.538490 0.206008
v -0.566954 0.538754 0.421947
v -0.606798 0.538539 0.421665
v -0.561599 -0.339468 0.207124
v -0.601440 -0.339683 0.206839
v -0.562212 -0.339205 0.423060
v -0.561599 -0.339468 0.207124
v -0.602056 -0.339420 0.422778
v -0.562212 -0.339205 0.423060
v -0.598132 -0.253065 0.218832
v -0.583377 -0.199935 0.159497
v -0.516525 -0.199576 0.159978
v -0.516407 -0.252626 0.219412
v -0.471785 0.205984 0.140635
v -0.470688 0.002663 0.140892
v -0.639972 -0.049690 0.139747
v -0.636077 0.257567 0.139400
v -0.613259 0.311188 0.139493
v -0.488135 0.270711 0.140440
v -0.486338 -0.062235 0.140863
v -0.615608 -0.110257 0.139997
v -0.590079 0.365838 0.139593
v -0.523231 0.366197 0.140071
v -0.613259 0.311188 0.139493
v -0.628351 0.311204 0.217924
v -0.605177 0.365854 0.218023
v -0.590079 0.365838 0.139593
v -0.520398 -0.158096 0.140731
v -0.587250 -0.158458 0.140260
v -0.594061 0.407363 0.158676
v -0.527206 0.407723 0.159157
v -0.609387 0.460480 0.217879
v -0.594061 0.407363 0.158676
v -0.613259 0.311188 0.139493
v -0.636077 0.257567 0.139400
v -0.713150 0.305705 0.208748
v -0.699444 0.336270 0.208806
v -0.639972 -0.049690 0.139747
v -0.615608 -0.110257 0.139997
v -0.702858 -0.131983 0.209361
v -0.717440 -0.097462 0.209213
v -0.615608 -0.110257 0.139997
v -0.630700 -0.110241 0.218424
v -0.702922 -0.131954 0.232034
v -0.702858 -0.131983 0.209361
v -0.678837 -0.039228 0.197618
v -0.720841 -0.039455 0.197320
v -0.714777 -0.022910 0.197339
v -0.685077 -0.022750 0.197551
v -0.632063 -0.155850 0.204837
v -0.694298 -0.156184 0.204388
v -0.685318 -0.131669 0.204420
v -0.641310 -0.131435 0.204737
v -0.544056 -0.301982 0.205642
v -0.606294 -0.302319 0.205200
v -0.597314 -0.277804 0.205232
v -0.553302 -0.277567 0.205546
v -0.644066 0.378530 0.204089
v -0.688074 0.378293 0.203778
v -0.666123 0.388543 0.203919
v -0.557640 0.525603 0.204532
v -0.601652 0.525365 0.204214
v -0.579704 0.535619 0.204359
v -0.699967 -0.015990 0.197439
v -0.684898 -0.055773 0.197593
v -0.699714 -0.062693 0.197496
v -0.714600 -0.055933 0.197381
v -0.548397 0.501187 0.204619
v -0.557377 0.476676 0.204593
v -0.601385 0.476438 0.204279
v -0.610632 0.500854 0.204179
v -0.579328 0.466422 0.204449
v -0.634816 0.354115 0.204189
v -0.643799 0.329600 0.204150
v -0.687811 0.329363 0.203836
v -0.697057 0.353778 0.203740
v -0.665747 0.319350 0.204009
v -0.663367 -0.121418 0.204567
v -0.685055 -0.180599 0.204484
v -0.641047 -0.180362 0.204799
v -0.662994 -0.190615 0.204654
v -0.575363 -0.267551 0.205379
v -0.597051 -0.326731 0.205292
v -0.553036 -0.326497 0.205610
v -0.574991 -0.336748 0.205466
v 0.849200 0.752135 -0.540474
v 0.841818 0.745318 -0.564851
v 0.668167 0.900103 -0.566282
v 0.673978 0.908326 -0.541921
v 0.988149 0.562899 -0.539252
v 0.979512 0.557779 -0.563638
v 1.075242 0.345693 -0.562688
v 1.084744 0.348892 -0.538296
v 1.136036 -0.115368 -0.537359
v 1.088492 -0.345323 -0.537420
v 1.078960 -0.342288 -0.561816
v 1.126077 -0.114395 -0.561761
v 1.134766 0.119459 -0.537660
v 1.124820 0.118323 -0.562056
v 0.994212 -0.560364 -0.537827
v 0.985524 -0.555398 -0.562226
v 0.857320 -0.751086 -0.538568
v 0.849864 -0.744406 -0.562961
v 0.677899 -0.901055 -0.563994
v 0.683795 -0.909156 -0.539617
v 0.258462 -1.101430 -0.542421
v 0.025237 -1.127235 -0.544054
v 0.025253 -1.117180 -0.568393
v 0.256384 -1.091606 -0.566772
v 0.481226 -1.027665 -0.540920
v 0.477148 -1.018502 -0.565287
v -0.208248 -1.103949 -0.545755
v -0.206140 -1.094099 -0.570080
v -0.431800 -1.032586 -0.547439
v -0.427681 -1.023378 -0.571748
v -0.629689 -0.908107 -0.573330
v -0.635640 -0.916269 -0.549037
v -0.949802 -0.570846 -0.551706
v -1.046401 -0.356835 -0.552665
v -1.036763 -0.353697 -0.576924
v -0.941037 -0.565783 -0.575983
v -0.810860 -0.760078 -0.550487
v -0.803336 -0.753322 -0.574764
v -1.096428 -0.127402 -0.553301
v -1.086338 -0.126324 -0.577562
v -1.097696 0.107424 -0.553602
v -1.087596 0.106395 -0.577851
v -1.040482 0.334284 -0.577796
v -1.050152 0.337380 -0.553542
v -0.818983 0.743142 -0.552393
v -0.645458 0.901210 -0.551344
v -0.639416 0.893051 -0.575615
v -0.811385 0.736402 -0.576654
v -0.955872 0.552418 -0.553134
v -0.947049 0.547393 -0.577392
v -0.442888 1.019718 -0.550041
v -0.438666 1.010498 -0.574328
v -0.220119 1.093487 -0.548540
v -0.217902 1.083602 -0.572836
v 0.013225 1.109176 -0.571216
v 0.013103 1.119291 -0.546903
v 0.470140 1.024643 -0.543522
v 0.466156 1.015377 -0.567870
v 0.246592 1.096005 -0.545209
v 0.244619 1.086098 -0.569535
v 0.668167 0.900103 -0.566282
v 0.841818 0.745318 -0.564851
v 0.772617 0.682406 -0.531337
v 0.613556 0.824191 -0.532646
v 0.979512 0.557779 -0.563638
v 0.898746 0.510626 -0.530223
v 0.923235 0.456399 -0.529989
v 1.075242 0.345693 -0.562688
v 0.986429 0.316356 -0.529364
v 0.768260 0.678475 -0.523011
v 0.610117 0.819443 -0.524310
v 0.893667 0.507681 -0.521898
v 0.918163 0.453111 -0.519921
v 0.967308 0.310065 -0.510675
v 0.914656 0.434701 -0.504159
v 0.977548 0.313433 -0.520720
v 0.902438 0.418300 -0.485223
v 0.854596 0.399994 -0.448482
v 0.979718 0.184572 -0.484386
v 0.930364 0.170850 -0.447657
v 1.078960 -0.342288 -0.561816
v 0.989836 -0.313827 -0.528561
v 1.032995 -0.105082 -0.528507
v 1.126077 -0.114395 -0.561761
v 1.031842 0.108088 -0.528780
v 1.124820 0.118323 -0.562056
v 1.019179 0.166230 -0.528946
v 1.013135 0.165883 -0.518885
v 0.999326 0.178627 -0.503241
v 0.984231 -0.312037 -0.520249
v 1.027149 -0.104488 -0.520191
v 1.026001 0.107453 -0.520460
v 0.985524 -0.555398 -0.562226
v 0.904251 -0.509031 -0.528934
v 0.849864 -0.744406 -0.562961
v 0.779987 -0.682164 -0.529607
v 0.736023 -0.722230 -0.529880
v 0.677899 -0.901055 -0.563994
v 0.622469 -0.825653 -0.530554
v 0.899147 -0.506121 -0.520614
v 0.775588 -0.678257 -0.521288
v 0.731298 -0.718438 -0.519809
v 0.610520 -0.809429 -0.511856
v 0.712670 -0.720818 -0.504185
v 0.616914 -0.818114 -0.521907
v 0.693250 -0.714289 -0.485326
v 0.660952 -0.674481 -0.448546
v 0.495015 -0.860069 -0.486568
v 0.466605 -0.817398 -0.449759
v 0.025253 -1.117180 -0.568393
v 0.024653 -1.023619 -0.534587
v 0.236363 -1.000195 -0.533101
v 0.256384 -1.091606 -0.566772
v 0.438581 -0.933231 -0.531741
v 0.477148 -1.018502 -0.565287
v 0.489926 -0.903211 -0.531414
v 0.487693 -0.897584 -0.521333
v 0.495489 -0.880531 -0.505542
v 0.024596 -1.017751 -0.526239
v 0.235090 -0.994462 -0.524763
v 0.436149 -0.927883 -0.523409
v -0.206140 -1.094099 -0.570080
v -0.187301 -1.002479 -0.536130
v -0.427681 -1.023378 -0.571748
v -0.390233 -0.937700 -0.537657
v -0.441893 -0.908235 -0.538068
v -0.629689 -0.908107 -0.573330
v -0.575270 -0.832112 -0.539110
v -0.186136 -0.996733 -0.527769
v -0.387904 -0.932326 -0.529293
v -0.439783 -0.902585 -0.527958
v -0.563601 -0.815759 -0.520239
v -0.447848 -0.885620 -0.512276
v -0.569848 -0.824514 -0.530381
v -0.447707 -0.865151 -0.493296
v -0.419974 -0.822179 -0.456089
v -0.647505 -0.721521 -0.494897
v -0.615848 -0.681362 -0.457658
v -1.036763 -0.353697 -0.576924
v -0.948143 -0.324277 -0.542396
v -0.860457 -0.518547 -0.541533
v -0.941037 -0.565783 -0.575983
v -0.734331 -0.690330 -0.540422
v -0.803336 -0.753322 -0.574764
v -0.689935 -0.729920 -0.540060
v -0.685308 -0.726077 -0.529928
v -0.666742 -0.728255 -0.514034
v -0.942612 -0.322426 -0.534006
v -0.855429 -0.515582 -0.533140
v -0.730026 -0.686374 -0.532039
v -1.086338 -0.126324 -0.577562
v -0.993557 -0.116006 -0.542980
v -1.087596 0.106395 -0.577851
v -0.994709 0.097161 -0.543249
v -0.982671 0.155437 -0.543236
v -1.040482 0.334284 -0.577796
v -0.951551 0.305907 -0.543198
v -0.987763 -0.115351 -0.534583
v -0.988908 0.096590 -0.534853
v -0.976684 0.155154 -0.533098
v -0.932464 0.299821 -0.524246
v -0.963104 0.168046 -0.517252
v -0.942679 0.303080 -0.534436
v -0.943668 0.174199 -0.498121
v -0.894375 0.161010 -0.460686
v -0.868917 0.408749 -0.497871
v -0.821091 0.390959 -0.460446
v -0.639416 0.893051 -0.575615
v -0.584182 0.817732 -0.541199
v -0.741698 0.674244 -0.542149
v -0.811385 0.736402 -0.576654
v -0.865969 0.501113 -0.542829
v -0.947049 0.547393 -0.577392
v -0.889871 0.446623 -0.542935
v -0.884821 0.443389 -0.532790
v -0.881205 0.425019 -0.516989
v -0.580740 0.813023 -0.532813
v -0.737354 0.670355 -0.533759
v -0.860906 0.498219 -0.534433
v -0.438666 1.010498 -0.574328
v -0.400295 0.925310 -0.540018
v -0.217902 1.083602 -0.572836
v -0.198078 0.992277 -0.538658
v -0.138977 0.998829 -0.538251
v 0.013225 1.109176 -0.571216
v 0.013633 1.015698 -0.537173
v -0.397911 0.919981 -0.531638
v -0.196849 0.986564 -0.530284
v -0.137428 0.993022 -0.528125
v 0.013690 0.995617 -0.518337
v -0.121027 0.984048 -0.512238
v 0.013662 1.006368 -0.528459
v -0.109230 0.967416 -0.493129
v -0.106650 0.916356 -0.455986
v 0.136761 0.968744 -0.491374
v 0.134522 0.917655 -0.454267
v 0.428516 0.929779 -0.534099
v 0.466156 1.015377 -0.567870
v 0.225586 0.994562 -0.535629
v 0.244619 1.086098 -0.569535
v 0.166419 1.000475 -0.536066
v 0.164879 0.994652 -0.525966
v 0.148485 0.985502 -0.510316
v 0.426142 0.924425 -0.525754
v 0.224377 0.988832 -0.527275
v 0.017855 -0.003404 -0.082182
v -0.101203 0.158725 -0.076677
v -0.045317 0.187607 -0.076314
v 0.016744 0.197787 -0.075888
v -0.145433 0.113979 -0.076940
v -0.173685 0.057744 -0.077074
v -0.183188 -0.004478 -0.077068
v -0.173014 -0.066595 -0.076917
v -0.144156 -0.122522 -0.076641
v -0.099441 -0.166790 -0.076266
v -0.043251 -0.195065 -0.075830
v 0.018920 -0.204575 -0.075374
v 0.080988 -0.194395 -0.074944
v 0.136874 -0.165517 -0.074578
v 0.181107 -0.120770 -0.074319
v 0.209356 -0.064532 -0.074181
v 0.218856 -0.002310 -0.074193
v 0.208686 0.059803 -0.074344
v 0.179827 0.115734 -0.074620
v 0.135115 0.159999 -0.074992
v 0.078922 0.188274 -0.075426
v -0.102576 0.160134 0.096454
v -0.186601 0.274581 0.095706
v -0.090856 0.324056 0.096335
v -0.046276 0.189227 0.096816
v -0.147130 0.115057 0.096190
v -0.262382 0.197915 0.095263
v -0.175590 0.058408 0.096056
v -0.310789 0.101563 0.095036
v -0.185161 -0.004273 0.096065
v -0.327068 -0.005040 0.095048
v -0.174913 -0.066848 0.096216
v -0.309637 -0.111460 0.095308
v -0.145843 -0.123189 0.096495
v -0.260197 -0.207282 0.095780
v -0.100802 -0.167785 0.096867
v -0.183589 -0.283127 0.096418
v -0.044194 -0.196265 0.097307
v -0.087314 -0.331566 0.097166
v 0.018439 -0.205848 0.097763
v 0.019205 -0.347864 0.097946
v 0.080959 -0.195591 0.098199
v 0.125545 -0.330421 0.098687
v 0.137259 -0.166498 0.098568
v 0.221288 -0.280942 0.099309
v 0.181816 -0.121422 0.098831
v 0.297071 -0.204279 0.099758
v 0.210277 -0.064769 0.098966
v 0.345472 -0.107927 0.099986
v 0.219847 -0.002091 0.098956
v 0.361751 -0.001325 0.099967
v 0.209600 0.060484 0.098809
v 0.344320 0.105095 0.099713
v 0.180530 0.116825 0.098526
v 0.294883 0.200918 0.099242
v 0.135488 0.161417 0.098151
v 0.218275 0.276762 0.098603
v 0.078880 0.189901 0.097708
v 0.122003 0.325202 0.097856
v 0.016247 0.199481 0.097253
v 0.015481 0.341500 0.097073
v -0.101203 0.158725 -0.076674
v -0.102665 0.160176 0.130199
v -0.046373 0.189269 0.130568
v -0.045317 0.187607 -0.076311
v -0.145433 0.113979 -0.076937
v -0.147229 0.115099 0.129936
v -0.173685 0.057744 -0.077074
v -0.175687 0.058449 0.129804
v -0.183188 -0.004478 -0.077065
v -0.185257 -0.004231 0.129810
v -0.173014 -0.066595 -0.076914
v -0.175010 -0.066806 0.129961
v -0.144156 -0.122522 -0.076638
v -0.145939 -0.123148 0.130240
v -0.099441 -0.166790 -0.076263
v -0.100895 -0.167743 0.130616
v -0.043251 -0.195065 -0.075827
v -0.044290 -0.196223 0.131052
v 0.018920 -0.204575 -0.075371
v 0.018342 -0.205807 0.131514
v 0.080988 -0.194395 -0.074941
v 0.080863 -0.195550 0.131947
v 0.018342 -0.205807 0.131514
v 0.018920 -0.204575 -0.075371
v 0.136874 -0.165517 -0.074575
v 0.137165 -0.166457 0.132316
v 0.181107 -0.120770 -0.074315
v 0.181720 -0.121380 0.132576
v 0.209356 -0.064532 -0.074177
v 0.210180 -0.064727 0.132711
v 0.218856 -0.002310 -0.074190
v 0.219751 -0.002050 0.132698
v 0.208686 0.059803 -0.074341
v 0.209503 0.060525 0.132553
v 0.179827 0.115734 -0.074617
v 0.180433 0.116867 0.132271
v 0.135115 0.159999 -0.074989
v 0.135391 0.161459 0.131899
v 0.078922 0.188274 -0.075422
v 0.078784 0.189942 0.131459
v 0.016744 0.197787 -0.075884
v 0.016151 0.199522 0.131001
v -0.186698 0.274619 0.129457
v -0.185732 0.274202 -0.210884
v -0.089986 0.323678 -0.210258
v -0.090952 0.324098 0.130080
v -0.262481 0.197957 0.129012
v -0.261516 0.197536 -0.211330
v -0.310885 0.101604 0.128784
v -0.309913 0.101187 -0.211554
v -0.327164 -0.004998 0.128797
v -0.326195 -0.005415 -0.211545
v -0.309730 -0.111418 0.129053
v -0.308764 -0.111838 -0.211285
v -0.260293 -0.207241 0.129522
v -0.259324 -0.207661 -0.210816
v -0.183685 -0.283085 0.130163
v -0.182716 -0.283502 -0.210171
v -0.087413 -0.331524 0.130908
v -0.086444 -0.331945 -0.209427
v 0.019106 -0.347823 0.131697
v 0.020075 -0.348240 -0.208641
v 0.125449 -0.330379 0.132428
v 0.126414 -0.330796 -0.207906
v 0.020075 -0.348240 -0.208641
v 0.019106 -0.347823 0.131697
v 0.221191 -0.280904 0.133054
v 0.222160 -0.281321 -0.207284
v 0.296972 -0.204238 0.133500
v 0.297944 -0.204655 -0.206835
v 0.345376 -0.107886 0.133728
v 0.346345 -0.108306 -0.206610
v 0.361658 -0.001283 0.133718
v 0.362624 -0.001700 -0.206623
v 0.344224 0.105137 0.133458
v 0.345193 0.104720 -0.206880
v 0.294787 0.200960 0.132990
v 0.295753 0.200543 -0.207351
v 0.218179 0.276804 0.132348
v 0.219144 0.276384 -0.207987
v 0.121907 0.325243 0.131601
v 0.122873 0.324826 -0.208737
v 0.015381 0.341542 0.130818
v 0.016354 0.341121 -0.209520
v -0.228512 0.332465 -0.211259
v -0.229673 0.332969 0.197243
v -0.113843 0.392823 0.198000
v -0.112685 0.392320 -0.210505
v -0.320189 0.239719 -0.211801
v -0.321354 0.240223 0.196701
v -0.378741 0.123158 -0.212074
v -0.379906 0.123662 0.196428
v -0.398440 -0.005807 -0.212055
v -0.399598 -0.005303 0.196444
v -0.377348 -0.134550 -0.211750
v -0.378513 -0.134049 0.196755
v -0.317542 -0.250473 -0.211179
v -0.318704 -0.249972 0.197326
v -0.224867 -0.342224 -0.210406
v -0.226029 -0.341724 0.198100
v -0.108395 -0.400827 -0.209498
v -0.109557 -0.400324 0.199004
v 0.020467 -0.420542 -0.208554
v 0.019305 -0.420039 0.199948
v 0.149113 -0.399438 -0.207659
v 0.147948 -0.398938 0.200846
v 0.019305 -0.420039 0.199948
v 0.020467 -0.420542 -0.208554
v 0.264940 -0.339584 -0.206905
v 0.263778 -0.339083 0.201593
v 0.356618 -0.246838 -0.206366
v 0.355460 -0.246337 0.202136
v 0.415172 -0.130276 -0.206090
v 0.414011 -0.129776 0.202415
v 0.434868 -0.001312 -0.206106
v 0.433710 -0.000811 0.202395
v 0.413780 0.127431 -0.206415
v 0.412622 0.127935 0.202087
v 0.353971 0.243354 -0.206989
v 0.352809 0.243858 0.201513
v 0.261295 0.335109 -0.207762
v 0.260134 0.335609 0.200740
v 0.144827 0.393709 -0.208667
v 0.143666 0.394209 0.199838
v 0.015962 0.413424 -0.209610
v 0.014797 0.413924 0.198889
v -0.229673 0.332969 0.197243
v -0.262453 0.377616 0.196957
v -0.131236 0.445420 0.197811
v -0.113843 0.392823 0.198000
v -0.321354 0.240223 0.196701
v -0.366312 0.272544 0.196341
v -0.379906 0.123662 0.196428
v -0.432647 0.140496 0.196030
v -0.399598 -0.005303 0.196444
v -0.454961 -0.005601 0.196049
v -0.378513 -0.134049 0.196755
v -0.431069 -0.151451 0.196399
v -0.318704 -0.249972 0.197326
v -0.363316 -0.282777 0.197047
v -0.226029 -0.341724 0.198100
v -0.258327 -0.386720 0.197926
v -0.109557 -0.400324 0.199004
v -0.126381 -0.453107 0.198946
v 0.019305 -0.420039 0.199948
v 0.019607 -0.475443 0.200018
v 0.147948 -0.398938 0.200846
v 0.165341 -0.451535 0.201035
v 0.019607 -0.475443 0.200018
v 0.019305 -0.420039 0.199948
v 0.263778 -0.339083 0.201593
v 0.296561 -0.383727 0.201889
v 0.355460 -0.246337 0.202136
v 0.400421 -0.278658 0.202505
v 0.414011 -0.129776 0.202415
v 0.466750 -0.146610 0.202813
v 0.433710 -0.000811 0.202395
v 0.489063 -0.000513 0.202790
v 0.412622 0.127935 0.202087
v 0.465174 0.145337 0.202437
v 0.352809 0.243858 0.201513
v 0.397418 0.276663 0.201792
v 0.260134 0.335609 0.200740
v 0.292432 0.380606 0.200920
v 0.143666 0.394209 0.199838
v 0.160487 0.446993 0.199893
v 0.014797 0.413924 0.198889
v 0.014499 0.469329 0.198818
v -0.262453 0.377616 0.196957
v -0.262850 0.377786 0.335733
v -0.131627 0.445590 0.336586
v -0.131236 0.445420 0.197811
v -0.366312 0.272544 0.196341
v -0.366707 0.272717 0.335123
v -0.432647 0.140496 0.196030
v -0.433042 0.140669 0.334806
v -0.454961 -0.005601 0.196049
v -0.455356 -0.005431 0.334828
v -0.431069 -0.151451 0.196399
v -0.431463 -0.151281 0.335181
v -0.363316 -0.282777 0.197047
v -0.363707 -0.282607 0.335826
v -0.258327 -0.386720 0.197926
v -0.258718 -0.386550 0.336702
v -0.126381 -0.453107 0.198946
v -0.126776 -0.452937 0.337729
v 0.019607 -0.475443 0.200018
v 0.019212 -0.475270 0.338800
v 0.165341 -0.451535 0.201035
v 0.164947 -0.451365 0.339814
v 0.019212 -0.475270 0.338800
v 0.019607 -0.475443 0.200018
v 0.296561 -0.383727 0.201889
v 0.296167 -0.383557 0.340664
v 0.400421 -0.278658 0.202505
v 0.400026 -0.278488 0.341280
v 0.466750 -0.146610 0.202813
v 0.466355 -0.146440 0.341595
v 0.489063 -0.000513 0.202790
v 0.488668 -0.000340 0.341569
v 0.465174 0.145337 0.202437
v 0.464780 0.145507 0.341222
v 0.397418 0.276663 0.201792
v 0.397023 0.276833 0.340574
v 0.292432 0.380606 0.200920
v 0.292034 0.380776 0.339695
v 0.160487 0.446993 0.199893
v 0.160092 0.447163 0.338675
v 0.014499 0.469329 0.198818
v 0.014104 0.469499 0.337603
v 0.768260 0.678475 -0.523008
v 0.767215 0.678928 -0.154279
v 0.609067 0.819895 -0.155527
v 0.610117 0.819443 -0.524307
v 0.893667 0.507681 -0.521895
v 0.892618 0.508133 -0.153173
v 0.917662 0.454801 -0.153205
v 0.918163 0.453111 -0.519918
v 1.027149 -0.104488 -0.520188
v 0.984231 -0.312037 -0.520246
v 0.983186 -0.311585 -0.151459
v 1.026096 -0.104036 -0.151466
v 1.026001 0.107453 -0.520457
v 1.024951 0.107906 -0.151732
v 1.013266 0.165658 -0.152168
v 1.013135 0.165883 -0.518882
v 0.899147 -0.506121 -0.520611
v 0.898094 -0.505669 -0.151886
v 0.775588 -0.678257 -0.521285
v 0.774546 -0.677804 -0.152560
v 0.731602 -0.718117 -0.153095
v 0.731298 -0.718438 -0.519806
v 0.235090 -0.994462 -0.524760
v 0.024596 -1.017751 -0.526235
v 0.023549 -1.017299 -0.157452
v 0.234044 -0.994009 -0.156038
v 0.436149 -0.927883 -0.523406
v 0.435099 -0.927427 -0.154680
v 0.486371 -0.898459 -0.154626
v 0.487693 -0.897584 -0.521330
v -0.186136 -0.996733 -0.527766
v -0.187185 -0.996278 -0.159040
v -0.387904 -0.932326 -0.529290
v -0.388953 -0.931871 -0.160558
v -0.440530 -0.903455 -0.161248
v -0.439783 -0.902585 -0.527955
v -0.855429 -0.515582 -0.533136
v -0.942612 -0.322426 -0.534003
v -0.943661 -0.321973 -0.165220
v -0.856478 -0.515127 -0.164414
v -0.730026 -0.686374 -0.532036
v -0.731072 -0.685921 -0.163311
v -0.687695 -0.725769 -0.163231
v -0.685308 -0.726077 -0.529925
v -0.987763 -0.115351 -0.534583
v -0.988812 -0.114899 -0.165852
v -0.988908 0.096590 -0.534850
v -0.989957 0.097042 -0.166125
v -0.978892 0.154917 -0.166397
v -0.976684 0.155154 -0.533095
v -0.737354 0.670355 -0.533756
v -0.580740 0.813023 -0.532809
v -0.581786 0.813475 -0.164030
v -0.738403 0.670811 -0.165027
v -0.860906 0.498219 -0.534430
v -0.861955 0.498672 -0.165704
v -0.886419 0.445074 -0.166089
v -0.884821 0.443389 -0.532787
v -0.397911 0.919981 -0.531635
v -0.398957 0.920434 -0.162910
v -0.196849 0.986564 -0.530281
v -0.197901 0.987016 -0.161556
v -0.139481 0.994369 -0.161424
v -0.137428 0.993022 -0.528122
v 0.426142 0.924425 -0.525751
v 0.425093 0.924877 -0.157026
v 0.224377 0.988832 -0.527272
v 0.223328 0.989287 -0.158547
v 0.164837 0.996009 -0.159252
v 0.164879 0.994652 -0.525963
v 0.914656 0.434701 -0.504156
v 0.914075 0.435285 -0.145819
v 0.902438 0.418300 -0.485220
v 0.898663 0.417813 -0.133830
v 0.854596 0.399994 -0.448479
v 0.999326 0.178627 -0.503238
v 0.998746 0.179214 -0.144898
v 0.979718 0.184572 -0.484383
v 0.975944 0.184084 -0.132989
v 0.930364 0.170850 -0.447654
v 0.712670 -0.720818 -0.504181
v 0.711925 -0.720748 -0.145835
v 0.693250 -0.714289 -0.485323
v 0.690517 -0.711501 -0.133926
v 0.660952 -0.674481 -0.448543
v 0.495489 -0.880531 -0.505539
v 0.494736 -0.880461 -0.145267
v 0.495015 -0.860069 -0.486564
v 0.492284 -0.857278 -0.134205
v 0.466605 -0.817398 -0.449755
v -0.447848 -0.885620 -0.512273
v -0.449135 -0.885552 -0.153933
v -0.447707 -0.865151 -0.493292
v -0.446998 -0.862343 -0.141866
v -0.419974 -0.822179 -0.456086
v -0.666742 -0.728255 -0.514031
v -0.668028 -0.728191 -0.155688
v -0.647505 -0.721521 -0.494893
v -0.646799 -0.718714 -0.143477
v -0.615848 -0.681362 -0.457654
v -0.963104 0.168046 -0.517249
v -0.964563 0.168626 -0.158915
v -0.943668 0.174199 -0.498118
v -0.941880 0.173743 -0.146682
v -0.894375 0.161010 -0.460683
v -0.881205 0.425019 -0.516986
v -0.882662 0.425599 -0.158643
v -0.868917 0.408749 -0.497867
v -0.867130 0.408291 -0.146435
v -0.821091 0.390959 -0.460442
v -0.121027 0.984048 -0.512234
v -0.122047 0.984950 -0.153891
v -0.109230 0.967416 -0.493126
v -0.110215 0.964923 -0.141709
v -0.106650 0.916356 -0.455983
v 0.148485 0.985502 -0.510313
v 0.147461 0.986403 -0.151973
v 0.136761 0.968744 -0.491371
v 0.135779 0.966252 -0.139951
v 0.134522 0.917655 -0.454263
v 1.132886 -0.114007 0.569574
v 1.024082 -0.103166 0.557055
v 0.981148 -0.310706 0.564040
v 1.085332 -0.343960 0.573033
v 1.131618 0.120819 0.569276
v 1.022937 0.108778 0.556789
v 1.081594 0.350252 0.568641
v 0.977786 0.315849 0.556208
v 0.846052 0.753496 0.566456
v 0.670818 0.909689 0.568531
v 0.607033 0.820777 0.559975
v 0.765200 0.679798 0.554242
v 0.984998 0.564260 0.567681
v 0.890603 0.509006 0.555349
v 0.255312 -1.100070 0.564512
v 0.232026 -0.993137 0.552490
v 0.021512 -1.016416 0.558047
v 0.022080 -1.125871 0.566395
v 0.478078 -1.026301 0.566016
v 0.433085 -0.926558 0.553844
v 0.680651 -0.907796 0.567316
v 0.615914 -0.819599 0.555018
v 0.991068 -0.559004 0.569109
v 0.896080 -0.504796 0.556635
v 0.854176 -0.749725 0.568368
v 0.772531 -0.676932 0.555961
v -0.952953 -0.569485 0.555227
v -0.858493 -0.514257 0.544104
v -0.945695 -0.321094 0.550280
v -1.049561 -0.355471 0.557787
v -0.814010 -0.758718 0.556452
v -0.733090 -0.685049 0.545214
v -0.638785 -0.914908 0.557896
v -0.574942 -0.826019 0.546519
v -0.211399 -1.102588 0.561181
v -0.189203 -0.995408 0.549481
v -0.434947 -1.031226 0.559494
v -0.390968 -0.931001 0.547957
v -0.822130 0.744503 0.554546
v -0.740418 0.671680 0.543494
v -0.583826 0.814354 0.551473
v -0.648618 0.902576 0.559109
v -0.959023 0.553778 0.553799
v -0.863970 0.499545 0.542820
v -1.053299 0.338741 0.553392
v -0.949061 0.305461 0.542451
v -1.099576 -0.126042 0.553629
v -0.990827 -0.114030 0.542663
v -1.100843 0.108785 0.553337
v -0.991972 0.097915 0.542397
v 0.466990 1.026003 0.563411
v 0.423078 0.925750 0.551495
v 0.243441 1.097366 0.561733
v 0.221314 0.990157 0.549975
v 0.009953 1.120652 0.560026
v 0.010578 1.011174 0.548441
v -0.446035 1.021079 0.556892
v -0.400978 0.921306 0.545611
v -0.223270 1.094847 0.558393
v -0.199916 0.987885 0.546965
v -0.111771 -0.389069 0.199864
v -0.307346 -0.248471 0.198289
v -0.646799 -0.718714 -0.143477
v -0.446998 -0.862343 -0.141866
v -0.111771 -0.389069 0.199864
v -0.446998 -0.862343 -0.141866
v -0.419974 -0.822179 -0.456086
v -0.112477 -0.391876 -0.152419
v -0.307346 -0.248471 0.198289
v -0.308049 -0.251278 -0.153987
v -0.615848 -0.681362 -0.457654
v -0.646799 -0.718714 -0.143477
v 0.344076 -0.244958 0.202947
v 0.690517 -0.711501 -0.133926
v 0.660952 -0.674481 -0.448543
v 0.346807 -0.247749 -0.149316
v 0.347984 0.233454 0.202386
v 0.898663 0.417813 -0.133830
v 0.854596 0.399994 -0.448479
v 0.351760 0.233938 -0.149868
v 0.423629 0.004662 0.203207
v 0.427409 0.005150 -0.149050
v 0.930364 0.170850 -0.447654
v 0.975944 0.184084 -0.132989
v -0.389591 0.000279 0.197403
v -0.941880 0.173743 -0.146682
v -0.894375 0.161010 -0.460683
v -0.391375 0.000735 -0.154895
v -0.316419 0.229870 0.197641
v -0.318203 0.230325 -0.154655
v -0.821091 0.390959 -0.460442
v -0.867130 0.408291 -0.146435
v -0.105447 0.385017 0.198956
v -0.110215 0.964923 -0.141709
v -0.106650 0.916356 -0.455983
v -0.104462 0.387510 -0.153320
v -0.668028 -0.728191 -0.155688
v -0.449135 -0.885552 -0.153933
v -0.687695 -0.725769 -0.163231
v -0.440530 -0.903455 -0.161248
vn -0.5049 0.8632 -0.0025
vn 0.4956 0.8685 0.0004
vn 0.4956 0.8685 0.0003
vn 1.0000 0.0054 0.0028
vn -0.4956 -0.8686 -0.0003
vn -0.4956 -0.8686 -0.0004
vn -0.4956 -0.8685 -0.0003
vn -0.5050 0.8631 -0.0025
vn -0.5049 0.8631 -0.0025
vn 1.0000 0.0054 0.0029
vn 1.0000 0.0055 0.0029
vn 1.0000 0.0055 0.0028
vn 0.5050 -0.8631 0.0025
vn 0.5049 -0.8631 0.0025
vn -0.4956 -0.8685 -0.0004
vn 0.4956 0.8686 0.0003
vn 0.5049 -0.8632 0.0025
vn 0.4957 0.8685 0.0003
vn -1.0000 -0.0054 -0.0028
vn -0.5514 -0.8343 -0.0006
vn -0.7033 -0.7109 -0.0011
vn -0.7038 -0.7104 -0.0011
vn -0.9218 -0.3876 -0.0022
vn -0.9220 -0.3872 -0.0022
vn -0.9259 0.3776 -0.0031
vn -0.9261 0.3773 -0.0031
vn -0.7109 0.7033 -0.0029
vn -0.7114 0.7028 -0.0029
vn -0.3874 0.9219 -0.0022
vn -0.3883 0.9215 -0.0022
vn -0.0048 1.0000 -0.0012
vn -0.0059 1.0000 -0.0012
vn 0.3784 0.9256 -0.0000
vn 0.3775 0.9260 -0.0000
vn 0.7038 0.7104 0.0011
vn 0.7033 0.7109 0.0011
vn 0.9220 0.3872 0.0022
vn 0.9218 0.3876 0.0022
vn 0.9261 -0.3773 0.0031
vn 0.9259 -0.3776 0.0031
vn 0.7114 -0.7028 0.0029
vn 0.7109 -0.7033 0.0029
vn 0.3883 -0.9215 0.0022
vn 0.3874 -0.9219 0.0022
vn 0.0059 -1.0000 0.0013
vn 0.0048 -1.0000 0.0013
vn -0.1899 -0.9818 0.0007
vn 0.9933 -0.1153 0.0029
vn 0.9933 -0.1154 0.0030
vn 0.9920 0.1261 0.0027
vn 0.9554 0.2954 0.0024
vn 0.9554 0.2953 0.0024
vn 0.9585 -0.2850 0.0031
vn 0.9704 0.2413 0.0025
vn 0.9784 0.2066 -0.0082
vn -0.8499 -0.5009 -0.1635
vn -0.8499 -0.5009 -0.1634
vn -0.9148 -0.3634 -0.1760
vn -0.9276 -0.3110 -0.2070
vn 0.9890 -0.1480 0.0030
vn 0.9857 -0.1679 0.0163
vn 0.9975 0.0697 -0.0144
vn 0.9985 0.0444 -0.0321
vn -0.9664 -0.1120 -0.2312
vn -0.9598 -0.0432 -0.2773
vn 0.9976 0.0643 0.0267
vn 0.9786 0.1544 0.1359
vn -0.7577 -0.5539 -0.3452
vn -0.7905 -0.4271 -0.4390
vn -0.6878 -0.6938 -0.2134
vn -0.5300 -0.8480 -0.0005
vn 0.3261 0.9439 0.0526
vn 0.3248 0.9437 0.0623
vn 0.3300 0.9437 0.0216
vn 0.3326 0.9431 -0.0003
vn -0.7391 0.5891 -0.3267
vn -0.7117 0.5818 -0.3936
vn -0.7895 0.5937 -0.1555
vn -0.8129 0.5824 -0.0030
vn 0.0071 -0.0012 -1.0000
vn 0.0072 -0.0012 -1.0000
vn 0.0071 -0.0013 -1.0000
vn -0.7397 -0.6730 -0.0013
vn -0.7392 -0.6735 -0.0013
vn -0.5839 -0.8118 -0.0007
vn -0.5835 -0.8121 -0.0007
vn -0.8597 -0.5108 -0.0018
vn -0.8633 -0.5046 -0.0024
vn -0.9951 0.0991 -0.0030
vn -0.9527 0.3037 -0.0031
vn -0.9528 0.3036 -0.0031
vn -0.9950 0.1001 -0.0030
vn -0.9947 -0.1025 -0.0027
vn -0.9940 -0.1094 -0.0033
vn -0.9682 -0.2502 0.0067
vn -0.9495 -0.3139 -0.0005
vn -0.8688 0.4952 -0.0031
vn -0.8695 0.4939 -0.0031
vn -0.7517 0.6595 -0.0029
vn -0.7474 0.6644 -0.0035
vn -0.2131 0.9770 -0.0018
vn -0.1100 0.9939 -0.0015
vn -0.2125 0.9772 -0.0018
vn -0.4050 0.9143 -0.0023
vn -0.4118 0.9113 -0.0029
vn -0.5375 0.8432 0.0065
vn -0.5926 0.8055 -0.0009
vn 0.2031 0.9792 -0.0006
vn 0.2014 0.9795 -0.0006
vn 0.0992 0.9951 -0.0009
vn 0.0993 0.9951 -0.0009
vn 0.3956 0.9184 -0.0000
vn 0.4015 0.9159 -0.0006
vn 0.5285 0.8489 0.0096
vn 0.5835 0.8121 0.0025
vn 0.8635 0.5043 0.0018
vn 0.9495 0.3139 0.0023
vn 0.9494 0.3140 0.0023
vn 0.8640 0.5036 0.0018
vn 0.7448 0.6673 0.0013
vn 0.7399 0.6727 0.0007
vn 0.6364 0.7713 0.0100
vn 0.9940 0.1098 0.0027
vn 0.9938 0.1110 0.0027
vn 0.9958 -0.0917 0.0029
vn 0.9951 -0.0987 0.0024
vn 0.7471 -0.6647 0.0029
vn 0.5926 -0.8055 0.0027
vn 0.5922 -0.8058 0.0027
vn 0.7461 -0.6658 0.0029
vn 0.8653 -0.5013 0.0031
vn 0.8686 -0.4955 0.0025
vn 0.9305 -0.3662 0.0122
vn 0.9527 -0.3037 0.0049
vn 0.4121 -0.9111 0.0023
vn 0.4127 -0.9109 0.0023
vn 0.2208 -0.9753 0.0018
vn 0.2134 -0.9770 0.0012
vn -0.4018 -0.9157 -0.0000
vn -0.4033 -0.9151 -0.0000
vn -0.2097 -0.9778 0.0006
vn -0.2034 -0.9791 -0.0000
vn -0.0610 -0.9981 0.0102
vn 0.0051 -1.0000 0.0030
vn 0.4800 0.1618 0.8622
vn 0.4799 0.1618 0.8623
vn 0.5502 0.1849 0.8143
vn 0.5501 0.1848 0.8144
vn 0.3796 -0.5149 0.7686
vn 0.3428 -0.4698 0.8135
vn 0.2994 -0.4063 0.8633
vn 0.2895 -0.3954 0.8717
vn -0.4871 0.1543 0.8596
vn -0.4921 0.1559 0.8564
vn -0.0089 0.5854 0.8107
vn -0.0089 0.5852 0.8108
vn -0.0089 0.6142 0.7891
vn -0.0089 0.6144 0.7889
vn 0.9708 -0.2397 0.0122
vn -0.5617 0.1782 0.8079
vn -0.5618 0.1782 0.8078
vn -0.5892 0.1869 0.7861
vn -0.5893 0.1870 0.7860
vn 0.2964 -0.4046 0.8651
vn 0.4132 -0.5600 0.7181
vn 0.3583 -0.4940 0.7922
vn -0.6446 0.7645 0.0064
vn 0.4748 0.1601 0.8654
vn 0.5779 0.1939 0.7927
vn 0.5778 0.1939 0.7928
vn -0.9265 -0.3763 0.0069
vn -0.0089 0.5064 0.8622
vn -0.0089 0.5119 0.8590
vn -0.0089 0.5118 0.8591
vn 0.0719 -0.9974 0.0105
vn 0.2952 0.4010 -0.8672
vn -0.2878 0.3987 -0.8707
vn -0.8079 -0.5894 -0.0038
vn -0.8063 -0.5916 -0.0016
vn -0.8094 -0.5872 -0.0060
vn -0.8108 -0.5852 -0.0080
vn -0.4654 -0.1570 -0.8711
vn -0.4654 -0.1570 -0.8710
vn 0.4778 -0.1514 -0.8653
vn 0.0089 -0.4967 -0.8679
vn 1.0000 0.0023 0.0006
vn 1.0000 0.0051 0.0028
vn 1.0000 -0.0004 -0.0016
vn 1.0000 -0.0028 -0.0036
vn 0.8768 -0.2791 -0.3916
vn 0.4823 -0.1528 -0.8626
vn 0.5034 -0.0506 -0.8625
vn 0.9156 -0.0914 -0.3917
vn 0.5029 0.0538 -0.8627
vn 0.9145 0.1003 -0.3919
vn 0.4806 0.1558 -0.8630
vn 0.8737 0.2875 -0.3923
vn 0.1488 -0.0464 -0.9878
vn 0.1551 -0.0160 -0.9878
vn 0.1550 0.0151 -0.9878
vn 0.1483 0.0455 -0.9879
vn 0.0005 0.0009 -1.0000
vn 0.0002 -0.0005 -1.0000
vn 0.0002 -0.0020 -1.0000
vn 0.0005 -0.0034 -1.0000
vn 0.5384 0.7447 -0.3943
vn 0.6816 0.6170 -0.3935
vn 0.3760 0.3353 -0.8638
vn 0.2980 0.4049 -0.8644
vn 0.7950 0.4623 -0.3928
vn 0.4377 0.2511 -0.8633
vn 0.1171 0.0989 -0.9882
vn 0.0939 0.1196 -0.9884
vn 0.1355 0.0738 -0.9880
vn 0.0020 -0.0060 -1.0000
vn 0.0031 -0.0069 -1.0000
vn 0.0011 -0.0047 -1.0000
vn 0.0077 -0.9189 -0.3944
vn 0.0088 -0.5015 -0.8651
vn 0.1129 -0.4899 -0.8645
vn 0.1986 -0.8975 -0.3937
vn 0.2121 -0.4568 -0.8639
vn 0.3808 -0.8370 -0.3930
vn 0.3024 -0.4039 -0.8634
vn 0.5464 -0.7399 -0.3925
vn 0.0079 -0.1500 -0.9887
vn 0.0388 -0.1466 -0.9884
vn 0.0683 -0.1368 -0.9882
vn 0.0952 -0.1211 -0.9881
vn 0.0071 0.0058 -1.0000
vn 0.0057 0.0056 -1.0000
vn 0.0043 0.0051 -1.0000
vn 0.0030 0.0044 -1.0000
vn 0.7999 -0.4547 -0.3917
vn 0.4404 -0.2485 -0.8627
vn 0.6882 -0.6106 -0.3920
vn 0.3796 -0.3334 -0.8630
vn 0.1363 -0.0749 -0.9878
vn 0.1182 -0.1001 -0.9879
vn 0.0011 0.0022 -1.0000
vn 0.0019 0.0034 -1.0000
vn -0.8703 -0.2892 -0.3987
vn -0.4702 -0.1585 -0.8682
vn -0.4269 -0.2540 -0.8679
vn -0.7912 -0.4642 -0.3982
vn -0.3648 -0.3384 -0.8674
vn -0.6773 -0.6190 -0.3975
vn -0.2864 -0.4080 -0.8669
vn -0.5337 -0.7468 -0.3968
vn -0.1345 -0.0480 -0.9897
vn -0.1217 -0.0764 -0.9896
vn -0.1032 -0.1015 -0.9895
vn -0.0799 -0.1222 -0.9893
vn 0.0137 0.0009 -0.9999
vn 0.0132 0.0023 -0.9999
vn 0.0123 0.0034 -0.9999
vn 0.0112 0.0044 -0.9999
vn -0.1836 -0.9000 -0.3953
vn -0.0954 -0.4914 -0.8657
vn -0.3667 -0.8418 -0.3961
vn -0.1953 -0.4597 -0.8663
vn -0.0232 -0.1470 -0.9889
vn -0.0528 -0.1376 -0.9891
vn 0.0086 0.0056 -0.9999
vn 0.0100 0.0052 -0.9999
vn -0.5417 0.7400 -0.3987
vn -0.2908 0.4027 -0.8679
vn -0.3684 0.3322 -0.8683
vn -0.6839 0.6107 -0.3991
vn -0.4296 0.2472 -0.8685
vn -0.7961 0.4547 -0.3993
vn -0.4718 0.1512 -0.8686
vn -0.8734 0.2787 -0.3994
vn -0.0812 0.1188 -0.9896
vn -0.1043 0.0979 -0.9897
vn -0.1225 0.0726 -0.9898
vn -0.1350 0.0440 -0.9899
vn 0.0113 -0.0068 -0.9999
vn 0.0124 -0.0059 -0.9999
vn 0.0132 -0.0047 -0.9999
vn 0.0138 -0.0033 -0.9999
vn -0.8964 -0.1966 -0.3972
vn -0.4860 -0.1084 -0.8672
vn -0.9177 -0.0055 -0.3972
vn -0.9123 0.0906 -0.3993
vn -0.4931 0.0486 -0.8686
vn -0.4977 -0.0038 -0.8673
vn -0.1394 -0.0332 -0.9897
vn -0.1414 0.0136 -0.9899
vn -0.1429 -0.0020 -0.9897
vn 0.0140 0.0003 -0.9999
vn 0.0141 -0.0019 -0.9999
vn 0.0142 -0.0012 -0.9999
vn 0.2072 0.4569 -0.8650
vn 0.3718 0.8400 -0.3951
vn 0.1076 0.4888 -0.8657
vn 0.1889 0.8986 -0.3960
vn 0.0034 0.4995 -0.8663
vn -0.0022 0.9179 -0.3968
vn 0.0669 0.1351 -0.9886
vn 0.0372 0.1446 -0.9888
vn 0.0063 0.1476 -0.9890
vn 0.0044 -0.0076 -1.0000
vn 0.0057 -0.0080 -1.0000
vn 0.0072 -0.0082 -0.9999
vn -0.3757 0.8368 -0.3982
vn -0.2002 0.4554 -0.8675
vn -0.1932 0.8970 -0.3975
vn -0.1007 0.4881 -0.8669
vn -0.0543 0.1345 -0.9894
vn -0.0247 0.1443 -0.9892
vn 0.0100 -0.0076 -0.9999
vn 0.0086 -0.0081 -0.9999
vn 0.8734 -0.2787 0.3994
vn 0.9123 -0.0906 0.3993
vn 0.4931 -0.0486 0.8686
vn 0.4718 -0.1512 0.8686
vn 0.9113 0.1015 0.3990
vn 0.4925 0.0562 0.8685
vn 0.4701 0.1585 0.8682
vn 0.8703 0.2892 0.3987
vn 0.1438 -0.0111 0.9895
vn 0.1580 -0.0514 0.9861
vn 0.1412 0.0176 0.9898
vn 0.1346 0.0480 0.9897
vn -0.0133 0.0094 0.9999
vn 0.0276 -0.0098 0.9996
vn -0.0141 0.0005 0.9999
vn -0.0137 -0.0009 0.9999
vn 0.5337 0.7468 0.3969
vn 0.2864 0.4080 0.8669
vn 0.3648 0.3384 0.8674
vn 0.6773 0.6190 0.3975
vn 0.4269 0.2540 0.8679
vn 0.7912 0.4642 0.3982
vn 0.0940 0.1418 0.9854
vn 0.1067 0.1010 0.9892
vn 0.1217 0.0764 0.9896
vn 0.0141 0.0307 0.9994
vn -0.0073 -0.0090 0.9999
vn -0.0132 -0.0023 0.9999
vn 0.0022 -0.9179 0.3968
vn 0.1932 -0.8970 0.3975
vn 0.1007 -0.4881 0.8669
vn -0.0034 -0.4995 0.8663
vn 0.3757 -0.8368 0.3982
vn 0.2002 -0.4554 0.8675
vn 0.2908 -0.4027 0.8679
vn 0.5418 -0.7400 0.3987
vn 0.0278 -0.1459 0.9889
vn -0.0061 -0.1717 0.9851
vn 0.0543 -0.1345 0.9894
vn 0.0812 -0.1188 0.9896
vn -0.0013 0.0097 1.0000
vn -0.0070 -0.0351 0.9994
vn -0.0100 0.0076 0.9999
vn -0.0113 0.0069 0.9999
vn 0.4296 -0.2472 0.8685
vn 0.7961 -0.4547 0.3993
vn 0.3684 -0.3323 0.8683
vn 0.6840 -0.6107 0.3991
vn 0.1231 -0.0760 0.9895
vn 0.1043 -0.0979 0.9897
vn -0.0169 -0.0019 0.9999
vn -0.0123 0.0058 0.9999
vn -0.8738 -0.2875 0.3923
vn -0.7950 -0.4623 0.3928
vn -0.4377 -0.2511 0.8633
vn -0.4807 -0.1559 0.8629
vn -0.6816 -0.6169 0.3935
vn -0.3760 -0.3353 0.8638
vn -0.2980 -0.4049 0.8644
vn -0.5384 -0.7447 0.3943
vn -0.1361 -0.0773 0.9877
vn -0.1711 -0.0530 0.9838
vn -0.1171 -0.0989 0.9882
vn -0.0939 -0.1196 0.9884
vn 0.0026 -0.0018 1.0000
vn -0.0417 -0.0102 0.9991
vn -0.0020 0.0059 1.0000
vn -0.0031 0.0069 1.0000
vn -0.1076 -0.4888 0.8657
vn -0.1889 -0.8986 0.3959
vn -0.2072 -0.4569 0.8650
vn -0.3718 -0.8400 0.3951
vn -0.0403 -0.1462 0.9884
vn -0.0669 -0.1351 0.9886
vn -0.0131 0.0095 0.9999
vn -0.0043 0.0077 1.0000
vn -0.5464 0.7399 0.3924
vn -0.6882 0.6106 0.3920
vn -0.3796 0.3334 0.8630
vn -0.3024 0.4039 0.8634
vn -0.7999 0.4547 0.3917
vn -0.4404 0.2485 0.8627
vn -0.4823 0.1528 0.8626
vn -0.8768 0.2791 0.3916
vn -0.1217 0.0996 0.9876
vn -0.1095 0.1405 0.9840
vn -0.1363 0.0749 0.9878
vn -0.1488 0.0464 0.9878
vn -0.0069 -0.0090 0.9999
vn -0.0287 0.0305 0.9991
vn -0.0011 -0.0022 1.0000
vn -0.0005 -0.0009 1.0000
vn -0.4964 -0.1058 0.8616
vn -0.8999 -0.1951 0.3901
vn -0.9208 -0.0045 0.3900
vn -0.5079 -0.0017 0.8614
vn -0.5034 0.0506 0.8626
vn -0.9156 0.0914 0.3917
vn -0.1582 -0.0258 0.9871
vn -0.1566 0.0004 0.9877
vn -0.1551 0.0160 0.9878
vn -0.0020 0.0177 0.9998
vn -0.0001 0.0012 1.0000
vn -0.0002 0.0005 1.0000
vn 0.3667 0.8418 0.3961
vn 0.1953 0.4597 0.8663
vn 0.1836 0.9000 0.3953
vn 0.0954 0.4914 0.8657
vn -0.0088 0.5016 0.8651
vn -0.0077 0.9189 0.3945
vn 0.0513 0.1407 0.9887
vn 0.0232 0.1471 0.9889
vn -0.0079 0.1501 0.9886
vn -0.0169 -0.0021 0.9999
vn -0.0086 -0.0055 0.9999
vn -0.0071 -0.0058 1.0000
vn -0.2121 0.4568 0.8639
vn -0.3808 0.8370 0.3930
vn -0.1129 0.4899 0.8645
vn -0.1986 0.8975 0.3937
vn -0.0668 0.1399 0.9879
vn -0.0388 0.1466 0.9884
vn 0.0026 -0.0021 1.0000
vn -0.0056 -0.0056 1.0000
vn -0.7958 -0.4677 -0.3847
vn -0.8008 0.4581 -0.3859
vn -0.5682 0.3254 -0.7559
vn -0.5645 -0.3334 -0.7551
vn -0.0012 0.9234 -0.3839
vn 0.0008 0.6577 -0.7533
vn 0.7997 0.4646 -0.3803
vn 0.5727 0.3311 -0.7499
vn 0.8046 -0.4570 -0.3792
vn 0.5762 -0.3268 -0.7491
vn 0.0087 -0.9243 -0.3816
vn 0.0079 -0.6596 -0.7516
vn 0.0072 -0.0013 -1.0000
vn 0.0072 -0.0014 -1.0000
vn -0.5682 0.3253 -0.7559
vn -0.5646 -0.3334 -0.7550
vn 0.7997 0.4647 -0.3803
vn 0.8046 -0.4570 -0.3791
vn 0.5763 -0.3268 -0.7491
vn 0.0087 -0.9243 -0.3815
vn 0.0080 -0.6595 -0.7516
vn -0.7957 -0.4678 -0.3847
vn -0.8007 0.4581 -0.3860
vn -0.5646 -0.3333 -0.7551
vn -0.0012 0.9234 -0.3838
vn 0.0008 0.6576 -0.7533
vn 0.5726 0.3312 -0.7499
vn 0.0080 -0.6596 -0.7516
vn -0.8008 0.4582 -0.3859
vn 0.5726 0.3312 -0.7500
vn 0.0079 -0.6595 -0.7517
vn -0.8008 0.4581 -0.3858
vn -0.5646 -0.3335 -0.7550
vn 0.0009 0.6577 -0.7533
vn 0.7996 0.4647 -0.3804
vn 0.5726 0.3311 -0.7500
vn 0.0070 -0.0012 -1.0000
vn -0.5646 -0.3333 -0.7550
vn -0.0013 0.9234 -0.3838
vn 0.0008 0.6576 -0.7534
vn 0.7997 0.4647 -0.3802
vn 0.0070 -0.0013 -1.0000
vn -0.0072 0.0012 1.0000
vn -0.0071 0.0012 1.0000
vn 0.0072 -0.0011 -1.0000
vn 0.3705 0.9288 -0.0001
vn 0.3688 0.9295 -0.0001
vn -0.3805 0.9248 -0.0022
vn -0.3788 0.9255 -0.0022
vn -0.9675 0.2530 -0.0031
vn -0.9675 0.2527 -0.0031
vn -0.9648 -0.2631 -0.0024
vn -0.9647 -0.2635 -0.0024
vn -0.3688 -0.9295 0.0001
vn -0.3705 -0.9288 0.0001
vn 0.0054 -1.0000 0.0012
vn 0.9806 -0.1958 0.0030
vn 0.9806 -0.1960 0.0030
vn 0.9784 0.2066 0.0025
vn 0.9785 0.2064 0.0025
vn -0.7917 0.6109 -0.0030
vn -0.7920 0.6105 -0.0030
vn -0.0072 0.0013 1.0000
vn 0.8263 -0.5632 0.0031
vn 0.8259 -0.5638 0.0030
vn 0.8198 0.5726 0.0016
vn 0.8202 0.5721 0.0016
vn -0.7853 -0.6191 -0.0015
vn -0.7851 -0.6194 -0.0015
vn 0.0070 -0.0015 -1.0000
vn -0.0071 0.0013 1.0000
vn 0.0072 -0.0010 -1.0000
vn 0.6986 -0.7155 0.0029
vn 0.6984 -0.7157 0.0029
vn -0.0071 0.0010 1.0000
vn 0.0088 -0.7460 -0.6659
vn 0.0090 -0.6003 -0.7998
vn 0.0089 -0.6001 -0.7999
vn 0.0087 -0.7460 -0.6659
vn 0.0060 0.1939 -0.9810
vn 0.0060 0.1865 -0.9824
vn -0.9064 0.3847 -0.1745
vn -0.9661 0.1790 -0.1860
vn -0.9575 0.2132 -0.1945
vn 0.0080 -0.1998 -0.9798
vn 0.0079 -0.1792 -0.9838
vn 0.0043 0.4179 -0.9085
vn 0.0043 0.4180 -0.9085
vn -0.9782 -0.0295 -0.2056
vn -0.9587 0.0376 -0.2820
vn -0.5617 0.2428 -0.7909
vn -0.5619 0.2405 -0.7915
vn -0.5610 0.2492 -0.7894
vn -0.5606 0.2529 -0.7885
vn -0.5676 -0.2340 -0.7894
vn -0.5692 -0.2322 -0.7887
vn -0.5640 -0.2379 -0.7907
vn -0.5616 -0.2406 -0.7917
vn 0.2871 -0.9567 0.0468
vn 0.2974 -0.9530 0.0574
vn 0.2675 -0.9632 0.0267
vn 0.2431 -0.9700 0.0019
vn 0.0071 -0.0014 -1.0000
vn 0.0072 -0.0009 -1.0000
vn 0.0071 -0.0011 -1.0000
vn 0.0071 -0.0009 -1.0000
vn 0.0072 -0.0015 -1.0000
vn 0.6855 0.6204 -0.3811
vn 0.6853 0.6206 -0.3811
vn 0.5413 0.7491 -0.3819
vn 0.5416 0.7488 -0.3820
vn 0.7994 0.4648 -0.3807
vn 0.7993 0.4650 -0.3807
vn 0.8785 0.2892 -0.3802
vn 0.8786 0.2891 -0.3802
vn 0.9207 -0.0918 -0.3794
vn 0.8817 -0.2805 -0.3794
vn 0.8816 -0.2807 -0.3794
vn 0.9207 -0.0919 -0.3794
vn 0.9196 0.1008 -0.3796
vn 0.9196 0.1009 -0.3796
vn 0.8044 -0.4571 -0.3795
vn 0.8043 -0.4573 -0.3795
vn 0.6921 -0.6139 -0.3797
vn 0.6919 -0.6141 -0.3797
vn 0.5494 -0.7441 -0.3802
vn 0.5496 -0.7439 -0.3802
vn 0.1999 -0.9026 -0.3812
vn 0.0079 -0.9242 -0.3818
vn 0.0075 -0.9242 -0.3818
vn 0.1995 -0.9027 -0.3812
vn 0.3832 -0.8416 -0.3806
vn 0.3828 -0.8418 -0.3806
vn -0.1844 -0.9053 -0.3826
vn -0.1849 -0.9052 -0.3826
vn -0.3687 -0.8469 -0.3833
vn -0.3691 -0.8467 -0.3833
vn -0.5371 -0.7511 -0.3839
vn -0.5368 -0.7513 -0.3839
vn -0.7960 -0.4672 -0.3848
vn -0.8756 -0.2910 -0.3855
vn -0.8757 -0.2908 -0.3855
vn -0.7962 -0.4669 -0.3848
vn -0.6813 -0.6229 -0.3845
vn -0.6815 -0.6226 -0.3845
vn -0.9169 -0.1021 -0.3859
vn -0.9179 0.0912 -0.3862
vn -0.8788 0.2804 -0.3861
vn -0.8787 0.2806 -0.3861
vn -0.6880 0.6145 -0.3862
vn -0.5448 0.7445 -0.3859
vn -0.5452 0.7442 -0.3859
vn -0.6882 0.6142 -0.3861
vn -0.8010 0.4576 -0.3861
vn -0.8011 0.4574 -0.3861
vn -0.3778 0.8419 -0.3853
vn -0.3782 0.8417 -0.3853
vn -0.1941 0.9023 -0.3848
vn -0.1946 0.9022 -0.3848
vn -0.0025 0.9233 -0.3842
vn -0.0020 0.9233 -0.3841
vn 0.3741 0.8447 -0.3827
vn 0.3737 0.8449 -0.3827
vn 0.1902 0.9037 -0.3835
vn 0.1898 0.9038 -0.3835
vn -0.1925 -0.2784 -0.9410
vn -0.2459 -0.2310 -0.9414
vn -0.4353 -0.4021 -0.8055
vn -0.3421 -0.4849 -0.8049
vn -0.2883 -0.1735 -0.9417
vn -0.5094 -0.3055 -0.8044
vn -0.5786 -0.2585 -0.7736
vn -0.3177 -0.1084 -0.9420
vn -0.4813 -0.1623 -0.8614
vn -0.6026 -0.5523 -0.5761
vn -0.4745 -0.6662 -0.5753
vn -0.7008 -0.4204 -0.5763
vn -0.7838 -0.3350 -0.5228
vn -0.6582 -0.2202 -0.7199
vn -0.7582 -0.2898 -0.5841
vn -0.6499 -0.2175 -0.7283
vn -0.6326 -0.2245 -0.7413
vn -0.5528 -0.1857 -0.8123
vn -0.6401 -0.2016 -0.7414
vn -0.5529 -0.1857 -0.8123
vn -0.3188 0.1026 -0.9422
vn -0.5626 0.1802 -0.8069
vn -0.5882 0.0582 -0.8066
vn -0.3333 0.0327 -0.9422
vn -0.5875 -0.0665 -0.8065
vn -0.3329 -0.0387 -0.9422
vn -0.6161 -0.1389 -0.7753
vn -0.8305 -0.1980 -0.5207
vn -0.7802 -0.2231 -0.5844
vn -0.7776 0.2484 -0.5777
vn -0.8127 0.0806 -0.5770
vn -0.8143 -0.0912 -0.5732
vn -0.2901 0.1680 -0.9421
vn -0.5127 0.2944 -0.8065
vn -0.2484 0.2259 -0.9420
vn -0.4431 0.3943 -0.8051
vn -0.4200 0.4745 -0.7736
vn -0.1955 0.2739 -0.9417
vn -0.3031 0.4115 -0.8596
vn -0.7091 0.4055 -0.5769
vn -0.6131 0.5391 -0.5774
vn -0.5578 0.6444 -0.5231
vn -0.4084 0.5614 -0.7197
vn -0.5062 0.6341 -0.5845
vn -0.4060 0.5487 -0.7308
vn -0.4043 0.5357 -0.7413
vn -0.3424 0.4725 -0.8121
vn -0.3850 0.5501 -0.7410
vn 0.0049 0.3399 -0.9405
vn 0.0026 0.5942 -0.8043
vn -0.1212 0.5807 -0.8050
vn -0.0660 0.3321 -0.9409
vn -0.2396 0.5420 -0.8055
vn -0.1338 0.3098 -0.9413
vn -0.3140 0.5517 -0.7726
vn -0.4318 0.7325 -0.5263
vn -0.4497 0.6756 -0.5842
vn -0.0005 0.8181 -0.5751
vn -0.1708 0.7995 -0.5758
vn -0.3348 0.7484 -0.5726
vn 0.0759 0.3327 -0.9400
vn 0.1265 0.5816 -0.8036
vn 0.1438 0.3110 -0.9395
vn 0.2428 0.5465 -0.8015
vn 0.3257 0.5489 -0.7698
vn 0.2057 0.2756 -0.9390
vn 0.3047 0.4142 -0.8577
vn 0.1699 0.8010 -0.5741
vn 0.3266 0.7512 -0.5736
vn 0.4431 0.7307 -0.5194
vn 0.4115 0.5645 -0.7156
vn 0.4497 0.6789 -0.5805
vn 0.4063 0.5571 -0.7242
vn 0.3885 0.5528 -0.7372
vn 0.3480 0.4751 -0.8082
vn 0.4082 0.5389 -0.7369
vn 0.3303 0.1058 -0.9379
vn 0.5698 0.1855 -0.8005
vn 0.5190 0.2988 -0.8008
vn 0.3010 0.1708 -0.9382
vn 0.4455 0.3988 -0.8016
vn 0.2588 0.2281 -0.9386
vn 0.4258 0.4741 -0.7707
vn 0.5609 0.6471 -0.5164
vn 0.5064 0.6380 -0.5800
vn 0.7802 0.2560 -0.5708
vn 0.7102 0.4119 -0.5709
vn 0.6108 0.5514 -0.5683
vn 0.3455 0.0363 -0.9377
vn 0.5963 0.0643 -0.8002
vn 0.3458 -0.0349 -0.9376
vn 0.5991 -0.0569 -0.7987
vn 0.6269 -0.1351 -0.7673
vn 0.3314 -0.1046 -0.9377
vn 0.4931 -0.1562 -0.8559
vn 0.8165 0.0891 -0.5704
vn 0.8181 -0.0748 -0.5702
vn 0.8345 -0.1920 -0.5165
vn 0.6682 -0.2122 -0.7131
vn 0.7878 -0.2138 -0.5777
vn 0.6596 -0.2095 -0.7219
vn 0.6501 -0.1938 -0.7347
vn 0.5642 -0.1790 -0.8060
vn 0.6428 -0.2167 -0.7347
vn 0.2086 -0.2757 -0.9383
vn 0.3580 -0.4799 -0.8010
vn 0.4497 -0.3961 -0.8006
vn 0.2613 -0.2277 -0.9380
vn 0.5220 -0.2951 -0.8003
vn 0.3028 -0.1699 -0.9378
vn 0.5871 -0.2534 -0.7688
vn 0.7918 -0.3297 -0.5141
vn 0.7665 -0.2803 -0.5778
vn 0.4885 -0.6597 -0.5710
vn 0.6148 -0.5444 -0.5706
vn 0.7166 -0.4066 -0.5667
vn 0.1471 -0.3118 -0.9387
vn 0.2507 -0.5429 -0.8015
vn 0.0795 -0.3342 -0.9391
vn 0.1362 -0.5833 -0.8007
vn 0.0700 -0.6345 -0.7697
vn 0.0086 -0.3422 -0.9396
vn 0.0090 -0.5131 -0.8583
vn 0.3410 -0.7463 -0.5716
vn 0.1853 -0.7988 -0.5723
vn 0.0785 -0.8513 -0.5188
vn 0.0088 -0.6979 -0.7162
vn 0.0436 -0.8132 -0.5804
vn 0.0089 -0.6890 -0.7247
vn 0.0210 -0.6750 -0.7375
vn 0.0089 -0.5879 -0.8089
vn -0.0031 -0.6750 -0.7378
vn -0.2337 -0.5465 -0.8042
vn -0.1305 -0.3137 -0.9405
vn -0.1149 -0.5840 -0.8036
vn -0.0624 -0.3352 -0.9401
vn -0.0552 -0.6334 -0.7719
vn -0.0662 -0.8534 -0.5171
vn -0.0265 -0.8136 -0.5809
vn -0.3256 -0.7510 -0.5745
vn -0.1627 -0.8052 -0.5702
vn -0.0122 0.0250 -0.9996
vn -0.0031 0.0297 -0.9996
vn 0.0070 0.0313 -0.9995
vn -0.0193 0.0178 -0.9997
vn -0.0239 0.0087 -0.9997
vn -0.0254 -0.0014 -0.9997
vn -0.0238 -0.0115 -0.9997
vn -0.0191 -0.0205 -0.9996
vn -0.0119 -0.0277 -0.9995
vn -0.0028 -0.0322 -0.9995
vn 0.0073 -0.0338 -0.9994
vn 0.0174 -0.0321 -0.9993
vn 0.0264 -0.0275 -0.9993
vn 0.0336 -0.0202 -0.9992
vn 0.0382 -0.0111 -0.9992
vn 0.0397 -0.0011 -0.9992
vn 0.0381 0.0090 -0.9992
vn 0.0334 0.0180 -0.9993
vn 0.0261 0.0252 -0.9993
vn 0.0171 0.0298 -0.9994
vn -0.5927 0.8054 -0.0098
vn -0.5921 0.8058 -0.0098
vn -0.3139 0.9494 -0.0092
vn -0.3147 0.9492 -0.0092
vn -0.8125 0.5829 -0.0102
vn -0.8122 0.5834 -0.0102
vn -0.9528 0.3035 -0.0103
vn -0.9527 0.3038 -0.0102
vn -0.9999 -0.0054 -0.0100
vn -0.9494 -0.3138 -0.0095
vn -0.9494 -0.3141 -0.0095
vn -0.8061 -0.5917 -0.0087
vn -0.8058 -0.5921 -0.0087
vn -0.5839 -0.8118 -0.0078
vn -0.5834 -0.8122 -0.0078
vn -0.3044 -0.9525 -0.0069
vn -0.3037 -0.9528 -0.0069
vn -0.1512 -0.9885 -0.0063
vn 0.3140 -0.9494 -0.0051
vn 0.3148 -0.9492 -0.0051
vn 0.1619 -0.9868 -0.0054
vn 0.5922 -0.8058 -0.0045
vn 0.5927 -0.8054 -0.0045
vn 0.8122 -0.5833 -0.0041
vn 0.8125 -0.5829 -0.0041
vn 0.9527 -0.3037 -0.0041
vn 0.9528 -0.3035 -0.0041
vn 1.0000 0.0054 -0.0043
vn 0.9494 0.3140 -0.0049
vn 0.9495 0.3138 -0.0048
vn 0.8059 0.5920 -0.0056
vn 0.8062 0.5916 -0.0056
vn 0.5834 0.8121 -0.0065
vn 0.5840 0.8117 -0.0065
vn 0.3038 0.9527 -0.0075
vn 0.3045 0.9525 -0.0075
vn -0.0058 0.9999 -0.0084
vn -0.0049 1.0000 -0.0084
vn 0.5921 -0.8058 0.0027
vn 0.5927 -0.8054 0.0027
vn 0.3147 -0.9492 0.0021
vn 0.3140 -0.9494 0.0021
vn 0.8122 -0.5833 0.0030
vn 0.8125 -0.5829 0.0030
vn 0.9527 -0.3038 0.0031
vn 0.9528 -0.3035 0.0031
vn 0.9494 0.3141 0.0023
vn 0.9495 0.3138 0.0023
vn 0.8059 0.5921 0.0016
vn 0.8062 0.5917 0.0016
vn 0.5834 0.8122 0.0007
vn 0.5840 0.8118 0.0007
vn 0.3037 0.9528 -0.0003
vn 0.3045 0.9525 -0.0003
vn 0.1512 0.9885 -0.0008
vn -0.3147 0.9492 -0.0021
vn -0.3139 0.9494 -0.0021
vn -0.1619 0.9868 -0.0017
vn -0.5927 0.8054 -0.0027
vn -0.5921 0.8058 -0.0027
vn -0.8125 0.5829 -0.0030
vn -0.8122 0.5833 -0.0030
vn -0.9528 0.3035 -0.0031
vn -0.9527 0.3038 -0.0031
vn -0.9495 -0.3138 -0.0023
vn -0.9494 -0.3141 -0.0023
vn -0.8062 -0.5917 -0.0016
vn -0.8059 -0.5921 -0.0016
vn -0.5840 -0.8118 -0.0007
vn -0.5834 -0.8122 -0.0007
vn -0.3045 -0.9525 0.0003
vn -0.3037 -0.9528 0.0003
vn 0.0050 -1.0000 0.0012
vn 0.0058 -1.0000 0.0013
vn -0.1512 -0.9885 0.0008
vn 0.1619 -0.9868 0.0017
vn -0.0058 1.0000 -0.0012
vn -0.0049 1.0000 -0.0012
vn 0.0073 -0.0013 -1.0000
vn -0.3140 0.9494 -0.0021
vn -0.8062 -0.5916 -0.0016
vn -0.8059 -0.5921 -0.0015
vn 0.3139 -0.9494 0.0021
vn -0.0050 1.0000 -0.0012
vn -0.7396 -0.6730 -0.0013
vn -0.7399 -0.6727 -0.0013
vn -0.8630 -0.5052 -0.0006
vn -0.8597 -0.5109 -0.0018
vn -0.9954 -0.0962 -0.0019
vn -0.9782 -0.2077 -0.0004
vn -0.9940 -0.1090 -0.0015
vn -0.9948 -0.1022 -0.0027
vn -0.8567 -0.5158 -0.0010
vn -0.9090 -0.4168 0.0001
vn -0.8689 0.4949 -0.0031
vn -0.7474 0.6643 -0.0017
vn -0.7522 0.6590 -0.0029
vn -0.4000 0.9165 -0.0015
vn -0.4996 0.8663 -0.0003
vn -0.2130 0.9770 -0.0018
vn -0.0051 1.0000 -0.0012
vn -0.0057 1.0000 -0.0012
vn -0.2136 0.9769 -0.0018
vn -0.4109 0.9117 -0.0011
vn -0.4051 0.9143 -0.0023
vn -0.7606 0.6493 -0.0022
vn -0.6771 0.7359 -0.0007
vn 0.2025 0.9793 -0.0006
vn 0.4015 0.9158 0.0012
vn 0.3948 0.9188 -0.0000
vn 0.7485 0.6632 0.0021
vn 0.6699 0.7425 0.0031
vn 0.8634 0.5045 0.0018
vn 0.7405 0.6721 0.0025
vn 0.3890 0.9212 0.0008
vn 0.4913 0.8710 0.0025
vn 0.9939 0.1099 0.0027
vn 0.9952 -0.0982 0.0042
vn 0.9958 -0.0915 0.0029
vn 0.8619 -0.5070 0.0039
vn 0.9137 -0.4063 0.0052
vn 0.7469 -0.6650 0.0029
vn 0.8685 -0.4956 0.0043
vn 0.8650 -0.5018 0.0031
vn 0.9963 -0.0856 0.0037
vn 0.9804 -0.1969 0.0052
vn 0.4117 -0.9113 0.0023
vn 0.2144 -0.9767 0.0030
vn 0.2206 -0.9754 0.0018
vn -0.2168 -0.9762 0.0014
vn -0.1040 -0.9946 0.0031
vn -0.4023 -0.9155 -0.0000
vn -0.2034 -0.9791 0.0018
vn -0.2105 -0.9776 0.0006
vn 0.2258 -0.9742 0.0026
vn 0.1161 -0.9932 0.0037
vn -0.9538 0.3005 -0.0023
vn -0.8685 0.4957 -0.0053
vn -0.6969 0.7171 -0.0025
vn -0.7110 0.7031 -0.0067
vn -0.3591 0.9333 -0.0026
vn -0.5862 -0.8101 0.0002
vn -0.4016 -0.9158 -0.0022
vn -0.1313 -0.9913 0.0012
vn -0.1510 -0.9885 -0.0030
vn 0.2689 -0.9632 0.0016
vn -0.0085 1.0000 -0.0004
vn 0.2031 0.9791 -0.0028
vn 0.4673 0.8841 0.0006
vn 0.4495 0.8933 -0.0036
vn 0.7770 0.6295 0.0010
vn -0.9517 0.3070 -0.0023
vn -0.9958 0.0911 -0.0052
vn -0.9834 -0.1814 -0.0023
vn -0.9870 -0.1604 -0.0064
vn -0.8332 -0.5530 -0.0021
vn 0.9484 0.3171 0.0031
vn 0.9940 0.1090 0.0005
vn 0.9854 -0.1702 0.0033
vn 0.9885 -0.1514 -0.0008
vn 0.8392 -0.5439 0.0027
vn -0.0016 1.0000 -0.0004
vn -0.2149 0.9766 -0.0040
vn -0.4762 0.8794 -0.0021
vn -0.4595 0.8881 -0.0062
vn -0.7838 0.6210 -0.0034
vn 0.5954 -0.8034 0.0035
vn 0.4106 -0.9118 0.0001
vn 0.1428 -0.9898 0.0019
vn 0.1614 -0.9869 -0.0021
vn -0.2585 -0.9660 0.0001
vn 0.9506 0.3105 0.0031
vn 0.8629 0.5054 -0.0004
vn 0.6897 0.7241 0.0014
vn 0.7033 0.7109 -0.0026
vn 0.3490 0.9371 -0.0006
vn -0.5807 -0.8141 0.0002
vn -0.7407 -0.6718 -0.0035
vn -0.8975 -0.4410 -0.0017
vn -0.8889 -0.4582 -0.0057
vn -0.9986 -0.0528 -0.0032
vn 0.5898 -0.8076 0.0035
vn 0.7473 -0.6645 0.0007
vn 0.9023 -0.4312 0.0034
vn 0.8937 -0.4486 -0.0007
vn 0.9991 -0.0420 0.0025
vn -0.1065 0.0244 0.9940
vn -0.1115 0.0282 0.9934
vn -0.0884 0.0271 0.9957
vn -0.0784 0.0239 0.9966
vn -0.1130 -0.0105 0.9935
vn -0.1083 -0.0322 0.9936
vn -0.0730 -0.0766 0.9944
vn -0.0508 -0.0595 0.9969
vn -0.0569 -0.0680 0.9961
vn -0.0748 -0.0827 0.9938
vn -0.0991 -0.0525 0.9937
vn -0.0158 0.1028 0.9946
vn -0.0136 0.1088 0.9940
vn -0.0076 0.0865 0.9962
vn -0.0075 0.0760 0.9971
vn -0.0510 0.0983 0.9939
vn -0.0702 0.0870 0.9937
vn -0.1015 0.0398 0.9940
vn -0.1079 0.0396 0.9934
vn -0.0867 0.0721 0.9936
vn 0.0870 0.0409 0.9954
vn 0.0933 0.0407 0.9948
vn 0.0739 0.0280 0.9969
vn 0.0639 0.0247 0.9976
vn 0.0717 0.0730 0.9948
vn 0.0717 0.0729 0.9948
vn 0.0551 0.0877 0.9946
vn 0.0004 0.1029 0.9947
vn -0.0017 0.1089 0.9941
vn 0.0357 0.0988 0.9945
vn 0.0597 -0.0759 0.9953
vn 0.0615 -0.0820 0.9947
vn 0.0434 -0.0675 0.9968
vn 0.0372 -0.0590 0.9976
vn 0.0855 -0.0516 0.9950
vn 0.0855 -0.0515 0.9950
vn 0.0945 -0.0312 0.9950
vn 0.0921 0.0255 0.9954
vn 0.0971 0.0294 0.9948
vn 0.0991 -0.0094 0.9950
vn 0.0990 -0.0093 0.9950
vn -0.0599 -0.0860 0.9945
vn -0.0651 -0.0896 0.9938
vn -0.0287 -0.1031 0.9943
vn -0.0065 -0.1053 0.9944
vn 0.0466 -0.0855 0.9952
vn 0.0519 -0.0890 0.9947
vn 0.0156 -0.1028 0.9946
vn -0.3009 -0.4089 0.8615
vn -0.3040 -0.4133 0.8584
vn -0.3040 -0.4133 0.8583
vn 0.8142 -0.5806 0.0008
vn 0.8172 -0.5764 -0.0034
vn 0.8158 -0.5784 -0.0014
vn 0.8126 -0.5828 0.0030
vn -0.8106 0.5856 -0.0052
vn -0.8122 0.5834 -0.0030
vn -0.8090 0.5878 -0.0075
vn -0.8075 0.5898 -0.0094
vn 0.8042 0.5943 -0.0007
vn 0.8012 0.5984 -0.0049
vn 0.8026 0.5965 -0.0029
vn 0.8058 0.5921 0.0016
vn -0.3173 0.9483 -0.0043
vn -0.3221 0.9467 -0.0085
vn -0.3198 0.9474 -0.0065
vn 0.3114 -0.9503 -0.0002
vn 0.3088 -0.9511 -0.0024
vn 0.3065 -0.9518 -0.0044
vn -0.3011 -0.9536 -0.0019
vn -0.2962 -0.9551 -0.0061
vn -0.2985 -0.9544 -0.0041
vn -0.3038 -0.9527 0.0003
vn 0.3071 0.9517 -0.0025
vn 0.3044 0.9525 -0.0003
vn 0.3097 0.9508 -0.0047
vn 0.3120 0.9501 -0.0067
vn -1.0000 -0.0085 -0.0051
vn -0.9999 -0.0136 -0.0092
vn -0.9999 -0.0112 -0.0073
vn -1.0000 -0.0058 -0.0028
vn -0.3466 -0.4731 0.8099
vn -0.3634 -0.4968 0.7881
vn -0.3634 -0.4967 0.7882
vt 0.782715 0.247559
vt 0.782715 0.227539
vt 0.962402 0.227539
vt 0.962402 0.247559
vt 0.782715 0.208008
vt 0.962402 0.208008
vt 0.782715 0.187988
vt 0.962402 0.187988
vt 0.782715 0.167969
vt 0.782715 0.147949
vt 0.962402 0.147949
vt 0.962402 0.167969
vt 0.038727 0.139648
vt 0.038727 0.170410
vt 0.025696 0.170410
vt 0.025696 0.139648
vt 0.038727 0.201172
vt 0.025696 0.201172
vt 0.038727 0.231934
vt 0.025696 0.231934
vt 0.038727 0.263184
vt 0.025696 0.263184
vt 0.038727 0.293945
vt 0.025696 0.293945
vt 0.038727 0.324707
vt 0.025696 0.324707
vt 0.038727 0.355469
vt 0.025696 0.355469
vt 0.038727 0.386719
vt 0.025696 0.386719
vt 0.038727 0.417480
vt 0.025696 0.417480
vt 0.038727 0.448242
vt 0.025696 0.448242
vt 0.038727 0.479004
vt 0.025696 0.479004
vt 0.038727 0.510010
vt 0.025696 0.510010
vt 0.038727 0.540771
vt 0.025696 0.540771
vt 0.038727 0.571777
vt 0.025696 0.571777
vt 0.038727 0.602539
vt 0.025696 0.602539
vt 0.038727 0.633545
vt 0.025696 0.633545
vt 0.263672 0.457520
vt 0.261230 0.457031
vt 0.258545 0.318848
vt 0.260742 0.319336
vt 0.245483 0.275391
vt 0.247925 0.275391
vt 0.252441 0.501465
vt 0.250000 0.501221
vt 0.218140 0.210449
vt 0.220459 0.210938
vt 0.144165 0.535889
vt 0.152954 0.535400
vt 0.174805 0.567871
vt 0.166016 0.568359
vt 0.227661 0.567139
vt 0.225342 0.566895
vt 0.214111 0.146484
vt 0.216431 0.146484
vt 0.178955 0.632080
vt 0.170044 0.632568
vt 0.231689 0.631348
vt 0.229370 0.631104
vt 0.134033 0.285645
vt 0.103882 0.286621
vt 0.078369 0.254395
vt 0.077698 0.254395
vt 0.141846 0.249512
vt 0.150757 0.249023
vt 0.087769 0.233398
vt 0.088440 0.233398
vt 0.103882 0.495605
vt 0.134033 0.494629
vt 0.078308 0.528320
vt 0.078979 0.528320
vt 0.400391 0.750000
vt 0.414307 0.768921
vt 0.376221 0.788330
vt 0.368896 0.765869
vt 0.425293 0.725098
vt 0.444336 0.738770
vt 0.441162 0.693604
vt 0.463623 0.700928
vt 0.446777 0.658691
vt 0.470459 0.658691
vt 0.441162 0.624023
vt 0.463623 0.616699
vt 0.425293 0.592529
vt 0.444336 0.578613
vt 0.400391 0.567627
vt 0.414307 0.548584
vt 0.368896 0.551758
vt 0.376221 0.529297
vt 0.334229 0.546143
vt 0.334229 0.522461
vt 0.299316 0.551758
vt 0.291992 0.529297
vt 0.267822 0.567627
vt 0.254150 0.548584
vt 0.243042 0.592529
vt 0.223999 0.578613
vt 0.227051 0.624023
vt 0.204590 0.616699
vt 0.221558 0.658691
vt 0.197998 0.658691
vt 0.227051 0.693604
vt 0.204590 0.700928
vt 0.243042 0.725098
vt 0.223999 0.738770
vt 0.267822 0.750000
vt 0.254150 0.768921
vt 0.299316 0.765869
vt 0.291992 0.788330
vt 0.334229 0.771362
vt 0.334229 0.794922
vt 0.793945 0.893188
vt 0.793945 0.970718
vt 0.776855 0.970718
vt 0.776855 0.893188
vt 0.810547 0.893188
vt 0.810547 0.970718
vt 0.861328 0.893188
vt 0.877930 0.893188
vt 0.877930 0.970718
vt 0.861328 0.970718
vt 0.844238 0.893188
vt 0.844238 0.970718
vt 0.839355 0.893188
vt 0.827637 0.970718
vt 0.895020 0.893188
vt 0.895020 0.970718
vt 0.911621 0.893188
vt 0.911621 0.970718
vt 0.962402 0.893188
vt 0.979004 0.893188
vt 0.979004 0.970718
vt 0.962402 0.970718
vt 0.945313 0.893188
vt 0.945313 0.970718
vt 0.940430 0.893188
vt 0.928711 0.970718
vt 0.490723 0.893188
vt 0.490723 0.970718
vt 0.473877 0.970718
vt 0.473877 0.893188
vt 0.507324 0.893188
vt 0.507324 0.970718
vt 0.512207 0.893188
vt 0.524414 0.970718
vt 0.558105 0.893188
vt 0.574707 0.893188
vt 0.574707 0.970718
vt 0.558105 0.970718
vt 0.541016 0.893188
vt 0.541016 0.970718
vt 0.536133 0.893188
vt 0.591797 0.893188
vt 0.591797 0.970718
vt 0.608398 0.893188
vt 0.608398 0.970718
vt 0.659180 0.893188
vt 0.675781 0.893188
vt 0.675781 0.970718
vt 0.659180 0.970718
vt 0.642090 0.893188
vt 0.642090 0.970718
vt 0.637207 0.893188
vt 0.625488 0.970718
vt 0.692871 0.893188
vt 0.692871 0.970718
vt 0.709473 0.893188
vt 0.709473 0.970718
vt 0.760254 0.893188
vt 0.760254 0.970718
vt 0.743164 0.893188
vt 0.743164 0.970718
vt 0.738281 0.893188
vt 0.726563 0.970718
vt 0.919434 0.582275
vt 0.930176 0.549805
vt 0.933105 0.549072
vt 0.921875 0.584717
vt 0.862793 0.402832
vt 0.893066 0.424805
vt 0.890137 0.426270
vt 0.862305 0.406250
vt 0.740723 0.525391
vt 0.750977 0.557129
vt 0.674805 0.582275
vt 0.664551 0.549805
vt 0.778809 0.661621
vt 0.815918 0.661621
vt 0.818359 0.662842
vt 0.776367 0.662842
vt 0.613281 0.893188
vt 0.672852 0.584717
vt 0.661133 0.549072
vt 0.672363 0.587402
vt 0.659180 0.547119
vt 0.842285 0.490723
vt 0.815430 0.471191
vt 0.861328 0.400391
vt 0.895508 0.425293
vt 0.916504 0.893188
vt 0.843262 0.557129
vt 0.853516 0.525391
vt 0.935547 0.547119
vt 0.922363 0.587402
vt 0.815430 0.893188
vt 0.780762 0.578369
vt 0.813965 0.578369
vt 0.814453 0.658691
vt 0.780273 0.658691
vt 0.714355 0.893188
vt 0.452881 0.571289
vt 0.380859 0.519043
vt 0.496094 0.365723
vt 0.562988 0.414551
vt 0.287354 0.519043
vt 0.215454 0.571289
vt 0.105103 0.414551
vt 0.172363 0.365723
vt 0.329102 0.493164
vt 0.228760 0.354980
vt 0.186523 0.660156
vt 0.213989 0.744873
vt 0.030777 0.801270
vt 0.005100 0.722168
vt 0.454346 0.744873
vt 0.481689 0.660156
vt 0.663086 0.722168
vt 0.637695 0.801270
vt 0.289551 0.799805
vt 0.378662 0.799805
vt 0.375732 0.991470
vt 0.292480 0.991470
vt 0.240845 0.796021
vt 0.240845 0.966705
vt 0.133301 0.950287
vt 0.133301 0.965057
vt 0.066650 0.965057
vt 0.066650 0.950287
vt -0.000016 0.965057
vt -0.000016 0.950287
vt -0.066650 0.965057
vt -0.066650 0.950287
vt 0.133301 0.980362
vt 0.066650 0.980362
vt -0.000016 0.980362
vt -0.066650 0.980362
vt 0.133301 0.998785
vt 0.066650 0.998785
vt -0.000016 0.998786
vt -0.066650 0.998786
vt -0.266602 0.950287
vt -0.199951 0.950287
vt -0.199951 0.965088
vt -0.266602 0.965088
vt -0.133301 0.950287
vt -0.133301 0.965057
vt -0.199951 0.980362
vt -0.266602 0.980362
vt -0.133301 0.980362
vt -0.199951 0.998789
vt -0.266602 0.998792
vt -0.133301 0.998787
vt 0.533203 0.950317
vt 0.533203 0.965118
vt 0.466553 0.965088
vt 0.466553 0.950317
vt 0.399902 0.965088
vt 0.399902 0.950287
vt 0.333252 0.965088
vt 0.333252 0.950287
vt 0.533203 0.980408
vt 0.466553 0.980392
vt 0.399902 0.980377
vt 0.333252 0.980362
vt 0.533203 0.998838
vt 0.466553 0.998818
vt 0.399902 0.998803
vt 0.333252 0.998794
vt 0.199951 0.950287
vt 0.199951 0.965057
vt 0.266602 0.950287
vt 0.266602 0.965057
vt 0.199951 0.980362
vt 0.266602 0.980362
vt 0.199951 0.998786
vt 0.266602 0.998788
vt 0.933105 0.950287
vt 0.933105 0.965088
vt 0.866211 0.965088
vt 0.866211 0.950287
vt 0.799805 0.965088
vt 0.799805 0.950287
vt 0.732910 0.965088
vt 0.732910 0.950287
vt 0.933105 0.980392
vt 0.866211 0.980377
vt 0.799805 0.980392
vt 0.732910 0.980377
vt 0.933105 0.998819
vt 0.866211 0.998812
vt 0.799805 0.998825
vt 0.732910 0.998815
vt 0.599609 0.950317
vt 0.599609 0.965118
vt 0.666504 0.950317
vt 0.666504 0.965118
vt 0.599609 0.980408
vt 0.666504 0.980392
vt 0.599609 0.998843
vt 0.666504 0.998828
vt -0.666504 0.950317
vt -0.666504 0.965118
vt -0.732910 0.965118
vt -0.732910 0.950317
vt -0.799805 0.965118
vt -0.799805 0.950317
vt -0.866211 0.965118
vt -0.866211 0.950317
vt -0.666504 0.980408
vt -0.732910 0.980392
vt -0.799805 0.980408
vt -0.866211 0.980392
vt -0.666504 0.998837
vt -0.732910 0.998824
vt -0.799805 0.998835
vt -0.866211 0.998822
vt 0.999512 0.950287
vt 0.999512 0.965088
vt -1.000000 0.950317
vt -0.933105 0.950317
vt -0.933105 0.965118
vt -1.000000 0.965118
vt 0.999512 0.980377
vt -0.933105 0.980392
vt -1.000000 0.980392
vt 0.999512 0.998813
vt -0.933105 0.998830
vt -1.000000 0.998824
vt -0.333252 0.965088
vt -0.333252 0.950287
vt -0.399902 0.965088
vt -0.399902 0.950287
vt -0.466553 0.965118
vt -0.466553 0.950317
vt -0.333252 0.980362
vt -0.399902 0.980377
vt -0.466553 0.980392
vt -0.333252 0.998798
vt -0.399902 0.998809
vt -0.466553 0.998825
vt -0.599609 0.950317
vt -0.599609 0.965118
vt -0.533203 0.950317
vt -0.533203 0.965118
vt -0.599609 0.980423
vt -0.533203 0.980408
vt -0.599609 0.998852
vt -0.533203 0.998845
vt 0.133301 0.704590
vt 0.066650 0.704590
vt 0.066650 0.689697
vt 0.133301 0.689697
vt -0.000016 0.704590
vt -0.000016 0.689697
vt -0.066650 0.689697
vt -0.066650 0.704590
vt 0.066650 0.674316
vt 0.133301 0.674316
vt -0.000016 0.674316
vt -0.066650 0.674316
vt 0.066650 0.656006
vt 0.133301 0.656006
vt -0.000016 0.656006
vt -0.066650 0.656006
vt -0.266602 0.704590
vt -0.266602 0.689697
vt -0.199951 0.689697
vt -0.199951 0.704590
vt -0.133301 0.689697
vt -0.133301 0.704590
vt -0.266602 0.674316
vt -0.199951 0.674316
vt -0.133301 0.674316
vt -0.266602 0.656006
vt -0.199951 0.656006
vt -0.133301 0.656006
vt 0.533203 0.704346
vt 0.466553 0.704346
vt 0.466553 0.689697
vt 0.533203 0.689697
vt 0.399902 0.704590
vt 0.399902 0.689697
vt 0.333252 0.689697
vt 0.333252 0.704590
vt 0.466553 0.674316
vt 0.533203 0.674316
vt 0.399902 0.674316
vt 0.333252 0.674316
vt 0.466553 0.656006
vt 0.533203 0.656006
vt 0.399902 0.656006
vt 0.333252 0.656006
vt 0.199951 0.689697
vt 0.199951 0.704590
vt 0.266602 0.689697
vt 0.266602 0.704590
vt 0.199951 0.674316
vt 0.266602 0.674316
vt 0.199951 0.656006
vt 0.266602 0.656006
vt 0.933105 0.704346
vt 0.866211 0.704346
vt 0.866211 0.689697
vt 0.933105 0.689697
vt 0.799805 0.704346
vt 0.799805 0.689697
vt 0.732910 0.689697
vt 0.732910 0.704346
vt 0.866211 0.674316
vt 0.933105 0.674316
vt 0.799805 0.674316
vt 0.732910 0.674316
vt 0.866211 0.656006
vt 0.933105 0.656006
vt 0.799805 0.656006
vt 0.732910 0.656006
vt 0.599609 0.689697
vt 0.599609 0.704346
vt 0.666504 0.689697
vt 0.666504 0.704346
vt 0.599609 0.674316
vt 0.666504 0.674316
vt 0.599609 0.656006
vt 0.666504 0.656006
vt -0.666504 0.704346
vt -0.732910 0.704346
vt -0.732910 0.689697
vt -0.666504 0.689697
vt -0.799805 0.704346
vt -0.799805 0.689697
vt -0.866211 0.689697
vt -0.866211 0.704590
vt -0.732910 0.674316
vt -0.666504 0.674316
vt -0.799805 0.674316
vt -0.866211 0.674316
vt -0.732910 0.656006
vt -0.666504 0.656006
vt -0.799805 0.656006
vt -0.866211 0.656006
vt 0.999512 0.689697
vt 0.999512 0.704346
vt -1.000000 0.704590
vt -1.000000 0.689697
vt -0.933105 0.689697
vt -0.933105 0.704346
vt 0.999512 0.674316
vt -1.000000 0.674316
vt -0.933105 0.674316
vt 0.999512 0.656006
vt -1.000000 0.656006
vt -0.933105 0.656006
vt -0.333252 0.704590
vt -0.333252 0.689697
vt -0.399902 0.704590
vt -0.399902 0.689697
vt -0.466553 0.689697
vt -0.466553 0.704346
vt -0.333252 0.674316
vt -0.399902 0.674316
vt -0.466553 0.674316
vt -0.333252 0.656006
vt -0.399902 0.656006
vt -0.466553 0.656006
vt -0.599609 0.689697
vt -0.599609 0.704346
vt -0.533203 0.689697
vt -0.533203 0.704346
vt -0.599609 0.674316
vt -0.533203 0.674316
vt -0.599609 0.656006
vt -0.533203 0.656006
vt 0.512695 0.263672
vt 0.443848 0.263672
vt 0.461182 0.233887
vt 0.495605 0.233887
vt 0.409424 0.204102
vt 0.443848 0.204102
vt 0.443848 0.144531
vt 0.461182 0.174316
vt 0.512695 0.144531
vt 0.495605 0.174316
vt 0.547363 0.204102
vt 0.512695 0.204102
vt 0.607910 0.175293
vt 0.696777 0.329590
vt 0.607910 0.329590
vt 0.563477 0.252441
vt 0.741211 0.252441
vt 0.696777 0.175293
vt 0.410400 0.302734
vt 0.470215 0.290527
vt 0.529785 0.302734
vt 0.359619 0.557129
vt 0.325684 0.506592
vt 0.614258 0.506592
vt 0.580566 0.557129
vt 0.679688 0.402832
vt 0.679688 0.522461
vt 0.667480 0.462891
vt 0.325684 0.387207
vt 0.359619 0.336426
vt 0.580566 0.336426
vt 0.614258 0.387207
vt 0.626465 0.446777
vt 0.313965 0.446777
vt 0.470215 0.603027
vt 0.410400 0.591064
vt 0.529785 0.591064
vt 0.764160 0.318359
vt 0.764160 0.607178
vt 0.713379 0.573242
vt 0.713379 0.352539
vt 0.883789 0.318359
vt 0.883789 0.607178
vt 0.823730 0.618896
vt 0.823730 0.306641
vt 0.979980 0.462891
vt 0.968262 0.522461
vt 0.968262 0.402832
vt 0.934570 0.352539
vt 0.934570 0.573242
vt 0.500977 0.022461
vt 0.500977 0.116699
vt 0.384277 0.022461
vt 0.384277 0.116699
vt 0.137573 0.116699
vt 0.137573 0.022461
vt 0.020538 0.022461
vt 0.020554 0.116699
vt 0.865234 0.022461
vt 0.865234 0.116699
vt 0.618164 0.116699
vt 0.618164 0.022461
vt 0.489502 0.022461
vt 0.489502 0.116699
vt 0.970215 0.022461
vt 0.970215 0.116699
vt 0.032318 0.022461
vt 0.513184 0.116699
vt 0.513184 0.022461
vt 0.032318 0.116699
vt 0.981934 0.022461
vt 0.981934 0.116699
vt 0.167725 0.211914
vt 0.158813 0.212402
vt 0.163574 0.147461
vt 0.154785 0.147949
vt 0.089661 0.551514
vt 0.090332 0.551514
vt 0.267334 0.617188
vt 0.330322 0.554443
vt 0.343262 0.585693
vt 0.298828 0.630127
vt 0.345703 0.294434
vt 0.298340 0.179688
vt 0.345703 0.179688
vt 0.379395 0.260742
vt 0.379395 0.213379
vt 0.330322 0.617188
vt 0.254395 0.585693
vt 0.267334 0.554443
vt 0.298828 0.541260
vt 0.298340 0.294434
vt 0.264648 0.260742
vt 0.264648 0.213379
vt 0.081604 0.302246
vt 0.084534 0.299316
vt 0.108765 0.321289
vt 0.106445 0.324219
vt 0.061981 0.274902
vt 0.065308 0.272949
vt 0.052032 0.243164
vt 0.048370 0.244629
vt 0.041443 0.178223
vt 0.048401 0.145508
vt 0.052094 0.146973
vt 0.045288 0.178711
vt 0.041412 0.211914
vt 0.045288 0.211426
vt 0.061981 0.115234
vt 0.065308 0.117188
vt 0.081604 0.087891
vt 0.084534 0.090820
vt 0.108765 0.068848
vt 0.106445 0.065430
vt 0.167236 0.038574
vt 0.200439 0.035156
vt 0.200439 0.039063
vt 0.167969 0.042480
vt 0.135376 0.048828
vt 0.136963 0.052246
vt 0.233643 0.038574
vt 0.232910 0.042480
vt 0.265381 0.048828
vt 0.263916 0.052246
vt 0.292236 0.068848
vt 0.294434 0.065430
vt 0.338867 0.115234
vt 0.352539 0.145508
vt 0.348877 0.146973
vt 0.335693 0.117188
vt 0.319336 0.087891
vt 0.316406 0.090820
vt 0.359375 0.178223
vt 0.355713 0.178711
vt 0.359375 0.211914
vt 0.355713 0.211426
vt 0.348877 0.243164
vt 0.352539 0.244629
vt 0.319336 0.302246
vt 0.294434 0.324219
vt 0.292236 0.321289
vt 0.316406 0.299316
vt 0.338867 0.274902
vt 0.335693 0.272949
vt 0.265381 0.341309
vt 0.263916 0.337891
vt 0.233643 0.351563
vt 0.232910 0.347656
vt 0.200439 0.351074
vt 0.200439 0.354980
vt 0.135376 0.341309
vt 0.136963 0.337891
vt 0.167236 0.351563
vt 0.167969 0.347656
vt 0.092896 0.291992
vt 0.115417 0.312012
vt 0.075073 0.267578
vt 0.071350 0.259766
vt 0.062622 0.239746
vt 0.093750 0.291016
vt 0.116089 0.311035
vt 0.076111 0.267090
vt 0.072693 0.259277
vt 0.065491 0.238770
vt 0.072998 0.256836
vt 0.063904 0.239258
vt 0.074524 0.254395
vt 0.080933 0.250977
vt 0.063660 0.221191
vt 0.070801 0.220215
vt 0.062805 0.150391
vt 0.056519 0.180176
vt 0.056488 0.209961
vt 0.057983 0.218750
vt 0.059479 0.218262
vt 0.061188 0.220215
vt 0.063904 0.150879
vt 0.057678 0.180176
vt 0.057678 0.209961
vt 0.075073 0.122559
vt 0.092896 0.098145
vt 0.098999 0.092285
vt 0.115295 0.077637
vt 0.076111 0.123047
vt 0.093750 0.099121
vt 0.100098 0.093262
vt 0.117065 0.080078
vt 0.102539 0.092773
vt 0.116089 0.079102
vt 0.105103 0.093750
vt 0.110229 0.098633
vt 0.133423 0.072754
vt 0.136719 0.079590
vt 0.200439 0.050293
vt 0.170410 0.053223
vt 0.141602 0.062988
vt 0.134033 0.066895
vt 0.134766 0.068359
vt 0.133545 0.070313
vt 0.200439 0.051270
vt 0.170654 0.054688
vt 0.142090 0.063965
vt 0.230591 0.053223
vt 0.259277 0.062988
vt 0.266846 0.066895
vt 0.285645 0.077637
vt 0.230347 0.054688
vt 0.258789 0.063965
vt 0.266113 0.068359
vt 0.283936 0.080078
vt 0.267334 0.070313
vt 0.284912 0.079102
vt 0.267334 0.072754
vt 0.264160 0.079590
vt 0.295898 0.093750
vt 0.290771 0.098633
vt 0.338135 0.150391
vt 0.325928 0.122559
vt 0.308105 0.098145
vt 0.302002 0.092285
vt 0.300781 0.093262
vt 0.298340 0.092773
vt 0.336914 0.150879
vt 0.324707 0.123047
vt 0.307129 0.099121
vt 0.344482 0.180176
vt 0.344482 0.209961
vt 0.343018 0.218750
vt 0.338379 0.239746
vt 0.343262 0.180176
vt 0.343262 0.209961
vt 0.341553 0.218262
vt 0.335449 0.238770
vt 0.339844 0.220215
vt 0.336914 0.239258
vt 0.337158 0.221191
vt 0.330078 0.220215
vt 0.326416 0.254395
vt 0.320068 0.250977
vt 0.285400 0.312012
vt 0.308105 0.291992
vt 0.325928 0.267578
vt 0.329590 0.259766
vt 0.328125 0.259277
vt 0.327881 0.256836
vt 0.284912 0.311035
vt 0.307129 0.291016
vt 0.324707 0.267090
vt 0.259277 0.327148
vt 0.230591 0.336914
vt 0.222168 0.337891
vt 0.200439 0.340332
vt 0.258789 0.326172
vt 0.230347 0.335449
vt 0.221924 0.336426
vt 0.200439 0.336914
vt 0.219604 0.335449
vt 0.200439 0.338867
vt 0.218018 0.333008
vt 0.216797 0.326172
vt 0.182861 0.333008
vt 0.184082 0.326172
vt 0.141602 0.327148
vt 0.170288 0.336914
vt 0.178833 0.337891
vt 0.179077 0.336426
vt 0.181274 0.335449
vt 0.142090 0.326172
vt 0.170654 0.335449
vt 0.200439 0.194824
vt 0.226929 0.231445
vt 0.214355 0.237793
vt 0.200439 0.240234
vt 0.236816 0.221680
vt 0.243164 0.208984
vt 0.245361 0.194824
vt 0.243164 0.181152
vt 0.236816 0.168457
vt 0.226929 0.158691
vt 0.214355 0.152344
vt 0.200439 0.149902
vt 0.186523 0.152344
vt 0.174072 0.158691
vt 0.164063 0.168457
vt 0.157715 0.181152
vt 0.155518 0.194824
vt 0.157715 0.208984
vt 0.164063 0.221680
vt 0.174072 0.231445
vt 0.186523 0.237793
vt 0.372559 0.711670
vt 0.396973 0.745361
vt 0.367188 0.760376
vt 0.354248 0.720947
vt 0.386963 0.697266
vt 0.420654 0.721680
vt 0.396240 0.678955
vt 0.435791 0.691895
vt 0.399414 0.658691
vt 0.440918 0.658691
vt 0.396240 0.638672
vt 0.435791 0.625732
vt 0.386963 0.620361
vt 0.420654 0.595947
vt 0.372559 0.605957
vt 0.396973 0.572266
vt 0.354248 0.596680
vt 0.367188 0.557129
vt 0.334229 0.593506
vt 0.334229 0.552002
vt 0.313965 0.596680
vt 0.301025 0.557129
vt 0.295654 0.605957
vt 0.271240 0.572266
vt 0.281250 0.620361
vt 0.247681 0.595947
vt 0.271973 0.638672
vt 0.232544 0.625732
vt 0.268799 0.658691
vt 0.227295 0.658691
vt 0.271973 0.678955
vt 0.232544 0.691895
vt 0.281250 0.697266
vt 0.247681 0.721680
vt 0.295654 0.711670
vt 0.271240 0.745361
vt 0.313965 0.720947
vt 0.301025 0.760376
vt 0.334229 0.724121
vt 0.334229 0.765625
vt 0.251465 0.204102
vt 0.251465 0.141602
vt 0.280518 0.141602
vt 0.280518 0.204102
vt 0.222656 0.204102
vt 0.222656 0.141602
vt 0.193726 0.204102
vt 0.193726 0.141602
vt 0.164795 0.204102
vt 0.164795 0.141602
vt 0.135986 0.204102
vt 0.135986 0.141602
vt 0.107056 0.204102
vt 0.107056 0.141602
vt 0.078125 0.204102
vt 0.078125 0.141602
vt 0.049194 0.204102
vt 0.049194 0.141602
vt 0.020279 0.204102
vt 0.020279 0.141602
vt 0.569824 0.204102
vt 0.569824 0.141602
vt 0.598633 0.141602
vt 0.598633 0.204102
vt 0.540527 0.204102
vt 0.540527 0.141602
vt 0.511719 0.204102
vt 0.511719 0.141602
vt 0.482910 0.204102
vt 0.482910 0.141602
vt 0.454102 0.204102
vt 0.454102 0.141602
vt 0.425049 0.204102
vt 0.425049 0.141602
vt 0.396240 0.204102
vt 0.396240 0.141602
vt 0.367188 0.204102
vt 0.367188 0.141602
vt 0.338379 0.204102
vt 0.338379 0.141602
vt 0.309326 0.204102
vt 0.309326 0.141602
vt 0.367188 0.018555
vt 0.367188 0.123047
vt 0.338379 0.123047
vt 0.338379 0.018555
vt 0.396240 0.018555
vt 0.396240 0.123047
vt 0.425049 0.018555
vt 0.425049 0.123047
vt 0.454102 0.018555
vt 0.454102 0.123047
vt 0.482910 0.018555
vt 0.482910 0.123047
vt 0.511719 0.018555
vt 0.511719 0.123047
vt 0.540527 0.018555
vt 0.540527 0.123047
vt 0.569824 0.018555
vt 0.569824 0.123047
vt 0.598633 0.018555
vt 0.598633 0.123047
vt 0.049194 0.018555
vt 0.049194 0.123047
vt 0.020279 0.123047
vt 0.020279 0.018555
vt 0.078125 0.018555
vt 0.078125 0.123047
vt 0.107056 0.018555
vt 0.107056 0.123047
vt 0.135986 0.018555
vt 0.135986 0.123047
vt 0.164795 0.018555
vt 0.164795 0.123047
vt 0.193726 0.018555
vt 0.193726 0.123047
vt 0.222656 0.018555
vt 0.222656 0.123047
vt 0.251465 0.018555
vt 0.251465 0.123047
vt 0.280518 0.018555
vt 0.280518 0.123047
vt 0.309326 0.018555
vt 0.309326 0.123047
vt 0.253662 0.326172
vt 0.253662 0.291992
vt 0.282471 0.291992
vt 0.282471 0.326172
vt 0.224976 0.326172
vt 0.224976 0.291992
vt 0.196167 0.326172
vt 0.196167 0.291992
vt 0.167358 0.326172
vt 0.167358 0.291992
vt 0.138550 0.326172
vt 0.138550 0.291992
vt 0.109680 0.326172
vt 0.109680 0.291992
vt 0.080872 0.326172
vt 0.080872 0.291992
vt 0.052063 0.326172
vt 0.052063 0.291992
vt 0.023254 0.326172
vt 0.023254 0.291992
vt 0.570801 0.326172
vt 0.570801 0.291992
vt 0.599609 0.291992
vt 0.599609 0.326172
vt 0.541992 0.326172
vt 0.541992 0.291992
vt 0.513184 0.326172
vt 0.513184 0.291992
vt 0.484375 0.326172
vt 0.484375 0.291992
vt 0.455566 0.326172
vt 0.455566 0.291992
vt 0.426758 0.326172
vt 0.426758 0.291992
vt 0.397949 0.326172
vt 0.397949 0.291992
vt 0.369141 0.326172
vt 0.369141 0.291992
vt 0.340332 0.326172
vt 0.340332 0.291992
vt 0.311279 0.326172
vt 0.311279 0.291992
vt 0.253662 0.280762
vt 0.282471 0.280762
vt 0.224976 0.280762
vt 0.196167 0.280762
vt 0.167358 0.280762
vt 0.138550 0.280762
vt 0.109680 0.280762
vt 0.080872 0.280762
vt 0.052063 0.280762
vt 0.023254 0.280762
vt 0.570801 0.280762
vt 0.599609 0.280762
vt 0.541992 0.280762
vt 0.513184 0.280762
vt 0.484375 0.280762
vt 0.455566 0.280762
vt 0.426758 0.280762
vt 0.397949 0.280762
vt 0.369141 0.280762
vt 0.340332 0.280762
vt 0.311279 0.280762
vt 0.253662 0.219727
vt 0.282471 0.219727
vt 0.224976 0.219727
vt 0.196167 0.219727
vt 0.167358 0.219727
vt 0.138550 0.219727
vt 0.109680 0.219727
vt 0.080872 0.219727
vt 0.052063 0.219727
vt 0.023254 0.219727
vt 0.570801 0.219727
vt 0.599609 0.219727
vt 0.541992 0.219727
vt 0.513184 0.219727
vt 0.484375 0.219727
vt 0.455566 0.219727
vt 0.426758 0.219727
vt 0.397949 0.219727
vt 0.369141 0.219727
vt 0.340332 0.219727
vt 0.311279 0.219727
vt 0.745117 0.229492
vt 0.745117 0.199707
vt 0.802734 0.199707
vt 0.802734 0.229492
vt 0.688477 0.229492
vt 0.686035 0.199707
vt 0.666992 0.199707
vt 0.675293 0.229492
vt 0.860352 0.285645
vt 0.802734 0.285645
vt 0.802734 0.255859
vt 0.860352 0.255859
vt 0.916992 0.285645
vt 0.918945 0.255859
vt 0.938477 0.255859
vt 0.930176 0.285645
vt 0.745117 0.285645
vt 0.745117 0.255859
vt 0.688477 0.285645
vt 0.686035 0.255859
vt 0.666992 0.255859
vt 0.675293 0.285645
vt 0.860352 0.113770
vt 0.802734 0.113770
vt 0.802734 0.083984
vt 0.860352 0.083984
vt 0.916992 0.113770
vt 0.918945 0.083984
vt 0.938477 0.083984
vt 0.930176 0.113770
vt 0.745117 0.113770
vt 0.745117 0.083984
vt 0.688477 0.113770
vt 0.686035 0.083984
vt 0.666992 0.083984
vt 0.675293 0.113770
vt 0.860352 0.062012
vt 0.802734 0.062012
vt 0.802734 0.032227
vt 0.860352 0.032227
vt 0.916992 0.062012
vt 0.918945 0.032227
vt 0.938477 0.032227
vt 0.930176 0.062012
vt 0.745117 0.062012
vt 0.745117 0.032227
vt 0.688477 0.062012
vt 0.686035 0.032227
vt 0.666992 0.032227
vt 0.675293 0.062012
vt 0.860352 0.168945
vt 0.802734 0.168945
vt 0.802734 0.139160
vt 0.860352 0.139160
vt 0.916992 0.168945
vt 0.918945 0.139160
vt 0.938477 0.139160
vt 0.930176 0.168945
vt 0.745117 0.168945
vt 0.745117 0.139160
vt 0.688477 0.168945
vt 0.686035 0.139160
vt 0.666992 0.139160
vt 0.675293 0.168945
vt 0.860352 0.229492
vt 0.860352 0.199707
vt 0.916992 0.229492
vt 0.918945 0.199707
vt 0.938477 0.199707
vt 0.930176 0.229492
vt 0.669922 0.229492
vt 0.658203 0.199707
vt 0.662598 0.229492
vt 0.646973 0.199707
vt 0.641113 0.229492
vt 0.935547 0.285645
vt 0.947266 0.255859
vt 0.942383 0.285645
vt 0.958496 0.255859
vt 0.964355 0.285645
vt 0.669922 0.285645
vt 0.658203 0.255859
vt 0.662598 0.285645
vt 0.646973 0.255859
vt 0.641113 0.285645
vt 0.935547 0.113770
vt 0.947266 0.083984
vt 0.942383 0.113770
vt 0.958496 0.083984
vt 0.964355 0.113770
vt 0.669922 0.113770
vt 0.658203 0.083984
vt 0.662598 0.113770
vt 0.646973 0.083984
vt 0.641113 0.113770
vt 0.935547 0.062012
vt 0.947266 0.032227
vt 0.942383 0.062012
vt 0.958496 0.032227
vt 0.964355 0.062012
vt 0.669922 0.062012
vt 0.658203 0.032227
vt 0.662598 0.062012
vt 0.646973 0.032227
vt 0.641113 0.062012
vt 0.935547 0.168945
vt 0.947266 0.139160
vt 0.942383 0.168945
vt 0.958496 0.139160
vt 0.964355 0.168945
vt 0.669922 0.168945
vt 0.658203 0.139160
vt 0.662598 0.168945
vt 0.646973 0.139160
vt 0.641113 0.168945
vt 0.935547 0.229492
vt 0.947266 0.199707
vt 0.942383 0.229492
vt 0.958496 0.199707
vt 0.964355 0.229492
vt 0.974609 0.504150
vt 0.957520 0.505859
vt 0.950195 0.473145
vt 0.966797 0.467773
vt 0.974609 0.541504
vt 0.957520 0.539551
vt 0.966797 0.578125
vt 0.950195 0.572754
vt 0.929688 0.642578
vt 0.901855 0.667480
vt 0.891602 0.653320
vt 0.916992 0.630859
vt 0.951660 0.612305
vt 0.936523 0.603516
vt 0.833984 0.348145
vt 0.830566 0.365234
vt 0.796875 0.361328
vt 0.796875 0.344238
vt 0.869629 0.359375
vt 0.862305 0.375488
vt 0.901855 0.378418
vt 0.891602 0.392090
vt 0.951660 0.433594
vt 0.936523 0.442383
vt 0.929688 0.403320
vt 0.916992 0.415039
vt 0.642090 0.433594
vt 0.657227 0.442383
vt 0.643066 0.473145
vt 0.626953 0.467773
vt 0.664063 0.403320
vt 0.676758 0.415039
vt 0.691895 0.378418
vt 0.702148 0.392090
vt 0.759766 0.348145
vt 0.763184 0.365234
vt 0.724121 0.359375
vt 0.730957 0.375488
vt 0.664063 0.642578
vt 0.676758 0.630859
vt 0.702148 0.653320
vt 0.691895 0.667480
vt 0.642090 0.612305
vt 0.657227 0.603516
vt 0.626953 0.578125
vt 0.643066 0.572754
vt 0.619141 0.504150
vt 0.636230 0.505859
vt 0.619141 0.541504
vt 0.636230 0.539551
vt 0.869629 0.686279
vt 0.862305 0.670166
vt 0.833984 0.697754
vt 0.830566 0.680664
vt 0.796875 0.701660
vt 0.796875 0.684326
vt 0.724121 0.686279
vt 0.730957 0.670166
vt 0.759766 0.697754
vt 0.763184 0.680664
vt 0.779297 0.471191
vt 0.751953 0.490723
vt 0.704590 0.426270
vt 0.731934 0.406250
vt 0.342041 0.495605
vt 0.442383 0.357422
vt 0.490234 0.603027
vt 0.590332 0.464844
vt 0.180908 0.601074
vt 0.080566 0.462891
vt 0.231567 0.786743
vt 0.069214 0.839600
vt 0.174927 0.612549
vt 0.012634 0.665283
vt 0.492188 0.615967
vt 0.654297 0.668701
vt 0.435547 0.790161
vt 0.597656 0.842896
vt 0.424072 0.796021
vt 0.424072 0.966705
vt 0.701660 0.424805
vt 0.731934 0.402832
vt 0.698730 0.425293
vt 0.732910 0.400391
s 1
usemtl 5b395f45_dds
f 1/1/1 2/2/1 3/3/1
f 1/1/1 3/3/1 4/4/1
f 5/2/2 6/5/3 7/6/2
f 5/2/2 7/6/2 8/3/2
f 9/5/4 10/7/4 11/8/4
f 9/5/4 11/8/4 12/6/4
f 15/9/5 16/10/6 17/11/5
f 15/9/5 17/11/5 18/12/7
f 19/1/8 20/2/9 21/3/8
f 19/1/8 21/3/8 22/4/8
f 23/2/2 24/5/3 25/6/2
f 23/2/2 25/6/2 26/3/2
f 27/5/10 28/7/10 29/8/11
f 27/5/10 29/8/11 30/6/12
f 31/7/13 32/9/13 33/12/13
f 31/7/13 33/12/13 34/8/14
f 35/9/15 36/10/15 37/11/15
f 35/9/15 37/11/15 38/12/6
f 41/2/3 42/5/2 43/6/3
f 41/2/3 43/6/3 44/3/16
f 45/5/10 46/7/10 47/8/10
f 45/5/10 47/8/10 48/6/10
f 49/9/5 50/10/6 51/11/5
f 49/9/5 51/11/5 52/12/5
f 53/1/1 54/2/1 55/3/9
f 53/1/1 55/3/9 56/4/8
f 57/5/4 58/7/10 59/8/4
f 57/5/4 59/8/4 60/6/4
f 61/7/13 62/9/13 63/12/14
f 61/7/13 63/12/14 64/8/17
f 65/9/5 66/10/6 67/11/5
f 65/9/5 67/11/5 68/12/7
f 69/1/1 70/2/1 71/3/1
f 69/1/1 71/3/1 72/4/1
f 73/2/18 74/5/18 75/6/18
f 73/2/18 75/6/18 76/3/18
f 77/5/10 78/7/10 79/8/10
f 77/5/10 79/8/10 80/6/10
f 81/7/13 82/9/13 83/12/13
f 81/7/13 83/12/13 84/8/13
f 85/9/15 86/10/15 87/11/15
f 85/9/15 87/11/15 88/12/7
f 89/1/7 90/2/7 91/3/7
f 89/1/7 91/3/7 92/4/15
f 93/2/19 94/5/19 95/6/19
f 93/2/19 95/6/19 96/3/19
f 99/7/16 100/9/16 101/12/16
f 99/7/16 101/12/16 102/8/2
f 103/9/4 104/10/4 105/11/4
f 103/9/4 105/11/4 106/12/10
f 107/13/20 108/14/21 109/15/22
f 107/13/20 109/15/22 110/16/20
f 108/14/21 111/17/23 112/18/24
f 108/14/21 112/18/24 109/15/22
f 111/17/23 113/19/19 114/20/19
f 111/17/23 114/20/19 112/18/24
f 113/19/19 115/21/25 116/22/26
f 113/19/19 116/22/26 114/20/19
f 115/21/25 117/23/27 118/24/28
f 115/21/25 118/24/28 116/22/26
f 117/23/27 119/25/29 120/26/30
f 117/23/27 120/26/30 118/24/28
f 119/25/29 121/27/31 122/28/32
f 119/25/29 122/28/32 120/26/30
f 121/27/31 123/29/33 124/30/34
f 121/27/31 124/30/34 122/28/32
f 123/29/33 125/31/35 126/32/36
f 123/29/33 126/32/36 124/30/34
f 125/31/35 127/33/37 128/34/38
f 125/31/35 128/34/38 126/32/36
f 127/33/37 129/35/4 130/36/4
f 127/33/37 130/36/4 128/34/38
f 129/35/4 131/37/39 132/38/40
f 129/35/4 132/38/40 130/36/4
f 131/37/39 133/39/41 134/40/42
f 131/37/39 134/40/42 132/38/40
f 133/39/41 135/41/43 136/42/44
f 133/39/41 136/42/44 134/40/42
f 135/41/43 137/43/45 138/44/46
f 135/41/43 138/44/46 136/42/44
f 137/43/45 139/45/47 140/46/47
f 137/43/45 140/46/47 138/44/46
f 143/47/48 144/48/49 145/49/50
f 143/47/48 145/49/50 146/50/50
f 146/50/50 145/49/50 147/51/51
f 146/50/50 147/51/51 148/52/52
f 144/48/49 143/47/48 149/53/53
f 144/48/49 149/53/53 150/54/53
f 148/52/52 147/51/51 151/55/54
f 148/52/52 151/55/54 152/56/55
f 153/57/56 154/58/57 155/59/58
f 153/57/56 155/59/58 156/60/59
f 150/54/53 149/53/53 157/61/60
f 150/54/53 157/61/60 158/62/61
f 152/56/55 151/55/54 159/63/62
f 152/56/55 159/63/62 160/64/63
f 156/60/59 155/59/58 161/65/64
f 156/60/59 161/65/64 162/66/65
f 158/62/61 157/61/60 163/67/66
f 158/62/61 163/67/66 164/68/67
f 165/69/68 166/70/69 167/71/70
f 165/69/68 167/71/70 168/72/71
f 169/73/72 170/74/73 171/75/74
f 169/73/72 171/75/74 172/76/75
f 173/77/76 174/78/77 175/79/78
f 173/77/76 175/79/78 176/80/79
f 344/244/190 345/245/191 346/246/192
f 344/244/190 346/246/192 347/247/193
f 347/247/193 346/246/192 348/248/194
f 347/247/193 348/248/194 349/249/195
f 350/250/196 351/251/197 349/249/195
f 350/250/196 349/249/195 348/248/194
f 345/245/191 352/252/198 353/253/199
f 345/245/191 353/253/199 346/246/192
f 346/246/192 353/253/199 354/254/200
f 346/246/192 354/254/200 348/248/194
f 355/255/201 350/250/196 348/248/194
f 355/255/201 348/248/194 354/254/200
f 353/253/199 352/252/198 356/256/202
f 353/253/199 356/256/202 357/257/203
f 354/254/200 353/253/199 357/257/203
f 354/254/200 357/257/203 358/258/204
f 359/259/205 355/255/201 354/254/200
f 359/259/205 354/254/200 358/258/204
f 360/260/206 361/261/207 362/262/208
f 360/260/206 362/262/208 363/263/209
f 361/261/207 364/264/210 365/265/211
f 361/261/207 365/265/211 362/262/208
f 350/250/196 365/265/211 364/264/210
f 350/250/196 364/264/210 351/251/197
f 363/263/209 362/262/208 366/266/212
f 363/263/209 366/266/212 367/267/213
f 362/262/208 365/265/211 368/268/214
f 362/262/208 368/268/214 366/266/212
f 355/255/201 368/268/214 365/265/211
f 355/255/201 365/265/211 350/250/196
f 366/266/212 369/269/215 370/270/216
f 366/266/212 370/270/216 367/267/213
f 368/268/214 371/271/217 369/269/215
f 368/268/214 369/269/215 366/266/212
f 359/259/205 371/271/217 368/268/214
f 359/259/205 368/268/214 355/255/201
f 372/272/218 373/273/219 374/274/220
f 372/272/218 374/274/220 375/275/221
f 375/275/221 374/274/220 376/276/222
f 375/275/221 376/276/222 377/277/223
f 378/278/224 379/279/225 377/277/223
f 378/278/224 377/277/223 376/276/222
f 373/273/219 380/280/226 381/281/227
f 373/273/219 381/281/227 374/274/220
f 374/274/220 381/281/227 382/282/228
f 374/274/220 382/282/228 376/276/222
f 383/283/229 378/278/224 376/276/222
f 383/283/229 376/276/222 382/282/228
f 381/281/227 380/280/226 384/284/230
f 381/281/227 384/284/230 385/285/231
f 382/282/228 381/281/227 385/285/231
f 382/282/228 385/285/231 386/286/232
f 387/287/233 383/283/229 382/282/228
f 387/287/233 382/282/228 386/286/232
f 344/244/190 388/288/234 389/289/235
f 344/244/190 389/289/235 345/245/191
f 388/288/234 390/290/236 391/291/237
f 388/288/234 391/291/237 389/289/235
f 378/278/224 391/291/237 390/290/236
f 378/278/224 390/290/236 379/279/225
f 345/245/191 389/289/235 392/292/238
f 345/245/191 392/292/238 352/252/198
f 389/289/235 391/291/237 393/293/239
f 389/289/235 393/293/239 392/292/238
f 383/283/229 393/293/239 391/291/237
f 383/283/229 391/291/237 378/278/224
f 392/292/238 394/294/240 356/256/202
f 392/292/238 356/256/202 352/252/198
f 393/293/239 395/295/241 394/294/240
f 393/293/239 394/294/240 392/292/238
f 387/287/233 395/295/241 393/293/239
f 387/287/233 393/293/239 383/283/229
f 396/296/242 397/297/243 398/298/244
f 396/296/242 398/298/244 399/299/245
f 399/299/245 398/298/244 400/300/246
f 399/299/245 400/300/246 401/301/247
f 402/302/248 403/303/249 401/301/247
f 402/302/248 401/301/247 400/300/246
f 397/297/243 404/304/250 405/305/251
f 397/297/243 405/305/251 398/298/244
f 398/298/244 405/305/251 406/306/252
f 398/298/244 406/306/252 400/300/246
f 407/307/253 402/302/248 400/300/246
f 407/307/253 400/300/246 406/306/252
f 405/305/251 404/304/250 408/308/254
f 405/305/251 408/308/254 409/309/255
f 406/306/252 405/305/251 409/309/255
f 406/306/252 409/309/255 410/310/256
f 411/311/257 407/307/253 406/306/252
f 411/311/257 406/306/252 410/310/256
f 372/272/218 412/312/258 413/313/259
f 372/272/218 413/313/259 373/273/219
f 412/312/258 414/314/260 415/315/261
f 412/312/258 415/315/261 413/313/259
f 402/302/248 415/315/261 414/314/260
f 402/302/248 414/314/260 403/303/249
f 373/273/219 413/313/259 416/316/262
f 373/273/219 416/316/262 380/280/226
f 413/313/259 415/315/261 417/317/263
f 413/313/259 417/317/263 416/316/262
f 407/307/253 417/317/263 415/315/261
f 407/307/253 415/315/261 402/302/248
f 416/316/262 418/318/264 384/284/230
f 416/316/262 384/284/230 380/280/226
f 417/317/263 419/319/265 418/318/264
f 417/317/263 418/318/264 416/316/262
f 411/311/257 419/319/265 417/317/263
f 411/311/257 417/317/263 407/307/253
f 420/320/266 421/321/267 422/322/268
f 420/320/266 422/322/268 423/323/269
f 423/323/269 422/322/268 424/324/270
f 423/323/269 424/324/270 425/325/271
f 426/326/272 427/327/273 425/325/271
f 426/326/272 425/325/271 424/324/270
f 421/321/267 428/328/274 429/329/275
f 421/321/267 429/329/275 422/322/268
f 422/322/268 429/329/275 430/330/276
f 422/322/268 430/330/276 424/324/270
f 431/331/277 426/326/272 424/324/270
f 431/331/277 424/324/270 430/330/276
f 429/329/275 428/328/274 432/332/278
f 429/329/275 432/332/278 433/333/279
f 430/330/276 429/329/275 433/333/279
f 430/330/276 433/333/279 434/334/280
f 435/335/281 431/331/277 430/330/276
f 435/335/281 430/330/276 434/334/280
f 396/296/242 436/336/282 437/337/283
f 396/296/242 437/337/283 397/297/243
f 438/338/284 439/339/285 440/340/286
f 438/338/284 440/340/286 441/341/287
f 426/326/272 440/340/286 439/339/285
f 426/326/272 439/339/285 427/327/273
f 397/297/243 437/337/283 442/342/288
f 397/297/243 442/342/288 404/304/250
f 441/341/287 440/340/286 443/343/289
f 441/341/287 443/343/289 444/344/290
f 431/331/277 443/343/289 440/340/286
f 431/331/277 440/340/286 426/326/272
f 442/342/288 445/345/291 408/308/254
f 442/342/288 408/308/254 404/304/250
f 443/343/289 446/346/292 447/347/293
f 443/343/289 447/347/293 444/344/290
f 435/335/281 446/346/292 443/343/289
f 435/335/281 443/343/289 431/331/277
f 360/260/206 363/263/209 448/348/294
f 360/260/206 448/348/294 449/349/295
f 449/349/295 448/348/294 450/350/296
f 449/349/295 450/350/296 451/351/297
f 452/352/298 453/353/299 451/351/297
f 452/352/298 451/351/297 450/350/296
f 363/263/209 367/267/213 454/354/300
f 363/263/209 454/354/300 448/348/294
f 448/348/294 454/354/300 455/355/301
f 448/348/294 455/355/301 450/350/296
f 456/356/302 452/352/298 450/350/296
f 456/356/302 450/350/296 455/355/301
f 454/354/300 367/267/213 370/270/216
f 454/354/300 370/270/216 457/357/303
f 455/355/301 454/354/300 457/357/303
f 455/355/301 457/357/303 458/358/304
f 459/359/305 456/356/302 455/355/301
f 459/359/305 455/355/301 458/358/304
f 420/320/266 460/360/306 461/361/307
f 420/320/266 461/361/307 421/321/267
f 460/360/306 462/362/308 463/363/309
f 460/360/306 463/363/309 461/361/307
f 452/352/298 463/363/309 462/362/308
f 452/352/298 462/362/308 453/353/299
f 421/321/267 461/361/307 464/364/310
f 421/321/267 464/364/310 428/328/274
f 461/361/307 463/363/309 465/365/311
f 461/361/307 465/365/311 464/364/310
f 456/356/302 465/365/311 463/363/309
f 456/356/302 463/363/309 452/352/298
f 464/364/310 466/366/312 432/332/278
f 464/364/310 432/332/278 428/328/274
f 465/365/311 467/367/313 466/366/312
f 465/365/311 466/366/312 464/364/310
f 459/359/305 467/367/313 465/365/311
f 459/359/305 465/365/311 456/356/302
f 468/368/314 469/369/315 470/370/316
f 468/368/314 470/370/316 471/371/317
f 469/369/315 472/372/318 473/373/319
f 469/369/315 473/373/319 470/370/316
f 474/374/320 473/373/319 472/372/318
f 474/374/320 472/372/318 475/375/321
f 471/371/317 470/370/316 476/376/322
f 471/371/317 476/376/322 477/377/323
f 470/370/316 473/373/319 478/378/324
f 470/370/316 478/378/324 476/376/322
f 479/379/325 478/378/324 473/373/319
f 479/379/325 473/373/319 474/374/320
f 476/376/322 480/380/326 481/381/327
f 476/376/322 481/381/327 477/377/323
f 478/378/324 482/382/328 480/380/326
f 478/378/324 480/380/326 476/376/322
f 483/383/329 482/382/328 478/378/324
f 483/383/329 478/378/324 479/379/325
f 484/384/330 485/385/331 486/386/332
f 484/384/330 486/386/332 487/387/333
f 487/387/333 486/386/332 488/388/334
f 487/387/333 488/388/334 489/389/335
f 474/374/320 475/375/321 489/389/335
f 474/374/320 489/389/335 488/388/334
f 485/385/331 490/390/336 491/391/337
f 485/385/331 491/391/337 486/386/332
f 486/386/332 491/391/337 492/392/338
f 486/386/332 492/392/338 488/388/334
f 479/379/325 474/374/320 488/388/334
f 479/379/325 488/388/334 492/392/338
f 491/391/337 490/390/336 493/393/339
f 491/391/337 493/393/339 494/394/340
f 492/392/338 491/391/337 494/394/340
f 492/392/338 494/394/340 495/395/341
f 483/383/329 479/379/325 492/392/338
f 483/383/329 492/392/338 495/395/341
f 496/396/342 497/397/343 498/398/344
f 496/396/342 498/398/344 499/399/345
f 497/397/343 500/400/346 501/401/347
f 497/397/343 501/401/347 498/398/344
f 502/402/348 501/401/347 500/400/346
f 502/402/348 500/400/346 503/403/349
f 499/399/345 498/398/344 504/404/350
f 499/399/345 504/404/350 505/405/351
f 498/398/344 501/401/347 506/406/352
f 498/398/344 506/406/352 504/404/350
f 507/407/353 506/406/352 501/401/347
f 507/407/353 501/401/347 502/402/348
f 504/404/350 508/408/354 509/409/355
f 504/404/350 509/409/355 505/405/351
f 506/406/352 510/410/356 508/408/354
f 506/406/352 508/408/354 504/404/350
f 511/411/357 510/410/356 506/406/352
f 511/411/357 506/406/352 507/407/353
f 468/368/314 471/371/317 512/412/358
f 468/368/314 512/412/358 513/413/359
f 513/413/359 512/412/358 514/414/360
f 513/413/359 514/414/360 515/415/361
f 502/402/348 503/403/349 515/415/361
f 502/402/348 515/415/361 514/414/360
f 471/371/317 477/377/323 516/416/362
f 471/371/317 516/416/362 512/412/358
f 512/412/358 516/416/362 517/417/363
f 512/412/358 517/417/363 514/414/360
f 507/407/353 502/402/348 514/414/360
f 507/407/353 514/414/360 517/417/363
f 516/416/362 477/377/323 481/381/327
f 516/416/362 481/381/327 518/418/364
f 517/417/363 516/416/362 518/418/364
f 517/417/363 518/418/364 519/419/365
f 511/411/357 507/407/353 517/417/363
f 511/411/357 517/417/363 519/419/365
f 520/420/366 521/421/367 522/422/368
f 520/420/366 522/422/368 523/423/369
f 521/421/367 524/424/370 525/425/371
f 521/421/367 525/425/371 522/422/368
f 526/426/372 525/425/371 524/424/370
f 526/426/372 524/424/370 527/427/373
f 523/423/369 522/422/368 528/428/374
f 523/423/369 528/428/374 529/429/375
f 522/422/368 525/425/371 530/430/376
f 522/422/368 530/430/376 528/428/374
f 531/431/377 530/430/376 525/425/371
f 531/431/377 525/425/371 526/426/372
f 528/428/374 532/432/378 533/433/379
f 528/428/374 533/433/379 529/429/375
f 530/430/376 534/434/380 532/432/378
f 530/430/376 532/432/378 528/428/374
f 535/435/381 534/434/380 530/430/376
f 535/435/381 530/430/376 531/431/377
f 496/396/342 499/399/345 536/436/382
f 496/396/342 536/436/382 537/437/383
f 537/437/383 536/436/382 538/438/384
f 537/437/383 538/438/384 539/439/385
f 526/426/372 527/427/373 539/439/385
f 526/426/372 539/439/385 538/438/384
f 499/399/345 505/405/351 540/440/386
f 499/399/345 540/440/386 536/436/382
f 536/436/382 540/440/386 541/441/387
f 536/436/382 541/441/387 538/438/384
f 531/431/377 526/426/372 538/438/384
f 531/431/377 538/438/384 541/441/387
f 540/440/386 505/405/351 509/409/355
f 540/440/386 509/409/355 542/442/388
f 541/441/387 540/440/386 542/442/388
f 541/441/387 542/442/388 543/443/389
f 535/435/381 531/431/377 541/441/387
f 535/435/381 541/441/387 543/443/389
f 544/444/390 545/445/391 546/446/392
f 544/444/390 546/446/392 547/447/393
f 545/445/391 548/448/394 549/449/395
f 545/445/391 549/449/395 546/446/392
f 550/450/396 549/449/395 548/448/394
f 550/450/396 548/448/394 551/451/397
f 547/447/393 546/446/392 552/452/398
f 547/447/393 552/452/398 553/453/399
f 546/446/392 549/449/395 554/454/400
f 546/446/392 554/454/400 552/452/398
f 555/455/401 554/454/400 549/449/395
f 555/455/401 549/449/395 550/450/396
f 552/452/398 556/456/402 557/457/403
f 552/452/398 557/457/403 553/453/399
f 554/454/400 558/458/404 556/456/402
f 554/454/400 556/456/402 552/452/398
f 559/459/405 558/458/404 554/454/400
f 559/459/405 554/454/400 555/455/401
f 520/420/366 523/423/369 560/460/406
f 520/420/366 560/460/406 561/461/407
f 562/462/408 563/463/409 564/464/410
f 562/462/408 564/464/410 565/465/411
f 550/450/396 551/451/397 565/465/411
f 550/450/396 565/465/411 564/464/410
f 523/423/369 529/429/375 566/466/412
f 523/423/369 566/466/412 560/460/406
f 563/463/409 567/467/413 568/468/414
f 563/463/409 568/468/414 564/464/410
f 555/455/401 550/450/396 564/464/410
f 555/455/401 564/464/410 568/468/414
f 566/466/412 529/429/375 533/433/379
f 566/466/412 533/433/379 569/469/415
f 568/468/414 567/467/413 570/470/416
f 568/468/414 570/470/416 571/471/417
f 559/459/405 555/455/401 568/468/414
f 559/459/405 568/468/414 571/471/417
f 484/384/330 572/472/418 573/473/419
f 484/384/330 573/473/419 485/385/331
f 572/472/418 574/474/420 575/475/421
f 572/472/418 575/475/421 573/473/419
f 576/476/422 575/475/421 574/474/420
f 576/476/422 574/474/420 577/477/423
f 485/385/331 573/473/419 578/478/424
f 485/385/331 578/478/424 490/390/336
f 573/473/419 575/475/421 579/479/425
f 573/473/419 579/479/425 578/478/424
f 580/480/426 579/479/425 575/475/421
f 580/480/426 575/475/421 576/476/422
f 578/478/424 581/481/427 493/393/339
f 578/478/424 493/393/339 490/390/336
f 579/479/425 582/482/428 581/481/427
f 579/479/425 581/481/427 578/478/424
f 583/483/429 582/482/428 579/479/425
f 583/483/429 579/479/425 580/480/426
f 544/444/390 547/447/393 584/484/430
f 544/444/390 584/484/430 585/485/431
f 585/485/431 584/484/430 586/486/432
f 585/485/431 586/486/432 587/487/433
f 576/476/422 577/477/423 587/487/433
f 576/476/422 587/487/433 586/486/432
f 547/447/393 553/453/399 588/488/434
f 547/447/393 588/488/434 584/484/430
f 584/484/430 588/488/434 589/489/435
f 584/484/430 589/489/435 586/486/432
f 580/480/426 576/476/422 586/486/432
f 580/480/426 586/486/432 589/489/435
f 588/488/434 553/453/399 557/457/403
f 588/488/434 557/457/403 590/490/436
f 589/489/435 588/488/434 590/490/436
f 589/489/435 590/490/436 591/491/437
f 583/483/429 580/480/426 589/489/435
f 583/483/429 589/489/435 591/491/437
f 347/247/193 469/369/315 468/368/314
f 347/247/193 468/368/314 344/244/190
f 349/249/195 472/372/318 469/369/315
f 349/249/195 469/369/315 347/247/193
f 351/251/197 475/375/321 472/372/318
f 351/251/197 472/372/318 349/249/195
f 361/261/207 360/260/206 484/384/330
f 361/261/207 484/384/330 487/387/333
f 364/264/210 361/261/207 487/387/333
f 364/264/210 487/387/333 489/389/335
f 351/251/197 364/264/210 489/389/335
f 351/251/197 489/389/335 475/375/321
f 375/275/221 497/397/343 496/396/342
f 375/275/221 496/396/342 372/272/218
f 377/277/223 500/400/346 497/397/343
f 377/277/223 497/397/343 375/275/221
f 379/279/225 503/403/349 500/400/346
f 379/279/225 500/400/346 377/277/223
f 388/288/234 344/244/190 468/368/314
f 388/288/234 468/368/314 513/413/359
f 390/290/236 388/288/234 513/413/359
f 390/290/236 513/413/359 515/415/361
f 379/279/225 390/290/236 515/415/361
f 379/279/225 515/415/361 503/403/349
f 399/299/245 521/421/367 520/420/366
f 399/299/245 520/420/366 396/296/242
f 401/301/247 524/424/370 521/421/367
f 401/301/247 521/421/367 399/299/245
f 403/303/249 527/427/373 524/424/370
f 403/303/249 524/424/370 401/301/247
f 412/312/258 372/272/218 496/396/342
f 412/312/258 496/396/342 537/437/383
f 414/314/260 412/312/258 537/437/383
f 414/314/260 537/437/383 539/439/385
f 403/303/249 414/314/260 539/439/385
f 403/303/249 539/439/385 527/427/373
f 423/323/269 545/445/391 544/444/390
f 423/323/269 544/444/390 420/320/266
f 425/325/271 548/448/394 545/445/391
f 425/325/271 545/445/391 423/323/269
f 427/327/273 551/451/397 548/448/394
f 427/327/273 548/448/394 425/325/271
f 436/336/282 396/296/242 520/420/366
f 436/336/282 520/420/366 561/461/407
f 439/339/285 438/338/284 562/462/408
f 439/339/285 562/462/408 565/465/411
f 427/327/273 439/339/285 565/465/411
f 427/327/273 565/465/411 551/451/397
f 449/349/295 572/472/418 484/384/330
f 449/349/295 484/384/330 360/260/206
f 451/351/297 574/474/420 572/472/418
f 451/351/297 572/472/418 449/349/295
f 453/353/299 577/477/423 574/474/420
f 453/353/299 574/474/420 451/351/297
f 460/360/306 420/320/266 544/444/390
f 460/360/306 544/444/390 585/485/431
f 462/362/308 460/360/306 585/485/431
f 462/362/308 585/485/431 587/487/433
f 453/353/299 462/362/308 587/487/433
f 453/353/299 587/487/433 577/477/423
f 592/492/438 593/493/439 594/494/440
f 592/492/438 594/494/440 595/495/441
f 593/493/439 596/496/442 597/497/443
f 593/493/439 597/497/443 594/494/440
f 596/496/442 598/498/444 599/499/445
f 596/496/442 599/499/445 597/497/443
f 598/498/444 600/500/446 601/501/447
f 598/498/444 601/501/447 599/499/445
f 600/500/446 602/502/448 603/503/449
f 600/500/446 603/503/449 601/501/447
f 602/502/448 592/492/438 595/495/441
f 602/502/448 595/495/441 603/503/449
f 599/499/445 594/494/440 597/497/443
f 604/504/450 605/505/81 606/506/81
f 604/504/450 606/506/81 607/507/451
f 608/508/450 605/505/81 604/504/450
f 608/508/450 604/504/450 609/509/80
f 610/492/438 611/493/439 612/494/452
f 610/492/438 612/494/452 613/495/453
f 611/493/439 614/496/442 615/497/443
f 611/493/439 615/497/443 612/494/452
f 614/496/442 616/498/454 617/499/445
f 614/496/442 617/499/445 615/497/443
f 616/498/454 618/500/455 619/501/456
f 616/498/454 619/501/456 617/499/445
f 618/500/455 620/502/457 621/503/458
f 618/500/455 621/503/458 619/501/456
f 620/502/457 610/492/438 613/495/453
f 620/502/457 613/495/453 621/503/458
f 617/499/445 612/494/452 615/497/443
f 622/504/80 623/505/80 624/506/80
f 622/504/80 624/506/80 625/507/82
f 626/508/450 623/505/80 622/504/80
f 626/508/450 622/504/80 627/509/450
f 628/492/459 629/493/460 630/494/452
f 628/492/459 630/494/452 631/495/461
f 629/493/460 632/496/462 633/497/463
f 629/493/460 633/497/463 630/494/452
f 632/496/462 634/498/454 635/499/464
f 632/496/462 635/499/464 633/497/463
f 634/498/454 636/500/446 637/501/447
f 634/498/454 637/501/447 635/499/464
f 636/500/446 638/502/457 639/503/465
f 636/500/446 639/503/465 637/501/447
f 638/502/457 628/492/459 631/495/461
f 638/502/457 631/495/461 639/503/465
f 637/501/447 631/495/461 630/494/452
f 637/501/447 630/494/452 635/499/464
f 640/504/80 641/505/80 642/506/80
f 640/504/80 642/506/80 643/507/80
f 644/508/450 641/505/80 640/504/80
f 644/508/450 640/504/80 645/509/450
f 646/492/438 647/493/466 648/494/440
f 646/492/438 648/494/440 649/495/461
f 647/493/466 650/496/462 651/497/443
f 647/493/466 651/497/443 648/494/440
f 650/496/462 652/498/454 653/499/467
f 650/496/462 653/499/467 651/497/443
f 652/498/454 654/500/455 655/501/456
f 652/498/454 655/501/456 653/499/467
f 654/500/455 656/502/457 657/503/468
f 654/500/455 657/503/468 655/501/456
f 656/502/457 646/492/438 649/495/461
f 656/502/457 649/495/461 657/503/468
f 653/499/467 648/494/440 651/497/443
f 658/504/80 659/505/81 660/506/80
f 658/504/80 660/506/80 661/507/80
f 662/508/81 659/505/81 658/504/80
f 662/508/81 658/504/80 663/509/80
f 664/492/438 665/493/469 666/494/452
f 664/492/438 666/494/452 667/495/470
f 665/493/469 668/496/462 669/497/471
f 665/493/469 669/497/471 666/494/452
f 668/496/462 670/498/472 671/499/473
f 668/496/462 671/499/473 669/497/471
f 670/498/472 672/500/446 673/501/447
f 670/498/472 673/501/447 671/499/473
f 672/500/446 674/502/457 675/503/468
f 672/500/446 675/503/468 673/501/447
f 674/502/457 664/492/438 667/495/470
f 674/502/457 667/495/470 675/503/468
f 671/499/473 666/494/452 669/497/471
f 676/504/80 677/505/81 678/506/80
f 676/504/80 678/506/80 679/507/80
f 680/508/82 677/505/81 676/504/80
f 680/508/82 676/504/80 681/509/474
f 682/492/446 683/493/457 684/494/465
f 682/492/446 684/494/465 685/495/447
f 683/493/457 686/496/438 687/497/475
f 683/493/457 687/497/475 684/494/465
f 686/496/438 688/498/439 689/499/440
f 686/496/438 689/499/440 687/497/475
f 688/498/439 690/500/476 691/501/477
f 688/498/439 691/501/477 689/499/440
f 690/500/476 692/502/478 693/503/445
f 690/500/476 693/503/445 691/501/477
f 692/502/478 682/492/446 685/495/447
f 692/502/478 685/495/447 693/503/445
f 693/503/445 689/499/440 691/501/477
f 694/504/81 695/505/81 696/506/81
f 694/504/81 696/506/81 697/507/479
f 698/508/450 695/505/81 694/504/81
f 698/508/450 694/504/81 699/509/81
f 700/510/480 701/511/480 702/512/480
f 703/513/481 704/514/481 705/515/481
f 703/513/481 705/515/481 706/516/481
f 707/517/81 708/518/80 709/519/482
f 710/520/481 711/521/480 712/522/481
f 710/520/481 712/522/481 713/523/481
f 711/521/480 700/510/480 702/512/480
f 711/521/480 702/512/480 712/522/481
f 714/524/481 705/515/481 704/514/481
f 714/524/481 704/514/481 715/525/481
f 716/526/480 717/527/480 718/528/481
f 718/528/481 717/527/480 703/513/481
f 718/528/481 703/513/481 706/516/481
f 714/524/481 715/525/481 710/520/481
f 714/524/481 710/520/481 713/523/481
f 719/529/80 720/530/80 721/531/80
f 719/529/80 721/531/80 722/532/80
f 722/532/80 721/531/80 708/518/80
f 722/532/80 708/518/80 707/517/81
f 723/533/80 724/534/80 725/535/80
f 723/533/80 725/535/80 726/536/80
f 726/536/80 725/535/80 720/530/80
f 726/536/80 720/530/80 719/529/80
f 727/537/81 728/538/81 729/539/81
f 730/540/80 731/541/81 724/534/80
f 730/540/80 724/534/80 723/533/80
f 729/539/81 728/538/81 731/541/81
f 729/539/81 731/541/81 730/540/80
f 621/503/458 613/495/453 619/501/456
f 619/501/456 613/495/453 612/494/452
f 619/501/456 612/494/452 617/499/445
f 635/499/464 630/494/452 633/497/463
f 639/503/465 631/495/461 637/501/447
f 687/497/475 685/495/447 684/494/465
f 693/503/445 685/495/447 687/497/475
f 693/503/445 687/497/475 689/499/440
f 657/503/468 649/495/461 655/501/456
f 655/501/456 649/495/461 648/494/440
f 655/501/456 648/494/440 653/499/467
f 601/501/447 595/495/441 594/494/440
f 601/501/447 594/494/440 599/499/445
f 603/503/449 595/495/441 601/501/447
f 673/501/447 667/495/470 666/494/452
f 673/501/447 666/494/452 671/499/473
f 675/503/468 667/495/470 673/501/447
f 732/542/483 733/543/484 734/543/485
f 732/542/483 734/543/485 735/542/486
f 736/544/487 737/545/488 738/546/489
f 736/544/487 738/546/489 739/547/490
f 740/548/491 741/549/492 742/549/493
f 740/548/491 742/549/493 743/548/493
f 744/550/494 745/551/495 746/552/496
f 744/550/494 746/552/496 747/553/497
f 748/545/80 749/546/80 750/546/80
f 748/545/80 750/546/80 751/545/80
f 752/547/481 753/544/480 754/544/480
f 752/547/481 754/544/480 755/547/481
f 737/545/488 736/544/487 756/554/498
f 737/545/488 756/554/498 757/555/499
f 754/544/480 753/544/480 758/554/500
f 754/544/480 758/554/500 759/554/481
f 745/551/495 744/550/494 760/556/501
f 745/551/495 760/556/501 761/557/502
f 752/547/481 755/547/481 762/558/481
f 752/547/481 762/558/481 763/558/481
f 746/552/496 764/559/503 765/560/504
f 746/552/496 765/560/504 747/553/497
f 751/545/80 766/555/80 767/555/82
f 751/545/80 767/555/82 748/545/80
f 738/546/489 768/561/505 769/558/506
f 738/546/489 769/558/506 739/547/490
f 749/546/80 770/561/81 771/561/81
f 749/546/80 771/561/81 750/546/80
f 765/560/504 764/559/503 733/543/484
f 765/560/504 733/543/484 732/542/483
f 767/555/82 766/555/80 772/543/82
f 767/555/82 772/543/82 773/543/507
f 757/555/499 756/554/498 735/542/486
f 757/555/499 735/542/486 734/543/485
f 759/554/481 758/554/500 774/542/508
f 759/554/481 774/542/508 775/542/481
f 769/558/506 768/561/505 741/549/492
f 769/558/506 741/549/492 740/548/491
f 771/561/81 770/561/81 776/549/482
f 771/561/81 776/549/482 777/549/509
f 761/557/502 760/556/501 778/562/510
f 761/557/502 778/562/510 779/563/511
f 763/558/481 762/558/481 780/548/481
f 763/558/481 780/548/481 781/548/512
f 782/66/513 783/65/514 784/68/515
f 782/66/513 784/68/515 785/67/516
f 786/49/80 787/48/81 788/78/81
f 786/49/80 788/78/81 789/69/82
f 786/49/80 789/69/82 790/74/80
f 786/49/80 790/74/80 791/51/81
f 788/78/81 787/48/81 792/54/81
f 788/78/81 792/54/81 793/58/80
f 791/51/81 790/74/80 794/564/517
f 791/51/81 794/564/517 795/55/518
f 796/74/519 797/73/519 798/565/520
f 796/74/519 798/565/520 799/564/521
f 793/58/80 792/54/81 800/62/522
f 793/58/80 800/62/522 801/59/523
f 795/55/518 794/564/517 802/566/524
f 795/55/518 802/566/524 803/63/525
f 799/564/521 798/565/520 804/567/526
f 799/564/521 804/567/526 805/566/527
f 801/59/523 800/62/522 784/68/515
f 801/59/523 784/68/515 783/65/514
f 806/74/528 807/69/529 808/72/530
f 806/74/528 808/72/530 809/75/531
f 810/78/532 811/58/533 812/568/534
f 810/78/532 812/568/534 813/79/535
f 814/58/536 815/57/537 816/569/538
f 814/58/536 816/569/538 817/568/539
f 818/570/80 819/571/80 820/572/82
f 818/570/80 820/572/82 821/573/82
f 822/574/81 823/575/450 824/576/450
f 822/574/81 824/576/450 825/577/450
f 826/574/450 827/575/80 828/576/80
f 826/574/450 828/576/80 829/577/80
f 830/574/540 831/578/81 832/577/540
f 833/574/541 834/578/542 835/577/451
f 821/573/82 820/572/82 836/579/543
f 837/580/542 838/581/540 839/582/542
f 837/580/542 839/582/542 819/571/80
f 837/580/542 819/571/80 818/570/80
f 840/583/80 841/584/544 842/575/540
f 840/583/80 842/575/540 843/576/82
f 840/583/80 843/576/82 834/578/542
f 840/583/80 834/578/542 833/574/541
f 842/575/540 841/584/544 844/585/80
f 845/583/81 846/584/542 847/575/81
f 845/583/81 847/575/81 848/576/482
f 845/583/81 848/576/482 831/578/81
f 845/583/81 831/578/81 830/574/540
f 847/575/81 846/584/542 849/585/544
f 825/577/450 824/576/450 850/578/482
f 851/585/81 852/583/542 853/584/80
f 822/574/81 852/583/542 851/585/81
f 822/574/81 851/585/81 823/575/450
f 829/577/80 828/576/80 854/578/543
f 855/585/81 856/583/450 857/584/451
f 826/574/450 856/583/450 855/585/81
f 826/574/450 855/585/81 827/575/80
usemtl 24fe1dbe_dds
f 858/586/545 859/587/546 860/588/547
f 858/586/545 860/588/547 861/589/548
f 862/590/549 863/591/550 859/587/546
f 862/590/549 859/587/546 858/586/545
f 864/592/551 863/591/550 862/590/549
f 864/592/551 862/590/549 865/593/552
f 866/594/553 867/595/554 868/596/555
f 866/594/553 868/596/555 869/597/556
f 870/598/557 866/594/553 869/597/556
f 870/598/557 869/597/556 871/599/558
f 864/592/551 865/593/552 870/598/557
f 864/592/551 870/598/557 871/599/558
f 872/600/559 873/601/560 868/596/555
f 872/600/559 868/596/555 867/595/554
f 874/602/561 875/603/562 873/601/560
f 874/602/561 873/601/560 872/600/559
f 876/604/563 875/603/562 874/602/561
f 876/604/563 874/602/561 877/605/564
f 878/606/565 879/607/566 880/608/567
f 878/606/565 880/608/567 881/609/568
f 882/610/569 878/606/565 881/609/568
f 882/610/569 881/609/568 883/611/570
f 876/604/563 877/605/564 882/610/569
f 876/604/563 882/610/569 883/611/570
f 884/612/571 885/613/572 880/608/567
f 884/612/571 880/608/567 879/607/566
f 886/614/573 887/615/574 885/613/572
f 886/614/573 885/613/572 884/612/571
f 888/616/575 887/615/574 886/614/573
f 888/616/575 886/614/573 889/617/576
f 890/618/577 891/619/578 892/620/579
f 890/618/577 892/620/579 893/621/580
f 894/622/581 890/618/577 893/621/580
f 894/622/581 893/621/580 895/623/582
f 888/616/575 889/617/576 894/622/581
f 888/616/575 894/622/581 895/623/582
f 896/624/583 897/625/583 892/620/579
f 896/624/583 892/620/579 891/619/578
f 898/626/584 899/627/584 897/625/583
f 898/626/584 897/625/583 896/624/583
f 900/628/585 899/627/584 898/626/584
f 900/628/585 898/626/584 901/629/586
f 902/630/587 903/631/588 904/632/589
f 902/630/587 904/632/589 905/633/590
f 906/634/591 902/630/587 905/633/590
f 906/634/591 905/633/590 907/635/592
f 900/628/585 901/629/586 906/634/591
f 900/628/585 906/634/591 907/635/592
f 908/636/593 909/637/594 904/632/589
f 908/636/593 904/632/589 903/631/588
f 910/638/595 911/639/596 909/637/594
f 910/638/595 909/637/594 908/636/593
f 912/640/597 911/639/596 910/638/595
f 912/640/597 910/638/595 913/641/598
f 914/642/599 861/589/548 860/588/547
f 914/642/599 860/588/547 915/643/600
f 916/644/601 914/642/599 915/643/600
f 916/644/601 915/643/600 917/645/602
f 912/640/597 913/641/598 916/644/601
f 912/640/597 916/644/601 917/645/602
f 918/588/603 919/587/604 920/646/605
f 918/588/603 920/646/605 921/647/606
f 919/587/604 922/591/607 923/648/608
f 919/587/604 923/648/608 920/646/605
f 924/649/609 922/591/607 925/592/610
f 924/649/609 925/592/610 926/650/611
f 920/646/605 927/651/612 928/652/613
f 920/646/605 928/652/613 921/647/606
f 923/648/608 929/653/614 927/651/612
f 923/648/608 927/651/612 920/646/605
f 930/654/615 929/653/614 923/648/608
f 930/654/615 923/648/608 924/649/609
f 931/655/616 932/656/617 930/654/615
f 931/655/616 930/654/615 933/657/618
f 934/658/619 932/656/617 931/655/616
f 935/659/620 934/658/619 936/660/621
f 935/659/620 936/660/621 937/661/622
f 933/657/618 930/654/615 924/649/609
f 933/657/618 924/649/609 926/650/611
f 924/649/609 923/648/608 922/591/607
f 938/596/623 939/662/624 940/663/625
f 938/596/623 940/663/625 941/597/626
f 941/597/626 940/663/625 942/664/627
f 941/597/626 942/664/627 943/599/628
f 944/665/629 926/650/611 925/592/610
f 944/665/629 925/592/610 943/599/628
f 931/655/616 933/657/618 945/666/630
f 931/655/616 945/666/630 946/667/631
f 940/663/625 939/662/624 947/668/632
f 940/663/625 947/668/632 948/669/633
f 942/664/627 940/663/625 948/669/633
f 942/664/627 948/669/633 949/670/634
f 944/665/629 942/664/627 949/670/634
f 944/665/629 949/670/634 945/666/630
f 933/657/618 926/650/611 944/665/629
f 933/657/618 944/665/629 945/666/630
f 944/665/629 943/599/628 942/664/627
f 938/596/623 950/601/635 951/671/636
f 938/596/623 951/671/636 939/662/624
f 950/601/635 952/603/637 953/672/638
f 950/601/635 953/672/638 951/671/636
f 954/673/639 952/603/637 955/604/640
f 954/673/639 955/604/640 956/674/641
f 951/671/636 957/675/642 947/668/632
f 951/671/636 947/668/632 939/662/624
f 953/672/638 958/676/643 957/675/642
f 953/672/638 957/675/642 951/671/636
f 959/677/644 958/676/643 953/672/638
f 959/677/644 953/672/638 954/673/639
f 960/678/645 961/679/646 959/677/644
f 960/678/645 959/677/644 962/680/647
f 963/681/648 961/679/646 960/678/645
f 964/682/649 963/681/648 965/683/650
f 964/682/649 965/683/650 966/684/649
f 962/680/647 959/677/644 954/673/639
f 962/680/647 954/673/639 956/674/641
f 954/673/639 953/672/638 952/603/637
f 967/608/651 968/685/652 969/686/653
f 967/608/651 969/686/653 970/609/654
f 970/609/654 969/686/653 971/687/655
f 970/609/654 971/687/655 972/611/656
f 973/688/657 956/674/641 955/604/640
f 973/688/657 955/604/640 972/611/656
f 960/678/645 962/680/647 974/689/658
f 960/678/645 974/689/658 975/690/659
f 969/686/653 968/685/652 976/691/660
f 969/686/653 976/691/660 977/692/661
f 971/687/655 969/686/653 977/692/661
f 971/687/655 977/692/661 978/693/662
f 973/688/657 971/687/655 978/693/662
f 973/688/657 978/693/662 974/689/658
f 973/688/657 972/611/656 971/687/655
f 967/608/651 979/613/663 980/694/664
f 967/608/651 980/694/664 968/685/652
f 979/613/663 981/615/665 982/695/666
f 979/613/663 982/695/666 980/694/664
f 983/696/667 981/615/665 984/616/668
f 983/696/667 984/616/668 985/697/669
f 980/694/664 986/698/670 976/691/660
f 980/694/664 976/691/660 968/685/652
f 982/695/666 987/699/671 986/698/670
f 982/695/666 986/698/670 980/694/664
f 988/700/672 987/699/671 982/695/666
f 988/700/672 982/695/666 983/696/667
f 989/701/673 990/702/674 988/700/672
f 989/701/673 988/700/672 991/703/675
f 992/704/676 990/702/674 989/701/673
f 993/705/677 992/704/676 994/706/678
f 993/705/677 994/706/678 995/707/677
f 991/703/675 988/700/672 983/696/667
f 991/703/675 983/696/667 985/697/669
f 983/696/667 982/695/666 981/615/665
f 996/620/679 997/708/680 998/709/681
f 996/620/679 998/709/681 999/621/682
f 999/621/682 998/709/681 1000/710/683
f 999/621/682 1000/710/683 1001/623/684
f 1002/711/685 985/697/669 984/616/668
f 1002/711/685 984/616/668 1001/623/684
f 989/701/673 991/703/675 1003/712/686
f 989/701/673 1003/712/686 1004/713/687
f 998/709/681 997/708/680 1005/714/688
f 998/709/681 1005/714/688 1006/715/689
f 1000/710/683 998/709/681 1006/715/689
f 1000/710/683 1006/715/689 1007/716/690
f 1002/711/685 1000/710/683 1007/716/690
f 1002/711/685 1007/716/690 1003/712/686
f 991/703/675 985/697/669 1002/711/685
f 991/703/675 1002/711/685 1003/712/686
f 1002/711/685 1001/623/684 1000/710/683
f 996/620/679 1008/625/691 1009/717/692
f 996/620/679 1009/717/692 997/708/680
f 1008/625/691 1010/627/693 1011/718/694
f 1008/625/691 1011/718/694 1009/717/692
f 1012/719/695 1010/627/693 1013/628/696
f 1012/719/695 1013/628/696 1014/720/697
f 1009/717/692 1015/721/698 1005/714/688
f 1009/717/692 1005/714/688 997/708/680
f 1011/718/694 1016/722/699 1015/721/698
f 1011/718/694 1015/721/698 1009/717/692
f 1017/723/700 1016/722/699 1011/718/694
f 1017/723/700 1011/718/694 1012/719/695
f 1018/724/701 1019/725/702 1017/723/700
f 1018/724/701 1017/723/700 1020/726/703
f 1021/727/704 1019/725/702 1018/724/701
f 1022/728/705 1021/727/704 1023/729/706
f 1022/728/705 1023/729/706 1024/730/705
f 1020/726/703 1017/723/700 1012/719/695
f 1020/726/703 1012/719/695 1014/720/697
f 1012/719/695 1011/718/694 1010/627/693
f 1025/632/707 1026/731/708 1027/732/709
f 1025/632/707 1027/732/709 1028/633/710
f 1028/633/710 1027/732/709 1029/733/711
f 1028/633/710 1029/733/711 1030/635/712
f 1031/734/713 1014/720/697 1013/628/696
f 1031/734/713 1013/628/696 1030/635/712
f 1018/724/701 1020/726/703 1032/735/714
f 1018/724/701 1032/735/714 1033/736/715
f 1027/732/709 1026/731/708 1034/737/716
f 1027/732/709 1034/737/716 1035/738/717
f 1029/733/711 1027/732/709 1035/738/717
f 1029/733/711 1035/738/717 1036/739/718
f 1031/734/713 1029/733/711 1036/739/718
f 1031/734/713 1036/739/718 1032/735/714
f 1020/726/703 1014/720/697 1031/734/713
f 1020/726/703 1031/734/713 1032/735/714
f 1031/734/713 1030/635/712 1029/733/711
f 1025/632/707 1037/637/719 1038/740/720
f 1025/632/707 1038/740/720 1026/731/708
f 1037/637/719 1039/639/721 1040/741/722
f 1037/637/719 1040/741/722 1038/740/720
f 1041/742/723 1039/639/721 1042/640/724
f 1041/742/723 1042/640/724 1043/743/725
f 1038/740/720 1044/744/726 1034/737/716
f 1038/740/720 1034/737/716 1026/731/708
f 1040/741/722 1045/745/727 1044/744/726
f 1040/741/722 1044/744/726 1038/740/720
f 1046/746/728 1045/745/727 1040/741/722
f 1046/746/728 1040/741/722 1041/742/723
f 1047/747/729 1048/748/730 1046/746/728
f 1047/747/729 1046/746/728 1049/749/731
f 1050/750/732 1048/748/730 1047/747/729
f 1051/751/733 1050/750/732 1052/752/734
f 1051/751/733 1052/752/734 1053/753/733
f 1049/749/731 1046/746/728 1041/742/723
f 1049/749/731 1041/742/723 1043/743/725
f 1041/742/723 1040/741/722 1039/639/721
f 918/588/603 921/647/606 1054/754/735
f 918/588/603 1054/754/735 1055/643/736
f 1055/643/736 1054/754/735 1056/755/737
f 1055/643/736 1056/755/737 1057/645/738
f 1058/756/739 1043/743/725 1042/640/724
f 1058/756/739 1042/640/724 1057/645/738
f 1047/747/729 1049/749/731 1059/757/740
f 1047/747/729 1059/757/740 1060/758/741
f 1054/754/735 921/647/606 928/652/613
f 1054/754/735 928/652/613 1061/759/742
f 1056/755/737 1054/754/735 1061/759/742
f 1056/755/737 1061/759/742 1062/760/743
f 1058/756/739 1056/755/737 1062/760/743
f 1058/756/739 1062/760/743 1059/757/740
f 1049/749/731 1043/743/725 1058/756/739
f 1049/749/731 1058/756/739 1059/757/740
f 1058/756/739 1057/645/738 1056/755/737
f 1063/761/80 1064/762/744 1065/763/745
f 1063/761/80 1065/763/745 1066/764/746
f 1063/761/80 1067/765/747 1064/762/744
f 1063/761/80 1068/766/748 1067/765/747
f 1063/761/80 1069/767/749 1068/766/748
f 1063/761/80 1070/768/750 1069/767/749
f 1063/761/80 1071/769/751 1070/768/750
f 1063/761/80 1072/770/752 1071/769/751
f 1063/761/80 1073/771/753 1072/770/752
f 1063/761/80 1074/772/754 1073/771/753
f 1063/761/80 1075/773/755 1074/772/754
f 1063/761/80 1076/774/756 1075/773/755
f 1063/761/80 1077/775/757 1076/774/756
f 1063/761/80 1078/776/758 1077/775/757
f 1063/761/80 1079/777/759 1078/776/758
f 1063/761/80 1080/778/760 1079/777/759
f 1063/761/80 1081/779/761 1080/778/760
f 1063/761/80 1082/780/762 1081/779/761
f 1063/761/80 1083/781/763 1082/780/762
f 1063/761/80 1066/764/746 1083/781/763
f 974/689/658 962/680/647 956/674/641
f 974/689/658 956/674/641 973/688/657
f 934/658/619 931/655/616 936/660/621
f 936/660/621 931/655/616 946/667/631
f 1050/750/732 1047/747/729 1052/752/734
f 1052/752/734 1047/747/729 1060/758/741
f 1021/727/704 1018/724/701 1023/729/706
f 1023/729/706 1018/724/701 1033/736/715
f 994/706/678 989/701/673 1004/713/687
f 992/704/676 989/701/673 994/706/678
f 965/683/650 960/678/645 975/690/659
f 963/681/648 960/678/645 965/683/650
usemtl d121065c_dds
f 177/81/80 178/82/80 179/83/81
f 177/81/80 179/83/81 180/84/81
f 181/85/80 182/86/80 178/82/80
f 181/85/80 178/82/80 177/81/80
f 183/87/81 184/88/80 182/86/80
f 183/87/81 182/86/80 181/85/80
f 185/89/82 186/90/80 184/88/80
f 185/89/82 184/88/80 183/87/81
f 187/91/81 188/92/81 186/90/80
f 187/91/81 186/90/80 185/89/82
f 189/93/81 190/94/81 188/92/81
f 189/93/81 188/92/81 187/91/81
f 191/95/81 192/96/81 190/94/81
f 191/95/81 190/94/81 189/93/81
f 193/97/81 194/98/81 192/96/81
f 193/97/81 192/96/81 191/95/81
f 195/99/80 196/100/80 194/98/81
f 195/99/80 194/98/81 193/97/81
f 197/101/80 198/102/81 196/100/80
f 197/101/80 196/100/80 195/99/80
f 199/103/81 200/104/80 198/102/81
f 199/103/81 198/102/81 197/101/80
f 201/105/80 202/106/80 200/104/80
f 201/105/80 200/104/80 199/103/81
f 203/107/81 204/108/81 202/106/80
f 203/107/81 202/106/80 201/105/80
f 205/109/81 206/110/81 204/108/81
f 205/109/81 204/108/81 203/107/81
f 207/111/81 208/112/81 206/110/81
f 207/111/81 206/110/81 205/109/81
f 209/113/80 210/114/80 208/112/81
f 209/113/80 208/112/81 207/111/81
f 211/115/82 212/116/82 210/114/80
f 211/115/82 210/114/80 209/113/80
f 213/117/82 214/118/80 212/116/82
f 213/117/82 212/116/82 211/115/82
f 215/119/80 216/120/80 214/118/80
f 215/119/80 214/118/80 213/117/82
f 180/84/81 179/83/81 216/120/80
f 180/84/81 216/120/80 215/119/80
f 217/121/83 218/122/84 219/123/85
f 217/121/83 219/123/85 220/124/86
f 221/125/87 222/126/88 218/122/84
f 221/125/87 218/122/84 217/121/83
f 223/127/89 224/128/90 225/129/91
f 223/127/89 225/129/91 226/130/92
f 227/131/93 223/127/89 226/130/92
f 227/131/93 226/130/92 228/132/94
f 229/133/95 227/131/93 228/132/94
f 229/133/95 228/132/94 230/134/96
f 231/135/97 232/136/98 225/129/91
f 231/135/97 225/129/91 224/128/90
f 233/137/99 234/138/100 232/136/98
f 233/137/99 232/136/98 231/135/97
f 235/139/101 236/140/102 237/141/102
f 235/139/101 237/141/102 238/142/103
f 239/143/104 235/139/101 238/142/103
f 239/143/104 238/142/103 240/144/105
f 241/145/106 239/143/104 240/144/105
f 241/145/106 240/144/105 242/146/107
f 243/147/108 244/148/109 245/149/110
f 243/147/108 245/149/110 246/150/111
f 247/151/112 248/152/113 244/148/109
f 247/151/112 244/148/109 243/147/108
f 249/153/114 250/154/115 248/152/113
f 249/153/114 248/152/113 247/151/112
f 251/155/116 252/156/117 253/157/118
f 251/155/116 253/157/118 254/158/119
f 255/159/120 251/155/116 254/158/119
f 255/159/120 254/158/119 256/160/121
f 257/161/122 255/159/120 256/160/121
f 257/161/122 256/160/121 250/154/115
f 258/162/123 259/163/124 253/157/118
f 258/162/123 253/157/118 252/156/117
f 260/164/125 261/165/126 259/163/124
f 260/164/125 259/163/124 258/162/123
f 262/166/127 263/167/128 264/168/129
f 262/166/127 264/168/129 265/169/130
f 266/170/131 262/166/127 265/169/130
f 266/170/131 265/169/130 267/171/132
f 268/172/133 266/170/131 267/171/132
f 268/172/133 267/171/132 269/173/134
f 270/174/135 271/175/136 264/168/129
f 270/174/135 264/168/129 263/167/128
f 272/176/137 273/177/138 271/175/136
f 272/176/137 271/175/136 270/174/135
f 274/178/139 220/124/86 219/123/85
f 274/178/139 219/123/85 275/179/140
f 276/180/141 274/178/139 275/179/140
f 276/180/141 275/179/140 277/181/142
f 278/182/143 276/180/141 277/181/142
f 278/182/143 277/181/142 279/183/144
f 280/184/145 281/185/146 282/186/147
f 280/184/145 282/186/147 283/187/148
f 284/188/149 285/189/150 286/190/151
f 284/188/149 286/190/151 287/191/152
f 288/192/153 289/193/153 290/194/154
f 288/192/153 290/194/154 291/195/154
f 292/196/155 293/197/156 294/198/157
f 292/196/155 294/198/157 295/199/158
f 296/200/159 269/173/134 261/165/126
f 296/200/159 261/165/126 260/164/125
f 269/173/134 296/200/159 268/172/133
f 291/195/154 290/194/154 297/201/160
f 291/195/154 297/201/160 298/202/161
f 298/202/161 297/201/160 299/203/162
f 298/202/161 299/203/162 300/204/163
f 287/191/152 286/190/151 301/205/164
f 287/191/152 301/205/164 302/206/164
f 303/207/165 304/208/166 285/189/150
f 303/207/165 285/189/150 284/188/149
f 305/209/167 242/146/107 234/138/100
f 305/209/167 234/138/100 233/137/99
f 242/146/107 305/209/167 241/145/106
f 250/154/115 249/153/114 257/161/122
f 306/210/168 307/211/168 281/185/146
f 306/210/168 281/185/146 280/184/145
f 283/187/148 282/186/147 308/212/169
f 283/187/148 308/212/169 309/213/170
f 310/214/171 230/134/96 222/126/88
f 310/214/171 222/126/88 221/125/87
f 230/134/96 310/214/171 229/133/95
f 311/215/172 312/216/172 313/217/173
f 311/215/172 313/217/173 314/218/174
f 314/218/174 313/217/173 293/197/156
f 314/218/174 293/197/156 292/196/155
f 279/183/144 315/219/175 278/182/143
f 315/219/175 279/183/144 273/177/138
f 315/219/175 273/177/138 272/176/137
f 316/220/176 317/221/176 318/222/176
f 316/220/176 318/222/176 319/223/176
f 320/224/177 321/225/177 322/226/177
f 320/224/177 322/226/177 323/227/177
f 324/228/178 325/224/179 326/227/180
f 324/228/178 326/227/180 327/229/181
f 328/230/182 329/231/183 330/232/182
f 328/230/182 330/232/182 331/233/182
f 332/234/184 333/235/184 334/236/184
f 332/234/184 334/236/184 335/237/184
f 336/238/185 337/239/185 338/240/185
f 336/238/185 338/240/185 339/241/185
f 340/242/186 341/238/187 342/241/188
f 340/242/186 342/241/188 343/243/189
f 1084/782/81 1085/783/450 1086/784/81
f 1084/782/81 1086/784/81 1087/785/80
f 1088/786/81 1089/787/82 1085/783/450
f 1088/786/81 1085/783/450 1084/782/81
f 1090/788/81 1091/789/81 1089/787/82
f 1090/788/81 1089/787/82 1088/786/81
f 1092/790/81 1093/791/81 1091/789/81
f 1092/790/81 1091/789/81 1090/788/81
f 1094/792/450 1095/793/450 1093/791/81
f 1094/792/450 1093/791/81 1092/790/81
f 1096/794/80 1097/795/80 1095/793/450
f 1096/794/80 1095/793/450 1094/792/450
f 1098/796/80 1099/797/80 1097/795/80
f 1098/796/80 1097/795/80 1096/794/80
f 1100/798/80 1101/799/80 1099/797/80
f 1100/798/80 1099/797/80 1098/796/80
f 1102/800/80 1103/801/81 1101/799/80
f 1102/800/80 1101/799/80 1100/798/80
f 1104/802/81 1105/803/81 1103/801/81
f 1104/802/81 1103/801/81 1102/800/80
f 1106/804/81 1107/805/80 1105/803/81
f 1106/804/81 1105/803/81 1104/802/81
f 1108/806/81 1109/807/81 1107/805/80
f 1108/806/81 1107/805/80 1106/804/81
f 1110/808/81 1111/809/80 1109/807/81
f 1110/808/81 1109/807/81 1108/806/81
f 1112/810/80 1113/811/80 1111/809/80
f 1112/810/80 1111/809/80 1110/808/81
f 1114/812/82 1115/813/80 1113/811/80
f 1114/812/82 1113/811/80 1112/810/80
f 1116/814/80 1117/815/81 1115/813/80
f 1116/814/80 1115/813/80 1114/812/82
f 1118/816/81 1119/817/81 1117/815/81
f 1118/816/81 1117/815/81 1116/814/80
f 1120/818/80 1121/819/81 1119/817/81
f 1120/818/80 1119/817/81 1118/816/81
f 1122/820/81 1123/821/81 1121/819/81
f 1122/820/81 1121/819/81 1120/818/80
f 1087/785/80 1086/784/81 1123/821/81
f 1087/785/80 1123/821/81 1122/820/81
f 1124/822/764 1125/823/765 1126/824/766
f 1124/822/764 1126/824/766 1127/825/767
f 1128/826/768 1129/827/769 1125/823/765
f 1128/826/768 1125/823/765 1124/822/764
f 1130/828/770 1131/829/771 1129/827/769
f 1130/828/770 1129/827/769 1128/826/768
f 1132/830/772 1133/831/772 1131/829/771
f 1132/830/772 1131/829/771 1130/828/770
f 1134/832/773 1135/833/774 1133/831/772
f 1134/832/773 1133/831/772 1132/830/772
f 1136/834/775 1137/835/776 1135/833/774
f 1136/834/775 1135/833/774 1134/832/773
f 1138/836/777 1139/837/778 1137/835/776
f 1138/836/777 1137/835/776 1136/834/775
f 1140/838/779 1141/839/780 1139/837/778
f 1140/838/779 1139/837/778 1138/836/777
f 1142/840/781 1143/841/781 1141/839/780
f 1142/840/781 1141/839/780 1140/838/779
f 1144/842/782 1145/843/783 1146/844/784
f 1144/842/782 1146/844/784 1147/845/784
f 1148/846/785 1149/847/786 1145/843/783
f 1148/846/785 1145/843/783 1144/842/782
f 1150/848/787 1151/849/788 1149/847/786
f 1150/848/787 1149/847/786 1148/846/785
f 1152/850/789 1153/851/790 1151/849/788
f 1152/850/789 1151/849/788 1150/848/787
f 1154/852/791 1155/853/791 1153/851/790
f 1154/852/791 1153/851/790 1152/850/789
f 1156/854/792 1157/855/793 1155/853/791
f 1156/854/792 1155/853/791 1154/852/791
f 1158/856/794 1159/857/795 1157/855/793
f 1158/856/794 1157/855/793 1156/854/792
f 1160/858/796 1161/859/797 1159/857/795
f 1160/858/796 1159/857/795 1158/856/794
f 1162/860/798 1163/861/799 1161/859/797
f 1162/860/798 1161/859/797 1160/858/796
f 1164/862/800 1165/863/801 1163/861/799
f 1164/862/800 1163/861/799 1162/860/798
f 1127/825/767 1126/824/766 1165/863/801
f 1127/825/767 1165/863/801 1164/862/800
f 1166/864/802 1167/865/803 1168/866/804
f 1166/864/802 1168/866/804 1169/867/805
f 1170/868/806 1171/869/807 1167/865/803
f 1170/868/806 1167/865/803 1166/864/802
f 1172/870/808 1173/871/809 1171/869/807
f 1172/870/808 1171/869/807 1170/868/806
f 1174/872/4 1175/873/4 1173/871/809
f 1174/872/4 1173/871/809 1172/870/808
f 1176/874/810 1177/875/811 1175/873/4
f 1176/874/810 1175/873/4 1174/872/4
f 1178/876/812 1179/877/813 1177/875/811
f 1178/876/812 1177/875/811 1176/874/810
f 1180/878/814 1181/879/815 1179/877/813
f 1180/878/814 1179/877/813 1178/876/812
f 1182/880/816 1183/881/817 1181/879/815
f 1182/880/816 1181/879/815 1180/878/814
f 1184/882/818 1185/883/818 1183/881/817
f 1184/882/818 1183/881/817 1182/880/816
f 1186/884/819 1187/885/820 1188/886/821
f 1186/884/819 1188/886/821 1189/887/821
f 1190/888/822 1191/889/823 1187/885/820
f 1190/888/822 1187/885/820 1186/884/819
f 1192/890/824 1193/891/825 1191/889/823
f 1192/890/824 1191/889/823 1190/888/822
f 1194/892/826 1195/893/827 1193/891/825
f 1194/892/826 1193/891/825 1192/890/824
f 1196/894/19 1197/895/19 1195/893/827
f 1196/894/19 1195/893/827 1194/892/826
f 1198/896/828 1199/897/829 1197/895/19
f 1198/896/828 1197/895/19 1196/894/19
f 1200/898/830 1201/899/831 1199/897/829
f 1200/898/830 1199/897/829 1198/896/828
f 1202/900/832 1203/901/833 1201/899/831
f 1202/900/832 1201/899/831 1200/898/830
f 1204/902/834 1205/903/835 1203/901/833
f 1204/902/834 1203/901/833 1202/900/832
f 1206/904/836 1207/905/837 1205/903/835
f 1206/904/836 1205/903/835 1204/902/834
f 1169/867/805 1168/866/804 1207/905/837
f 1169/867/805 1207/905/837 1206/904/836
f 1208/906/822 1209/907/823 1210/908/820
f 1208/906/822 1210/908/820 1211/909/819
f 1212/910/824 1213/911/825 1209/907/823
f 1212/910/824 1209/907/823 1208/906/822
f 1214/912/826 1215/913/827 1213/911/825
f 1214/912/826 1213/911/825 1212/910/824
f 1216/914/19 1217/915/19 1215/913/827
f 1216/914/19 1215/913/827 1214/912/826
f 1218/916/828 1219/917/829 1217/915/19
f 1218/916/828 1217/915/19 1216/914/19
f 1220/918/830 1221/919/831 1219/917/829
f 1220/918/830 1219/917/829 1218/916/828
f 1222/920/832 1223/921/833 1221/919/831
f 1222/920/832 1221/919/831 1220/918/830
f 1224/922/834 1225/923/835 1223/921/833
f 1224/922/834 1223/921/833 1222/920/832
f 1226/924/838 1227/925/838 1225/923/835
f 1226/924/838 1225/923/835 1224/922/834
f 1228/926/805 1229/927/804 1230/928/839
f 1228/926/805 1230/928/839 1231/929/839
f 1232/930/802 1233/931/803 1229/927/804
f 1232/930/802 1229/927/804 1228/926/805
f 1234/932/806 1235/933/807 1233/931/803
f 1234/932/806 1233/931/803 1232/930/802
f 1236/934/808 1237/935/809 1235/933/807
f 1236/934/808 1235/933/807 1234/932/806
f 1238/936/4 1239/937/4 1237/935/809
f 1238/936/4 1237/935/809 1236/934/808
f 1240/938/810 1241/939/811 1239/937/4
f 1240/938/810 1239/937/4 1238/936/4
f 1242/940/812 1243/941/813 1241/939/811
f 1242/940/812 1241/939/811 1240/938/810
f 1244/942/814 1245/943/815 1243/941/813
f 1244/942/814 1243/941/813 1242/940/812
f 1246/944/816 1247/945/817 1245/943/815
f 1246/944/816 1245/943/815 1244/942/814
f 1248/946/840 1249/947/841 1247/945/817
f 1248/946/840 1247/945/817 1246/944/816
f 1211/909/819 1210/908/820 1249/947/841
f 1211/909/819 1249/947/841 1248/946/840
f 1250/907/80 1251/948/80 1252/949/80
f 1250/907/80 1252/949/80 1253/908/80
f 1254/911/80 1255/950/80 1251/948/80
f 1254/911/80 1251/948/80 1250/907/80
f 1256/913/80 1257/951/80 1255/950/80
f 1256/913/80 1255/950/80 1254/911/80
f 1258/915/80 1259/952/80 1257/951/80
f 1258/915/80 1257/951/80 1256/913/80
f 1260/917/81 1261/953/81 1259/952/80
f 1260/917/81 1259/952/80 1258/915/80
f 1262/919/81 1263/954/81 1261/953/81
f 1262/919/81 1261/953/81 1260/917/81
f 1264/921/82 1265/955/82 1263/954/81
f 1264/921/82 1263/954/81 1262/919/81
f 1266/923/80 1267/956/80 1265/955/82
f 1266/923/80 1265/955/82 1264/921/82
f 1268/925/80 1269/957/81 1267/956/80
f 1268/925/80 1267/956/80 1266/923/80
f 1270/927/80 1271/958/81 1272/959/81
f 1270/927/80 1272/959/81 1273/928/81
f 1274/931/450 1275/960/450 1271/958/81
f 1274/931/450 1271/958/81 1270/927/80
f 1276/933/842 1277/961/842 1275/960/450
f 1276/933/842 1275/960/450 1274/931/450
f 1278/935/81 1279/962/80 1277/961/842
f 1278/935/81 1277/961/842 1276/933/842
f 1280/937/80 1281/963/80 1279/962/80
f 1280/937/80 1279/962/80 1278/935/81
f 1282/939/82 1283/964/82 1281/963/80
f 1282/939/82 1281/963/80 1280/937/80
f 1284/941/80 1285/965/81 1283/964/82
f 1284/941/80 1283/964/82 1282/939/82
f 1286/943/81 1287/966/81 1285/965/81
f 1286/943/81 1285/965/81 1284/941/80
f 1288/945/81 1289/967/81 1287/966/81
f 1288/945/81 1287/966/81 1286/943/81
f 1290/947/80 1291/968/80 1289/967/81
f 1290/947/80 1289/967/81 1288/945/81
f 1253/908/80 1252/949/80 1291/968/80
f 1253/908/80 1291/968/80 1290/947/80
f 1292/948/822 1293/969/823 1294/970/843
f 1292/948/822 1294/970/843 1295/949/819
f 1296/950/824 1297/971/825 1293/969/823
f 1296/950/824 1293/969/823 1292/948/822
f 1298/951/91 1299/972/827 1297/971/825
f 1298/951/91 1297/971/825 1296/950/824
f 1300/952/19 1301/973/19 1299/972/827
f 1300/952/19 1299/972/827 1298/951/91
f 1302/953/828 1303/974/829 1301/973/19
f 1302/953/828 1301/973/19 1300/952/19
f 1304/954/844 1305/975/845 1303/974/829
f 1304/954/844 1303/974/829 1302/953/828
f 1306/955/832 1307/976/833 1305/975/845
f 1306/955/832 1305/975/845 1304/954/844
f 1308/956/834 1309/977/835 1307/976/833
f 1308/956/834 1307/976/833 1306/955/832
f 1310/957/838 1311/978/838 1309/977/835
f 1310/957/838 1309/977/835 1308/956/834
f 1312/958/846 1313/979/804 1314/980/839
f 1312/958/846 1314/980/839 1315/959/839
f 1316/960/802 1317/981/803 1313/979/804
f 1316/960/802 1313/979/804 1312/958/846
f 1318/961/806 1319/982/807 1317/981/803
f 1318/961/806 1317/981/803 1316/960/802
f 1320/962/808 1321/983/809 1319/982/807
f 1320/962/808 1319/982/807 1318/961/806
f 1322/963/4 1323/984/4 1321/983/809
f 1322/963/4 1321/983/809 1320/962/808
f 1324/964/810 1325/985/811 1323/984/4
f 1324/964/810 1323/984/4 1322/963/4
f 1326/965/812 1327/986/813 1325/985/811
f 1326/965/812 1325/985/811 1324/964/810
f 1328/966/814 1329/987/815 1327/986/813
f 1328/966/814 1327/986/813 1326/965/812
f 1330/967/816 1331/988/817 1329/987/815
f 1330/967/816 1329/987/815 1328/966/814
f 1332/968/840 1333/989/847 1331/988/817
f 1332/968/840 1331/988/817 1330/967/816
f 1295/949/819 1294/970/843 1333/989/847
f 1295/949/819 1333/989/847 1332/968/840
f 1334/990/848 1335/991/849 1336/992/85
f 1334/990/848 1336/992/85 1337/993/86
f 1338/994/850 1339/995/851 1335/991/849
f 1338/994/850 1335/991/849 1334/990/848
f 1340/996/852 1339/995/851 1338/994/850
f 1340/996/852 1338/994/850 1341/997/853
f 1342/998/89 1343/999/90 1344/1000/91
f 1342/998/89 1344/1000/91 1345/1001/89
f 1346/1002/854 1342/998/89 1345/1001/89
f 1346/1002/854 1345/1001/89 1347/1003/855
f 1348/1004/856 1349/1005/857 1346/1002/854
f 1348/1004/856 1346/1002/854 1347/1003/855
f 1350/1006/97 1351/1007/858 1344/1000/91
f 1350/1006/97 1344/1000/91 1343/999/90
f 1352/1008/859 1353/1009/860 1351/1007/858
f 1352/1008/859 1351/1007/858 1350/1006/97
f 1354/1010/861 1353/1009/860 1352/1008/859
f 1354/1010/861 1352/1008/859 1355/1011/862
f 1356/1012/863 1357/1013/864 1358/1014/865
f 1356/1012/863 1358/1014/865 1359/1015/866
f 1360/1016/867 1356/1012/863 1359/1015/866
f 1360/1016/867 1359/1015/866 1361/1017/868
f 1362/1018/869 1363/1019/870 1360/1016/867
f 1362/1018/869 1360/1016/867 1361/1017/868
f 1364/1020/108 1365/1021/871 1358/1014/865
f 1364/1020/108 1358/1014/865 1357/1013/864
f 1366/1022/872 1367/1023/873 1365/1021/871
f 1366/1022/872 1365/1021/871 1364/1020/108
f 1368/1024/874 1367/1023/873 1366/1022/872
f 1368/1024/874 1366/1022/872 1369/1025/875
f 1370/1026/116 1371/1027/117 1372/1028/118
f 1370/1026/116 1372/1028/118 1373/1029/876
f 1374/1030/877 1370/1026/116 1373/1029/876
f 1374/1030/877 1373/1029/876 1375/1031/120
f 1376/1032/878 1377/1033/879 1374/1030/877
f 1376/1032/878 1374/1030/877 1375/1031/120
f 1378/1034/123 1379/1035/880 1372/1028/118
f 1378/1034/123 1372/1028/118 1371/1027/117
f 1380/1036/881 1381/1037/882 1379/1035/880
f 1380/1036/881 1379/1035/880 1378/1034/123
f 1382/1038/883 1381/1037/882 1380/1036/881
f 1382/1038/883 1380/1036/881 1383/1039/884
f 1384/1040/127 1385/1041/128 1386/1042/129
f 1384/1040/127 1386/1042/129 1387/1043/885
f 1388/1044/886 1384/1040/127 1387/1043/885
f 1388/1044/886 1387/1043/885 1389/1045/887
f 1390/1046/888 1391/1047/889 1388/1044/886
f 1390/1046/888 1388/1044/886 1389/1045/887
f 1392/1048/135 1393/1049/890 1386/1042/129
f 1392/1048/135 1386/1042/129 1385/1041/128
f 1394/1050/891 1395/1051/892 1393/1049/890
f 1394/1050/891 1393/1049/890 1392/1048/135
f 1396/1052/893 1395/1051/892 1394/1050/891
f 1396/1052/893 1394/1050/891 1397/1053/894
f 1398/1054/139 1337/993/86 1336/992/85
f 1398/1054/139 1336/992/85 1399/1055/895
f 1400/1056/896 1398/1054/139 1399/1055/895
f 1400/1056/896 1399/1055/895 1401/1057/897
f 1402/1058/898 1403/1059/899 1400/1056/896
f 1402/1058/898 1400/1056/896 1401/1057/897
f 1404/1060/900 1405/1061/901 1340/996/852
f 1404/1060/900 1340/996/852 1341/997/853
f 1406/1062/902 1407/1063/903 1405/1061/901
f 1406/1062/902 1405/1061/901 1404/1060/900
f 1407/1063/903 1406/1062/902 1408/1064/904
f 1409/1065/905 1349/1005/857 1348/1004/856
f 1409/1065/905 1348/1004/856 1410/1066/906
f 1411/1067/907 1409/1065/905 1410/1066/906
f 1411/1067/907 1410/1066/906 1412/1068/908
f 1412/1068/908 1413/1069/909 1411/1067/907
f 1414/1070/910 1415/1071/911 1354/1010/861
f 1414/1070/910 1354/1010/861 1355/1011/862
f 1416/1072/912 1417/1073/913 1415/1071/911
f 1416/1072/912 1415/1071/911 1414/1070/910
f 1417/1073/913 1416/1072/912 1418/1074/914
f 1419/1075/915 1363/1019/870 1362/1018/869
f 1419/1075/915 1362/1018/869 1420/1076/916
f 1421/1077/917 1419/1075/915 1420/1076/916
f 1421/1077/917 1420/1076/916 1422/1078/918
f 1422/1078/918 1423/1079/919 1421/1077/917
f 1424/1080/920 1425/1081/921 1368/1024/874
f 1424/1080/920 1368/1024/874 1369/1025/875
f 1426/1082/922 1427/1083/923 1425/1081/921
f 1426/1082/922 1425/1081/921 1424/1080/920
f 1427/1083/923 1426/1082/922 1428/1084/924
f 1429/1085/925 1377/1033/879 1376/1032/878
f 1429/1085/925 1376/1032/878 1430/1086/926
f 1431/1087/927 1429/1085/925 1430/1086/926
f 1431/1087/927 1430/1086/926 1432/1088/928
f 1432/1088/928 1433/1089/929 1431/1087/927
f 1434/1090/930 1435/1091/931 1382/1038/883
f 1434/1090/930 1382/1038/883 1383/1039/884
f 1436/1092/932 1437/1093/933 1435/1091/931
f 1436/1092/932 1435/1091/931 1434/1090/930
f 1437/1093/933 1436/1092/932 1438/1094/934
f 1439/1095/935 1391/1047/889 1390/1046/888
f 1439/1095/935 1390/1046/888 1440/1096/936
f 1441/1097/937 1439/1095/935 1440/1096/936
f 1441/1097/937 1440/1096/936 1442/1098/938
f 1442/1098/938 1443/1099/939 1441/1097/937
f 1444/1100/940 1445/1101/941 1396/1052/893
f 1444/1100/940 1396/1052/893 1397/1053/894
f 1446/1102/942 1447/1103/943 1445/1101/941
f 1446/1102/942 1445/1101/941 1444/1100/940
f 1447/1103/943 1446/1102/942 1448/1104/944
f 1449/1105/945 1403/1059/899 1402/1058/898
f 1449/1105/945 1402/1058/898 1450/1106/946
f 1451/1107/947 1449/1105/945 1450/1106/946
f 1451/1107/947 1450/1106/946 1452/1108/948
f 1452/1108/948 1453/1109/949 1451/1107/947
f 1454/1110/950 1455/1111/951 1456/1112/952
f 1454/1110/950 1456/1112/952 1457/1113/953
f 1458/1114/954 1459/1115/954 1455/1111/951
f 1458/1114/954 1455/1111/951 1454/1110/950
f 1460/1116/955 1461/1117/955 1459/1115/954
f 1460/1116/955 1459/1115/954 1458/1114/954
f 1462/1118/956 1463/1119/957 1464/1120/958
f 1462/1118/956 1464/1120/958 1465/1121/959
f 1466/1122/960 1462/1118/956 1465/1121/959
f 1466/1122/960 1465/1121/959 1467/1123/960
f 1460/1116/955 1466/1122/960 1467/1123/960
f 1460/1116/955 1467/1123/960 1461/1117/955
f 1468/1124/961 1469/1125/962 1470/1126/963
f 1468/1124/961 1470/1126/963 1471/1127/964
f 1472/1128/965 1473/1129/965 1469/1125/962
f 1472/1128/965 1469/1125/962 1468/1124/961
f 1474/1130/966 1475/1131/966 1473/1129/965
f 1474/1130/966 1473/1129/965 1472/1128/965
f 1476/1132/967 1457/1113/953 1456/1112/952
f 1476/1132/967 1456/1112/952 1477/1133/968
f 1478/1134/969 1476/1132/967 1477/1133/968
f 1478/1134/969 1477/1133/968 1479/1135/969
f 1474/1130/966 1478/1134/969 1479/1135/969
f 1474/1130/966 1479/1135/969 1475/1131/966
f 1480/1136/970 1481/1137/971 1482/1138/972
f 1480/1136/970 1482/1138/972 1483/1139/973
f 1484/1140/974 1485/1141/975 1481/1137/971
f 1484/1140/974 1481/1137/971 1480/1136/970
f 1486/1142/976 1487/1143/976 1485/1141/975
f 1486/1142/976 1485/1141/975 1484/1140/974
f 1488/1144/977 1471/1127/964 1470/1126/963
f 1488/1144/977 1470/1126/963 1489/1145/978
f 1490/1146/979 1488/1144/977 1489/1145/978
f 1490/1146/979 1489/1145/978 1491/1147/979
f 1486/1142/976 1490/1146/979 1491/1147/979
f 1486/1142/976 1491/1147/979 1487/1143/976
f 1492/1148/980 1493/1149/981 1494/1150/982
f 1492/1148/980 1494/1150/982 1495/1151/983
f 1496/1152/984 1497/1153/985 1493/1149/981
f 1496/1152/984 1493/1149/981 1492/1148/980
f 1498/1154/986 1499/1155/986 1497/1153/985
f 1498/1154/986 1497/1153/985 1496/1152/984
f 1500/1156/987 1483/1139/973 1482/1138/972
f 1500/1156/987 1482/1138/972 1501/1157/988
f 1502/1158/989 1500/1156/987 1501/1157/988
f 1502/1158/989 1501/1157/988 1503/1159/990
f 1498/1154/986 1502/1158/989 1503/1159/990
f 1498/1154/986 1503/1159/990 1499/1155/986
f 1504/1160/991 1505/1161/992 1464/1120/958
f 1504/1160/991 1464/1120/958 1463/1119/957
f 1506/1162/993 1507/1163/993 1505/1161/992
f 1506/1162/993 1505/1161/992 1504/1160/991
f 1508/1164/994 1509/1165/994 1507/1163/993
f 1508/1164/994 1507/1163/993 1506/1162/993
f 1510/1166/995 1495/1151/983 1494/1150/982
f 1510/1166/995 1494/1150/982 1511/1167/996
f 1512/1168/997 1510/1166/995 1511/1167/996
f 1512/1168/997 1511/1167/996 1513/1169/997
f 1508/1164/994 1512/1168/997 1513/1169/997
f 1508/1164/994 1513/1169/997 1509/1165/994
f 1514/1170/998 1515/1171/998 1516/1172/999
f 1514/1170/998 1516/1172/999 1517/1173/1000
f 1518/1174/1001 1519/1175/1002 1520/222/1003
f 1518/1174/1001 1520/222/1003 1521/221/1004
f 1522/1176/1005 1523/220/1006 1524/223/1007
f 1522/1176/1005 1524/223/1007 1525/1177/1008
f 1526/1178/1009 1527/1179/1010 1528/226/1011
f 1526/1178/1009 1528/226/1011 1529/225/1012
f 1530/1180/1013 1531/1181/1014 1532/232/1015
f 1530/1180/1013 1532/232/1015 1533/231/819
f 1534/1182/1016 1535/230/805 1536/233/1017
f 1534/1182/1016 1536/233/1017 1537/1183/1018
f 1538/1184/1019 1539/1185/1020 1540/236/1021
f 1538/1184/1019 1540/236/1021 1541/235/1022
f 1542/1186/1023 1543/234/1024 1544/237/1025
f 1542/1186/1023 1544/237/1025 1545/1187/1026
f 1546/1188/1027 1547/1189/1028 1548/240/1029
f 1546/1188/1027 1548/240/1029 1549/239/1030
f 1517/1173/1000 1516/1172/999 1550/1190/1031
f 1517/1173/1000 1550/1190/1031 1551/1191/1031
f 1551/1191/1031 1550/1190/1031 1552/1192/1032
f 1551/1191/1031 1552/1192/1032 1553/1193/1033
l 97 98
l 13 14
l 39 40
l 141 142
