# Blender 5.0.1
# www.blender.org
mtllib llanta2.mtl
o llanta2
v 1.389226 -0.450945 -0.507827
v 1.401581 -0.155581 -0.551716
v 1.343530 -0.436373 -0.551784
v 1.449318 -0.160304 -0.507753
v 1.228412 -0.698945 -0.552287
v 1.270072 -0.722734 -0.508340
v 1.386108 -0.449598 0.587069
v 1.398219 -0.154128 0.630407
v 1.446200 -0.158956 0.587139
v 1.340168 -0.434919 0.630339
v 1.225050 -0.697491 0.629842
v 1.266957 -0.721387 0.586552
v 1.097048 -0.963788 -0.509283
v 1.057894 -0.930373 0.628934
v 1.093936 -0.962444 0.585615
v 0.877734 -1.163573 -0.510602
v 0.846013 -1.123382 0.627657
v 0.874615 -1.162225 0.584290
v 0.618592 -1.312009 0.582645
v 0.598665 -1.268087 0.626066
v 0.337034 -1.405246 0.580745
v 0.621707 -1.313357 -0.512251
v 0.340149 -1.406593 -0.514147
v 0.602027 -1.269540 -0.556067
v 0.849379 -1.124836 -0.554472
v 0.812750 -1.074905 -0.573061
v 1.061259 -0.931827 -0.553195
v 1.015053 -0.890616 -0.571842
v 0.768972 -1.015285 -0.572929
v 1.174654 -0.668264 -0.570976
v 1.110430 -0.631615 -0.570960
v 0.959851 -0.841410 -0.571778
v 1.214136 -0.395072 -0.570514
v 1.266434 -0.142119 -0.570450
v 1.284568 -0.417556 -0.570494
v 1.339995 -0.149457 -0.570427
v 1.338519 0.124318 -0.570777
v 1.280198 0.391805 -0.571521
v 1.265038 0.116189 -0.570777
v 1.210010 0.368564 -0.571480
v 1.400032 0.131155 -0.552079
v 1.447714 0.136497 -0.508128
v 1.338949 0.411299 -0.552862
v 1.384491 0.426474 -0.508933
v 1.262401 0.696961 -0.510137
v 1.221005 0.672616 -0.554026
v 1.051342 0.903682 -0.555521
v 1.167576 0.641310 -0.572638
v 1.086784 0.936138 -0.511693
v 0.865324 1.133545 -0.513515
v 0.862206 1.134890 0.581377
v 1.083669 0.937485 0.583203
v 1.047980 0.905136 0.626605
v 1.217639 0.674070 0.628103
v 1.259286 0.698309 0.584755
v 1.335586 0.412753 0.629265
v 1.381375 0.427822 0.585959
v 1.444599 0.137841 0.586767
v 1.396666 0.132609 0.630044
v 1.335051 0.125817 0.647879
v 1.276730 0.393304 0.647132
v 1.206548 0.370060 0.646150
v 1.164108 0.642808 0.646022
v 1.002120 0.863431 0.644597
v 0.947454 0.813628 0.643753
v 1.100295 0.605470 0.645094
v 0.754698 0.985443 0.646031
v 0.797834 1.045525 0.642906
v 0.560185 1.181138 0.641045
v 0.530485 1.113388 0.640397
v 0.299557 1.264336 0.639079
v 0.284581 1.191885 0.638549
v 0.027742 1.217504 0.636679
v 0.027344 1.291484 0.637099
v -0.244560 1.261400 0.635197
v -0.228804 1.189116 0.634882
v -0.473846 1.107972 0.633227
v -0.504277 1.175398 0.633445
v -0.696679 0.977618 0.635665
v -0.887545 0.803737 0.630647
v -0.942751 0.852943 0.630705
v -0.740444 1.037232 0.631924
v -0.777073 1.087163 0.613335
v -0.988957 0.894154 0.612058
v -0.529728 1.231871 0.614926
v -0.805435 1.125900 0.569465
v -0.802320 1.124552 -0.525428
v -0.546286 1.274336 -0.523778
v -1.021633 0.924771 -0.526749
v -1.024749 0.926115 0.568146
v -0.549402 1.275684 0.571117
v -0.264731 1.367573 -0.521879
v -0.257718 1.321944 0.616762
v -0.267846 1.368921 0.573013
v 0.030036 1.400189 -0.519816
v 0.027059 1.353453 0.618757
v 0.026924 1.401533 0.575079
v 0.322028 1.372100 0.577229
v 0.325143 1.370756 -0.517670
v 0.604578 1.281905 0.579353
v 0.312156 1.325018 0.620826
v 0.585126 1.237880 0.622886
v 0.834024 1.095851 0.624840
v 0.607693 1.280560 -0.515539
v 0.588492 1.236427 -0.559243
v 0.315522 1.323565 -0.561296
v 0.030424 1.352000 -0.563369
v 0.303025 1.262837 -0.579581
v 0.030809 1.289986 -0.581557
v 0.031207 1.216005 -0.580947
v -0.254352 1.320491 -0.565365
v -0.241099 1.259902 -0.583466
v -0.526362 1.230417 -0.567200
v -0.500812 1.173900 -0.585214
v -0.470381 1.106477 -0.584396
v -0.225339 1.187621 -0.582747
v -0.693208 0.976117 -0.585827
v -0.736982 1.035734 -0.586729
v -0.939286 0.851445 -0.587951
v -0.884087 0.802239 -0.586985
v -1.098883 0.629089 -0.588817
v -1.034666 0.592447 -0.587797
v -1.138375 0.355901 -0.588249
v -1.264230 0.110285 -0.589363
v -1.190670 0.102948 -0.588314
v -1.208797 0.378385 -0.589292
v -1.267865 0.397247 -0.571473
v -1.325916 0.116455 -0.571540
v -1.152744 0.659818 -0.570976
v -0.985591 0.892700 -0.570068
v -1.194651 0.683714 -0.527686
v -1.313808 0.411925 -0.528206
v -1.197767 0.685061 0.567206
v -1.156107 0.661272 0.611150
v -1.271227 0.398700 0.610650
v -1.316923 0.413272 0.566693
v -1.377015 0.122631 0.566616
v -1.375414 -0.174170 0.566994
v -1.329279 0.117908 0.610583
v -1.373903 0.121284 -0.528279
v -1.372299 -0.175515 -0.527901
v -1.324366 -0.170279 -0.571181
v -1.262751 -0.163490 -0.589019
v -1.189274 -0.155360 -0.587983
v -1.327732 -0.168825 0.610945
v -1.212265 0.379883 0.629361
v -1.267698 0.111784 0.629293
v -1.266216 -0.161991 0.629643
v -1.141836 0.357399 0.629377
v -1.192736 -0.153862 0.629640
v -1.194132 0.104446 0.629313
v -1.102348 0.630587 0.629839
v -1.038131 0.593942 0.629823
v -0.773711 1.085709 -0.568791
v 0.288046 1.190390 -0.579080
v 0.533947 1.111889 -0.577222
v 0.758170 0.983941 -0.575464
v 0.563653 1.179639 -0.577610
v 0.837386 1.094397 -0.557283
v 0.801302 1.044027 -0.575747
v 1.005585 0.861933 -0.574066
v 0.950913 0.812133 -0.573876
v 1.103757 0.603974 -0.572525
v 1.261577 0.117687 0.646849
v 1.262972 -0.140621 0.647177
v 1.336533 -0.147958 0.648229
v 1.210661 -0.393571 0.650985
v 1.281100 -0.416058 0.648158
v 1.171183 -0.666765 0.647683
v 1.106968 -0.630120 0.646663
v 1.011592 -0.889121 0.646817
v 0.956382 -0.839912 0.645848
v 0.765510 -1.013790 0.644693
v 0.573111 -1.211573 0.644077
v 0.809281 -1.073406 0.645592
v 0.542680 -1.144150 0.643262
v 0.297642 -1.225295 0.641610
v 0.041086 -1.253672 0.643680
v 0.313401 -1.297575 0.642326
v 0.326654 -1.358164 0.624234
v 0.041881 -1.389673 0.622235
v 0.041493 -1.327659 0.640420
v -0.230723 -1.300510 0.638444
v -0.491354 -1.217312 0.636474
v -0.215746 -1.228060 0.637946
v -0.243222 -1.361237 0.620163
v 0.042263 -1.437858 0.578679
v -0.252844 -1.408428 0.576536
v -0.516186 -1.274100 0.618106
v -0.535388 -1.318230 0.574406
v -0.729000 -1.081700 0.634613
v -0.765081 -1.132071 0.616149
v -1.014485 -0.973811 0.570559
v -0.979040 -0.941355 0.614384
v -0.793022 -1.171218 0.572378
v -0.789910 -1.172563 -0.522514
v -0.761718 -1.133524 -0.565977
v -0.532272 -1.319577 -0.520486
v -1.011370 -0.975155 -0.524340
v -1.186983 -0.735982 -0.525889
v -0.975674 -0.942809 -0.567739
v -1.190099 -0.734634 0.569003
v -1.312184 -0.464147 0.567800
v -1.148699 -0.710289 0.612893
v -1.266646 -0.448972 0.611728
v -1.095274 -0.678983 0.631501
v -0.933286 -0.899606 0.632928
v -1.031451 -0.641647 0.631392
v -0.878613 -0.849806 0.632742
v -0.685871 -1.021615 0.634331
v -0.461651 -1.149562 0.636089
v -1.137720 -0.406231 0.634218
v -1.266216 -0.161991 0.629643
v -1.192736 -0.153862 0.629640
v -1.207892 -0.429478 0.630388
v -1.327732 -0.168825 0.610945
v -1.375414 -0.174170 0.566994
v -1.372299 -0.175515 -0.527901
v -1.309070 -0.465495 -0.527089
v -1.324366 -0.170279 -0.571181
v -1.263284 -0.450426 -0.570398
v -1.262751 -0.163490 -0.589019
v -1.189274 -0.155360 -0.587983
v -1.204424 -0.430977 -0.588265
v -1.134245 -0.407732 -0.587281
v -1.091809 -0.680481 -0.587159
v -1.027989 -0.643146 -0.586231
v -0.929815 -0.901104 -0.585731
v -0.875152 -0.851305 -0.584887
v -0.682405 -1.023110 -0.583296
v -0.487882 -1.218811 -0.582176
v -0.458186 -1.151061 -0.581534
v -0.725535 -1.083198 -0.584043
v -0.512827 -1.275553 -0.564023
v -0.249726 -1.409773 -0.518359
v -0.239860 -1.362691 -0.561960
v 0.045378 -1.439206 -0.516216
v 0.045243 -1.391126 -0.559894
v -0.227255 -1.302009 -0.580219
v 0.044961 -1.329157 -0.578233
v 0.044557 -1.255174 -0.577816
v -0.212278 -1.229559 -0.579683
v 0.316866 -1.299073 -0.576334
v 0.301107 -1.226790 -0.576016
v 0.576582 -1.213071 -0.574579
v 0.546145 -1.145645 -0.574364
v 0.330017 -1.359617 -0.557896
v -1.145333 -0.711743 -0.569237
v -0.004383 -0.339652 0.046869
v 0.007857 -0.297985 0.012405
v -0.004646 -0.290866 0.046808
v 0.008043 -0.332482 0.012453
v 0.037970 -0.363817 0.047199
v 0.080054 -0.339196 0.047465
v 0.037990 -0.349569 0.012684
v 0.067747 -0.332161 0.012877
v 0.079791 -0.290411 0.047408
v 0.067561 -0.297665 0.012832
v 0.037444 -0.266246 0.047074
v 0.037618 -0.280577 0.012598
v 0.088896 -0.344278 0.138004
v 0.038041 -0.374308 0.042582
v 0.037771 -0.374189 0.137674
v 0.089169 -0.344397 0.042913
v 0.037771 -0.374189 0.137674
v -0.013411 -0.344949 0.042181
v -0.013683 -0.344830 0.137273
v 0.038041 -0.374308 0.042582
v 0.088848 -0.285123 0.042839
v -0.013732 -0.285679 0.042108
v -0.013411 -0.344949 0.042181
v 0.037396 -0.255768 0.042435
v 0.038041 -0.374308 0.042582
v 0.089169 -0.344397 0.042913
v -0.242331 -0.698640 0.449525
v -0.481206 -0.540726 0.389616
v -0.481366 -0.540653 0.447619
v -0.242164 -0.698714 0.391516
v -0.641634 -0.303218 0.388176
v -0.641801 -0.303148 0.446182
v -0.699038 -0.022350 0.387422
v -0.699204 -0.022279 0.445428
v -0.644676 0.259126 0.387463
v -0.644839 0.259196 0.445470
v -0.486817 0.498347 0.388301
v -0.486980 0.498418 0.446298
v -0.249501 0.658901 0.389793
v -0.249665 0.658975 0.447802
v 0.031149 0.716346 0.391734
v 0.030986 0.716416 0.449737
v 0.312400 0.661933 0.393809
v 0.312233 0.662004 0.451809
v 0.551442 0.503946 0.395712
v 0.551272 0.504016 0.453718
v 0.711871 0.266437 0.397152
v 0.711707 0.266511 0.455159
v 0.769277 -0.014432 0.397907
v 0.769110 -0.014361 0.455910
v 0.714909 -0.295903 0.397865
v 0.714745 -0.295833 0.455868
v 0.557053 -0.535128 0.397031
v 0.556890 -0.535054 0.455037
v 0.319734 -0.695682 0.395532
v 0.319570 -0.695611 0.453532
v 0.039087 -0.753127 0.393595
v 0.038920 -0.753053 0.451601
v -0.242164 -0.698714 0.391516
v -0.242331 -0.698640 0.449525
v 0.312233 0.662004 0.451809
v -0.249665 0.658975 0.447802
v 0.030986 0.716416 0.449737
v 0.551272 0.504016 0.453718
v 0.711707 0.266511 0.455159
v -0.486980 0.498418 0.446298
v -0.644839 0.259196 0.445470
v -0.699204 -0.022279 0.445428
v 0.714745 -0.295833 0.455868
v -0.641801 -0.303148 0.446182
v 0.769110 -0.014361 0.455910
v -0.481366 -0.540653 0.447619
v 0.556890 -0.535054 0.455037
v -0.242331 -0.698640 0.449525
v 0.319570 -0.695611 0.453532
v 0.038920 -0.753053 0.451601
v 0.312400 0.661933 0.393809
v 0.031149 0.716346 0.391734
v -0.249501 0.658901 0.389793
v 0.551442 0.503946 0.395712
v -0.486817 0.498347 0.388301
v 0.711871 0.266437 0.397152
v -0.644676 0.259126 0.387463
v 0.769277 -0.014432 0.397907
v 0.714909 -0.295903 0.397865
v -0.699038 -0.022350 0.387422
v -0.641634 -0.303218 0.388176
v 0.557053 -0.535128 0.397031
v -0.481206 -0.540726 0.389616
v -0.242164 -0.698714 0.391516
v 0.319734 -0.695682 0.395532
v 0.039087 -0.753127 0.393595
v 0.950916 0.812133 -0.573867
v 0.751782 0.974897 -0.602251
v 0.942799 0.804632 -0.600675
v 0.758173 0.983941 -0.575455
v 1.103760 0.603974 -0.572519
v 1.094263 0.598344 -0.599337
v 1.199566 0.365048 -0.598298
v 1.210013 0.368564 -0.571470
v 1.265042 0.116192 -0.570767
v 1.266438 -0.142119 -0.570440
v 1.255484 -0.141051 -0.597277
v 1.254098 0.114937 -0.597602
v 1.203657 -0.391732 -0.597342
v 1.214139 -0.395072 -0.570504
v 1.110433 -0.631615 -0.570950
v 1.100879 -0.626151 -0.597787
v 0.959854 -0.841410 -0.571768
v 0.951647 -0.834063 -0.598596
v 0.762485 -1.006379 -0.599735
v 0.768975 -1.015285 -0.572920
v 0.546148 -1.145645 -0.574354
v 0.541660 -1.135564 -0.601160
v 0.298816 -1.215984 -0.602796
v 0.301110 -1.226790 -0.576006
v 0.044576 -1.244111 -0.604580
v 0.044560 -1.255174 -0.577806
v -0.212275 -1.229559 -0.579673
v -0.209952 -1.218727 -0.606428
v -0.458183 -1.151061 -0.581524
v -0.453649 -1.140932 -0.608263
v -0.675857 -1.014133 -0.610008
v -0.682402 -1.023110 -0.583289
v -0.875148 -0.851305 -0.584878
v -0.866871 -0.843868 -0.611583
v -1.018338 -0.637580 -0.612921
v -1.027986 -0.643146 -0.586222
v -1.123645 -0.404280 -0.613961
v -1.134242 -0.407732 -0.587271
v -1.189271 -0.155360 -0.587977
v -1.178177 -0.154173 -0.614660
v -1.190667 0.102951 -0.588307
v -1.179559 0.101819 -0.614981
v -1.127733 0.352500 -0.614923
v -1.138371 0.355901 -0.588243
v -1.034662 0.592447 -0.587787
v -1.024954 0.586916 -0.614474
v -0.875723 0.794827 -0.613662
v -0.884084 0.802239 -0.586976
v -0.686564 0.967143 -0.612523
v -0.693205 0.976117 -0.585817
v -0.470377 1.106477 -0.584387
v -0.465735 1.096332 -0.611099
v -0.225336 1.187621 -0.582737
v -0.222895 1.176749 -0.609463
v 0.031345 1.204879 -0.607682
v 0.031211 1.216005 -0.580938
v 0.288046 1.190390 -0.579070
v 0.285877 1.179492 -0.605834
v 0.529574 1.101696 -0.603996
v 0.533950 1.111892 -0.577213
v 0.751782 0.974897 -0.602251
v 0.866675 0.735432 -0.563812
v 0.942799 0.804632 -0.600675
v 0.691710 0.891395 -0.565255
v 0.488168 1.007542 -0.566850
v 0.529574 1.101696 -0.603996
v 0.264943 1.078802 -0.568541
v 0.285877 1.179492 -0.605834
v 0.199862 1.085308 -0.569015
v 0.031345 1.204879 -0.607682
v -0.136077 1.083496 -0.571415
v 0.031794 1.102053 -0.570232
v -0.222895 1.176749 -0.609463
v -0.465735 1.096332 -0.611099
v -0.201087 1.076290 -0.571861
v -0.423523 1.002627 -0.573363
v -0.420905 0.996765 -0.564146
v -0.199740 1.070005 -0.562657
v -0.134371 1.077108 -0.560276
v 0.031855 1.079963 -0.549512
v -0.116334 1.067239 -0.542807
v 0.031826 1.091789 -0.560648
v 0.198158 1.078901 -0.557908
v 0.180127 1.068837 -0.540686
v 0.263608 1.072501 -0.559346
v 0.485553 1.001652 -0.557671
v 0.687927 0.886171 -0.556083
v 0.861888 0.731107 -0.554649
v 1.005419 0.546475 -0.562589
v 0.999836 0.543235 -0.553433
v 1.026779 0.483207 -0.551251
v 1.080833 0.325855 -0.541090
v 1.022923 0.462956 -0.533920
v 1.092098 0.329561 -0.552134
v 1.032356 0.486826 -0.562330
v 1.101873 0.332776 -0.561633
v 1.199566 0.365048 -0.598298
v 1.137893 0.167637 -0.561181
v 1.151824 0.103680 -0.560998
v 1.254098 0.114937 -0.597602
v 1.145397 0.102983 -0.551851
v 1.131246 0.167255 -0.550115
v 1.116060 0.181276 -0.532906
v 1.094488 0.187814 -0.512164
v 1.009480 0.444916 -0.513088
v 0.956854 0.424780 -0.472670
v 1.040193 0.172719 -0.471765
v 1.146658 -0.130152 -0.551556
v 1.099457 -0.358456 -0.551610
v 1.153091 -0.130803 -0.560700
v 1.203657 -0.391732 -0.597342
v 1.105614 -0.360426 -0.560757
v 1.255484 -0.141051 -0.597277
v 1.011473 -0.575152 -0.561165
v 1.100879 -0.626151 -0.597787
v 0.874786 -0.765595 -0.561912
v 1.005855 -0.571947 -0.552018
v 0.869950 -0.761299 -0.552756
v 0.821226 -0.805496 -0.551132
v 0.826426 -0.809667 -0.562208
v 0.701514 -0.923431 -0.562952
v 0.688366 -0.905586 -0.542380
v 0.800734 -0.808114 -0.533946
v 0.695405 -0.915140 -0.553442
v 0.553261 -1.002557 -0.552807
v 0.555715 -1.008746 -0.563895
v 0.762485 -1.006379 -0.599735
v 0.499239 -1.041769 -0.564258
v 0.541660 -1.135564 -0.601160
v 0.496560 -1.035885 -0.555088
v 0.275402 -1.109121 -0.556580
v 0.276797 -1.115429 -0.565753
v 0.043858 -1.134740 -0.558200
v 0.043916 -1.141195 -0.567382
v -0.189230 -1.117941 -0.569083
v -0.187953 -1.111621 -0.559891
v -0.409894 -1.040771 -0.561563
v -0.412458 -1.046685 -0.570767
v -0.209952 -1.218727 -0.606428
v -0.453649 -1.140932 -0.608263
v -0.466964 -1.008060 -0.560096
v -0.469284 -1.014274 -0.571213
v -0.675857 -1.014133 -0.610008
v -0.615996 -0.930537 -0.572362
v -0.610035 -0.922179 -0.562762
v -0.742128 -0.818127 -0.573408
v -0.866871 -0.843868 -0.611583
v -0.786227 -0.770227 -0.564588
v -0.737040 -0.813899 -0.562262
v -0.790965 -0.774578 -0.573802
v -0.929706 -0.585618 -0.575031
v -1.018338 -0.637580 -0.612921
v -0.924175 -0.582355 -0.565801
v -1.020077 -0.369884 -0.566747
v -1.026161 -0.371918 -0.575978
v -1.076111 -0.142822 -0.576619
v -1.069739 -0.142103 -0.567382
v -1.077381 0.091661 -0.576917
v -1.071000 0.091032 -0.567681
v -1.057554 0.155455 -0.565750
v -1.008912 0.314588 -0.556009
v -1.042613 0.169636 -0.548322
v -1.020151 0.318171 -0.567219
v -1.064140 0.155766 -0.576905
v -1.029904 0.321283 -0.576860
v -1.127733 0.352500 -0.614923
v -0.962062 0.476072 -0.576568
v -0.935769 0.536009 -0.576449
v -1.024954 0.586916 -0.614474
v -0.930197 0.532827 -0.567216
v -0.956505 0.472514 -0.565413
v -0.952523 0.452305 -0.548024
v -0.939010 0.434409 -0.527003
v -1.021233 0.176405 -0.527272
v -0.967015 0.161897 -0.486100
v -0.886400 0.414841 -0.485834
v -0.794289 0.722178 -0.566478
v -0.622015 0.879110 -0.565435
v -0.799073 0.726452 -0.575708
v -0.686564 0.967143 -0.612523
v -0.625801 0.884288 -0.574662
v -0.875723 0.794827 -0.613662
v -1.179559 0.101819 -0.614981
v -1.178177 -0.154173 -0.614660
v -1.123645 -0.404280 -0.613961
v -0.716619 -0.816295 -0.544780
v -0.603163 -0.912551 -0.551604
v -0.475835 -0.989397 -0.542845
v -0.475678 -0.966881 -0.521966
v -0.695457 -0.808887 -0.523730
v -0.445170 -0.919613 -0.481040
v -0.660637 -0.764715 -0.482767
v 0.044576 -1.244111 -0.604580
v 0.298816 -1.215984 -0.602796
v 0.951647 -0.834063 -0.598596
v 0.561834 -0.983801 -0.535437
v 0.561317 -0.961292 -0.514561
v 0.779373 -0.800934 -0.513204
v 0.743845 -0.757141 -0.472740
v 0.530068 -0.914354 -0.474075
v 1.094263 0.598344 -0.599337
v 0.167237 1.050402 -0.519855
v -0.103356 1.048942 -0.521783
v -0.100517 0.992777 -0.480928
v 0.164772 0.994208 -0.479035
v -0.187507 0.286406 -0.211314
v -0.107151 0.416336 -0.210900
v -0.234567 0.350498 -0.211731
v -0.082184 0.340828 -0.210628
v -0.270865 0.202075 -0.211808
v -0.335410 0.248477 -0.212325
v -0.324104 0.096089 -0.212055
v -0.399817 0.120260 -0.212629
v -0.342016 -0.021172 -0.212039
v -0.421486 -0.021602 -0.212610
v -0.322837 -0.138237 -0.211757
v -0.398287 -0.163223 -0.212270
v -0.268459 -0.243643 -0.211240
v -0.332497 -0.290735 -0.211641
v -0.184193 -0.327069 -0.210538
v -0.230556 -0.391665 -0.210788
v -0.078289 -0.380353 -0.209713
v -0.102439 -0.456127 -0.209793
v 0.038882 -0.398281 -0.208856
v 0.039311 -0.477812 -0.208754
v 0.155853 -0.379092 -0.208045
v 0.180817 -0.454599 -0.207772
v 0.261173 -0.324669 -0.207358
v 0.308232 -0.388758 -0.206948
v 0.344534 -0.240335 -0.206867
v 0.409076 -0.286737 -0.206348
v 0.397776 -0.134352 -0.206614
v 0.473490 -0.158520 -0.206046
v 0.415685 -0.017088 -0.206630
v 0.495155 -0.016661 -0.206062
v 0.396509 0.099974 -0.206909
v 0.471956 0.124960 -0.206405
v 0.342125 0.205380 -0.207429
v 0.406163 0.252475 -0.207031
v 0.257862 0.288809 -0.208138
v 0.304222 0.353402 -0.207884
v 0.151955 0.342092 -0.208959
v 0.176101 0.417863 -0.208879
v 0.034785 0.360017 -0.209816
v 0.034355 0.439548 -0.209919
v 0.860736 0.731604 -0.149050
v 0.684532 0.887638 0.636624
v 0.858516 0.732564 0.630327
v 0.686775 0.886669 -0.150423
v 0.998678 0.543732 -0.147834
v 0.996461 0.544688 0.631539
v 1.026224 0.485068 -0.147876
v 1.131390 0.167008 -0.146727
v 1.092364 0.332221 0.632489
v 1.142032 0.104440 0.633121
v 1.143290 -0.128699 0.633419
v 1.144245 0.103480 -0.146253
v 1.145503 -0.129655 -0.145961
v 1.096066 -0.356990 0.641097
v 1.098302 -0.357959 -0.145948
v 1.004706 -0.571450 -0.146419
v 1.002486 -0.570493 0.632957
v 0.868799 -0.760798 -0.147161
v 0.866579 -0.759842 0.632216
v 0.821563 -0.805143 -0.147754
v 0.551808 -1.003520 -0.149435
v 0.694302 -0.916773 0.631174
v 0.493189 -1.034429 0.629884
v 0.272027 -1.107668 0.628392
v 0.495409 -1.035388 -0.149490
v 0.274243 -1.108624 -0.150982
v 0.040460 -1.133277 0.634507
v 0.042699 -1.134243 -0.152541
v 0.484404 1.002152 -0.152073
v 0.482184 1.003108 0.627301
v 0.262459 1.072998 -0.153747
v 0.260242 1.073957 0.625626
v 0.198117 1.080393 -0.154524
v 0.028432 1.097077 0.623939
v -0.136636 1.078590 -0.156917
v -0.200892 1.070502 -0.157055
v -0.203109 1.071458 0.622322
v -0.424274 0.998222 0.620824
v -0.625407 0.880573 0.627275
v -0.422057 0.997263 -0.158544
v -0.623167 0.879607 -0.159776
v -0.795447 0.722676 -0.160876
v -0.797664 0.723632 0.618494
v -0.931352 0.533324 -0.161614
v -0.933568 0.534283 0.617756
v -0.958263 0.474368 -0.162044
v -1.027168 0.320792 0.617352
v -1.059979 0.155192 -0.162378
v -1.072151 0.091530 -0.162079
v -1.074372 0.092489 0.617291
v -1.073111 -0.140647 0.617586
v -1.070891 -0.141606 -0.161781
v -1.023469 -0.368418 0.625963
v -0.925326 -0.581857 -0.160199
v -1.021229 -0.369387 -0.161085
v -0.927547 -0.580898 0.619171
v -0.787385 -0.769730 -0.158986
v -0.789599 -0.768771 0.620384
v -0.739667 -0.813562 -0.158900
v -0.615640 -0.923835 0.621821
v -0.413263 -1.039315 0.623409
v -0.467785 -1.009016 -0.156718
v -0.411049 -1.040274 -0.155961
v -0.189108 -1.111123 -0.154289
v -0.191325 -1.110164 0.625084
v 0.040460 -1.133277 0.634507
v 0.042699 -1.134243 -0.152541
v -0.188569 0.286868 0.163058
v -0.082184 0.340828 -0.210628
v -0.187507 0.286406 -0.211314
v -0.083246 0.341290 0.163744
v -0.271934 0.202534 0.162564
v -0.270865 0.202075 -0.211808
v -0.325172 0.096551 0.162317
v -0.324104 0.096089 -0.212055
v -0.343085 -0.020713 0.162330
v -0.342016 -0.021172 -0.212039
v -0.323905 -0.137778 0.162612
v -0.322837 -0.138237 -0.211757
v -0.269524 -0.243181 0.163128
v -0.268459 -0.243643 -0.211240
v -0.185255 -0.326610 0.163834
v -0.184193 -0.327069 -0.210538
v -0.079351 -0.379894 0.164659
v -0.078289 -0.380353 -0.209713
v 0.037816 -0.397819 0.165515
v 0.038882 -0.398281 -0.208856
v 0.034785 0.360017 -0.209816
v 0.033716 0.360479 0.164556
v 0.150893 0.342551 0.165416
v 0.151955 0.342092 -0.208959
v 0.257862 0.288809 -0.208138
v 0.342125 0.205380 -0.207429
v 0.256797 0.289268 0.166237
v 0.341063 0.205842 0.166943
v 0.395441 0.100436 0.167463
v 0.396509 0.099974 -0.206909
v 0.415685 -0.017088 -0.206630
v 0.414620 -0.016629 0.167745
v 0.397776 -0.134352 -0.206614
v 0.344534 -0.240335 -0.206867
v 0.396711 -0.133893 0.167758
v 0.343469 -0.239877 0.167505
v 0.260108 -0.324207 0.167014
v 0.261173 -0.324669 -0.207358
v 0.155853 -0.379092 -0.208045
v 0.154791 -0.378630 0.166330
v 0.038882 -0.398281 -0.208856
v 0.037816 -0.397819 0.165515
v -0.234567 0.350498 -0.211731
v -0.108435 0.416888 0.238453
v -0.235840 0.351050 0.237616
v -0.107151 0.416336 -0.210900
v -0.335410 0.248477 -0.212325
v -0.336690 0.249029 0.237025
v -0.399817 0.120260 -0.212629
v -0.401097 0.120812 0.236724
v -0.421486 -0.021602 -0.212610
v -0.422763 -0.021050 0.236746
v -0.398287 -0.163223 -0.212270
v -0.399567 -0.162668 0.237086
v -0.332497 -0.290735 -0.211641
v -0.333777 -0.290183 0.237709
v -0.230556 -0.391665 -0.210788
v -0.231833 -0.391113 0.238559
v -0.102439 -0.456127 -0.209793
v -0.103719 -0.455575 0.239557
v 0.039311 -0.477812 -0.208754
v 0.038031 -0.477260 0.240596
v 0.033074 0.440103 0.239435
v 0.034355 0.439548 -0.209919
v 0.176101 0.417863 -0.208879
v 0.174827 0.418415 0.240474
v 0.302945 0.353954 0.241466
v 0.304222 0.353402 -0.207884
v 0.404886 0.253026 0.242323
v 0.470676 0.125512 0.242948
v 0.406163 0.252475 -0.207031
v 0.471956 0.124960 -0.206405
v 0.495155 -0.016661 -0.206062
v 0.493878 -0.016106 0.243291
v 0.472209 -0.157968 0.243307
v 0.473490 -0.158520 -0.206046
v 0.407799 -0.286185 0.243006
v 0.306952 -0.388206 0.242409
v 0.409076 -0.286737 -0.206348
v 0.308232 -0.388758 -0.206948
v 0.180817 -0.454599 -0.207772
v 0.179540 -0.454044 0.241578
v 0.038031 -0.477260 0.240596
v 0.039311 -0.477812 -0.208754
v -0.235840 0.351050 0.237616
v -0.127559 0.474747 0.238241
v -0.271902 0.400160 0.237301
v -0.108435 0.416888 0.238453
v -0.336690 0.249029 0.237025
v -0.386150 0.284583 0.236628
v -0.401097 0.120812 0.236724
v -0.459113 0.139330 0.236288
v -0.422763 -0.021050 0.236746
v -0.483657 -0.021377 0.236307
v -0.399567 -0.162668 0.237086
v -0.457378 -0.181813 0.236692
v -0.333777 -0.290183 0.237709
v -0.382848 -0.326270 0.237404
v -0.231833 -0.391113 0.238559
v -0.267359 -0.440608 0.238370
v -0.103719 -0.455575 0.239557
v -0.122221 -0.513633 0.239496
v 0.038031 -0.477260 0.240596
v 0.038362 -0.538202 0.240677
v 0.032750 0.501045 0.239358
v 0.033074 0.440103 0.239435
v 0.174827 0.418415 0.240474
v 0.193333 0.476476 0.240535
v 0.338471 0.403451 0.241658
v 0.453957 0.289114 0.242630
v 0.302945 0.353954 0.241466
v 0.404886 0.253026 0.242323
v 0.470676 0.125512 0.242948
v 0.528490 0.144656 0.243340
v 0.554769 -0.015779 0.243724
v 0.530225 -0.176490 0.243750
v 0.493878 -0.016106 0.243291
v 0.472209 -0.157968 0.243307
v 0.407799 -0.286185 0.243006
v 0.457259 -0.321740 0.243404
v 0.343014 -0.437316 0.242727
v 0.198671 -0.511903 0.241790
v 0.306952 -0.388206 0.242409
v 0.179540 -0.454044 0.241578
v 0.038362 -0.538202 0.240677
v 0.038031 -0.477260 0.240596
v -0.271902 0.400160 0.237301
v -0.127993 0.474933 0.390906
v -0.272338 0.400346 0.389963
v -0.127559 0.474747 0.238241
v -0.386150 0.284583 0.236628
v -0.386583 0.284773 0.389286
v -0.459113 0.139330 0.236288
v -0.459546 0.139520 0.388946
v -0.483657 -0.021377 0.236307
v -0.484093 -0.021191 0.388968
v -0.457378 -0.181813 0.236692
v -0.457814 -0.181626 0.389353
v -0.382848 -0.326270 0.237404
v -0.383282 -0.326084 0.390062
v -0.267359 -0.440608 0.238370
v -0.267795 -0.440422 0.391028
v -0.122221 -0.513633 0.239496
v -0.122654 -0.513446 0.392157
v 0.038362 -0.538202 0.240677
v 0.037928 -0.538013 0.393332
v 0.032314 0.501231 0.392016
v 0.032750 0.501045 0.239358
v 0.193333 0.476476 0.240535
v 0.192900 0.476665 0.393197
v 0.338038 0.403638 0.394320
v 0.453524 0.289300 0.395285
v 0.338471 0.403451 0.241658
v 0.453957 0.289114 0.242630
v 0.528490 0.144656 0.243340
v 0.528056 0.144845 0.395997
v 0.554336 -0.015593 0.396379
v 0.529789 -0.176301 0.396405
v 0.554769 -0.015779 0.243724
v 0.530225 -0.176490 0.243750
v 0.457259 -0.321740 0.243404
v 0.456825 -0.321554 0.396062
v 0.342580 -0.437130 0.395388
v 0.343014 -0.437316 0.242727
v 0.198239 -0.511717 0.394445
v 0.198671 -0.511903 0.241790
v 0.037928 -0.538013 0.393332
v 0.038362 -0.538202 0.240677
v 1.146658 -0.130156 -0.551556
v 1.098302 -0.357959 -0.145948
v 1.099457 -0.358456 -0.551610
v 1.145503 -0.129655 -0.145961
v 1.145397 0.102983 -0.551851
v 1.144245 0.103480 -0.146253
v 1.131390 0.167008 -0.146727
v 1.131246 0.167255 -0.550115
v 1.116060 0.181273 -0.532906
v 1.115419 0.181917 -0.138729
v 1.094488 0.187811 -0.512164
v 1.090333 0.187275 -0.125633
v 1.040193 0.172719 -0.471765
v 1.005855 -0.571947 -0.552018
v 1.004706 -0.571450 -0.146419
v 0.869950 -0.761299 -0.552756
v 0.868799 -0.760798 -0.147161
v 0.821563 -0.805143 -0.147754
v 0.821226 -0.805499 -0.551132
v 0.800734 -0.808114 -0.533946
v 0.799913 -0.808040 -0.139772
v 0.779373 -0.800934 -0.513204
v 0.776364 -0.797867 -0.126669
v 0.743845 -0.757144 -0.472740
v 0.275402 -1.109125 -0.556580
v 0.042699 -1.134243 -0.152541
v 0.043858 -1.134740 -0.558200
v 0.274243 -1.108624 -0.150982
v 0.496560 -1.035885 -0.555088
v 0.495409 -1.035388 -0.149490
v 0.551808 -1.003520 -0.149435
v 0.553261 -1.002561 -0.552807
v 0.561834 -0.983801 -0.535437
v 0.561006 -0.983725 -0.139140
v 0.561317 -0.961292 -0.514561
v 0.558311 -0.958222 -0.126967
v 0.530068 -0.914354 -0.474075
v -0.187953 -1.111621 -0.559891
v -0.189108 -1.111123 -0.154289
v -0.409894 -1.040775 -0.561563
v -0.411049 -1.040274 -0.155961
v -0.467785 -1.009016 -0.156718
v -0.466964 -1.008060 -0.560096
v -0.475835 -0.989397 -0.542845
v -0.477250 -0.989323 -0.148675
v -0.475678 -0.966884 -0.521966
v -0.474905 -0.963795 -0.135405
v -0.445170 -0.919613 -0.481040
v -0.924175 -0.582355 -0.565801
v -1.021229 -0.369387 -0.161085
v -1.020077 -0.369884 -0.566747
v -0.925326 -0.581857 -0.160199
v -0.786227 -0.770227 -0.564588
v -0.787385 -0.769730 -0.158986
v -0.739667 -0.813562 -0.158900
v -0.737040 -0.813899 -0.562262
v -0.716619 -0.816295 -0.544780
v -0.718037 -0.816225 -0.150609
v -0.695457 -0.808887 -0.523730
v -0.694677 -0.805798 -0.137170
v -0.660637 -0.764715 -0.482767
v -1.069739 -0.142103 -0.567382
v -1.070891 -0.141606 -0.161781
v -1.071000 0.091032 -0.567681
v -1.072151 0.091530 -0.162079
v -1.059979 0.155192 -0.162378
v -1.057554 0.155452 -0.565750
v -1.042613 0.169636 -0.548322
v -1.044217 0.170275 -0.154155
v -1.021233 0.176405 -0.527272
v -1.019276 0.175902 -0.140696
v -0.967015 0.161897 -0.486100
v 1.262972 -0.140624 0.647186
v 1.096066 -0.356990 0.641097
v 1.143290 -0.128699 0.633419
v 1.210661 -0.393571 0.650995
v 1.261580 0.117687 0.646859
v 1.142032 0.104440 0.633121
v 1.206551 0.370060 0.646159
v 1.092364 0.332221 0.632489
v 0.996461 0.544688 0.631539
v 1.100295 0.605470 0.645104
v 0.947457 0.813628 0.643763
v 0.858516 0.732564 0.630327
v 0.684532 0.887638 0.636624
v 0.754702 0.985440 0.646041
v 0.530488 1.113388 0.640407
v 0.482184 1.003108 0.627301
v 0.284584 1.191885 0.638559
v 0.260242 1.073957 0.625626
v 0.027745 1.217501 0.636688
v 0.028432 1.097077 0.623939
v -0.203109 1.071458 0.622322
v -0.424274 0.998222 0.620824
v -0.228801 1.189116 0.634889
v -0.473843 1.107972 0.633236
v -0.625407 0.880573 0.627275
v -0.696676 0.977618 0.635675
v -0.887542 0.803737 0.630657
v -0.797664 0.723632 0.618494
v -1.038127 0.593942 0.629832
v -0.933568 0.534283 0.617756
v -1.141833 0.357399 0.629386
v -1.027168 0.320792 0.617352
v -1.074372 0.092489 0.617291
v -1.194129 0.104446 0.629322
v -1.192736 -0.153862 0.629650
v -1.073111 -0.140647 0.617586
v -1.023469 -0.368418 0.625963
v -1.031448 -0.641647 0.631401
v -0.927547 -0.580898 0.619171
v -1.137717 -0.406231 0.634228
v -0.878613 -0.849806 0.632752
v -0.789599 -0.768771 0.620384
v -0.685867 -1.021615 0.634340
v -0.615640 -0.923835 0.621821
v -0.413263 -1.039315 0.623409
v -0.191325 -1.110164 0.625084
v -0.461648 -1.149562 0.636098
v -0.215743 -1.228063 0.637956
v 0.040460 -1.133277 0.634507
v 0.041089 -1.253672 0.643689
v 0.297645 -1.225295 0.641620
v 0.272027 -1.107668 0.628392
v 0.542683 -1.144150 0.643272
v 0.493189 -1.034429 0.629884
v 0.765513 -1.013790 0.644703
v 0.694302 -0.916773 0.631174
v 0.866579 -0.759842 0.632216
v 0.956386 -0.839912 0.645855
v 1.106972 -0.630120 0.646673
v 1.002486 -0.570493 0.632957
v 0.561006 -0.983725 -0.139140
v 0.776364 -0.797867 -0.126669
v 0.799913 -0.808040 -0.139772
v 0.558311 -0.958222 -0.126967
v 0.551808 -1.003520 -0.149435
v 0.821563 -0.805143 -0.147754
v 0.395280 -0.284671 0.243895
v 0.181831 -0.441638 0.243622
v -0.106150 -0.443191 0.240503
v -0.694677 -0.805798 -0.137170
v -0.321281 -0.288534 0.238777
v -0.474905 -0.963795 -0.135405
v -0.718037 -0.816225 -0.150609
v -0.477250 -0.989323 -0.148675
v -0.739667 -0.813562 -0.158900
v -0.467785 -1.009016 -0.156718
v -0.445170 -0.919613 -0.481040
v -0.322054 -0.291624 -0.148736
v -0.660637 -0.764715 -0.482767
v -0.106924 -0.446280 -0.147010
v -0.106150 -0.443191 0.240503
v -0.445170 -0.919613 -0.481040
v -0.474905 -0.963795 -0.135405
v -0.106924 -0.446280 -0.147010
v -0.321281 -0.288534 0.238777
v -0.660637 -0.764715 -0.482767
v -0.322054 -0.291624 -0.148736
v -0.694677 -0.805798 -0.137170
v 0.743845 -0.757144 -0.472740
v 0.184837 -0.444708 -0.144928
v 0.530068 -0.914354 -0.474075
v 0.398284 -0.287738 -0.143593
v 0.395280 -0.284671 0.243895
v 0.743845 -0.757144 -0.472740
v 0.776364 -0.797867 -0.126669
v 0.398284 -0.287738 -0.143593
v 0.181831 -0.441638 0.243622
v 0.530068 -0.914354 -0.474075
v 0.184837 -0.444708 -0.144928
v 0.558311 -0.958222 -0.126967
v 0.036437 -0.018958 -0.076333
v -0.033052 0.191151 -0.069881
v -0.094523 0.159385 -0.070279
v 0.035218 0.202348 -0.069406
v -0.143177 0.110164 -0.070564
v -0.174253 0.048301 -0.070712
v -0.184712 -0.020142 -0.070705
v -0.173515 -0.088470 -0.070539
v -0.141779 -0.149993 -0.070237
v -0.092589 -0.198685 -0.069820
v -0.030774 -0.229787 -0.069345
v 0.037611 -0.240249 -0.068842
v 0.105887 -0.229048 -0.068367
v 0.167359 -0.197283 -0.067972
v 0.216013 -0.148061 -0.067683
v 0.247088 -0.086202 -0.067536
v 0.257541 -0.017759 -0.067545
v 0.246351 0.050569 -0.067706
v 0.214607 0.112091 -0.068011
v 0.165424 0.160784 -0.068424
v 0.103609 0.191885 -0.068906
v 0.249549 0.106054 0.041544
v 0.261782 0.147720 0.007080
v 0.249283 0.154839 0.041483
v 0.261968 0.113221 0.007125
v 0.291896 0.081889 0.041877
v 0.291915 0.096134 0.007362
v 0.333979 0.106509 0.042147
v 0.333716 0.155295 0.042086
v 0.321672 0.113545 0.007555
v 0.321486 0.148041 0.007510
v 0.291370 0.179460 0.041755
v 0.291546 0.165128 0.007276
v 0.240245 0.100872 0.131948
v 0.240197 0.160027 0.036783
v 0.239928 0.160143 0.131874
v 0.240518 0.100757 0.036857
v 0.239928 0.160143 0.131874
v 0.291328 0.189938 0.037113
v 0.291055 0.190057 0.132201
v 0.240197 0.160027 0.036783
v 0.291055 0.190057 0.132201
v 0.342773 0.160579 0.037517
v 0.342504 0.160698 0.132609
v 0.291328 0.189938 0.037113
v 0.342504 0.160698 0.132609
v 0.343094 0.101308 0.037594
v 0.342824 0.101427 0.132679
v 0.342773 0.160579 0.037517
v 0.342824 0.101427 0.132679
v 0.291966 0.071397 0.037264
v 0.291694 0.071513 0.132352
v 0.343094 0.101308 0.037594
v 0.291694 0.071513 0.132352
v 0.240518 0.100757 0.036857
v 0.240245 0.100872 0.131948
v 0.291966 0.071397 0.037264
v 0.342773 0.160579 0.037517
v 0.240197 0.160027 0.036783
v 0.240518 0.100757 0.036857
v 0.291328 0.189938 0.037113
v 0.291966 0.071397 0.037264
v 0.343094 0.101308 0.037594
v 0.251147 -0.190164 0.041919
v 0.263383 -0.148497 0.007455
v 0.250884 -0.141375 0.041858
v 0.263569 -0.182993 0.007504
v 0.293497 -0.214329 0.042256
v 0.335580 -0.189708 0.042522
v 0.293516 -0.200080 0.007738
v 0.323273 -0.182672 0.007930
v 0.335317 -0.140919 0.042461
v 0.323087 -0.148173 0.007885
v 0.292970 -0.116754 0.042131
v 0.293140 -0.131086 0.007651
v 0.241849 -0.195342 0.132323
v 0.241798 -0.136187 0.037161
v 0.241529 -0.136071 0.132249
v 0.242119 -0.195458 0.037235
v 0.241529 -0.136071 0.132249
v 0.292926 -0.106276 0.037489
v 0.292656 -0.106160 0.132577
v 0.241798 -0.136187 0.037161
v 0.292656 -0.106160 0.132577
v 0.344377 -0.135635 0.037896
v 0.344105 -0.135520 0.132984
v 0.292926 -0.106276 0.037489
v 0.344105 -0.135520 0.132984
v 0.344695 -0.194906 0.037970
v 0.344425 -0.194790 0.133058
v 0.344377 -0.135635 0.037896
v 0.344425 -0.194790 0.133058
v 0.293567 -0.224817 0.037639
v 0.293295 -0.224701 0.132724
v 0.344695 -0.194906 0.037970
v 0.293295 -0.224701 0.132724
v 0.242119 -0.195458 0.037235
v 0.241849 -0.195342 0.132323
v 0.293567 -0.224817 0.037639
v 0.344377 -0.135635 0.037896
v 0.241798 -0.136187 0.037161
v 0.242119 -0.195458 0.037235
v 0.292926 -0.106276 0.037489
v 0.293567 -0.224817 0.037639
v 0.344695 -0.194906 0.037970
v -0.013683 -0.344830 0.130684
v -0.013732 -0.285679 0.035518
v -0.014001 -0.285560 0.130603
v -0.013411 -0.344949 0.035592
v -0.014001 -0.285560 0.130603
v 0.037396 -0.255768 0.035846
v 0.037130 -0.255649 0.130931
v -0.013732 -0.285679 0.035518
v 0.037130 -0.255649 0.130931
v 0.088848 -0.285123 0.036250
v 0.088578 -0.285008 0.131338
v 0.037396 -0.255768 0.035846
v 0.088578 -0.285008 0.131338
v 0.089169 -0.344397 0.036324
v 0.088896 -0.344278 0.131415
v 0.088848 -0.285123 0.036250
v -0.263108 0.103288 0.037890
v -0.250871 0.144954 0.003426
v -0.263371 0.152074 0.037825
v -0.250685 0.110459 0.003471
v -0.220758 0.079123 0.038220
v -0.178678 0.103744 0.038489
v -0.220739 0.093371 0.003702
v -0.190981 0.110780 0.003897
v -0.178941 0.152529 0.038428
v -0.191168 0.145275 0.003852
v -0.221287 0.176694 0.038095
v -0.221111 0.162363 0.003615
v -0.272412 0.098110 0.128287
v -0.272460 0.157262 0.033125
v -0.272732 0.157380 0.128210
v -0.272139 0.097991 0.033202
v -0.272732 0.157380 0.128210
v -0.221326 0.187176 0.033452
v -0.221598 0.187291 0.128537
v -0.272460 0.157262 0.033125
v -0.221598 0.187291 0.128537
v -0.169880 0.157817 0.033857
v -0.170153 0.157932 0.128941
v -0.221326 0.187176 0.033452
v -0.170153 0.157932 0.128941
v -0.169563 0.098546 0.033930
v -0.169832 0.098662 0.129019
v -0.169880 0.157817 0.033857
v -0.169832 0.098662 0.129019
v -0.220687 0.068632 0.033603
v -0.220960 0.068751 0.128688
v -0.169563 0.098546 0.033930
v -0.220960 0.068751 0.128688
v -0.272139 0.097991 0.033202
v -0.272412 0.098110 0.128287
v -0.220687 0.068632 0.033603
v -0.169880 0.157817 0.033857
v -0.272460 0.157262 0.033125
v -0.272139 0.097991 0.033202
v -0.221326 0.187176 0.033452
v -0.220687 0.068632 0.033603
v -0.169563 0.098546 0.033930
v -0.007581 0.252779 0.039529
v 0.004655 0.294443 0.005065
v -0.007844 0.301565 0.039471
v 0.004841 0.259947 0.005107
v 0.034769 0.228614 0.039863
v 0.034788 0.242860 0.005344
v 0.076852 0.253235 0.040129
v 0.076589 0.302021 0.040071
v 0.064545 0.260268 0.005537
v 0.064359 0.294767 0.005492
v 0.034242 0.326186 0.039737
v 0.034416 0.311854 0.005258
v -0.177077 -0.192471 0.038868
v -0.219138 -0.202843 0.004080
v -0.219160 -0.217091 0.038595
v -0.189387 -0.185434 0.004270
v -0.177340 -0.143682 0.038804
v -0.219690 -0.119517 0.038470
v -0.189570 -0.150936 0.004225
v -0.219513 -0.133848 0.003994
v -0.249084 -0.185755 0.003846
v -0.249270 -0.151260 0.003804
v -0.261510 -0.192923 0.038262
v -0.261776 -0.144137 0.038197
v -0.168231 -0.197552 0.129397
v -0.219093 -0.227579 0.033979
v -0.219365 -0.227463 0.129063
v -0.167959 -0.197668 0.034309
v -0.219365 -0.227463 0.129063
v -0.270541 -0.198220 0.033574
v -0.270811 -0.198104 0.128662
v -0.219093 -0.227579 0.033979
v -0.270811 -0.198104 0.128662
v -0.270862 -0.138952 0.033497
v -0.271132 -0.138834 0.128585
v -0.270541 -0.198220 0.033574
v -0.271132 -0.138834 0.128585
v -0.219731 -0.109038 0.033828
v -0.220001 -0.108923 0.128916
v -0.270862 -0.138952 0.033497
v -0.220001 -0.108923 0.128916
v -0.168280 -0.138398 0.034232
v -0.168549 -0.138282 0.129320
v -0.219731 -0.109038 0.033828
v -0.168549 -0.138282 0.129320
v -0.167959 -0.197668 0.034309
v -0.168231 -0.197552 0.129397
v -0.168280 -0.138398 0.034232
v -0.270862 -0.138952 0.033497
v -0.219093 -0.227579 0.033979
v -0.167959 -0.197668 0.034309
v -0.270541 -0.198220 0.033574
v -0.168280 -0.138398 0.034232
v -0.219731 -0.109038 0.033828
v 0.198749 -0.672361 0.536805
v -0.124739 -0.595079 0.534392
v -0.124310 -0.674103 0.534498
v 0.198319 -0.593337 0.536699
v -0.096031 0.160932 0.120160
v -0.083143 0.341242 0.120035
v -0.188466 0.286820 0.119342
v -0.034108 0.192932 0.120568
v -0.145045 0.111347 0.119872
v -0.271828 0.202489 0.118855
v -0.176351 0.049032 0.119724
v -0.325066 0.096506 0.118608
v -0.186881 -0.019918 0.119737
v -0.342972 -0.020758 0.118620
v -0.175607 -0.088749 0.119900
v -0.323799 -0.137823 0.118903
v -0.143633 -0.150724 0.120205
v -0.269418 -0.243226 0.119416
v -0.094084 -0.199776 0.120619
v -0.185152 -0.326655 0.120125
v -0.031817 -0.231108 0.121103
v -0.079245 -0.379939 0.120946
v 0.037078 -0.241647 0.121610
v 0.037925 -0.397864 0.121809
v 0.105858 -0.230367 0.122089
v 0.154894 -0.378678 0.122618
v 0.167782 -0.198364 0.122493
v 0.260214 -0.324255 0.123301
v 0.216796 -0.148780 0.122778
v 0.343575 -0.239921 0.123799
v 0.248099 -0.086465 0.122926
v 0.396817 -0.133938 0.124046
v 0.258632 -0.017515 0.122916
v 0.414726 -0.016674 0.124030
v 0.247358 0.051317 0.122746
v 0.395550 0.100391 0.123747
v 0.215380 0.113292 0.122445
v 0.341166 0.205794 0.123234
v 0.165835 0.162343 0.122034
v 0.256899 0.289223 0.122528
v 0.103568 0.193676 0.121549
v 0.150999 0.342506 0.121704
v 0.034672 0.204215 0.121046
v 0.033829 0.360435 0.120847
v -0.094523 0.159382 -0.070279
v -0.034210 0.192980 0.157685
v -0.096137 0.160980 0.157280
v -0.033052 0.191148 -0.069881
v -0.143177 0.110160 -0.070564
v -0.145157 0.111392 0.156992
v -0.174253 0.048301 -0.070712
v -0.176457 0.049077 0.156851
v -0.184712 -0.020142 -0.070705
v -0.186984 -0.019873 0.156857
v -0.173515 -0.088470 -0.070539
v -0.175710 -0.088704 0.157024
v -0.141779 -0.149993 -0.070237
v -0.143739 -0.150679 0.157322
v -0.092589 -0.198685 -0.069820
v -0.094187 -0.199731 0.157739
v -0.030774 -0.229787 -0.069345
v -0.031920 -0.231063 0.158227
v 0.037611 -0.240249 -0.068842
v 0.036973 -0.241603 0.158731
v 0.034560 0.204260 0.158163
v 0.035218 0.202348 -0.069406
v 0.103609 0.191885 -0.068906
v 0.103459 0.193721 0.158666
v 0.165726 0.162392 0.159157
v 0.215275 0.113336 0.159565
v 0.165424 0.160784 -0.068424
v 0.214607 0.112091 -0.068011
v 0.246351 0.050569 -0.067706
v 0.247249 0.051361 0.159876
v 0.258526 -0.017470 0.160036
v 0.247993 -0.086416 0.160049
v 0.257541 -0.017759 -0.067545
v 0.247088 -0.086202 -0.067536
v 0.216013 -0.148064 -0.067683
v 0.216693 -0.148735 0.159895
v 0.167676 -0.198319 0.159616
v 0.167359 -0.197286 -0.067972
v 0.105753 -0.230319 0.159209
v 0.105887 -0.229048 -0.068367
v 0.036973 -0.241603 0.158731
v 0.037611 -0.240249 -0.068842
v 0.861888 0.731107 -0.561238
v 0.686775 0.886669 -0.157012
v 0.860736 0.731604 -0.155639
v 0.687927 0.886171 -0.562672
v 0.999836 0.543231 -0.560022
v 0.998678 0.543732 -0.154423
v 1.026224 0.485068 -0.154465
v 1.026779 0.483207 -0.557840
v 1.022923 0.462953 -0.540509
v 1.022281 0.463598 -0.146332
v 1.009480 0.444912 -0.519677
v 1.005326 0.444377 -0.133146
v 0.956854 0.424777 -0.479259
v 0.485553 1.001652 -0.564260
v 0.484404 1.002152 -0.158662
v 0.263608 1.072501 -0.565935
v 0.262459 1.072998 -0.160336
v 0.198117 1.080393 -0.161113
v 0.198158 1.078898 -0.564497
v 0.180127 1.068837 -0.547275
v 0.179008 1.069828 -0.153105
v 0.167237 1.050402 -0.526444
v 0.166155 1.047659 -0.139887
v 0.164772 0.994205 -0.485624
v -0.794289 0.722175 -0.573067
v -0.623167 0.879607 -0.166365
v -0.622015 0.879107 -0.572024
v -0.795447 0.722676 -0.167465
v -0.930197 0.532827 -0.573805
v -0.931352 0.533324 -0.168203
v -0.958263 0.474368 -0.168633
v -0.956505 0.472514 -0.572002
v -0.952523 0.452301 -0.554613
v -0.954134 0.452943 -0.160445
v -0.939010 0.434409 -0.533592
v -0.937046 0.433905 -0.147015
v -0.886400 0.414841 -0.492423
v -0.420905 0.996765 -0.570735
v -0.422057 0.997263 -0.165133
v -0.199740 1.070001 -0.569246
v -0.200892 1.070502 -0.163644
v -0.136636 1.078590 -0.163506
v -0.134371 1.077108 -0.566865
v -0.116334 1.067236 -0.549396
v -0.117457 1.068231 -0.155222
v -0.103356 1.048942 -0.528372
v -0.104437 1.046199 -0.141812
v -0.100517 0.992777 -0.487517
v 0.956854 0.424777 -0.479259
v 0.486945 -0.009552 -0.149890
v 1.040193 0.172719 -0.478354
v 0.403734 0.242118 -0.150791
v 0.399580 0.241582 0.236689
v 0.956854 0.424777 -0.479259
v 1.005326 0.444377 -0.133146
v 0.403734 0.242118 -0.150791
v 0.482790 -0.010088 0.237591
v 1.040193 0.172719 -0.478354
v 0.486945 -0.009552 -0.149890
v 1.090333 0.187275 -0.132222
v -0.967015 0.161897 -0.492689
v -0.333225 0.238143 -0.156056
v -0.886400 0.414841 -0.492423
v -0.413716 -0.014409 -0.156323
v -0.411752 -0.014910 0.231207
v -0.967015 0.161897 -0.492689
v -1.019276 0.175902 -0.147285
v -0.413716 -0.014409 -0.156323
v -0.331265 0.237643 0.231466
v -0.886400 0.414841 -0.492423
v -0.333225 0.238143 -0.156056
v -0.937046 0.433905 -0.147015
v -0.100517 0.992777 -0.487517
v 0.166765 0.412473 -0.152697
v 0.164772 0.994205 -0.485624
v -0.098110 0.411046 -0.154584
v -0.099195 0.408303 0.232920
v -0.100517 0.992777 -0.487517
v -0.104437 1.046199 -0.141812
v -0.098110 0.411046 -0.154584
v 0.165680 0.409733 0.234809
v 0.164772 0.994205 -0.485624
v 0.166765 0.412473 -0.152697
v 0.166155 1.047659 -0.139887
v -0.017203 0.306869 -0.256190
v 0.034197 0.336664 -0.350947
v 0.033928 0.336780 -0.255863
v -0.016934 0.306753 -0.351275
v -0.016885 0.247598 -0.256116
v -0.016934 0.306753 -0.351275
v -0.017203 0.306869 -0.256190
v -0.016613 0.247483 -0.351201
v 0.033928 0.336780 -0.255863
v 0.085646 0.307305 -0.350543
v 0.085377 0.307420 -0.255458
v 0.034197 0.336664 -0.350947
v 0.085377 0.307420 -0.255458
v 0.085967 0.248034 -0.350469
v 0.085694 0.248153 -0.255384
v 0.085646 0.307305 -0.350543
v 0.085646 0.307305 -0.350543
v -0.016934 0.306753 -0.351275
v -0.016613 0.247483 -0.351201
v 0.034197 0.336664 -0.350947
v 0.034839 0.218123 -0.350797
v 0.085967 0.248034 -0.350469
v 1.005326 0.444377 -0.519188
v 1.115419 0.181917 -0.531361
v 1.090333 0.187275 -0.518264
v 1.022281 0.463598 -0.532375
v 0.399580 0.241582 -0.149353
v 0.482790 -0.010088 -0.148451
v 1.131390 0.167008 -0.539359
v 1.026224 0.485068 -0.540508
v -0.411752 -0.014910 -0.154836
v -0.937046 0.433905 -0.533058
v -0.331265 0.237643 -0.154576
v -1.019276 0.175902 -0.533327
v -0.954134 0.452943 -0.546488
v -1.044217 0.170274 -0.546786
v -0.958263 0.474368 -0.554675
v -1.059979 0.155192 -0.555009
v -0.117457 1.068231 -0.541265
v 0.198117 1.080393 -0.547155
v 0.179008 1.069828 -0.539147
v -0.136636 1.078590 -0.549549
v -0.104437 1.046199 -0.527854
v -0.099195 0.408303 -0.153123
v 0.166155 1.047659 -0.525929
v 0.165680 0.409733 -0.151233
vn 0.8768 -0.2791 -0.3916
vn 0.5034 -0.0506 -0.8626
vn 0.4823 -0.1528 -0.8626
vn 0.9156 -0.0914 -0.3916
vn 0.4404 -0.2485 -0.8627
vn 0.7999 -0.4547 -0.3917
vn 0.8734 -0.2787 0.3994
vn 0.4931 -0.0486 0.8686
vn 0.9123 -0.0906 0.3993
vn 0.4718 -0.1513 0.8686
vn 0.4296 -0.2472 0.8685
vn 0.7961 -0.4547 0.3993
vn 0.6882 -0.6106 -0.3920
vn 0.3684 -0.3322 0.8683
vn 0.6839 -0.6107 0.3991
vn 0.5464 -0.7399 -0.3924
vn 0.2908 -0.4026 0.8680
vn 0.5417 -0.7400 0.3987
vn 0.3757 -0.8368 0.3982
vn 0.2002 -0.4554 0.8675
vn 0.1932 -0.8970 0.3975
vn 0.3808 -0.8370 -0.3930
vn 0.1986 -0.8975 -0.3937
vn 0.2121 -0.4568 -0.8639
vn 0.3024 -0.4039 -0.8634
vn 0.0952 -0.1211 -0.9881
vn 0.3796 -0.3334 -0.8630
vn 0.1182 -0.1001 -0.9879
vn 0.0030 0.0044 -1.0000
vn 0.1363 -0.0749 -0.9878
vn 0.0010 0.0022 -1.0000
vn 0.0019 0.0034 -1.0000
vn 0.0005 0.0009 -1.0000
vn 0.0002 -0.0005 -1.0000
vn 0.1488 -0.0464 -0.9878
vn 0.1551 -0.0160 -0.9878
vn 0.1550 0.0151 -0.9878
vn 0.1483 0.0455 -0.9879
vn 0.0002 -0.0020 -1.0000
vn 0.0005 -0.0034 -1.0000
vn 0.5029 0.0538 -0.8627
vn 0.9145 0.1003 -0.3919
vn 0.4807 0.1558 -0.8629
vn 0.8737 0.2875 -0.3923
vn 0.7950 0.4623 -0.3928
vn 0.4378 0.2511 -0.8633
vn 0.3760 0.3353 -0.8638
vn 0.1355 0.0738 -0.9880
vn 0.6815 0.6170 -0.3935
vn 0.5384 0.7447 -0.3943
vn 0.5337 0.7468 0.3968
vn 0.6773 0.6190 0.3975
vn 0.3648 0.3384 0.8674
vn 0.4269 0.2540 0.8679
vn 0.7912 0.4642 0.3982
vn 0.4701 0.1585 0.8683
vn 0.8703 0.2892 0.3987
vn 0.9113 0.1015 0.3991
vn 0.4925 0.0562 0.8685
vn 0.1412 0.0176 0.9898
vn 0.1345 0.0480 0.9897
vn -0.0137 -0.0009 0.9999
vn 0.1217 0.0764 0.9896
vn 0.1067 0.1010 0.9891
vn -0.0072 -0.0090 0.9999
vn -0.0132 -0.0023 0.9999
vn 0.0141 0.0308 0.9994
vn 0.0940 0.1418 0.9854
vn 0.0513 0.1407 0.9887
vn -0.0169 -0.0022 0.9999
vn 0.0232 0.1471 0.9889
vn -0.0085 -0.0055 0.9999
vn -0.0071 -0.0057 1.0000
vn -0.0078 0.1501 0.9886
vn -0.0388 0.1466 0.9884
vn -0.0057 -0.0056 1.0000
vn 0.0026 -0.0021 1.0000
vn -0.0668 0.1399 0.9879
vn -0.0287 0.0305 0.9991
vn -0.0070 -0.0090 0.9999
vn -0.1216 0.0996 0.9876
vn -0.1095 0.1405 0.9840
vn -0.3024 0.4039 0.8634
vn -0.3796 0.3334 0.8630
vn -0.2121 0.4568 0.8639
vn -0.5464 0.7399 0.3924
vn -0.5417 0.7400 -0.3987
vn -0.3757 0.8368 -0.3982
vn -0.6839 0.6107 -0.3991
vn -0.6882 0.6106 0.3920
vn -0.3808 0.8370 0.3930
vn -0.1932 0.8970 -0.3975
vn -0.1129 0.4899 0.8645
vn -0.1986 0.8975 0.3937
vn -0.0022 0.9179 -0.3968
vn -0.0088 0.5015 0.8651
vn -0.0077 0.9189 0.3945
vn 0.1836 0.9000 0.3953
vn 0.1889 0.8986 -0.3960
vn 0.3667 0.8418 0.3961
vn 0.0954 0.4914 0.8657
vn 0.1953 0.4597 0.8663
vn 0.2864 0.4080 0.8669
vn 0.3718 0.8400 -0.3951
vn 0.2072 0.4569 -0.8651
vn 0.1076 0.4889 -0.8657
vn 0.0034 0.4994 -0.8663
vn 0.0372 0.1445 -0.9888
vn 0.0063 0.1477 -0.9890
vn 0.0072 -0.0082 -0.9999
vn -0.1007 0.4882 -0.8669
vn -0.0247 0.1443 -0.9892
vn -0.2002 0.4554 -0.8675
vn -0.0543 0.1345 -0.9894
vn 0.0100 -0.0076 -0.9999
vn 0.0086 -0.0081 -0.9999
vn 0.0113 -0.0068 -0.9999
vn -0.0812 0.1188 -0.9896
vn -0.1043 0.0979 -0.9897
vn 0.0123 -0.0058 -0.9999
vn -0.1225 0.0726 -0.9898
vn 0.0132 -0.0047 -0.9999
vn 0.0137 -0.0033 -0.9999
vn -0.1414 0.0136 -0.9899
vn 0.0141 -0.0019 -0.9999
vn -0.1350 0.0441 -0.9899
vn -0.4718 0.1513 -0.8686
vn -0.4931 0.0486 -0.8686
vn -0.4296 0.2472 -0.8685
vn -0.3684 0.3322 -0.8683
vn -0.7961 0.4547 -0.3993
vn -0.8734 0.2788 -0.3994
vn -0.7999 0.4547 0.3917
vn -0.4404 0.2485 0.8627
vn -0.4823 0.1528 0.8626
vn -0.8768 0.2791 0.3916
vn -0.9156 0.0914 0.3916
vn -0.9208 -0.0045 0.3900
vn -0.5035 0.0506 0.8625
vn -0.9123 0.0906 -0.3993
vn -0.9177 -0.0055 -0.3973
vn -0.4977 -0.0038 -0.8673
vn -0.1429 -0.0020 -0.9897
vn 0.0142 -0.0012 -0.9999
vn -0.5079 -0.0016 0.8614
vn -0.1488 0.0464 0.9878
vn -0.1551 0.0160 0.9878
vn -0.1566 0.0004 0.9877
vn -0.0005 -0.0009 1.0000
vn -0.0001 0.0013 1.0000
vn -0.0002 0.0005 1.0000
vn -0.1363 0.0749 0.9878
vn -0.0010 -0.0023 1.0000
vn -0.2908 0.4026 -0.8680
vn 0.0057 -0.0081 -1.0000
vn 0.0043 -0.0076 -1.0000
vn 0.0031 -0.0069 -1.0000
vn 0.0669 0.1350 -0.9886
vn 0.2980 0.4049 -0.8644
vn 0.0939 0.1196 -0.9884
vn 0.1171 0.0989 -0.9882
vn 0.0020 -0.0060 -1.0000
vn 0.0010 -0.0048 -1.0000
vn -0.0141 0.0005 0.9999
vn -0.0134 0.0094 0.9999
vn 0.1438 -0.0111 0.9895
vn 0.0276 -0.0098 0.9996
vn 0.1580 -0.0514 0.9861
vn 0.1231 -0.0760 0.9895
vn -0.0169 -0.0019 0.9999
vn 0.1043 -0.0979 0.9897
vn -0.0123 0.0058 0.9999
vn -0.0113 0.0068 0.9999
vn 0.0543 -0.1345 0.9894
vn 0.0812 -0.1188 0.9896
vn -0.0100 0.0076 0.9999
vn -0.0013 0.0096 1.0000
vn -0.0069 -0.0351 0.9994
vn 0.0278 -0.1458 0.9889
vn 0.1007 -0.4881 0.8669
vn -0.0034 -0.4994 0.8663
vn -0.0061 -0.1717 0.9851
vn -0.0403 -0.1462 0.9884
vn -0.0669 -0.1350 0.9886
vn -0.0131 0.0096 0.9999
vn -0.1076 -0.4889 0.8657
vn 0.0022 -0.9179 0.3967
vn -0.1889 -0.8986 0.3960
vn -0.2072 -0.4569 0.8651
vn -0.3718 -0.8400 0.3951
vn -0.0939 -0.1196 0.9884
vn -0.2980 -0.4050 0.8644
vn -0.6815 -0.6169 0.3936
vn -0.3760 -0.3353 0.8638
vn -0.5384 -0.7447 0.3943
vn -0.5337 -0.7468 -0.3969
vn -0.2864 -0.4080 -0.8669
vn -0.3667 -0.8418 -0.3960
vn -0.6773 -0.6190 -0.3976
vn -0.7912 -0.4642 -0.3982
vn -0.3648 -0.3384 -0.8674
vn -0.7950 -0.4623 0.3928
vn -0.8738 -0.2875 0.3923
vn -0.4378 -0.2511 0.8633
vn -0.4807 -0.1559 0.8629
vn -0.1361 -0.0772 0.9877
vn -0.1171 -0.0989 0.9882
vn 0.0027 -0.0017 1.0000
vn -0.0020 0.0059 1.0000
vn -0.0031 0.0069 1.0000
vn -0.0044 0.0076 1.0000
vn -0.0417 -0.0102 0.9991
vn -0.1582 -0.0258 0.9871
vn -0.0019 0.0177 0.9998
vn -0.1712 -0.0531 0.9838
vn -0.4965 -0.1059 0.8616
vn -0.8998 -0.1951 0.3902
vn -0.8964 -0.1966 -0.3972
vn -0.8703 -0.2892 -0.3987
vn -0.4860 -0.1084 -0.8672
vn -0.4701 -0.1585 -0.8682
vn -0.1394 -0.0332 -0.9897
vn 0.0141 0.0003 -0.9999
vn -0.1345 -0.0480 -0.9897
vn 0.0137 0.0009 -0.9999
vn -0.1217 -0.0764 -0.9896
vn 0.0132 0.0023 -0.9999
vn -0.1032 -0.1015 -0.9895
vn 0.0123 0.0035 -0.9999
vn 0.0112 0.0044 -0.9999
vn -0.0528 -0.1376 -0.9891
vn 0.0099 0.0051 -0.9999
vn -0.0799 -0.1222 -0.9893
vn -0.1953 -0.4597 -0.8663
vn -0.1836 -0.9000 -0.3953
vn -0.0954 -0.4914 -0.8657
vn 0.0077 -0.9189 -0.3944
vn 0.0088 -0.5015 -0.8651
vn -0.0232 -0.1471 -0.9889
vn 0.0079 -0.1501 -0.9886
vn 0.0071 0.0057 -1.0000
vn 0.0086 0.0056 -0.9999
vn 0.0388 -0.1466 -0.9884
vn 0.0057 0.0056 -1.0000
vn 0.0683 -0.1368 -0.9882
vn 0.0043 0.0051 -1.0000
vn 0.1129 -0.4899 -0.8645
vn -0.4269 -0.2540 -0.8679
vn -0.7958 -0.4677 -0.3847
vn -0.5682 0.3253 -0.7559
vn -0.8008 0.4581 -0.3858
vn -0.5646 -0.3334 -0.7550
vn 0.0087 -0.9243 -0.3816
vn 0.8046 -0.4570 -0.3792
vn 0.0079 -0.6594 -0.7517
vn 0.5762 -0.3268 -0.7491
vn 0.7996 0.4647 -0.3803
vn 0.5727 0.3311 -0.7499
vn -0.0012 0.9234 -0.3838
vn 0.0008 0.6577 -0.7533
vn 0.5050 -0.8631 0.0025
vn 0.5049 -0.8631 0.0025
vn -0.4956 -0.8686 -0.0003
vn -0.4956 -0.8685 -0.0003
vn 0.0071 -0.0012 -1.0000
vn 0.0071 -0.0013 -1.0000
vn 0.0072 -0.0012 -1.0000
vn -0.5514 -0.8343 -0.0005
vn -0.7038 -0.7104 -0.0010
vn -0.7033 -0.7109 -0.0010
vn -0.9220 -0.3872 -0.0022
vn -0.9218 -0.3876 -0.0022
vn -1.0000 -0.0054 -0.0029
vn -0.9261 0.3773 -0.0031
vn -0.9259 0.3776 -0.0031
vn -0.7114 0.7028 -0.0029
vn -0.7109 0.7033 -0.0029
vn -0.3883 0.9215 -0.0023
vn -0.3874 0.9219 -0.0023
vn -0.0059 1.0000 -0.0012
vn -0.0048 1.0000 -0.0012
vn 0.3775 0.9260 -0.0000
vn 0.3784 0.9256 -0.0000
vn 0.7033 0.7109 0.0012
vn 0.7038 0.7104 0.0012
vn 0.9218 0.3876 0.0021
vn 0.9220 0.3873 0.0021
vn 1.0000 0.0054 0.0029
vn 0.9259 -0.3776 0.0031
vn 0.9261 -0.3773 0.0031
vn 0.7109 -0.7033 0.0029
vn 0.7114 -0.7028 0.0029
vn 0.3874 -0.9219 0.0022
vn 0.3883 -0.9215 0.0022
vn 0.0048 -1.0000 0.0013
vn 0.0059 -1.0000 0.0013
vn -0.1900 -0.9818 0.0007
vn -0.0071 0.0013 1.0000
vn -0.0072 0.0012 1.0000
vn -0.0071 0.0012 1.0000
vn 0.6855 0.6204 -0.3811
vn 0.5413 0.7491 -0.3819
vn 0.6853 0.6206 -0.3811
vn 0.5416 0.7489 -0.3819
vn 0.7994 0.4648 -0.3807
vn 0.7993 0.4650 -0.3807
vn 0.8786 0.2892 -0.3800
vn 0.8786 0.2891 -0.3800
vn 0.9196 0.1008 -0.3797
vn 0.9207 -0.0918 -0.3794
vn 0.9207 -0.0919 -0.3794
vn 0.9196 0.1009 -0.3797
vn 0.8817 -0.2807 -0.3793
vn 0.8817 -0.2806 -0.3793
vn 0.8044 -0.4571 -0.3794
vn 0.8043 -0.4573 -0.3794
vn 0.6921 -0.6138 -0.3798
vn 0.6919 -0.6140 -0.3798
vn 0.5493 -0.7441 -0.3801
vn 0.5496 -0.7439 -0.3801
vn 0.3832 -0.8416 -0.3807
vn 0.3828 -0.8418 -0.3807
vn 0.1995 -0.9027 -0.3812
vn 0.2000 -0.9026 -0.3812
vn 0.0075 -0.9242 -0.3819
vn 0.0079 -0.9242 -0.3819
vn -0.1844 -0.9053 -0.3825
vn -0.1849 -0.9052 -0.3825
vn -0.3687 -0.8469 -0.3833
vn -0.3691 -0.8467 -0.3833
vn -0.5371 -0.7511 -0.3839
vn -0.5368 -0.7513 -0.3839
vn -0.6813 -0.6229 -0.3846
vn -0.6815 -0.6226 -0.3846
vn -0.7961 -0.4669 -0.3850
vn -0.7959 -0.4672 -0.3850
vn -0.8757 -0.2909 -0.3853
vn -0.8757 -0.2910 -0.3853
vn -0.9169 -0.1021 -0.3858
vn -0.9179 0.0912 -0.3861
vn -0.8788 0.2804 -0.3862
vn -0.8787 0.2806 -0.3861
vn -0.8009 0.4576 -0.3862
vn -0.8011 0.4573 -0.3862
vn -0.6882 0.6142 -0.3862
vn -0.6880 0.6145 -0.3862
vn -0.5452 0.7443 -0.3857
vn -0.5449 0.7446 -0.3857
vn -0.3778 0.8419 -0.3854
vn -0.3782 0.8417 -0.3854
vn -0.1942 0.9023 -0.3848
vn -0.1946 0.9022 -0.3848
vn -0.0025 0.9233 -0.3841
vn -0.0020 0.9233 -0.3841
vn 0.1902 0.9038 -0.3835
vn 0.1898 0.9039 -0.3835
vn 0.3737 0.8449 -0.3827
vn 0.3741 0.8447 -0.3827
vn -0.1925 -0.2784 -0.9410
vn -0.4354 -0.4023 -0.8054
vn -0.2459 -0.2310 -0.9414
vn -0.3421 -0.4850 -0.8048
vn -0.2337 -0.5465 -0.8042
vn -0.1305 -0.3137 -0.9405
vn -0.1150 -0.5841 -0.8035
vn -0.0624 -0.3352 -0.9401
vn -0.0552 -0.6333 -0.7720
vn 0.0086 -0.3422 -0.9396
vn 0.0758 -0.6365 -0.7676
vn 0.0042 -0.5160 -0.8566
vn 0.0795 -0.3342 -0.9391
vn 0.1471 -0.3117 -0.9387
vn 0.1361 -0.5833 -0.8008
vn 0.2508 -0.5429 -0.8015
vn 0.3410 -0.7464 -0.5715
vn 0.1853 -0.7987 -0.5725
vn 0.0874 -0.8469 -0.5245
vn 0.0088 -0.6979 -0.7161
vn 0.0436 -0.8132 -0.5804
vn 0.0032 -0.6865 -0.7272
vn -0.0662 -0.8533 -0.5172
vn -0.0265 -0.8136 -0.5808
vn -0.1627 -0.8054 -0.5700
vn -0.3255 -0.7509 -0.5746
vn -0.4746 -0.6663 -0.5751
vn -0.6028 -0.5525 -0.5757
vn -0.5094 -0.3056 -0.8044
vn -0.7009 -0.4204 -0.5761
vn -0.7770 -0.3422 -0.5284
vn -0.6582 -0.2202 -0.7199
vn -0.7582 -0.2897 -0.5841
vn -0.6489 -0.2112 -0.7310
vn -0.5787 -0.2647 -0.7714
vn -0.4854 -0.1586 -0.8598
vn -0.3177 -0.1084 -0.9420
vn -0.6161 -0.1389 -0.7753
vn -0.5874 -0.0665 -0.8065
vn -0.3329 -0.0387 -0.9422
vn -0.8142 -0.0912 -0.5734
vn -0.8305 -0.1980 -0.5207
vn -0.7802 -0.2232 -0.5843
vn -0.6400 -0.2016 -0.7414
vn -0.6326 -0.2245 -0.7412
vn -0.5528 -0.1857 -0.8123
vn -0.8125 0.0806 -0.5774
vn -0.7779 0.2485 -0.5771
vn -0.5881 0.0581 -0.8067
vn -0.3188 0.1026 -0.9422
vn -0.5629 0.1803 -0.8067
vn -0.3333 0.0327 -0.9422
vn -0.5125 0.2944 -0.8066
vn -0.2901 0.1680 -0.9421
vn -0.4433 0.3945 -0.8049
vn -0.7088 0.4053 -0.5773
vn -0.6134 0.5394 -0.5769
vn -0.5624 0.6356 -0.5290
vn -0.4259 0.4726 -0.7716
vn -0.2954 0.4171 -0.8595
vn -0.4085 0.5614 -0.7197
vn -0.5062 0.6341 -0.5846
vn -0.3969 0.5554 -0.7307
vn -0.4417 0.7307 -0.5206
vn -0.3176 0.5468 -0.7747
vn -0.1955 0.2739 -0.9417
vn -0.2396 0.5420 -0.8055
vn -0.1338 0.3098 -0.9413
vn -0.3348 0.7484 -0.5725
vn -0.1709 0.7995 -0.5758
vn -0.1212 0.5808 -0.8050
vn -0.0005 0.8181 -0.5751
vn 0.0026 0.5942 -0.8043
vn 0.1265 0.5816 -0.8036
vn 0.1699 0.8008 -0.5743
vn 0.3265 0.7513 -0.5736
vn 0.2427 0.5465 -0.8015
vn 0.0759 0.3327 -0.9400
vn 0.1438 0.3110 -0.9395
vn 0.4334 0.7323 -0.5252
vn 0.3221 0.5539 -0.7678
vn 0.2057 0.2756 -0.9390
vn 0.3102 0.4138 -0.8559
vn 0.4095 0.5518 -0.7266
vn 0.4258 0.4741 -0.7707
vn 0.2589 0.2282 -0.9386
vn 0.6105 0.5512 -0.5687
vn 0.5609 0.6471 -0.5164
vn 0.4453 0.3988 -0.8017
vn 0.5189 0.2988 -0.8009
vn 0.3010 0.1707 -0.9382
vn 0.7101 0.4118 -0.5711
vn 0.7803 0.2560 -0.5706
vn 0.5699 0.1856 -0.8005
vn 0.5963 0.0643 -0.8002
vn 0.8166 0.0891 -0.5703
vn 0.5991 -0.0569 -0.7987
vn 0.8180 -0.0748 -0.5703
vn 0.8331 -0.1822 -0.5223
vn 0.6682 -0.2122 -0.7131
vn 0.7877 -0.2138 -0.5777
vn 0.6556 -0.2141 -0.7241
vn 0.6306 -0.1302 -0.7652
vn 0.4946 -0.1617 -0.8540
vn 0.3314 -0.1046 -0.9377
vn 0.5871 -0.2533 -0.7689
vn 0.5219 -0.2951 -0.8004
vn 0.3029 -0.1699 -0.9378
vn 0.7164 -0.4066 -0.5670
vn 0.7917 -0.3297 -0.5143
vn 0.7665 -0.2803 -0.5778
vn 0.6428 -0.2167 -0.7348
vn 0.6501 -0.1938 -0.7347
vn 0.5642 -0.1790 -0.8060
vn 0.6148 -0.5444 -0.5707
vn 0.4886 -0.6599 -0.5708
vn 0.4497 -0.3961 -0.8006
vn 0.2087 -0.2757 -0.9383
vn 0.3580 -0.4800 -0.8009
vn 0.2613 -0.2277 -0.9380
vn 0.3458 -0.0349 -0.9376
vn 0.3455 0.0363 -0.9377
vn 0.3303 0.1058 -0.9379
vn 0.5064 0.6380 -0.5800
vn 0.4115 0.5645 -0.7155
vn 0.4496 0.6788 -0.5805
vn 0.3885 0.5528 -0.7372
vn 0.4081 0.5389 -0.7369
vn 0.3480 0.4751 -0.8082
vn 0.0049 0.3399 -0.9404
vn -0.0660 0.3322 -0.9409
vn -0.2483 0.2259 -0.9420
vn -0.4497 0.6757 -0.5842
vn -0.3850 0.5502 -0.7410
vn -0.4043 0.5357 -0.7413
vn -0.3424 0.4725 -0.8121
vn -0.2882 -0.1735 -0.9417
vn -0.0031 -0.6749 -0.7379
vn 0.0210 -0.6750 -0.7375
vn 0.0089 -0.5879 -0.8089
vn -0.7397 -0.6730 -0.0013
vn -0.5839 -0.8118 -0.0007
vn -0.7392 -0.6735 -0.0013
vn -0.5835 -0.8121 -0.0007
vn -0.8597 -0.5108 -0.0018
vn -0.8633 -0.5046 -0.0024
vn -0.9265 -0.3763 0.0069
vn -0.9682 -0.2502 0.0067
vn -0.9495 -0.3139 -0.0005
vn -0.9940 -0.1094 -0.0033
vn -0.9950 0.1001 -0.0029
vn -0.9947 -0.1025 -0.0027
vn -0.9951 0.0991 -0.0029
vn -0.9528 0.3036 -0.0031
vn -0.9528 0.3037 -0.0031
vn -0.8688 0.4952 -0.0031
vn -0.8695 0.4940 -0.0031
vn -0.7517 0.6595 -0.0030
vn -0.7474 0.6644 -0.0035
vn -0.6446 0.7645 0.0064
vn -0.5375 0.8432 0.0065
vn -0.5926 0.8055 -0.0009
vn -0.4118 0.9113 -0.0029
vn -0.2125 0.9772 -0.0018
vn -0.4050 0.9143 -0.0023
vn -0.2131 0.9770 -0.0018
vn -0.1100 0.9939 -0.0015
vn -0.4018 -0.9157 -0.0000
vn -0.4033 -0.9151 -0.0000
vn -0.2097 -0.9778 0.0006
vn -0.2034 -0.9791 -0.0000
vn -0.0610 -0.9981 0.0102
vn 0.0051 -1.0000 0.0030
vn 0.0719 -0.9974 0.0105
vn 0.2208 -0.9753 0.0018
vn 0.2134 -0.9770 0.0012
vn 0.4127 -0.9109 0.0023
vn 0.5922 -0.8058 0.0027
vn 0.4121 -0.9111 0.0023
vn 0.5926 -0.8055 0.0027
vn 0.7471 -0.6647 0.0029
vn 0.7461 -0.6658 0.0029
vn 0.8653 -0.5013 0.0031
vn 0.8686 -0.4955 0.0025
vn 0.9305 -0.3662 0.0122
vn 0.9527 -0.3037 0.0049
vn 0.9708 -0.2397 0.0122
vn 0.9958 -0.0917 0.0029
vn 0.9951 -0.0987 0.0024
vn 0.9938 0.1109 0.0027
vn 0.9940 0.1098 0.0027
vn 0.9494 0.3140 0.0023
vn 0.8635 0.5043 0.0018
vn 0.9495 0.3139 0.0023
vn 0.8640 0.5036 0.0018
vn 0.7448 0.6673 0.0013
vn 0.7399 0.6727 0.0007
vn 0.6364 0.7713 0.0100
vn 0.5835 0.8121 0.0025
vn 0.4015 0.9159 -0.0006
vn 0.5285 0.8489 0.0096
vn 0.3956 0.9184 -0.0000
vn 0.2031 0.9792 -0.0006
vn 0.2014 0.9795 -0.0006
vn 0.0993 0.9951 -0.0009
vn 0.0992 0.9951 -0.0009
vn 0.5921 -0.8058 0.0027
vn 0.3147 -0.9492 0.0021
vn 0.5927 -0.8054 0.0027
vn 0.3140 -0.9494 0.0021
vn 0.8122 -0.5833 0.0030
vn 0.8125 -0.5829 0.0030
vn 0.9527 -0.3038 0.0031
vn 0.9528 -0.3036 0.0031
vn 1.0000 0.0054 0.0028
vn 0.9494 0.3141 0.0023
vn 0.9495 0.3138 0.0023
vn 0.8059 0.5921 0.0016
vn 0.8062 0.5916 0.0016
vn 0.5834 0.8122 0.0007
vn 0.5840 0.8118 0.0007
vn 0.3037 0.9528 -0.0003
vn 0.3045 0.9525 -0.0003
vn 0.1512 0.9885 -0.0008
vn 0.1513 0.9885 -0.0008
vn 0.0058 -1.0000 0.0012
vn 0.0050 -1.0000 0.0012
vn -0.3045 -0.9525 0.0003
vn -0.3037 -0.9528 0.0003
vn -0.5834 -0.8122 -0.0007
vn -0.8059 -0.5921 -0.0016
vn -0.5840 -0.8118 -0.0007
vn -0.8062 -0.5917 -0.0016
vn -0.9495 -0.3138 -0.0023
vn -0.9494 -0.3141 -0.0023
vn -1.0000 -0.0054 -0.0028
vn -0.9527 0.3038 -0.0031
vn -0.8122 0.5833 -0.0030
vn -0.9528 0.3035 -0.0031
vn -0.8125 0.5829 -0.0030
vn -0.5927 0.8054 -0.0027
vn -0.5921 0.8058 -0.0027
vn -0.3140 0.9494 -0.0021
vn -0.3147 0.9492 -0.0021
vn -0.1619 0.9868 -0.0017
vn -0.1512 -0.9885 0.0008
vn -0.0050 1.0000 -0.0012
vn -0.0058 1.0000 -0.0012
vn 0.8062 0.5917 0.0016
vn 0.1619 -0.9868 0.0017
vn 0.0072 -0.0013 -1.0000
vn 0.9528 -0.3035 0.0031
vn 0.3147 -0.9492 0.0020
vn 0.3139 -0.9494 0.0021
vn -0.9951 0.0991 -0.0030
vn -0.9527 0.3037 -0.0031
vn -0.9940 -0.1090 -0.0015
vn -0.9948 -0.1022 -0.0027
vn -0.8567 -0.5158 -0.0010
vn -0.9090 -0.4168 0.0001
vn -0.5863 -0.8101 0.0001
vn -0.4016 -0.9158 -0.0022
vn -0.1313 -0.9913 0.0012
vn -0.1510 -0.9885 -0.0030
vn 0.2689 -0.9632 0.0016
vn -0.8688 0.4951 -0.0031
vn -0.8689 0.4949 -0.0031
vn -0.7474 0.6643 -0.0017
vn -0.7522 0.6590 -0.0029
vn -0.4001 0.9165 -0.0015
vn -0.4995 0.8663 -0.0003
vn -0.0084 1.0000 -0.0004
vn 0.2031 0.9791 -0.0028
vn 0.4673 0.8841 0.0006
vn 0.4496 0.8932 -0.0036
vn 0.7770 0.6295 0.0011
vn -0.0057 1.0000 -0.0012
vn -0.0051 1.0000 -0.0012
vn -0.2136 0.9769 -0.0018
vn -0.4109 0.9117 -0.0011
vn -0.4051 0.9143 -0.0023
vn -0.7606 0.6492 -0.0022
vn -0.6771 0.7359 -0.0007
vn -0.9517 0.3069 -0.0023
vn -0.9958 0.0911 -0.0052
vn -0.9834 -0.1813 -0.0023
vn -0.9870 -0.1603 -0.0064
vn -0.8332 -0.5529 -0.0021
vn 0.2025 0.9793 -0.0006
vn 0.4015 0.9158 0.0012
vn 0.3948 0.9188 -0.0000
vn 0.7485 0.6632 0.0021
vn 0.6699 0.7425 0.0031
vn 0.9484 0.3170 0.0031
vn 0.9940 0.1091 0.0005
vn 0.9854 -0.1703 0.0033
vn 0.9885 -0.1512 -0.0008
vn 0.8392 -0.5439 0.0027
vn 0.8634 0.5045 0.0018
vn 0.7405 0.6721 0.0025
vn 0.3890 0.9212 0.0008
vn 0.4914 0.8710 0.0025
vn -0.0016 1.0000 -0.0004
vn -0.2148 0.9766 -0.0040
vn -0.4762 0.8794 -0.0021
vn -0.4595 0.8882 -0.0062
vn -0.7838 0.6210 -0.0034
vn 0.9939 0.1099 0.0027
vn 0.9952 -0.0982 0.0042
vn 0.9958 -0.0915 0.0029
vn 0.8619 -0.5070 0.0039
vn 0.9137 -0.4063 0.0052
vn 0.5954 -0.8034 0.0035
vn 0.4106 -0.9118 0.0001
vn 0.1428 -0.9897 0.0019
vn 0.1614 -0.9869 -0.0021
vn -0.2585 -0.9660 0.0001
vn -0.1064 0.0244 0.9940
vn -0.0884 0.0271 0.9957
vn -0.1115 0.0282 0.9934
vn -0.0784 0.0240 0.9966
vn -0.1130 -0.0105 0.9935
vn -0.1083 -0.0322 0.9936
vn -0.0991 -0.0525 0.9937
vn -0.0730 -0.0766 0.9944
vn -0.0748 -0.0827 0.9938
vn -0.0569 -0.0680 0.9961
vn -0.0508 -0.0595 0.9969
vn -0.0598 -0.0860 0.9945
vn -0.0651 -0.0896 0.9938
vn -0.0287 -0.1031 0.9943
vn -0.0065 -0.1053 0.9944
vn 0.0156 -0.1028 0.9946
vn 0.0519 -0.0890 0.9947
vn 0.0466 -0.0855 0.9952
vn 0.0434 -0.0675 0.9968
vn 0.0372 -0.0590 0.9976
vn 0.0597 -0.0760 0.9953
vn 0.0615 -0.0820 0.9947
vn 0.0855 -0.0515 0.9950
vn 0.0945 -0.0312 0.9950
vn 0.0990 -0.0093 0.9950
vn 0.0921 0.0255 0.9954
vn 0.0971 0.0294 0.9948
vn 0.0739 0.0280 0.9969
vn 0.0870 0.0409 0.9954
vn 0.0933 0.0407 0.9948
vn 0.0640 0.0247 0.9976
vn 0.0718 0.0730 0.9947
vn 0.0551 0.0878 0.9946
vn 0.0357 0.0988 0.9945
vn -0.0017 0.1089 0.9941
vn 0.0004 0.1029 0.9947
vn -0.0076 0.0865 0.9962
vn -0.0075 0.0760 0.9971
vn -0.0158 0.1028 0.9946
vn -0.0136 0.1088 0.9940
vn -0.0510 0.0983 0.9939
vn -0.0702 0.0870 0.9937
vn -0.0867 0.0720 0.9936
vn -0.1015 0.0398 0.9940
vn -0.1078 0.0396 0.9934
vn 0.3797 -0.5149 0.7685
vn 0.2995 -0.4063 0.8633
vn 0.3427 -0.4697 0.8136
vn 0.2896 -0.3954 0.8717
vn 0.4133 -0.5600 0.7180
vn 0.3582 -0.4938 0.7923
vn 0.2964 -0.4046 0.8651
vn -0.3009 -0.4089 0.8615
vn -0.3040 -0.4133 0.8583
vn -0.3465 -0.4730 0.8101
vn -0.3465 -0.4730 0.8100
vn -0.3633 -0.4965 0.7883
vn -0.3633 -0.4966 0.7883
vn 0.2952 0.4010 -0.8672
vn 0.8142 -0.5806 0.0008
vn 0.8158 -0.5784 -0.0014
vn 0.8172 -0.5764 -0.0034
vn 0.8126 -0.5828 0.0030
vn -0.8106 0.5856 -0.0052
vn -0.8090 0.5878 -0.0075
vn -0.8122 0.5834 -0.0030
vn -0.8075 0.5898 -0.0094
vn -0.2878 0.3987 -0.8708
vn 0.8042 0.5943 -0.0007
vn 0.8026 0.5965 -0.0029
vn 0.8012 0.5984 -0.0049
vn 0.8058 0.5921 0.0016
vn -0.8079 -0.5894 -0.0038
vn -0.8094 -0.5872 -0.0060
vn -0.8063 -0.5916 -0.0016
vn -0.8108 -0.5852 -0.0080
vn -0.0031 0.0297 -0.9996
vn -0.0122 0.0250 -0.9996
vn 0.0070 0.0313 -0.9995
vn -0.0193 0.0178 -0.9997
vn -0.0239 0.0087 -0.9997
vn -0.0254 -0.0014 -0.9997
vn -0.0238 -0.0115 -0.9997
vn -0.0191 -0.0205 -0.9996
vn -0.0119 -0.0277 -0.9995
vn -0.0028 -0.0322 -0.9995
vn 0.0073 -0.0338 -0.9994
vn 0.0173 -0.0322 -0.9993
vn 0.0264 -0.0275 -0.9993
vn 0.0336 -0.0202 -0.9992
vn 0.0382 -0.0111 -0.9992
vn 0.0397 -0.0010 -0.9992
vn 0.0381 0.0090 -0.9992
vn 0.0334 0.0180 -0.9993
vn 0.0262 0.0252 -0.9993
vn 0.0170 0.0298 -0.9994
vn -0.7958 -0.4677 -0.3846
vn -0.5682 0.3254 -0.7559
vn -0.8008 0.4582 -0.3858
vn 0.0087 -0.9243 -0.3815
vn 0.0080 -0.6595 -0.7516
vn 0.0009 0.6577 -0.7533
vn -0.5050 0.8631 -0.0025
vn -0.5049 0.8631 -0.0025
vn -0.5049 0.8632 -0.0025
vn 0.4956 0.8685 0.0003
vn 0.4957 0.8685 0.0003
vn -0.4956 -0.8685 -0.0004
vn -0.7958 -0.4678 -0.3847
vn 0.0079 -0.6595 -0.7517
vn 0.4956 0.8685 0.0004
vn 0.5049 -0.8632 0.0025
vn -0.4957 -0.8685 -0.0004
vn 0.4956 0.8686 0.0003
vn -0.5646 -0.3333 -0.7550
vn 0.8046 -0.4570 -0.3791
vn 0.5763 -0.3268 -0.7491
vn 0.7997 0.4647 -0.3803
vn 0.0008 0.6576 -0.7534
vn 0.4957 0.8685 0.0004
vn -0.5682 0.3254 -0.7558
vn 0.0079 -0.6595 -0.7516
vn 0.7997 0.4646 -0.3803
vn -0.0012 0.9234 -0.3839
vn 0.5727 0.3311 -0.7500
vn -0.8007 0.4581 -0.3860
vn -0.5926 0.8054 -0.0099
vn -0.3139 0.9494 -0.0092
vn -0.5921 0.8058 -0.0099
vn -0.3147 0.9492 -0.0092
vn -0.8125 0.5829 -0.0102
vn -0.8122 0.5833 -0.0102
vn -0.9528 0.3036 -0.0103
vn -0.9527 0.3038 -0.0102
vn -0.9999 -0.0054 -0.0100
vn -0.9494 -0.3138 -0.0095
vn -0.9494 -0.3140 -0.0095
vn -0.8061 -0.5917 -0.0087
vn -0.8058 -0.5921 -0.0087
vn -0.5839 -0.8118 -0.0078
vn -0.5833 -0.8122 -0.0078
vn -0.3044 -0.9525 -0.0069
vn -0.3037 -0.9528 -0.0069
vn -0.1512 -0.9885 -0.0063
vn -0.0049 1.0000 -0.0084
vn -0.0058 0.9999 -0.0084
vn 0.3037 0.9527 -0.0075
vn 0.3045 0.9525 -0.0075
vn 0.5840 0.8117 -0.0065
vn 0.8062 0.5916 -0.0056
vn 0.5834 0.8121 -0.0065
vn 0.8059 0.5920 -0.0056
vn 0.9494 0.3141 -0.0048
vn 0.9495 0.3138 -0.0048
vn 1.0000 0.0054 -0.0043
vn 0.9528 -0.3035 -0.0041
vn 0.9527 -0.3038 -0.0041
vn 0.8122 -0.5833 -0.0041
vn 0.8125 -0.5829 -0.0041
vn 0.5927 -0.8054 -0.0045
vn 0.5922 -0.8058 -0.0045
vn 0.3148 -0.9492 -0.0051
vn 0.3140 -0.9494 -0.0051
vn 0.1619 -0.9868 -0.0054
vn -0.7396 -0.6730 -0.0013
vn -0.7399 -0.6727 -0.0013
vn -0.8630 -0.5052 -0.0006
vn -0.8597 -0.5109 -0.0018
vn -0.9954 -0.0963 -0.0019
vn -0.9782 -0.2077 -0.0004
vn -0.9538 0.3005 -0.0023
vn -0.8685 0.4957 -0.0053
vn -0.6968 0.7172 -0.0025
vn -0.7110 0.7031 -0.0067
vn -0.3591 0.9333 -0.0026
vn -0.4023 -0.9155 -0.0000
vn -0.2033 -0.9791 0.0019
vn -0.2105 -0.9776 0.0006
vn 0.2258 -0.9742 0.0026
vn 0.1161 -0.9932 0.0037
vn 0.5898 -0.8076 0.0035
vn 0.7473 -0.6645 0.0007
vn 0.9023 -0.4310 0.0034
vn 0.8937 -0.4487 -0.0007
vn 0.9991 -0.0420 0.0025
vn 0.7469 -0.6650 0.0029
vn 0.8685 -0.4956 0.0043
vn 0.8650 -0.5018 0.0031
vn 0.9963 -0.0858 0.0037
vn 0.9804 -0.1969 0.0052
vn 0.9505 0.3106 0.0031
vn 0.8629 0.5054 -0.0004
vn 0.6897 0.7241 0.0014
vn 0.7032 0.7110 -0.0026
vn 0.3490 0.9371 -0.0006
vn 0.4117 -0.9113 0.0023
vn 0.2144 -0.9767 0.0030
vn 0.2206 -0.9754 0.0018
vn -0.2167 -0.9762 0.0014
vn -0.1041 -0.9946 0.0031
vn -0.5808 -0.8141 0.0002
vn -0.7406 -0.6719 -0.0035
vn -0.8975 -0.4411 -0.0017
vn -0.8888 -0.4582 -0.0057
vn -0.9986 -0.0528 -0.0032
vn -0.4654 -0.1570 -0.8711
vn -0.3173 0.9483 -0.0043
vn -0.3198 0.9475 -0.0065
vn -0.3221 0.9467 -0.0085
vn 0.3114 -0.9503 -0.0002
vn 0.3088 -0.9511 -0.0024
vn 0.3065 -0.9518 -0.0044
vn 0.4778 -0.1514 -0.8653
vn -0.3011 -0.9536 -0.0019
vn -0.2985 -0.9544 -0.0041
vn -0.2962 -0.9551 -0.0061
vn -0.3038 -0.9527 0.0003
vn 0.3071 0.9517 -0.0025
vn 0.3097 0.9508 -0.0047
vn 0.3120 0.9501 -0.0067
vn 0.0089 -0.4967 -0.8679
vn -1.0000 -0.0085 -0.0051
vn -0.9999 -0.0112 -0.0073
vn -0.9999 -0.0136 -0.0092
vn -1.0000 -0.0058 -0.0028
vn 1.0000 0.0023 0.0006
vn 1.0000 -0.0004 -0.0016
vn 1.0000 0.0050 0.0028
vn 1.0000 -0.0028 -0.0036
vn 0.4799 0.1618 0.8623
vn 0.5503 0.1849 0.8143
vn 0.4798 0.1618 0.8623
vn 0.5504 0.1849 0.8142
vn 0.4748 0.1601 0.8654
vn 0.5780 0.1940 0.7926
vn 0.5782 0.1940 0.7925
vn -0.4871 0.1543 0.8596
vn -0.4921 0.1560 0.8564
vn -0.4922 0.1560 0.8564
vn -0.5616 0.1781 0.8080
vn -0.5891 0.1869 0.7862
vn -0.5890 0.1869 0.7862
vn -0.0089 0.5854 0.8107
vn -0.0089 0.6143 0.7891
vn -0.0089 0.5852 0.8108
vn -0.0089 0.6143 0.7890
vn -0.0089 0.5119 0.8590
vn -0.0089 0.5064 0.8622
vn -0.0089 0.5118 0.8591
vt 0.133301 0.950287
vt 0.066650 0.965057
vt 0.066650 0.950287
vt 0.133301 0.965057
vt 0.199951 0.965057
vt 0.133301 0.704590
vt 0.199951 0.950287
vt 0.066650 0.704590
vt 0.066650 0.689697
vt 0.133301 0.689697
vt 0.199951 0.689697
vt 0.199951 0.704590
vt 0.266602 0.950287
vt 0.266602 0.704590
vt 0.266602 0.689697
vt 0.333252 0.689697
vt 0.333252 0.950287
vt 0.333252 0.704590
vt 0.399902 0.704590
vt 0.399902 0.950287
vt 0.399902 0.689697
vt 0.466553 0.704346
vt 0.466553 0.950317
vt 0.399902 0.965088
vt 0.333252 0.965088
vt 0.333252 0.980362
vt 0.266602 0.965057
vt 0.266602 0.980362
vt 0.333252 0.998794
vt 0.266602 0.998788
vt 0.199951 0.980362
vt 0.199951 0.998786
vt 0.133301 0.998785
vt 0.066650 0.980362
vt 0.066650 0.998785
vt 0.133301 0.980362
vt -0.000016 0.980362
vt -0.000016 0.965057
vt -0.066650 0.998786
vt -0.066650 0.980362
vt -0.000016 0.998786
vt -0.000016 0.950287
vt -0.066650 0.965057
vt -0.066650 0.950287
vt -0.133301 0.950287
vt -0.133301 0.965057
vt -0.199951 0.965088
vt -0.133301 0.980362
vt -0.199951 0.950287
vt -0.266602 0.950287
vt -0.266602 0.704590
vt -0.199951 0.704590
vt -0.199951 0.689697
vt -0.133301 0.704590
vt -0.133301 0.689697
vt -0.066650 0.689697
vt -0.066650 0.704590
vt -0.000016 0.704590
vt -0.000016 0.689697
vt -0.000016 0.674316
vt -0.066650 0.674316
vt -0.066650 0.656006
vt -0.133301 0.674316
vt -0.199951 0.674316
vt -0.199951 0.656006
vt -0.133301 0.656006
vt -0.266602 0.656006
vt -0.333252 0.674316
vt -0.266602 0.674316
vt -0.333252 0.656006
vt -0.399902 0.674316
vt -0.399902 0.656006
vt -0.466553 0.656006
vt -0.466553 0.674316
vt -0.533203 0.674316
vt -0.533203 0.656006
vt -0.599609 0.656006
vt -0.599609 0.674316
vt -0.666504 0.656006
vt -0.732910 0.674316
vt -0.732910 0.656006
vt -0.666504 0.674316
vt -0.666504 0.689697
vt -0.732910 0.689697
vt -0.666504 0.704346
vt -0.599609 0.689697
vt -0.599609 0.950317
vt -0.666504 0.950317
vt -0.732910 0.950317
vt -0.599609 0.704346
vt -0.732910 0.704346
vt -0.533203 0.950317
vt -0.533203 0.704346
vt -0.533203 0.689697
vt -0.466553 0.689697
vt -0.466553 0.950317
vt -0.466553 0.704346
vt -0.399902 0.704590
vt -0.399902 0.950287
vt -0.333252 0.704590
vt -0.399902 0.689697
vt -0.333252 0.689697
vt -0.266602 0.689697
vt -0.333252 0.950287
vt -0.333252 0.965088
vt -0.399902 0.965088
vt -0.466553 0.965118
vt -0.466553 0.980392
vt -0.399902 0.980377
vt -0.533203 0.965118
vt -0.466553 0.998825
vt -0.533203 0.980408
vt -0.533203 0.998845
vt -0.599609 0.965118
vt -0.599609 0.980423
vt -0.599609 0.998852
vt -0.666504 0.998837
vt -0.666504 0.980408
vt -0.732910 0.980392
vt -0.732910 0.998824
vt -0.799805 0.980408
vt -0.799805 0.998835
vt -0.866211 0.998822
vt -0.933105 0.980392
vt -0.866211 0.980392
vt -0.933105 0.998830
vt -0.933105 0.965118
vt -0.866211 0.965118
vt -0.799805 0.965118
vt -0.732910 0.965118
vt -0.799805 0.950317
vt -0.866211 0.950317
vt -0.799805 0.704346
vt -0.866211 0.704590
vt -0.866211 0.689697
vt -0.799805 0.689697
vt -0.933105 0.704346
vt -0.933105 0.950317
vt -1.000000 0.704590
vt -0.933105 0.689697
vt -1.000000 0.950317
vt -1.000000 0.965118
vt -1.000000 0.980392
vt -1.000000 0.998824
vt -1.000000 0.689697
vt -0.933105 0.674316
vt -0.866211 0.674316
vt -1.000000 0.674316
vt -0.866211 0.656006
vt -1.000000 0.656006
vt -0.933105 0.656006
vt -0.799805 0.674316
vt -0.799805 0.656006
vt -0.666504 0.965118
vt -0.399902 0.998809
vt -0.333252 0.998798
vt -0.333252 0.980362
vt -0.266602 0.998792
vt -0.266602 0.980362
vt -0.266602 0.965088
vt -0.199951 0.980362
vt -0.199951 0.998789
vt -0.133301 0.998787
vt -0.000016 0.656006
vt 0.066650 0.656006
vt 0.066650 0.674316
vt 0.133301 0.656006
vt 0.133301 0.674316
vt 0.199951 0.674316
vt 0.199951 0.656006
vt 0.266602 0.674316
vt 0.266602 0.656006
vt 0.333252 0.656006
vt 0.399902 0.674316
vt 0.333252 0.674316
vt 0.399902 0.656006
vt 0.466553 0.656006
vt 0.466553 0.674316
vt 0.533203 0.656006
vt 0.466553 0.689697
vt 0.533203 0.689697
vt 0.533203 0.674316
vt 0.599609 0.674316
vt 0.599609 0.689697
vt 0.666504 0.674316
vt 0.599609 0.656006
vt 0.533203 0.704346
vt 0.599609 0.704346
vt 0.666504 0.689697
vt 0.732910 0.689697
vt 0.666504 0.704346
vt 0.732910 0.674316
vt 0.799805 0.704346
vt 0.732910 0.704346
vt 0.799805 0.689697
vt 0.732910 0.950287
vt 0.732910 0.965088
vt 0.666504 0.950317
vt 0.799805 0.950287
vt 0.866211 0.704346
vt 0.866211 0.950287
vt 0.799805 0.965088
vt 0.933105 0.704346
vt 0.866211 0.689697
vt 0.933105 0.689697
vt 0.866211 0.674316
vt 0.799805 0.674316
vt 0.732910 0.656006
vt 0.866211 0.656006
vt 0.799805 0.656006
vt 0.666504 0.656006
vt 0.933105 0.656006
vt 0.999512 0.674316
vt 0.999512 0.656006
vt 0.933105 0.674316
vt 0.999512 0.689697
vt 0.999512 0.704346
vt 0.999512 0.950287
vt 0.933105 0.950287
vt 0.999512 0.965088
vt 0.933105 0.965088
vt 0.999512 0.980377
vt 0.999512 0.998813
vt 0.933105 0.998819
vt 0.933105 0.980392
vt 0.866211 0.980377
vt 0.866211 0.998812
vt 0.799805 0.980392
vt 0.799805 0.998825
vt 0.732910 0.998815
vt 0.666504 0.980392
vt 0.732910 0.980377
vt 0.666504 0.998828
vt 0.666504 0.965118
vt 0.599609 0.950317
vt 0.599609 0.965118
vt 0.533203 0.950317
vt 0.533203 0.965118
vt 0.599609 0.980408
vt 0.533203 0.998838
vt 0.533203 0.980408
vt 0.599609 0.998843
vt 0.466553 0.980392
vt 0.466553 0.998818
vt 0.399902 0.980377
vt 0.399902 0.998803
vt 0.466553 0.965088
vt 0.866211 0.965088
vt 0.512695 0.263672
vt 0.461182 0.233887
vt 0.495605 0.233887
vt 0.443848 0.263672
vt 0.547363 0.204102
vt 0.512695 0.144531
vt 0.512695 0.204102
vt 0.495605 0.174316
vt 0.443848 0.144531
vt 0.461182 0.174316
vt 0.409424 0.204102
vt 0.443848 0.204102
vt 0.782715 0.187988
vt 0.962402 0.167969
vt 0.962402 0.187988
vt 0.782715 0.167969
vt 0.962402 0.147949
vt 0.782715 0.147949
vt 0.607910 0.175293
vt 0.607910 0.329590
vt 0.563477 0.252441
vt 0.696777 0.329590
vt 0.741211 0.252441
vt 0.696777 0.175293
vt 0.038727 0.139648
vt 0.025696 0.170410
vt 0.025696 0.139648
vt 0.038727 0.170410
vt 0.025696 0.201172
vt 0.038727 0.201172
vt 0.025696 0.231934
vt 0.038727 0.231934
vt 0.025696 0.263184
vt 0.038727 0.263184
vt 0.025696 0.293945
vt 0.038727 0.293945
vt 0.025696 0.324707
vt 0.038727 0.324707
vt 0.025696 0.355469
vt 0.038727 0.355469
vt 0.025696 0.386719
vt 0.038727 0.386719
vt 0.025696 0.417480
vt 0.038727 0.417480
vt 0.025696 0.448242
vt 0.038727 0.448242
vt 0.025696 0.479004
vt 0.038727 0.479004
vt 0.025696 0.510010
vt 0.038727 0.510010
vt 0.025696 0.540771
vt 0.038727 0.540771
vt 0.025696 0.571777
vt 0.038727 0.571777
vt 0.025696 0.602539
vt 0.038727 0.602539
vt 0.025696 0.633545
vt 0.038727 0.633545
vt 0.359619 0.336426
vt 0.410400 0.302734
vt 0.529785 0.302734
vt 0.470215 0.290527
vt 0.325684 0.387207
vt 0.580566 0.336426
vt 0.614258 0.387207
vt 0.626465 0.446777
vt 0.325684 0.506592
vt 0.313965 0.446777
vt 0.614258 0.506592
vt 0.359619 0.557129
vt 0.580566 0.557129
vt 0.529785 0.591064
vt 0.410400 0.591064
vt 0.470215 0.603027
vt 0.679688 0.402832
vt 0.679688 0.522461
vt 0.667480 0.462891
vt 0.713379 0.352539
vt 0.713379 0.573242
vt 0.764160 0.318359
vt 0.764160 0.607178
vt 0.823730 0.306641
vt 0.823730 0.618896
vt 0.883789 0.318359
vt 0.883789 0.607178
vt 0.934570 0.352539
vt 0.934570 0.573242
vt 0.968262 0.402832
vt 0.968262 0.522461
vt 0.979980 0.462891
vt 0.081604 0.302246
vt 0.108765 0.321289
vt 0.106445 0.324219
vt 0.084534 0.299316
vt 0.061981 0.274902
vt 0.065308 0.272949
vt 0.052032 0.243164
vt 0.048370 0.244629
vt 0.041412 0.211914
vt 0.041443 0.178223
vt 0.045288 0.178711
vt 0.045288 0.211426
vt 0.052094 0.146973
vt 0.048401 0.145508
vt 0.061981 0.115234
vt 0.065308 0.117188
vt 0.081604 0.087891
vt 0.084534 0.090820
vt 0.108765 0.068848
vt 0.106445 0.065430
vt 0.135376 0.048828
vt 0.136963 0.052246
vt 0.167969 0.042480
vt 0.167236 0.038574
vt 0.200439 0.039063
vt 0.200439 0.035156
vt 0.233643 0.038574
vt 0.232910 0.042480
vt 0.265381 0.048828
vt 0.263916 0.052246
vt 0.292236 0.068848
vt 0.294434 0.065430
vt 0.319336 0.087891
vt 0.316406 0.090820
vt 0.335693 0.117188
vt 0.338867 0.115234
vt 0.348877 0.146973
vt 0.352539 0.145508
vt 0.359375 0.178223
vt 0.355713 0.178711
vt 0.359375 0.211914
vt 0.355713 0.211426
vt 0.348877 0.243164
vt 0.352539 0.244629
vt 0.338867 0.274902
vt 0.335693 0.272949
vt 0.316406 0.299316
vt 0.319336 0.302246
vt 0.292236 0.321289
vt 0.294434 0.324219
vt 0.265381 0.341309
vt 0.263916 0.337891
vt 0.233643 0.351563
vt 0.232910 0.347656
vt 0.200439 0.351074
vt 0.200439 0.354980
vt 0.167236 0.351563
vt 0.167969 0.347656
vt 0.136963 0.337891
vt 0.135376 0.341309
vt 0.092896 0.291992
vt 0.115417 0.312012
vt 0.141602 0.327148
vt 0.170288 0.336914
vt 0.178833 0.337891
vt 0.222168 0.337891
vt 0.200439 0.340332
vt 0.230591 0.336914
vt 0.259277 0.327148
vt 0.258789 0.326172
vt 0.230347 0.335449
vt 0.221924 0.336426
vt 0.200439 0.338867
vt 0.200439 0.336914
vt 0.219604 0.335449
vt 0.179077 0.336426
vt 0.170654 0.335449
vt 0.181274 0.335449
vt 0.142090 0.326172
vt 0.116089 0.311035
vt 0.093750 0.291016
vt 0.075073 0.267578
vt 0.076111 0.267090
vt 0.072693 0.259277
vt 0.065491 0.238770
vt 0.063904 0.239258
vt 0.072998 0.256836
vt 0.062622 0.239746
vt 0.071350 0.259766
vt 0.057983 0.218750
vt 0.059479 0.218262
vt 0.056488 0.209961
vt 0.057678 0.209961
vt 0.061188 0.220215
vt 0.063660 0.221191
vt 0.074524 0.254395
vt 0.080933 0.250977
vt 0.070801 0.220215
vt 0.057678 0.180176
vt 0.056519 0.180176
vt 0.063904 0.150879
vt 0.062805 0.150391
vt 0.075073 0.122559
vt 0.076111 0.123047
vt 0.092896 0.098145
vt 0.093750 0.099121
vt 0.100098 0.093262
vt 0.098999 0.092285
vt 0.115295 0.077637
vt 0.116089 0.079102
vt 0.117065 0.080078
vt 0.102539 0.092773
vt 0.134033 0.066895
vt 0.134766 0.068359
vt 0.141602 0.062988
vt 0.142090 0.063965
vt 0.170654 0.054688
vt 0.170410 0.053223
vt 0.200439 0.051270
vt 0.200439 0.050293
vt 0.230591 0.053223
vt 0.230347 0.054688
vt 0.259277 0.062988
vt 0.258789 0.063965
vt 0.266846 0.066895
vt 0.266113 0.068359
vt 0.285645 0.077637
vt 0.284912 0.079102
vt 0.302002 0.092285
vt 0.308105 0.098145
vt 0.307129 0.099121
vt 0.300781 0.093262
vt 0.325928 0.122559
vt 0.324707 0.123047
vt 0.336914 0.150879
vt 0.344482 0.180176
vt 0.338135 0.150391
vt 0.343262 0.180176
vt 0.344482 0.209961
vt 0.343262 0.209961
vt 0.341553 0.218262
vt 0.335449 0.238770
vt 0.336914 0.239258
vt 0.339844 0.220215
vt 0.338379 0.239746
vt 0.343018 0.218750
vt 0.329590 0.259766
vt 0.328125 0.259277
vt 0.325928 0.267578
vt 0.324707 0.267090
vt 0.327881 0.256836
vt 0.326416 0.254395
vt 0.337158 0.221191
vt 0.330078 0.220215
vt 0.320068 0.250977
vt 0.307129 0.291016
vt 0.308105 0.291992
vt 0.284912 0.311035
vt 0.285400 0.312012
vt 0.283936 0.080078
vt 0.298340 0.092773
vt 0.267334 0.070313
vt 0.267334 0.072754
vt 0.295898 0.093750
vt 0.264160 0.079590
vt 0.290771 0.098633
vt 0.133545 0.070313
vt 0.133423 0.072754
vt 0.110229 0.098633
vt 0.105103 0.093750
vt 0.136719 0.079590
vt 0.182861 0.333008
vt 0.218018 0.333008
vt 0.216797 0.326172
vt 0.184082 0.326172
vt 0.400391 0.750000
vt 0.376221 0.788330
vt 0.368896 0.765869
vt 0.414307 0.768921
vt 0.425293 0.725098
vt 0.444336 0.738770
vt 0.441162 0.693604
vt 0.463623 0.700928
vt 0.446777 0.658691
vt 0.470459 0.658691
vt 0.441162 0.624023
vt 0.463623 0.616699
vt 0.425293 0.592529
vt 0.444336 0.578613
vt 0.400391 0.567627
vt 0.414307 0.548584
vt 0.368896 0.551758
vt 0.376221 0.529297
vt 0.334229 0.546143
vt 0.334229 0.522461
vt 0.299316 0.551758
vt 0.291992 0.529297
vt 0.267822 0.567627
vt 0.254150 0.548584
vt 0.243042 0.592529
vt 0.223999 0.578613
vt 0.227051 0.624023
vt 0.204590 0.616699
vt 0.221558 0.658691
vt 0.197998 0.658691
vt 0.227051 0.693604
vt 0.204590 0.700928
vt 0.243042 0.725098
vt 0.223999 0.738770
vt 0.267822 0.750000
vt 0.254150 0.768921
vt 0.299316 0.765869
vt 0.291992 0.788330
vt 0.334229 0.771362
vt 0.334229 0.794922
vt 0.793945 0.893188
vt 0.776855 0.970718
vt 0.776855 0.893188
vt 0.793945 0.970718
vt 0.810547 0.893188
vt 0.810547 0.970718
vt 0.815430 0.893188
vt 0.827637 0.970718
vt 0.839355 0.893188
vt 0.844238 0.970718
vt 0.844238 0.893188
vt 0.861328 0.970718
vt 0.861328 0.893188
vt 0.877930 0.970718
vt 0.877930 0.893188
vt 0.895020 0.893188
vt 0.895020 0.970718
vt 0.911621 0.893188
vt 0.911621 0.970718
vt 0.916504 0.893188
vt 0.928711 0.970718
vt 0.940430 0.893188
vt 0.945313 0.970718
vt 0.945313 0.893188
vt 0.962402 0.970718
vt 0.962402 0.893188
vt 0.979004 0.970718
vt 0.979004 0.893188
vt 0.760254 0.893188
vt 0.743164 0.893188
vt 0.760254 0.970718
vt 0.743164 0.970718
vt 0.738281 0.893188
vt 0.726563 0.970718
vt 0.714355 0.893188
vt 0.709473 0.970718
vt 0.709473 0.893188
vt 0.692871 0.970718
vt 0.692871 0.893188
vt 0.675781 0.970718
vt 0.675781 0.893188
vt 0.659180 0.893188
vt 0.659180 0.970718
vt 0.642090 0.893188
vt 0.642090 0.970718
vt 0.637207 0.893188
vt 0.625488 0.970718
vt 0.613281 0.893188
vt 0.608398 0.970718
vt 0.608398 0.893188
vt 0.591797 0.970718
vt 0.591797 0.893188
vt 0.574707 0.970718
vt 0.558105 0.893188
vt 0.558105 0.970718
vt 0.574707 0.893188
vt 0.541016 0.893188
vt 0.541016 0.970718
vt 0.536133 0.893188
vt 0.524414 0.970718
vt 0.512207 0.893188
vt 0.507324 0.970718
vt 0.507324 0.893188
vt 0.490723 0.970718
vt 0.490723 0.893188
vt 0.473877 0.970718
vt 0.473877 0.893188
vt 0.367188 0.018555
vt 0.338379 0.123047
vt 0.338379 0.018555
vt 0.367188 0.123047
vt 0.396240 0.018555
vt 0.396240 0.123047
vt 0.425049 0.018555
vt 0.454102 0.018555
vt 0.425049 0.123047
vt 0.454102 0.123047
vt 0.482910 0.018555
vt 0.482910 0.123047
vt 0.511719 0.018555
vt 0.511719 0.123047
vt 0.540527 0.018555
vt 0.569824 0.018555
vt 0.540527 0.123047
vt 0.569824 0.123047
vt 0.598633 0.018555
vt 0.598633 0.123047
vt 0.309326 0.123047
vt 0.309326 0.018555
vt 0.280518 0.123047
vt 0.280518 0.018555
vt 0.251465 0.123047
vt 0.251465 0.018555
vt 0.222656 0.123047
vt 0.222656 0.018555
vt 0.193726 0.123047
vt 0.193726 0.018555
vt 0.164795 0.123047
vt 0.164795 0.018555
vt 0.135986 0.123047
vt 0.135986 0.018555
vt 0.107056 0.123047
vt 0.107056 0.018555
vt 0.078125 0.123047
vt 0.078125 0.018555
vt 0.049194 0.123047
vt 0.049194 0.018555
vt 0.020279 0.123047
vt 0.020279 0.018555
vt 0.253662 0.326172
vt 0.282471 0.291992
vt 0.282471 0.326172
vt 0.253662 0.291992
vt 0.224976 0.326172
vt 0.196167 0.326172
vt 0.224976 0.291992
vt 0.196167 0.291992
vt 0.167358 0.326172
vt 0.167358 0.291992
vt 0.138550 0.326172
vt 0.138550 0.291992
vt 0.109680 0.326172
vt 0.080872 0.326172
vt 0.109680 0.291992
vt 0.080872 0.291992
vt 0.052063 0.326172
vt 0.052063 0.291992
vt 0.023254 0.326172
vt 0.023254 0.291992
vt 0.311279 0.291992
vt 0.311279 0.326172
vt 0.340332 0.291992
vt 0.340332 0.326172
vt 0.369141 0.291992
vt 0.369141 0.326172
vt 0.397949 0.291992
vt 0.397949 0.326172
vt 0.426758 0.291992
vt 0.426758 0.326172
vt 0.455566 0.291992
vt 0.455566 0.326172
vt 0.484375 0.291992
vt 0.484375 0.326172
vt 0.513184 0.291992
vt 0.513184 0.326172
vt 0.541992 0.291992
vt 0.541992 0.326172
vt 0.570801 0.291992
vt 0.570801 0.326172
vt 0.599609 0.291992
vt 0.599609 0.326172
vt 0.282471 0.280762
vt 0.253662 0.280762
vt 0.224976 0.280762
vt 0.196167 0.280762
vt 0.167358 0.280762
vt 0.138550 0.280762
vt 0.109680 0.280762
vt 0.080872 0.280762
vt 0.052063 0.280762
vt 0.023254 0.280762
vt 0.311279 0.280762
vt 0.340332 0.280762
vt 0.369141 0.280762
vt 0.397949 0.280762
vt 0.426758 0.280762
vt 0.455566 0.280762
vt 0.484375 0.280762
vt 0.513184 0.280762
vt 0.541992 0.280762
vt 0.570801 0.280762
vt 0.599609 0.280762
vt 0.282471 0.219727
vt 0.253662 0.219727
vt 0.224976 0.219727
vt 0.196167 0.219727
vt 0.167358 0.219727
vt 0.138550 0.219727
vt 0.109680 0.219727
vt 0.080872 0.219727
vt 0.052063 0.219727
vt 0.023254 0.219727
vt 0.311279 0.219727
vt 0.340332 0.219727
vt 0.369141 0.219727
vt 0.397949 0.219727
vt 0.426758 0.219727
vt 0.455566 0.219727
vt 0.484375 0.219727
vt 0.513184 0.219727
vt 0.541992 0.219727
vt 0.570801 0.219727
vt 0.599609 0.219727
vt 0.860352 0.285645
vt 0.802734 0.255859
vt 0.860352 0.255859
vt 0.802734 0.285645
vt 0.916992 0.285645
vt 0.918945 0.255859
vt 0.938477 0.255859
vt 0.930176 0.285645
vt 0.935547 0.285645
vt 0.947266 0.255859
vt 0.942383 0.285645
vt 0.958496 0.255859
vt 0.964355 0.285645
vt 0.745117 0.285645
vt 0.688477 0.285645
vt 0.745117 0.255859
vt 0.686035 0.255859
vt 0.666992 0.255859
vt 0.675293 0.285645
vt 0.669922 0.285645
vt 0.662598 0.285645
vt 0.658203 0.255859
vt 0.646973 0.255859
vt 0.641113 0.285645
vt 0.860352 0.113770
vt 0.802734 0.083984
vt 0.860352 0.083984
vt 0.802734 0.113770
vt 0.916992 0.113770
vt 0.918945 0.083984
vt 0.938477 0.083984
vt 0.930176 0.113770
vt 0.935547 0.113770
vt 0.947266 0.083984
vt 0.942383 0.113770
vt 0.958496 0.083984
vt 0.964355 0.113770
vt 0.745117 0.113770
vt 0.688477 0.113770
vt 0.745117 0.083984
vt 0.686035 0.083984
vt 0.666992 0.083984
vt 0.675293 0.113770
vt 0.669922 0.113770
vt 0.658203 0.083984
vt 0.662598 0.113770
vt 0.646973 0.083984
vt 0.641113 0.113770
vt 0.860352 0.062012
vt 0.802734 0.032227
vt 0.860352 0.032227
vt 0.802734 0.062012
vt 0.916992 0.062012
vt 0.918945 0.032227
vt 0.938477 0.032227
vt 0.930176 0.062012
vt 0.935547 0.062012
vt 0.942383 0.062012
vt 0.947266 0.032227
vt 0.958496 0.032227
vt 0.964355 0.062012
vt 0.745117 0.062012
vt 0.745117 0.032227
vt 0.688477 0.062012
vt 0.666992 0.032227
vt 0.686035 0.032227
vt 0.675293 0.062012
vt 0.669922 0.062012
vt 0.658203 0.032227
vt 0.662598 0.062012
vt 0.646973 0.032227
vt 0.641113 0.062012
vt 0.974609 0.504150
vt 0.950195 0.473145
vt 0.966797 0.467773
vt 0.957520 0.505859
vt 0.974609 0.541504
vt 0.957520 0.539551
vt 0.966797 0.578125
vt 0.936523 0.603516
vt 0.950195 0.572754
vt 0.951660 0.612305
vt 0.929688 0.642578
vt 0.916992 0.630859
vt 0.891602 0.653320
vt 0.901855 0.667480
vt 0.869629 0.686279
vt 0.862305 0.670166
vt 0.833984 0.697754
vt 0.830566 0.680664
vt 0.796875 0.701660
vt 0.796875 0.684326
vt 0.763184 0.680664
vt 0.759766 0.697754
vt 0.730957 0.670166
vt 0.724121 0.686279
vt 0.702148 0.653320
vt 0.691895 0.667480
vt 0.664063 0.642578
vt 0.676758 0.630859
vt 0.642090 0.612305
vt 0.657227 0.603516
vt 0.626953 0.578125
vt 0.643066 0.572754
vt 0.636230 0.539551
vt 0.619141 0.541504
vt 0.619141 0.504150
vt 0.636230 0.505859
vt 0.643066 0.473145
vt 0.642090 0.433594
vt 0.626953 0.467773
vt 0.657227 0.442383
vt 0.664063 0.403320
vt 0.676758 0.415039
vt 0.691895 0.378418
vt 0.702148 0.392090
vt 0.730957 0.375488
vt 0.724121 0.359375
vt 0.763184 0.365234
vt 0.759766 0.348145
vt 0.796875 0.361328
vt 0.796875 0.344238
vt 0.833984 0.348145
vt 0.830566 0.365234
vt 0.869629 0.359375
vt 0.862305 0.375488
vt 0.901855 0.378418
vt 0.891602 0.392090
vt 0.916992 0.415039
vt 0.929688 0.403320
vt 0.951660 0.433594
vt 0.936523 0.442383
vt 0.862793 0.402832
vt 0.890137 0.426270
vt 0.862305 0.406250
vt 0.893066 0.424805
vt 0.861328 0.400391
vt 0.895508 0.425293
vt 0.842285 0.490723
vt 0.815430 0.471191
vt 0.779297 0.471191
vt 0.704590 0.426270
vt 0.731934 0.406250
vt 0.751953 0.490723
vt 0.701660 0.424805
vt 0.731934 0.402832
vt 0.698730 0.425293
vt 0.732910 0.400391
vt 0.496094 0.365723
vt 0.452881 0.571289
vt 0.380859 0.519043
vt 0.562988 0.414551
vt 0.342041 0.495605
vt 0.442383 0.357422
vt 0.490234 0.603027
vt 0.590332 0.464844
vt 0.105103 0.414551
vt 0.287354 0.519043
vt 0.215454 0.571289
vt 0.172363 0.365723
vt 0.180908 0.601074
vt 0.080566 0.462891
vt 0.329102 0.493164
vt 0.228760 0.354980
vt 0.200439 0.194824
vt 0.214355 0.237793
vt 0.200439 0.240234
vt 0.226929 0.231445
vt 0.236816 0.221680
vt 0.186523 0.237793
vt 0.243164 0.208984
vt 0.245361 0.194824
vt 0.243164 0.181152
vt 0.236816 0.168457
vt 0.226929 0.158691
vt 0.214355 0.152344
vt 0.200439 0.149902
vt 0.186523 0.152344
vt 0.174072 0.158691
vt 0.164063 0.168457
vt 0.157715 0.181152
vt 0.155518 0.194824
vt 0.157715 0.208984
vt 0.164063 0.221680
vt 0.174072 0.231445
vt 0.782715 0.267578
vt 0.962402 0.247559
vt 0.962402 0.267578
vt 0.782715 0.247559
vt 0.962402 0.227539
vt 0.782715 0.227539
vt 0.962402 0.208008
vt 0.782715 0.208008
vt 0.862793 0.157715
vt 0.886719 0.164551
vt 0.855957 0.164551
vt 0.880371 0.157715
vt 0.372559 0.711670
vt 0.367188 0.760376
vt 0.354248 0.720947
vt 0.396973 0.745361
vt 0.386963 0.697266
vt 0.420654 0.721680
vt 0.396240 0.678955
vt 0.435791 0.691895
vt 0.399414 0.658691
vt 0.440918 0.658691
vt 0.396240 0.638672
vt 0.435791 0.625732
vt 0.386963 0.620361
vt 0.420654 0.595947
vt 0.372559 0.605957
vt 0.396973 0.572266
vt 0.354248 0.596680
vt 0.367188 0.557129
vt 0.334229 0.593506
vt 0.334229 0.552002
vt 0.313965 0.596680
vt 0.301025 0.557129
vt 0.295654 0.605957
vt 0.271240 0.572266
vt 0.281250 0.620361
vt 0.247681 0.595947
vt 0.271973 0.638672
vt 0.232544 0.625732
vt 0.268799 0.658691
vt 0.227295 0.658691
vt 0.271973 0.678955
vt 0.232544 0.691895
vt 0.281250 0.697266
vt 0.247681 0.721680
vt 0.295654 0.711670
vt 0.271240 0.745361
vt 0.313965 0.720947
vt 0.301025 0.760376
vt 0.334229 0.724121
vt 0.334229 0.765625
vt 0.251465 0.204102
vt 0.280518 0.141602
vt 0.280518 0.204102
vt 0.251465 0.141602
vt 0.222656 0.204102
vt 0.222656 0.141602
vt 0.193726 0.204102
vt 0.193726 0.141602
vt 0.164795 0.204102
vt 0.135986 0.204102
vt 0.164795 0.141602
vt 0.135986 0.141602
vt 0.107056 0.204102
vt 0.107056 0.141602
vt 0.078125 0.204102
vt 0.078125 0.141602
vt 0.049194 0.204102
vt 0.020279 0.204102
vt 0.049194 0.141602
vt 0.020279 0.141602
vt 0.309326 0.141602
vt 0.309326 0.204102
vt 0.338379 0.141602
vt 0.338379 0.204102
vt 0.367188 0.141602
vt 0.367188 0.204102
vt 0.396240 0.141602
vt 0.396240 0.204102
vt 0.425049 0.141602
vt 0.425049 0.204102
vt 0.454102 0.141602
vt 0.454102 0.204102
vt 0.482910 0.141602
vt 0.482910 0.204102
vt 0.511719 0.141602
vt 0.511719 0.204102
vt 0.540527 0.141602
vt 0.540527 0.204102
vt 0.569824 0.141602
vt 0.569824 0.204102
vt 0.598633 0.141602
vt 0.598633 0.204102
vt 0.745117 0.229492
vt 0.802734 0.199707
vt 0.802734 0.229492
vt 0.745117 0.199707
vt 0.688477 0.229492
vt 0.686035 0.199707
vt 0.666992 0.199707
vt 0.675293 0.229492
vt 0.669922 0.229492
vt 0.658203 0.199707
vt 0.662598 0.229492
vt 0.646973 0.199707
vt 0.641113 0.229492
vt 0.860352 0.229492
vt 0.916992 0.229492
vt 0.860352 0.199707
vt 0.918945 0.199707
vt 0.938477 0.199707
vt 0.930176 0.229492
vt 0.935547 0.229492
vt 0.942383 0.229492
vt 0.947266 0.199707
vt 0.958496 0.199707
vt 0.964355 0.229492
vt 0.860352 0.168945
vt 0.802734 0.139160
vt 0.860352 0.139160
vt 0.802734 0.168945
vt 0.916992 0.168945
vt 0.938477 0.139160
vt 0.918945 0.139160
vt 0.930176 0.168945
vt 0.935547 0.168945
vt 0.947266 0.139160
vt 0.942383 0.168945
vt 0.958496 0.139160
vt 0.964355 0.168945
vt 0.745117 0.168945
vt 0.688477 0.168945
vt 0.745117 0.139160
vt 0.686035 0.139160
vt 0.666992 0.139160
vt 0.675293 0.168945
vt 0.669922 0.168945
vt 0.658203 0.139160
vt 0.662598 0.168945
vt 0.646973 0.139160
vt 0.641113 0.168945
vt 0.030777 0.801270
vt 0.186523 0.660156
vt 0.213989 0.744873
vt 0.005100 0.722168
vt 0.231567 0.786743
vt 0.069214 0.839600
vt 0.174927 0.612549
vt 0.012634 0.665283
vt 0.663086 0.722168
vt 0.454346 0.744873
vt 0.481689 0.660156
vt 0.637695 0.801270
vt 0.492188 0.615967
vt 0.654297 0.668701
vt 0.435547 0.790161
vt 0.597656 0.842896
vt 0.375732 0.991470
vt 0.289551 0.799805
vt 0.378662 0.799805
vt 0.292480 0.991470
vt 0.424072 0.796021
vt 0.424072 0.966705
vt 0.240845 0.796021
vt 0.240845 0.966705
vt 0.919434 0.582275
vt 0.933105 0.549072
vt 0.921875 0.584717
vt 0.930176 0.549805
vt 0.843262 0.557129
vt 0.853516 0.525391
vt 0.935547 0.547119
vt 0.922363 0.587402
vt 0.740723 0.525391
vt 0.674805 0.582275
vt 0.664551 0.549805
vt 0.750977 0.557129
vt 0.672852 0.584717
vt 0.661133 0.549072
vt 0.672363 0.587402
vt 0.659180 0.547119
vt 0.778809 0.661621
vt 0.818359 0.662842
vt 0.776367 0.662842
vt 0.815918 0.661621
vt 0.780273 0.658691
vt 0.780762 0.578369
vt 0.814453 0.658691
vt 0.813965 0.578369
s 1
usemtl 5b395f45_dds
f 1/1/1 2/2/2 4/3/4
f 1/1/1 3/4/3 2/2/2
f 1/1/1 5/5/5 3/4/3
f 4/3/4 7/6/7 1/1/1
f 1/1/1 6/7/6 5/5/5
f 6/7/6 1/1/1 7/6/7
f 4/3/4 9/8/9 7/6/7
f 7/6/7 8/9/8 10/10/10
f 7/6/7 9/8/9 8/9/8
f 7/6/7 10/10/10 11/11/11
f 7/6/7 11/11/11 12/12/12
f 6/7/6 7/6/7 12/12/12
f 13/13/13 6/7/6 12/12/12
f 13/13/13 12/12/12 15/14/15
f 12/12/12 11/11/11 14/15/14
f 12/12/12 14/15/14 15/14/15
f 17/16/17 15/14/15 14/15/14
f 16/17/16 15/14/15 18/18/18
f 16/17/16 13/13/13 15/14/15
f 17/16/17 18/18/18 15/14/15
f 16/17/16 18/18/18 19/19/19
f 17/16/17 19/19/19 18/18/18
f 16/17/16 19/19/19 22/20/22
f 17/16/17 20/21/20 19/19/19
f 21/22/21 19/19/19 20/21/20
f 22/20/22 19/19/19 21/22/21
f 22/20/22 21/22/21 23/23/23
f 23/23/23 24/24/24 22/20/22
f 25/25/25 22/20/22 24/24/24
f 25/25/25 16/17/16 22/20/22
f 25/25/25 13/13/13 16/17/16
f 26/26/26 27/27/27 25/25/25
f 26/26/26 25/25/25 24/24/24
f 25/25/25 27/27/27 13/13/13
f 6/7/6 27/27/27 5/5/5
f 6/7/6 13/13/13 27/27/27
f 5/5/5 27/27/27 28/28/28
f 26/26/26 28/28/28 27/27/27
f 29/29/29 28/28/28 26/26/26
f 29/29/29 32/30/32 28/28/28
f 5/5/5 28/28/28 30/31/30
f 28/28/28 31/32/31 30/31/30
f 28/28/28 32/30/32 31/32/31
f 30/31/30 31/32/31 33/33/33
f 36/34/36 33/33/33 34/35/34
f 30/31/30 33/33/33 35/36/35
f 36/34/36 35/36/35 33/33/33
f 2/2/2 36/34/36 37/37/37
f 3/4/3 36/34/36 2/2/2
f 3/4/3 35/36/35 36/34/36
f 37/37/37 36/34/36 34/35/34
f 2/2/2 37/37/37 41/38/41
f 40/39/40 38/40/38 37/37/37
f 38/40/38 41/38/41 37/37/37
f 37/37/37 34/35/34 39/41/39
f 40/39/40 37/37/37 39/41/39
f 4/3/4 2/2/2 41/38/41
f 4/3/4 41/38/41 42/42/42
f 43/43/43 42/42/42 41/38/41
f 38/40/38 43/43/43 41/38/41
f 43/43/43 44/44/44 42/42/42
f 43/43/43 45/45/45 44/44/44
f 38/40/38 46/46/46 43/43/43
f 43/43/43 46/46/46 45/45/45
f 47/47/47 46/46/46 48/48/48
f 49/49/49 46/46/46 47/47/47
f 38/40/38 48/48/48 46/46/46
f 49/49/49 45/45/45 46/46/46
f 49/49/49 50/50/50 51/51/51
f 50/50/50 49/49/49 47/47/47
f 45/45/45 49/49/49 52/52/52
f 49/49/49 51/51/51 52/52/52
f 51/51/51 53/53/53 52/52/52
f 45/45/45 52/52/52 55/54/55
f 52/52/52 53/53/53 54/55/54
f 52/52/52 54/55/54 55/54/55
f 56/56/56 55/54/55 54/55/54
f 56/56/56 57/57/57 55/54/55
f 44/44/44 55/54/55 57/57/57
f 44/44/44 45/45/45 55/54/55
f 56/56/56 58/58/58 57/57/57
f 44/44/44 57/57/57 58/58/58
f 42/42/42 58/58/58 9/8/9
f 9/8/9 58/58/58 59/59/59
f 44/44/44 58/58/58 42/42/42
f 56/56/56 59/59/59 58/58/58
f 9/8/9 59/59/59 8/9/8
f 8/9/8 59/59/59 60/60/60
f 61/61/61 59/59/59 56/56/56
f 61/61/61 60/60/60 59/59/59
f 61/61/61 56/56/56 54/55/54
f 62/62/62 60/60/60 61/61/61
f 62/62/62 61/61/61 63/63/63
f 61/61/61 54/55/54 63/63/63
f 63/63/63 64/64/64 65/65/65
f 53/53/53 64/64/64 63/63/63
f 62/62/62 63/63/63 66/66/66
f 63/63/63 65/65/65 66/66/66
f 53/53/53 63/63/63 54/55/54
f 64/64/64 67/67/67 65/65/65
f 69/68/69 67/67/67 68/69/68
f 64/64/64 68/69/68 67/67/67
f 69/68/69 70/70/70 67/67/67
f 71/71/71 70/70/70 69/68/69
f 71/71/71 72/72/72 70/70/70
f 73/73/73 72/72/72 71/71/71
f 73/73/73 71/71/71 74/74/74
f 73/73/73 74/74/74 75/75/75
f 73/73/73 75/75/75 76/76/76
f 75/75/75 77/77/77 76/76/76
f 75/75/75 78/78/78 77/77/77
f 78/78/78 79/79/79 77/77/77
f 81/80/81 80/81/80 79/79/79
f 78/78/78 82/82/82 79/79/79
f 81/80/81 79/79/79 82/82/82
f 83/83/83 82/82/82 78/78/78
f 83/83/83 81/80/81 82/82/82
f 83/83/83 84/84/84 81/80/81
f 86/85/86 84/84/84 83/83/83
f 83/83/83 78/78/78 85/86/85
f 86/85/86 83/83/83 85/86/85
f 88/87/88 87/88/87 86/85/86
f 89/89/89 86/85/86 87/88/87
f 88/87/88 86/85/86 91/90/91
f 89/89/89 90/91/90 86/85/86
f 86/85/86 90/91/90 84/84/84
f 86/85/86 85/86/85 91/90/91
f 92/92/92 88/87/88 91/90/91
f 92/92/92 91/90/91 94/93/94
f 91/90/91 85/86/85 93/94/93
f 91/90/91 93/94/93 94/93/94
f 96/95/96 94/93/94 93/94/93
f 95/96/95 94/93/94 97/97/97
f 95/96/95 92/92/92 94/93/94
f 96/95/96 97/97/97 94/93/94
f 95/96/95 97/97/97 98/98/98
f 96/95/96 98/98/98 97/97/97
f 95/96/95 98/98/98 99/99/99
f 99/99/99 98/98/98 100/100/100
f 100/100/100 98/98/98 101/101/101
f 96/95/96 101/101/101 98/98/98
f 100/100/100 101/101/101 102/102/102
f 102/102/102 101/101/101 71/71/71
f 74/74/74 101/101/101 96/95/96
f 74/74/74 71/71/71 101/101/101
f 51/51/51 102/102/102 103/103/103
f 51/51/51 100/100/100 102/102/102
f 103/103/103 102/102/102 69/68/69
f 102/102/102 71/71/71 69/68/69
f 51/51/51 103/103/103 53/53/53
f 103/103/103 64/64/64 53/53/53
f 103/103/103 68/69/68 64/64/64
f 103/103/103 69/68/69 68/69/68
f 99/99/99 100/100/100 104/104/104
f 104/104/104 100/100/100 51/51/51
f 104/104/104 51/51/51 50/50/50
f 50/50/50 105/105/105 104/104/104
f 104/104/104 105/105/105 106/106/106
f 104/104/104 106/106/106 99/99/99
f 107/107/107 99/99/99 106/106/106
f 109/108/109 107/107/107 106/106/106
f 109/108/109 106/106/106 108/109/108
f 105/105/105 108/109/108 106/106/106
f 109/108/109 111/110/111 107/107/107
f 110/111/110 109/108/109 108/109/108
f 110/111/110 112/112/112 109/108/109
f 109/108/109 112/112/112 111/110/111
f 110/111/110 116/113/116 112/112/112
f 113/114/113 112/112/112 114/115/114
f 113/114/113 111/110/111 112/112/112
f 112/112/112 115/116/115 114/115/114
f 112/112/112 116/113/116 115/116/115
f 114/115/114 115/116/115 117/117/117
f 114/115/114 117/117/117 118/118/118
f 119/119/119 118/118/118 117/117/117
f 119/119/119 117/117/117 120/120/120
f 121/121/121 119/119/119 120/120/120
f 121/121/121 120/120/120 122/122/122
f 123/123/123 121/121/121 122/122/122
f 123/123/123 124/124/124 126/125/126
f 123/123/123 125/126/125 124/124/124
f 123/123/123 126/125/126 121/121/121
f 126/125/126 128/127/128 127/128/127
f 126/125/126 127/128/127 129/129/129
f 126/125/126 129/129/129 121/121/121
f 126/125/126 124/124/124 128/127/128
f 130/130/130 121/121/121 129/129/129
f 89/89/89 130/130/130 129/129/129
f 89/89/89 129/129/129 131/131/131
f 127/128/127 131/131/131 129/129/129
f 131/131/131 90/91/90 89/89/89
f 127/128/127 132/132/132 131/131/131
f 132/132/132 133/133/133 131/131/131
f 131/131/131 133/133/133 90/91/90
f 132/132/132 136/134/136 133/133/133
f 135/135/135 134/136/134 133/133/133
f 90/91/90 133/133/133 134/136/134
f 135/135/135 133/133/133 136/134/136
f 132/132/132 137/137/137 136/134/136
f 135/135/135 136/134/136 137/137/137
f 140/138/140 138/139/138 137/137/137
f 138/139/138 139/140/139 137/137/137
f 132/132/132 140/138/140 137/137/137
f 135/135/135 137/137/137 139/140/139
f 127/128/127 140/138/140 132/132/132
f 127/128/127 128/127/128 140/138/140
f 140/138/140 141/141/141 138/139/138
f 141/141/141 140/138/140 128/127/128
f 141/141/141 128/127/128 142/142/142
f 142/142/142 128/127/128 124/124/124
f 142/142/142 124/124/124 143/143/143
f 124/124/124 144/144/144 143/143/143
f 124/124/124 125/126/125 144/144/144
f 138/139/138 145/145/145 139/140/139
f 145/145/145 147/146/147 139/140/139
f 146/147/146 139/140/139 147/146/147
f 146/147/146 135/135/135 139/140/139
f 145/145/145 148/148/148 147/146/147
f 149/149/149 146/147/146 147/146/147
f 147/146/147 148/148/148 150/150/150
f 149/149/149 147/146/147 151/151/151
f 147/146/147 150/150/150 151/151/151
f 149/149/149 152/152/152 146/147/146
f 149/149/149 153/153/153 152/152/152
f 152/152/152 153/153/153 80/81/80
f 84/84/84 152/152/152 81/80/81
f 84/84/84 134/136/134 152/152/152
f 146/147/146 152/152/152 134/136/134
f 152/152/152 80/81/80 81/80/81
f 146/147/146 134/136/134 135/135/135
f 90/91/90 134/136/134 84/84/84
f 87/88/87 130/130/130 89/89/89
f 87/88/87 154/154/154 130/130/130
f 154/154/154 119/119/119 130/130/130
f 130/130/130 119/119/119 121/121/121
f 87/88/87 113/114/113 154/154/154
f 154/154/154 118/118/118 119/119/119
f 154/154/154 114/115/114 118/118/118
f 154/154/154 113/114/113 114/115/114
f 87/88/87 88/87/88 113/114/113
f 88/87/88 111/110/111 113/114/113
f 88/87/88 92/92/92 111/110/111
f 107/107/107 111/110/111 92/92/92
f 110/111/110 108/109/108 155/155/155
f 108/109/108 156/156/156 155/155/155
f 158/157/158 157/158/157 156/156/156
f 108/109/108 158/157/158 156/156/156
f 158/157/158 160/159/160 157/158/157
f 159/160/159 158/157/158 105/105/105
f 159/160/159 160/159/160 158/157/158
f 105/105/105 158/157/158 108/109/108
f 159/160/159 161/161/161 160/159/160
f 161/161/161 157/158/157 160/159/160
f 47/47/47 48/48/48 161/161/161
f 159/160/159 47/47/47 161/161/161
f 48/48/48 162/162/162 161/161/161
f 161/161/161 162/162/162 157/158/157
f 48/48/48 163/163/163 162/162/162
f 40/39/40 163/163/163 48/48/48
f 50/50/50 47/47/47 159/160/159
f 50/50/50 159/160/159 105/105/105
f 107/107/107 95/96/95 99/99/99
f 107/107/107 92/92/92 95/96/95
f 74/74/74 96/95/96 93/94/93
f 74/74/74 93/94/93 75/75/75
f 85/86/85 75/75/75 93/94/93
f 85/86/85 78/78/78 75/75/75
f 62/62/62 164/164/164 60/60/60
f 60/60/60 164/164/164 165/165/165
f 60/60/60 165/165/165 166/166/166
f 166/166/166 165/165/165 167/167/167
f 166/166/166 167/167/167 168/168/168
f 169/169/169 168/168/168 167/167/167
f 169/169/169 167/167/167 170/170/170
f 171/171/171 169/169/169 170/170/170
f 171/171/171 170/170/170 172/172/172
f 173/173/173 171/171/171 172/172/172
f 173/173/173 174/174/174 175/175/175
f 173/173/173 176/176/176 174/174/174
f 173/173/173 175/175/175 171/171/171
f 174/174/174 176/176/176 177/177/177
f 174/174/174 177/177/177 179/178/179
f 179/178/179 177/177/177 178/179/178
f 180/180/180 174/174/174 179/178/179
f 181/181/181 180/180/180 179/178/179
f 181/181/181 179/178/179 182/182/182
f 179/178/179 178/179/178 182/182/182
f 181/181/181 182/182/182 183/183/183
f 183/183/183 182/182/182 178/179/178
f 181/181/181 183/183/183 186/184/186
f 184/185/184 183/183/183 185/186/185
f 186/184/186 183/183/183 184/185/184
f 183/183/183 178/179/178 185/186/185
f 187/187/187 181/181/181 186/184/186
f 187/187/187 186/184/186 188/188/188
f 188/188/188 186/184/186 189/189/189
f 186/184/186 184/185/184 189/189/189
f 192/190/192 190/191/190 189/189/189
f 188/188/188 189/189/189 190/191/190
f 191/192/191 189/189/189 184/185/184
f 191/192/191 192/190/192 189/189/189
f 192/190/192 193/193/193 195/194/195
f 192/190/192 194/195/194 193/193/193
f 191/192/191 194/195/194 192/190/192
f 192/190/192 195/194/195 190/191/190
f 196/196/196 190/191/190 195/194/195
f 196/196/196 195/194/195 193/193/193
f 197/197/197 198/198/198 196/196/196
f 197/197/197 196/196/196 199/199/199
f 196/196/196 198/198/198 190/191/190
f 196/196/196 193/193/193 199/199/199
f 199/199/199 202/200/202 200/201/200
f 200/201/200 201/202/201 199/199/199
f 197/197/197 199/199/199 201/202/201
f 199/199/199 193/193/193 202/200/202
f 200/201/200 202/200/202 203/203/203
f 203/203/203 202/200/202 204/204/204
f 202/200/202 194/195/194 204/204/204
f 202/200/202 193/193/193 194/195/194
f 205/205/205 204/204/204 206/206/206
f 203/203/203 204/204/204 205/205/205
f 204/204/204 194/195/194 207/207/207
f 204/204/204 207/207/207 206/206/206
f 210/208/210 207/207/207 191/192/191
f 191/192/191 207/207/207 194/195/194
f 207/207/207 208/209/208 206/206/206
f 207/207/207 209/210/209 208/209/208
f 210/208/210 209/210/209 207/207/207
f 210/208/210 191/192/191 184/185/184
f 210/208/210 184/185/184 211/211/211
f 184/185/184 185/186/185 211/211/211
f 206/206/206 208/209/208 212/212/212
f 213/213/213 212/212/212 214/214/214
f 213/213/213 215/215/215 212/212/212
f 206/206/206 212/212/212 215/215/215
f 205/205/205 215/215/215 213/213/213
f 205/205/205 206/206/206 215/215/215
f 205/205/205 213/213/213 216/216/216
f 203/203/203 205/205/205 216/216/216
f 203/203/203 216/216/216 217/217/217
f 218/218/218 203/203/203 217/217/217
f 218/218/218 219/219/219 203/203/203
f 219/219/219 218/218/218 220/220/220
f 219/219/219 220/220/220 221/221/221
f 221/221/221 220/220/220 222/222/222
f 222/222/222 223/223/223 225/224/225
f 222/222/222 225/224/225 224/225/224
f 221/221/221 222/222/222 224/225/224
f 226/226/226 224/225/224 225/224/225
f 226/226/226 225/224/225 227/227/227
f 228/228/228 226/226/226 227/227/227
f 228/228/228 227/227/227 229/229/229
f 230/230/230 228/228/228 229/229/229
f 230/230/230 231/231/231 233/232/233
f 230/230/230 232/233/232 231/231/231
f 230/230/230 233/232/233 228/228/228
f 233/232/233 234/234/234 197/197/197
f 233/232/233 197/197/197 201/202/201
f 233/232/233 201/202/201 228/228/228
f 233/232/233 231/231/231 234/234/234
f 197/197/197 234/234/234 198/198/198
f 235/235/235 234/234/234 236/236/236
f 235/235/235 198/198/198 234/234/234
f 236/236/236 234/234/234 231/231/231
f 237/237/237 236/236/236 238/238/238
f 237/237/237 235/235/235 236/236/236
f 238/238/238 236/236/236 239/239/239
f 236/236/236 231/231/231 239/239/239
f 239/239/239 241/240/241 240/241/240
f 238/238/238 239/239/239 240/241/240
f 231/231/231 242/242/242 239/239/239
f 239/239/239 242/242/242 241/240/241
f 231/231/231 232/233/232 242/242/242
f 243/243/243 240/241/240 241/240/241
f 243/243/243 241/240/241 244/244/244
f 245/245/245 243/243/243 244/244/244
f 245/245/245 244/244/244 246/246/246
f 29/29/29 245/245/245 246/246/246
f 247/247/247 243/243/243 245/245/245
f 247/247/247 245/245/245 24/24/24
f 29/29/29 26/26/26 245/245/245
f 26/26/26 24/24/24 245/245/245
f 237/237/237 247/247/247 23/23/23
f 237/237/237 238/238/238 247/247/247
f 238/238/238 243/243/243 247/247/247
f 23/23/23 247/247/247 24/24/24
f 238/238/238 240/241/240 243/243/243
f 23/23/23 187/187/187 237/237/237
f 235/235/235 237/237/237 187/187/187
f 198/198/198 235/235/235 188/188/188
f 235/235/235 187/187/187 188/188/188
f 248/248/248 226/226/226 228/228/228
f 248/248/248 228/228/228 201/202/201
f 219/219/219 248/248/248 200/201/200
f 219/219/219 221/221/221 248/248/248
f 221/221/221 226/226/226 248/248/248
f 200/201/200 248/248/248 201/202/201
f 221/221/221 224/225/224 226/226/226
f 200/201/200 203/203/203 219/219/219
f 198/198/198 188/188/188 190/191/190
f 23/23/23 21/22/21 187/187/187
f 187/187/187 180/180/180 181/181/181
f 187/187/187 21/22/21 180/180/180
f 180/180/180 20/21/20 174/174/174
f 21/22/21 20/21/20 180/180/180
f 175/175/175 174/174/174 20/21/20
f 175/175/175 14/15/14 171/171/171
f 175/175/175 17/16/17 14/15/14
f 175/175/175 20/21/20 17/16/17
f 11/11/11 171/171/171 14/15/14
f 11/11/11 169/169/169 171/171/171
f 10/10/10 168/168/168 169/169/169
f 10/10/10 169/169/169 11/11/11
f 10/10/10 166/166/166 168/168/168
f 8/9/8 60/60/60 166/166/166
f 10/10/10 8/9/8 166/166/166
f 40/39/40 48/48/48 38/40/38
f 42/42/42 9/8/9 4/3/4
f 3/4/3 30/31/30 35/36/35
f 3/4/3 5/5/5 30/31/30
f 249/249/249 250/250/250 252/251/252
f 249/249/249 251/252/251 250/250/250
f 253/253/253 249/249/249 252/251/252
f 254/254/254 253/253/253 255/255/255
f 253/253/253 252/251/252 255/255/255
f 254/254/254 255/255/255 256/256/256
f 255/255/255 252/251/252 256/256/256
f 257/257/257 256/256/256 258/258/258
f 257/257/257 254/254/254 256/256/256
f 256/256/256 250/250/250 258/258/258
f 256/256/256 252/251/252 250/250/250
f 259/259/259 257/257/257 258/258/258
f 258/258/258 250/250/250 260/260/260
f 259/259/259 258/258/258 260/260/260
f 251/252/251 260/260/260 250/250/250
f 251/252/251 259/259/259 260/260/260
f 261/261/261 262/262/261 264/263/262
f 261/261/261 263/264/261 262/262/261
f 265/264/263 266/265/263 268/262/264
f 265/264/263 267/266/263 266/265/263
f 269/267/265 270/268/265 272/269/266
f 269/267/265 271/270/265 270/268/265
f 273/271/265 271/270/265 269/267/265
f 273/271/265 269/267/265 274/272/267
f 275/273/268 276/274/269 278/275/268
f 275/273/268 277/276/270 276/274/269
f 277/276/270 279/277/271 276/274/269
f 277/276/270 280/278/272 279/277/271
f 280/278/272 281/279/273 279/277/271
f 280/278/272 282/280/273 281/279/273
f 282/280/273 283/281/274 281/279/273
f 282/280/273 284/282/275 283/281/274
f 284/282/275 285/283/276 283/281/274
f 284/282/275 286/284/277 285/283/276
f 286/284/277 287/285/278 285/283/276
f 286/284/277 288/286/279 287/285/278
f 288/286/279 289/287/280 287/285/278
f 288/286/279 290/288/281 289/287/280
f 290/288/281 291/289/282 289/287/280
f 290/288/281 292/290/283 291/289/282
f 292/290/283 293/291/284 291/289/282
f 292/290/283 294/292/285 293/291/284
f 294/292/285 295/293/286 293/291/284
f 294/292/285 296/294/287 295/293/286
f 296/294/287 297/295/288 295/293/286
f 296/294/287 298/296/288 297/295/288
f 298/296/288 299/297/289 297/295/288
f 298/296/288 300/298/290 299/297/289
f 300/298/290 301/299/291 299/297/289
f 300/298/290 302/300/292 301/299/291
f 302/300/292 303/301/293 301/299/291
f 302/300/292 304/302/294 303/301/293
f 304/302/294 305/303/295 303/301/293
f 304/302/294 306/304/296 305/303/295
f 306/304/296 307/305/297 305/303/295
f 306/304/296 308/306/297 307/305/297
f 312/307/299 309/308/298 310/309/299
f 309/308/298 311/310/300 310/309/299
f 313/311/300 312/307/299 314/312/299
f 312/307/299 310/309/299 314/312/299
f 313/311/300 314/312/299 315/313/300
f 316/314/300 313/311/300 315/313/300
f 316/314/300 317/315/300 319/316/300
f 316/314/300 318/317/300 317/315/300
f 316/314/300 319/316/300 313/311/300
f 321/318/300 317/315/300 318/317/300
f 321/318/300 318/317/300 320/319/299
f 322/320/300 321/318/300 320/319/299
f 322/320/300 323/321/300 321/318/300
f 324/322/298 323/321/300 322/320/300
f 325/323/267 327/324/266 326/325/267
f 328/326/265 327/324/266 325/323/267
f 328/326/265 329/327/265 327/324/266
f 330/328/265 329/327/265 328/326/265
f 330/328/265 331/329/265 329/327/265
f 332/330/265 331/329/265 330/328/265
f 332/330/265 334/331/265 331/329/265
f 333/332/265 334/331/265 332/330/265
f 333/332/265 335/333/265 334/331/265
f 336/334/265 335/333/265 333/332/265
f 336/334/265 337/335/265 335/333/265
f 339/336/265 338/337/267 337/335/265
f 339/336/265 337/335/265 336/334/265
f 340/338/267 338/337/267 339/336/265
f 1014/249/772 1015/250/773 1017/251/252
f 1014/249/772 1016/252/774 1015/250/773
f 1018/253/775 1014/249/772 1017/251/252
f 1018/253/775 1017/251/252 1019/255/776
f 1020/254/254 1018/253/775 1019/255/776
f 1021/257/257 1020/254/254 1022/256/256
f 1020/254/254 1019/255/776 1022/256/256
f 1022/256/256 1015/250/773 1023/258/258
f 1022/256/256 1017/251/252 1015/250/773
f 1019/255/776 1017/251/252 1022/256/256
f 1021/257/257 1022/256/256 1023/258/258
f 1023/258/258 1015/250/773 1025/260/777
f 1024/259/259 1023/258/258 1025/260/777
f 1024/259/259 1021/257/257 1023/258/258
f 1016/252/774 1025/260/777 1015/250/773
f 1016/252/774 1024/259/259 1025/260/777
f 1026/932/594 1027/933/594 1029/934/273
f 1026/932/594 1028/935/594 1027/933/594
f 1030/935/778 1031/936/779 1033/933/780
f 1030/935/778 1032/937/778 1031/936/779
f 1034/937/781 1035/938/781 1037/936/782
f 1034/937/781 1036/939/781 1035/938/781
f 1038/939/573 1039/263/573 1041/938/573
f 1038/939/573 1040/261/573 1039/263/573
f 1042/261/261 1043/262/261 1045/263/262
f 1042/261/261 1044/264/261 1043/262/261
f 1046/264/783 1047/265/783 1049/262/783
f 1046/264/783 1048/266/783 1047/265/783
f 1050/267/267 1051/268/267 1053/269/267
f 1050/267/267 1052/270/267 1051/268/267
f 1054/271/609 1052/270/267 1050/267/267
f 1054/271/609 1050/267/267 1055/272/609
f 1056/249/784 1057/250/250 1059/251/252
f 1056/249/784 1058/252/774 1057/250/250
f 1060/253/775 1056/249/784 1059/251/252
f 1061/254/254 1060/253/775 1062/255/785
f 1060/253/775 1059/251/252 1062/255/785
f 1061/254/254 1062/255/785 1063/256/256
f 1062/255/785 1059/251/252 1063/256/256
f 1064/257/257 1061/254/254 1063/256/256
f 1063/256/256 1057/250/250 1065/258/258
f 1063/256/256 1059/251/252 1057/250/250
f 1064/257/257 1063/256/256 1065/258/258
f 1065/258/258 1057/250/250 1067/260/260
f 1066/259/259 1065/258/258 1067/260/260
f 1066/259/259 1064/257/257 1065/258/258
f 1058/252/774 1067/260/260 1057/250/250
f 1058/252/774 1066/259/259 1067/260/260
f 1068/932/594 1069/933/594 1071/934/594
f 1068/932/594 1070/935/594 1069/933/594
f 1072/935/779 1073/936/779 1075/933/779
f 1072/935/779 1074/937/778 1073/936/779
f 1076/937/786 1077/938/786 1079/936/786
f 1076/937/786 1078/939/786 1077/938/786
f 1080/939/573 1081/263/573 1083/938/288
f 1080/939/573 1082/261/573 1081/263/573
f 1084/261/787 1085/262/787 1087/263/262
f 1084/261/787 1086/264/787 1085/262/787
f 1088/264/783 1089/265/783 1091/262/783
f 1088/264/783 1090/266/788 1089/265/783
f 1092/267/267 1093/268/267 1095/269/609
f 1092/267/267 1094/270/267 1093/268/267
f 1096/271/267 1094/270/267 1092/267/267
f 1096/271/267 1092/267/267 1097/272/267
f 1098/932/594 1099/933/594 1101/934/273
f 1098/932/594 1100/935/594 1099/933/594
f 1102/935/780 1103/936/780 1105/933/779
f 1102/935/780 1104/937/780 1103/936/780
f 1106/937/781 1107/938/789 1109/936/789
f 1106/937/781 1108/939/786 1107/938/789
f 1110/939/573 1111/263/573 1113/938/573
f 1110/939/573 1112/261/288 1111/263/573
f 1114/249/249 1115/250/250 1117/251/790
f 1114/249/249 1116/252/251 1115/250/250
f 1118/253/775 1114/249/249 1117/251/790
f 1119/254/791 1118/253/775 1120/255/255
f 1118/253/775 1117/251/790 1120/255/255
f 1119/254/791 1120/255/255 1121/256/792
f 1120/255/255 1117/251/790 1121/256/792
f 1122/257/793 1121/256/792 1123/258/258
f 1122/257/793 1119/254/791 1121/256/792
f 1121/256/792 1115/250/250 1123/258/258
f 1121/256/792 1117/251/790 1115/250/250
f 1124/259/259 1123/258/258 1125/260/794
f 1124/259/259 1122/257/793 1123/258/258
f 1123/258/258 1115/250/250 1125/260/794
f 1116/252/251 1124/259/259 1125/260/794
f 1116/252/251 1125/260/794 1115/250/250
f 1126/932/273 1127/933/273 1129/934/273
f 1126/932/273 1128/935/273 1127/933/273
f 1130/935/780 1131/936/780 1133/933/779
f 1130/935/780 1132/937/780 1131/936/780
f 1134/937/795 1135/938/795 1137/936/786
f 1134/937/795 1136/939/795 1135/938/795
f 1138/939/573 1139/263/288 1141/938/288
f 1138/939/573 1140/261/573 1139/263/288
f 1142/261/261 1143/262/261 1145/263/261
f 1142/261/261 1144/264/262 1143/262/261
f 1146/264/264 1147/265/264 1149/262/264
f 1146/264/264 1148/266/264 1147/265/264
f 1150/267/265 1151/268/266 1153/269/266
f 1150/267/265 1152/270/265 1151/268/266
f 1154/271/265 1152/270/265 1150/267/265
f 1154/271/265 1150/267/265 1155/272/265
f 1156/249/772 1157/250/796 1159/251/252
f 1156/249/772 1158/252/774 1157/250/796
f 1160/253/775 1156/249/772 1159/251/252
f 1160/253/775 1159/251/252 1161/255/797
f 1162/254/254 1160/253/775 1161/255/797
f 1163/257/793 1162/254/254 1164/256/256
f 1162/254/254 1161/255/797 1164/256/256
f 1164/256/256 1157/250/796 1165/258/258
f 1164/256/256 1159/251/252 1157/250/796
f 1161/255/797 1159/251/252 1164/256/256
f 1163/257/793 1164/256/256 1165/258/258
f 1165/258/258 1157/250/796 1167/260/260
f 1166/259/259 1165/258/258 1167/260/260
f 1166/259/259 1163/257/793 1165/258/258
f 1158/252/774 1167/260/260 1157/250/796
f 1158/252/774 1166/259/259 1167/260/260
f 1168/249/254 1169/250/785 1171/251/256
f 1168/249/254 1170/252/775 1169/250/785
f 1172/253/798 1168/249/254 1171/251/256
f 1173/254/799 1172/253/798 1174/255/800
f 1172/253/798 1171/251/256 1174/255/800
f 1173/254/799 1174/255/800 1175/256/260
f 1174/255/800 1177/258/250 1175/256/260
f 1174/255/800 1171/251/256 1176/260/790
f 1174/255/800 1176/260/790 1177/258/250
f 1178/259/249 1177/258/250 1176/260/790
f 1178/259/249 1179/257/801 1177/258/250
f 1179/257/801 1175/256/260 1177/258/250
f 1179/257/801 1173/254/799 1175/256/260
f 1170/252/775 1178/259/249 1176/260/790
f 1170/252/775 1176/260/790 1169/250/785
f 1176/260/790 1171/251/256 1169/250/785
f 1180/932/787 1181/933/787 1183/934/787
f 1180/932/787 1182/935/787 1181/933/787
f 1184/935/783 1185/936/783 1187/933/783
f 1184/935/783 1186/937/788 1185/936/783
f 1188/937/594 1189/938/594 1191/936/594
f 1188/937/594 1190/939/594 1189/938/594
f 1192/939/780 1193/263/779 1195/938/778
f 1192/939/780 1194/261/780 1193/263/779
f 1196/261/781 1197/262/781 1199/263/781
f 1196/261/781 1198/264/781 1197/262/781
f 1200/264/573 1201/265/573 1203/262/573
f 1200/264/573 1202/266/288 1201/265/573
f 1204/267/267 1205/268/267 1207/269/266
f 1204/267/267 1206/270/267 1205/268/267
f 1208/271/267 1206/270/267 1204/267/267
f 1208/271/267 1204/267/267 1209/272/267
f 1380/935/780 1381/936/780 1383/933/780
f 1380/935/780 1382/937/780 1381/936/780
f 1384/932/594 1385/933/594 1387/934/273
f 1384/932/594 1386/935/594 1385/933/594
f 1388/937/781 1389/938/781 1391/936/781
f 1388/937/781 1390/939/781 1389/938/781
f 1392/939/573 1393/263/573 1395/938/573
f 1392/939/573 1394/261/288 1393/263/573
f 1396/267/265 1397/268/265 1399/269/266
f 1396/267/265 1398/270/265 1397/268/265
f 1400/271/265 1398/270/265 1396/267/265
f 1400/271/265 1396/267/265 1401/272/265
usemtl 92609579_dds
f 1210/940/266 1211/941/266 1213/942/266
f 1210/940/266 1212/943/266 1211/941/266
usemtl 24fe1dbe_dds
f 341/339/301 342/340/302 344/341/304
f 341/339/301 343/342/303 342/340/302
f 345/343/305 343/342/303 341/339/301
f 345/343/305 346/344/306 343/342/303
f 347/345/307 346/344/306 345/343/305
f 347/345/307 345/343/305 348/346/308
f 347/345/307 348/346/308 349/347/309
f 349/347/309 350/348/310 351/349/311
f 349/347/309 351/349/311 352/350/312
f 347/345/307 349/347/309 352/350/312
f 350/348/310 353/351/313 351/349/311
f 350/348/310 354/352/314 353/351/313
f 355/353/315 353/351/313 354/352/314
f 355/353/315 356/354/316 353/351/313
f 357/355/317 356/354/316 355/353/315
f 357/355/317 358/356/318 356/354/316
f 359/357/319 358/356/318 357/355/317
f 359/357/319 357/355/317 360/358/320
f 359/357/319 360/358/320 361/359/321
f 359/357/319 361/359/321 362/360/322
f 361/359/321 363/361/323 362/360/322
f 361/359/321 364/362/324 363/361/323
f 364/362/324 365/363/325 363/361/323
f 364/362/324 366/364/326 365/363/325
f 367/365/327 365/363/325 366/364/326
f 367/365/327 368/366/328 365/363/325
f 369/367/329 368/366/328 367/365/327
f 369/367/329 370/368/330 368/366/328
f 371/369/331 370/368/330 369/367/329
f 371/369/331 369/367/329 372/370/332
f 371/369/331 372/370/332 373/371/333
f 371/369/331 373/371/333 374/372/334
f 373/371/333 375/373/335 374/372/334
f 373/371/333 376/374/336 375/373/335
f 376/374/336 377/375/337 375/373/335
f 376/374/336 378/376/338 377/375/337
f 379/377/339 377/375/337 378/376/338
f 379/377/339 380/378/339 377/375/337
f 381/379/340 380/378/339 379/377/339
f 381/379/340 382/380/340 380/378/339
f 383/381/341 382/380/340 381/379/340
f 383/381/341 381/379/340 384/382/342
f 383/381/341 384/382/342 385/383/343
f 383/381/341 385/383/343 386/384/344
f 385/383/343 387/385/345 386/384/344
f 385/383/343 388/386/346 387/385/345
f 388/386/346 389/387/347 387/385/345
f 388/386/346 390/388/348 389/387/347
f 391/389/349 389/387/347 390/388/348
f 391/389/349 392/390/350 389/387/347
f 393/391/351 392/390/350 391/389/349
f 393/391/351 394/392/352 392/390/350
f 395/393/353 394/392/352 393/391/351
f 395/393/353 393/391/351 396/394/354
f 395/393/353 396/394/354 397/395/355
f 395/393/353 397/395/355 398/396/356
f 397/395/355 399/397/357 398/396/356
f 397/395/355 400/398/358 399/397/357
f 400/398/358 342/340/302 399/397/357
f 400/398/358 344/341/304 342/340/302
f 401/340/359 402/399/360 404/400/362
f 401/340/359 403/342/361 402/399/360
f 401/340/359 404/400/362 405/401/363
f 401/340/359 405/401/363 406/397/364
f 406/397/364 405/401/363 407/402/365
f 406/397/364 407/402/365 408/396/366
f 409/403/367 408/396/366 407/402/365
f 409/403/367 410/393/368 408/396/366
f 411/404/369 410/393/368 412/405/370
f 411/404/369 413/392/371 410/393/368
f 409/403/367 412/405/370 410/393/368
f 414/390/372 413/392/371 415/406/373
f 411/404/369 415/406/373 413/392/371
f 414/390/372 415/406/373 416/407/374
f 415/406/373 417/408/375 416/407/374
f 415/406/373 418/409/376 417/408/375
f 419/410/377 418/409/376 415/406/373
f 419/410/377 415/406/373 411/404/369
f 419/410/377 411/404/369 412/405/370
f 419/410/377 412/405/370 422/411/380
f 420/412/378 419/410/377 422/411/380
f 420/412/378 421/413/379 419/410/377
f 409/403/367 423/414/381 422/411/380
f 420/412/378 422/411/380 423/414/381
f 409/403/367 422/411/380 412/405/370
f 409/403/367 425/415/383 423/414/381
f 420/412/378 423/414/381 424/416/382
f 409/403/367 407/402/365 425/415/383
f 407/402/365 426/417/384 425/415/383
f 407/402/365 405/401/363 426/417/384
f 405/401/363 427/418/385 426/417/384
f 405/401/363 404/400/362 427/418/385
f 402/399/360 427/418/385 404/400/362
f 402/399/360 428/419/386 427/418/385
f 429/420/387 428/419/386 402/399/360
f 429/420/387 430/421/388 428/419/386
f 431/422/389 430/421/388 429/420/387
f 432/423/390 431/422/389 434/424/392
f 432/423/390 433/425/391 431/422/389
f 431/422/389 436/426/394 434/424/392
f 431/422/389 429/420/387 435/427/393
f 431/422/389 435/427/393 436/426/394
f 435/427/393 437/345/395 436/426/394
f 438/428/396 436/426/394 437/345/395
f 438/428/396 434/424/392 436/426/394
f 438/428/396 437/345/395 440/350/398
f 438/428/396 442/429/400 434/424/392
f 438/428/396 440/350/398 439/430/397
f 438/428/396 439/430/397 441/431/399
f 438/428/396 441/431/399 442/429/400
f 432/423/390 442/429/400 443/432/401
f 432/423/390 434/424/392 442/429/400
f 444/433/402 432/423/390 443/432/401
f 444/433/402 445/434/403 432/423/390
f 446/435/404 445/434/403 444/433/402
f 446/435/404 444/433/402 447/436/404
f 432/423/390 445/434/403 433/425/391
f 439/430/397 448/437/405 441/431/399
f 450/438/407 449/439/406 448/437/405
f 439/430/397 450/438/407 448/437/405
f 451/351/408 450/438/407 453/349/410
f 451/351/408 452/440/409 450/438/407
f 450/438/407 452/440/409 449/439/406
f 453/349/410 450/438/407 439/430/397
f 453/349/410 439/430/397 440/350/398
f 451/351/408 454/441/411 452/440/409
f 454/441/411 449/439/406 452/440/409
f 451/351/408 455/354/412 454/441/411
f 454/441/411 457/442/414 449/439/406
f 455/354/412 456/443/413 454/441/411
f 456/443/413 457/442/414 454/441/411
f 456/443/413 458/444/415 457/442/414
f 459/445/416 458/444/415 456/443/413
f 459/445/416 456/443/413 460/446/417
f 459/445/416 460/446/417 461/447/418
f 459/445/416 461/447/418 464/448/421
f 462/449/419 459/445/416 464/448/421
f 462/449/419 463/450/420 459/445/416
f 466/451/423 465/452/422 464/448/421
f 462/449/419 464/448/421 465/452/422
f 466/451/423 464/448/421 461/447/418
f 466/451/423 467/357/424 469/360/426
f 466/451/423 461/447/418 467/357/424
f 466/451/423 469/360/426 468/453/425
f 466/451/423 468/453/425 470/454/427
f 466/451/423 470/454/427 465/452/422
f 468/453/425 471/455/428 470/454/427
f 468/453/425 472/456/429 471/455/428
f 472/456/429 473/457/430 471/455/428
f 472/456/429 474/458/431 473/457/430
f 475/459/432 473/457/430 474/458/431
f 475/459/432 476/460/433 473/457/430
f 478/461/435 477/462/434 476/460/433
f 478/461/435 476/460/433 475/459/432
f 479/366/436 478/461/435 475/459/432
f 479/366/436 480/368/437 478/461/435
f 482/463/439 478/461/435 480/368/437
f 481/464/438 477/462/434 478/461/435
f 481/464/438 478/461/435 482/463/439
f 482/463/439 480/368/437 483/369/440
f 482/463/439 483/369/440 484/465/441
f 481/464/438 482/463/439 484/465/441
f 481/464/438 484/465/441 485/466/442
f 486/467/443 485/466/442 484/465/441
f 486/467/443 484/465/441 483/369/440
f 486/467/443 487/372/444 490/468/447
f 486/467/443 483/369/440 487/372/444
f 486/467/443 488/469/445 489/470/446
f 486/467/443 490/468/447 488/469/445
f 486/467/443 489/470/446 485/466/442
f 490/468/447 491/471/448 493/472/450
f 492/373/449 491/471/448 490/468/447
f 492/373/449 490/468/447 487/372/444
f 490/468/447 493/472/450 488/469/445
f 491/471/448 494/473/451 493/472/450
f 496/474/453 494/473/451 495/475/452
f 491/471/448 495/475/452 494/473/451
f 496/474/453 497/476/454 494/473/451
f 498/477/455 497/476/454 496/474/453
f 498/477/455 499/478/456 497/476/454
f 500/479/457 499/478/456 498/477/455
f 501/480/458 500/479/457 503/481/460
f 501/480/458 502/482/459 500/479/457
f 500/479/457 505/483/462 503/481/460
f 500/479/457 498/477/455 504/484/461
f 500/479/457 504/484/461 505/483/462
f 504/484/461 506/381/463 505/483/462
f 507/485/464 505/483/462 506/381/463
f 507/485/464 503/481/460 505/483/462
f 507/485/464 511/486/468 503/481/460
f 507/485/464 506/381/463 509/384/466
f 507/485/464 509/384/466 508/487/465
f 507/485/464 508/487/465 510/488/467
f 507/485/464 510/488/467 511/486/468
f 501/480/458 511/486/468 512/489/469
f 501/480/458 503/481/460 511/486/468
f 513/490/470 501/480/458 512/489/469
f 513/490/470 514/491/471 501/480/458
f 515/492/472 514/491/471 513/490/470
f 515/492/472 513/490/470 516/493/472
f 501/480/458 514/491/471 502/482/459
f 508/487/465 517/494/473 510/488/467
f 519/495/475 518/496/474 517/494/473
f 508/487/465 519/495/475 517/494/473
f 520/387/476 519/495/475 522/385/478
f 520/387/476 521/497/477 519/495/475
f 519/495/475 521/497/477 518/496/474
f 522/385/478 519/495/475 508/487/465
f 522/385/478 508/487/465 509/384/466
f 520/387/476 416/407/374 521/497/477
f 416/407/374 518/496/474 521/497/477
f 520/387/476 414/390/372 416/407/374
f 416/407/374 417/408/375 518/496/474
f 504/484/461 523/380/479 506/381/463
f 504/484/461 498/477/455 523/380/479
f 524/378/480 523/380/479 498/477/455
f 525/375/481 524/378/480 496/474/453
f 524/378/480 498/477/455 496/474/453
f 525/375/481 491/471/448 492/373/449
f 525/375/481 495/475/452 491/471/448
f 525/375/481 496/474/453 495/475/452
f 527/498/483 489/470/446 526/499/482
f 527/498/483 485/466/442 489/470/446
f 527/498/483 481/464/438 485/466/442
f 527/498/483 528/500/484 481/464/438
f 527/498/483 529/501/485 528/500/484
f 530/502/486 529/501/485 527/498/483
f 530/502/486 527/498/483 526/499/482
f 531/503/487 530/502/486 532/504/487
f 531/503/487 529/501/485 530/502/486
f 533/363/488 479/366/436 475/459/432
f 533/363/488 472/456/429 534/361/489
f 533/363/488 474/458/431 472/456/429
f 533/363/488 475/459/432 474/458/431
f 534/361/489 472/456/429 468/453/425
f 534/361/489 468/453/425 469/360/426
f 460/446/417 467/357/424 461/447/418
f 460/446/417 535/356/490 467/357/424
f 455/354/412 535/356/490 456/443/413
f 460/446/417 456/443/413 535/356/490
f 462/449/419 465/452/422 536/505/491
f 537/506/492 462/449/419 536/505/491
f 539/507/494 538/508/493 537/506/492
f 538/508/493 462/449/419 537/506/492
f 539/507/494 537/506/492 540/509/494
f 538/508/493 463/450/420 462/449/419
f 435/427/393 541/344/495 437/345/395
f 435/427/393 429/420/387 541/344/495
f 403/342/361 541/344/495 429/420/387
f 403/342/361 429/420/387 402/399/360
f 542/510/496 420/412/378 424/416/382
f 542/510/496 543/511/497 420/412/378
f 544/512/498 543/511/497 542/510/496
f 544/512/498 542/510/496 545/513/498
f 420/412/378 543/511/497 421/413/379
f 993/911/265 994/912/752 996/913/754
f 993/911/265 995/914/753 994/912/752
f 993/911/265 997/915/755 995/914/753
f 993/911/265 996/913/754 1013/916/771
f 993/911/265 998/917/756 997/915/755
f 993/911/265 999/918/757 998/917/756
f 993/911/265 1000/919/758 999/918/757
f 993/911/265 1001/920/759 1000/919/758
f 993/911/265 1002/921/760 1001/920/759
f 993/911/265 1003/922/761 1002/921/760
f 993/911/265 1004/923/762 1003/922/761
f 993/911/265 1005/924/763 1004/923/762
f 993/911/265 1006/925/764 1005/924/763
f 993/911/265 1007/926/765 1006/925/764
f 993/911/265 1008/927/766 1007/926/765
f 993/911/265 1009/928/767 1008/927/766
f 993/911/265 1010/929/768 1009/928/767
f 993/911/265 1011/930/769 1010/929/768
f 993/911/265 1012/931/770 1011/930/769
f 993/911/265 1013/916/771 1012/931/770
usemtl d121065c_dds
f 546/514/267 547/515/267 549/516/267
f 546/514/267 548/517/267 547/515/267
f 550/518/265 548/517/267 546/514/267
f 550/518/265 551/519/265 548/517/267
f 552/520/267 551/519/265 550/518/265
f 552/520/267 553/521/267 551/519/265
f 554/522/267 553/521/267 552/520/267
f 554/522/267 555/523/267 553/521/267
f 556/524/267 555/523/267 554/522/267
f 556/524/267 557/525/267 555/523/267
f 558/526/267 557/525/267 556/524/267
f 558/526/267 559/527/267 557/525/267
f 560/528/265 559/527/267 558/526/267
f 560/528/265 561/529/265 559/527/267
f 562/530/265 561/529/265 560/528/265
f 562/530/265 563/531/265 561/529/265
f 564/532/265 563/531/265 562/530/265
f 564/532/265 565/533/266 563/531/265
f 566/534/267 565/533/266 564/532/265
f 566/534/267 567/535/265 565/533/266
f 568/536/265 567/535/265 566/534/267
f 568/536/265 569/537/265 567/535/265
f 570/538/267 569/537/265 568/536/265
f 570/538/267 571/539/267 569/537/265
f 572/540/265 571/539/267 570/538/267
f 572/540/265 573/541/265 571/539/267
f 574/542/265 573/541/265 572/540/265
f 574/542/265 575/543/265 573/541/265
f 576/544/266 575/543/265 574/542/265
f 576/544/266 577/545/266 575/543/265
f 578/546/266 577/545/266 576/544/266
f 578/546/266 579/547/265 577/545/266
f 580/548/267 579/547/265 578/546/266
f 580/548/267 581/549/267 579/547/265
f 582/550/265 581/549/267 580/548/267
f 582/550/265 583/551/265 581/549/267
f 584/552/265 583/551/265 582/550/265
f 549/516/267 585/553/266 584/552/265
f 584/552/265 585/553/266 583/551/265
f 549/516/267 547/515/267 585/553/266
f 586/554/499 587/555/500 589/556/502
f 586/554/499 588/557/501 587/555/500
f 590/558/503 588/557/501 586/554/499
f 590/558/503 591/559/504 588/557/501
f 592/560/505 591/559/504 590/558/503
f 594/561/507 592/560/505 593/562/506
f 592/560/505 594/561/507 591/559/504
f 593/562/506 595/563/508 594/561/507
f 597/564/510 596/565/509 595/563/508
f 593/562/506 597/564/510 595/563/508
f 597/564/510 598/566/511 596/565/509
f 598/566/511 599/567/512 596/565/509
f 598/566/511 600/568/513 599/567/512
f 601/569/514 599/567/512 600/568/513
f 601/569/514 602/570/515 599/567/512
f 603/571/516 602/570/515 601/569/514
f 603/571/516 604/572/517 602/570/515
f 605/573/518 604/572/517 603/571/516
f 607/574/520 605/573/518 606/575/519
f 605/573/518 607/574/520 604/572/517
f 606/575/519 608/576/521 607/574/520
f 606/575/519 610/577/523 608/576/521
f 610/577/523 609/578/522 608/576/521
f 610/577/523 611/579/524 609/578/522
f 611/579/524 612/580/525 609/578/522
f 611/579/524 613/581/525 612/580/525
f 614/582/526 589/556/502 587/555/500
f 616/583/528 614/582/526 615/584/527
f 614/582/526 587/555/500 615/584/527
f 616/583/528 615/584/527 617/585/529
f 618/586/530 616/583/528 617/585/529
f 618/586/530 617/585/529 619/587/531
f 619/587/531 620/588/532 618/586/530
f 620/588/532 622/589/534 621/590/533
f 620/588/532 619/587/531 622/589/534
f 621/590/533 622/589/534 623/591/535
f 625/592/537 623/591/535 624/593/536
f 621/590/533 623/591/535 625/592/537
f 625/592/537 624/593/536 626/594/538
f 627/595/539 626/594/538 624/593/536
f 627/595/539 624/593/536 628/596/540
f 629/597/541 627/595/539 628/596/540
f 629/597/541 628/596/540 630/598/542
f 631/599/543 629/597/541 630/598/542
f 631/599/543 630/598/542 632/600/544
f 632/600/544 633/601/545 631/599/543
f 633/601/545 635/602/547 634/603/546
f 633/601/545 632/600/544 635/602/547
f 634/603/546 635/602/547 636/604/548
f 634/603/546 636/604/548 637/605/549
f 637/605/549 636/604/548 638/606/550
f 639/607/551 638/606/550 641/608/553
f 639/607/551 640/609/552 638/606/550
f 637/605/549 638/606/550 640/609/552
f 642/610/554 639/607/551 641/608/553
f 642/610/554 641/608/553 643/611/555
f 644/612/556 643/611/555 645/613/557
f 644/612/556 642/610/554 643/611/555
f 647/614/559 645/613/557 646/615/558
f 645/613/557 647/614/559 644/612/556
f 647/614/559 646/615/558 648/616/560
f 648/616/560 650/617/562 649/618/561
f 648/616/560 646/615/558 650/617/562
f 649/618/561 650/617/562 651/619/563
f 649/618/561 651/619/563 652/620/564
f 653/621/565 654/622/566 656/623/568
f 653/621/565 655/624/567 654/622/566
f 657/625/569 655/624/567 653/621/565
f 657/625/569 658/626/570 655/624/567
f 659/627/571 658/626/570 657/625/569
f 661/628/573 660/629/572 659/627/571
f 659/627/571 660/629/572 658/626/570
f 661/628/573 662/630/573 660/629/572
f 663/631/574 662/630/573 661/628/573
f 663/631/574 664/632/575 662/630/573
f 665/633/576 664/632/575 663/631/574
f 665/633/576 666/634/577 664/632/575
f 667/635/578 666/634/577 665/633/576
f 669/636/580 668/637/579 667/635/578
f 667/635/578 668/637/579 666/634/577
f 669/636/580 670/638/581 668/637/579
f 671/639/582 670/638/581 669/636/580
f 671/639/582 672/640/583 670/638/581
f 656/623/568 654/622/566 673/641/584
f 656/623/568 673/641/584 674/642/585
f 674/642/585 676/643/587 675/644/586
f 674/642/585 673/641/584 676/643/587
f 675/644/586 676/643/587 677/645/588
f 679/646/590 677/645/588 678/647/589
f 675/644/586 677/645/588 679/646/590
f 679/646/590 678/647/589 680/648/591
f 680/648/591 682/649/593 681/650/592
f 680/648/591 678/647/589 682/649/593
f 681/650/592 682/649/593 683/651/594
f 681/650/592 683/651/594 684/652/594
f 684/652/594 683/651/594 685/653/595
f 687/654/597 685/653/595 686/655/596
f 684/652/594 685/653/595 687/654/597
f 687/654/597 686/655/596 688/656/598
f 688/656/598 690/657/600 689/658/599
f 688/656/598 686/655/596 690/657/600
f 689/658/599 690/657/600 691/659/601
f 689/658/599 691/659/601 692/660/602
f 692/660/602 691/659/601 693/661/603
f 692/660/602 693/661/603 694/662/603
f 695/663/599 696/664/601 698/665/602
f 695/663/599 697/666/600 696/664/601
f 699/667/598 697/666/600 695/663/599
f 701/668/597 700/669/596 699/667/598
f 699/667/598 700/669/596 697/666/600
f 701/668/597 702/670/595 700/669/596
f 703/671/594 702/670/595 701/668/597
f 703/671/594 704/672/594 702/670/595
f 705/673/592 704/672/594 703/671/594
f 705/673/592 706/674/593 704/672/594
f 707/675/591 706/674/593 705/673/592
f 709/676/590 708/677/589 707/675/591
f 707/675/591 708/677/589 706/674/593
f 709/676/590 710/678/588 708/677/589
f 711/679/586 710/678/588 709/676/590
f 711/679/586 712/680/587 710/678/588
f 713/681/604 712/680/587 711/679/586
f 713/681/604 714/682/604 712/680/587
f 698/665/602 696/664/601 715/683/605
f 698/665/602 715/683/605 716/684/606
f 716/684/606 718/685/581 717/686/580
f 716/684/606 715/683/605 718/685/581
f 717/686/580 718/685/581 719/687/579
f 717/686/580 719/687/579 720/688/578
f 720/688/578 719/687/579 721/689/607
f 723/690/576 721/689/607 722/691/575
f 720/688/578 721/689/607 723/690/576
f 723/690/576 722/691/575 724/692/574
f 724/692/574 726/693/573 725/694/573
f 724/692/574 722/691/575 726/693/573
f 725/694/573 726/693/573 727/695/572
f 725/694/573 727/695/572 728/696/571
f 728/696/571 727/695/572 729/697/570
f 731/698/569 729/697/570 730/699/567
f 728/696/571 729/697/570 731/698/569
f 731/698/569 730/699/567 732/700/565
f 732/700/565 734/701/566 733/702/568
f 732/700/565 730/699/567 734/701/566
f 733/702/568 734/701/566 735/703/608
f 733/702/568 735/703/608 736/704/608
f 737/666/265 738/705/609 740/664/609
f 737/666/265 739/706/265 738/705/609
f 741/669/265 739/706/265 737/666/265
f 743/670/265 742/707/265 741/669/265
f 741/669/265 742/707/265 739/706/265
f 743/670/265 744/708/265 742/707/265
f 745/672/267 744/708/265 743/670/265
f 745/672/267 746/709/267 744/708/265
f 747/674/267 746/709/267 745/672/267
f 749/677/265 748/710/267 747/674/267
f 747/674/267 748/710/267 746/709/267
f 749/677/265 750/711/265 748/710/267
f 751/678/266 750/711/265 749/677/265
f 751/678/266 752/712/266 750/711/265
f 753/680/265 752/712/266 751/678/266
f 753/680/265 754/713/265 752/712/266
f 755/682/609 754/713/265 753/680/265
f 755/682/609 756/714/609 754/713/265
f 740/664/609 738/705/609 757/715/265
f 740/664/609 757/715/265 758/683/265
f 758/683/265 760/716/265 759/685/265
f 758/683/265 757/715/265 760/716/265
f 759/685/265 760/716/265 761/717/265
f 763/687/265 761/717/265 762/718/267
f 759/685/265 761/717/265 763/687/265
f 763/687/265 762/718/267 764/689/267
f 764/689/267 762/718/267 766/719/267
f 764/689/267 766/719/267 765/691/267
f 765/691/267 766/719/267 767/720/265
f 769/693/265 767/720/265 768/721/267
f 765/691/267 767/720/265 769/693/265
f 769/693/265 768/721/267 770/695/267
f 770/695/267 772/722/267 771/697/267
f 770/695/267 768/721/267 772/722/267
f 771/697/267 772/722/267 773/723/265
f 775/699/265 773/723/265 774/724/609
f 771/697/267 773/723/265 775/699/265
f 775/699/265 774/724/609 776/701/609
f 776/701/609 777/725/609 778/703/266
f 776/701/609 774/724/609 777/725/609
f 779/706/599 780/726/601 782/705/602
f 779/706/599 781/727/600 780/726/601
f 783/707/598 781/727/600 779/706/599
f 783/707/598 784/728/596 781/727/600
f 785/708/597 784/728/596 783/707/598
f 785/708/597 786/729/595 784/728/596
f 787/709/594 786/729/595 785/708/597
f 789/710/592 788/730/273 787/709/594
f 787/709/594 788/730/273 786/729/595
f 789/710/592 790/731/593 788/730/273
f 791/711/591 790/731/593 789/710/592
f 791/711/591 792/732/589 790/731/593
f 793/712/590 792/732/589 791/711/591
f 793/712/590 794/733/588 792/732/589
f 795/713/586 794/733/588 793/712/590
f 797/714/604 796/734/587 795/713/586
f 795/713/586 796/734/587 794/733/588
f 797/714/604 798/735/604 796/734/587
f 782/705/602 780/726/601 799/736/605
f 782/705/602 799/736/605 800/715/606
f 800/715/606 799/736/605 802/737/581
f 800/715/606 802/737/581 801/716/580
f 801/716/580 802/737/581 803/738/579
f 805/717/578 803/738/579 804/739/607
f 801/716/580 803/738/579 805/717/578
f 805/717/578 804/739/607 806/718/576
f 806/718/576 808/740/575 807/719/574
f 806/718/576 804/739/607 808/740/575
f 807/719/574 808/740/575 809/741/573
f 811/720/573 809/741/573 810/742/610
f 807/719/574 809/741/573 811/720/573
f 811/720/573 810/742/610 812/721/571
f 812/721/571 814/743/570 813/722/569
f 812/721/571 810/742/610 814/743/570
f 813/722/569 814/743/570 815/744/567
f 813/722/569 815/744/567 816/723/565
f 816/723/565 815/744/567 817/745/611
f 816/723/565 817/745/611 818/724/612
f 818/724/612 817/745/611 819/746/608
f 818/724/612 819/746/608 820/725/608
f 821/747/613 822/748/512 824/749/613
f 821/747/613 823/750/614 822/748/512
f 825/751/615 821/747/613 824/749/613
f 825/751/615 824/749/613 826/752/616
f 827/753/617 825/751/615 826/752/616
f 827/753/617 828/754/618 825/751/615
f 829/755/619 828/754/618 827/753/617
f 829/755/619 827/753/617 830/756/620
f 831/757/621 829/755/619 830/756/620
f 831/757/621 830/756/620 832/758/622
f 832/758/622 833/759/623 831/757/621
f 834/760/624 822/748/512 823/750/614
f 836/761/626 835/762/625 834/760/624
f 834/760/624 835/762/625 822/748/512
f 836/761/626 837/763/627 835/762/625
f 838/764/628 837/763/627 836/761/626
f 838/764/628 836/761/626 839/765/629
f 840/766/630 838/764/628 839/765/629
f 842/767/632 841/768/631 840/766/630
f 840/766/630 841/768/631 838/764/628
f 842/767/632 843/769/633 841/768/631
f 843/769/633 842/767/632 844/770/634
f 845/771/524 846/772/635 848/773/637
f 845/771/524 847/774/636 846/772/635
f 849/775/638 845/771/524 848/773/637
f 849/775/638 848/773/637 850/776/639
f 851/777/640 849/775/638 850/776/639
f 851/777/640 852/778/641 849/775/638
f 853/779/642 852/778/641 851/777/640
f 853/779/642 851/777/640 854/780/643
f 855/781/644 853/779/642 854/780/643
f 855/781/644 854/780/643 856/782/645
f 856/782/645 857/783/646 855/781/644
f 858/784/561 846/772/635 847/774/636
f 860/785/648 859/786/647 858/784/561
f 858/784/561 859/786/647 846/772/635
f 860/785/648 861/787/649 859/786/647
f 862/788/650 861/787/649 860/785/648
f 862/788/650 860/785/648 863/789/651
f 864/790/652 862/788/650 863/789/651
f 864/790/652 865/791/653 862/788/650
f 866/792/654 865/791/653 864/790/652
f 866/792/654 867/793/655 865/791/653
f 867/793/655 866/792/654 868/794/656
f 869/795/551 870/796/550 872/797/657
f 869/795/551 871/798/575 870/796/550
f 873/799/658 869/795/551 872/797/657
f 873/799/658 872/797/657 874/800/554
f 875/801/659 873/799/658 874/800/554
f 875/801/659 876/802/660 873/799/658
f 877/803/661 876/802/660 875/801/659
f 879/804/663 877/803/661 878/805/662
f 877/803/661 875/801/659 878/805/662
f 879/804/663 878/805/662 880/806/664
f 880/806/664 881/807/665 879/804/663
f 882/808/549 870/796/550 871/798/575
f 882/808/549 883/809/666 870/796/550
f 884/810/667 883/809/666 882/808/549
f 886/811/669 885/812/668 884/810/667
f 884/810/667 885/812/668 883/809/666
f 886/811/669 884/810/667 887/813/670
f 888/814/671 886/811/669 887/813/670
f 888/814/671 889/815/672 886/811/669
f 890/816/673 889/815/672 888/814/671
f 891/817/674 890/816/673 892/818/675
f 890/816/673 891/817/674 889/815/672
f 893/819/676 894/820/677 896/821/679
f 893/819/676 895/822/678 894/820/677
f 897/823/680 895/822/678 893/819/676
f 897/823/680 898/824/680 895/822/678
f 899/825/681 898/824/680 897/823/680
f 899/825/681 901/826/682 900/827/681
f 899/825/681 900/827/681 898/824/680
f 899/825/681 902/828/682 901/826/682
f 902/828/682 903/829/683 904/830/684
f 902/828/682 904/830/684 901/826/682
f 903/829/683 905/831/685 904/830/684
f 903/829/683 906/832/686 905/831/685
f 907/833/687 905/831/685 906/832/686
f 907/833/687 908/834/688 905/831/685
f 909/835/689 908/834/688 907/833/687
f 909/835/689 910/836/689 908/834/688
f 911/837/690 910/836/689 909/835/689
f 911/837/690 912/838/690 910/836/689
f 911/837/690 913/839/691 912/838/690
f 911/837/690 915/840/691 913/839/691
f 915/840/691 914/841/692 913/839/691
f 915/840/691 916/842/693 914/841/692
f 916/842/693 917/843/694 914/841/692
f 916/842/693 918/844/695 917/843/694
f 919/845/696 917/843/694 918/844/695
f 919/845/696 920/846/697 917/843/694
f 921/847/698 920/846/697 919/845/696
f 921/847/698 922/848/698 920/846/697
f 923/849/699 922/848/698 921/847/698
f 923/849/699 924/850/699 922/848/698
f 923/849/699 925/851/700 924/850/699
f 923/849/699 926/852/700 925/851/700
f 926/852/700 927/853/701 928/854/702
f 926/852/700 928/854/702 925/851/700
f 927/853/701 929/855/703 928/854/702
f 930/856/704 929/855/703 932/857/706
f 930/856/704 931/858/705 929/855/703
f 927/853/701 932/857/706 929/855/703
f 933/859/707 931/858/705 930/856/704
f 933/859/707 934/860/707 931/858/705
f 935/861/708 934/860/707 933/859/707
f 935/861/708 936/862/708 934/860/707
f 935/861/708 937/863/709 936/862/708
f 935/861/708 939/864/709 937/863/709
f 939/864/709 938/865/710 937/863/709
f 939/864/709 940/866/711 938/865/710
f 940/866/711 941/867/712 938/865/710
f 940/866/711 942/868/713 941/867/712
f 943/869/714 941/867/712 942/868/713
f 943/869/714 944/870/715 941/867/712
f 945/871/716 944/870/715 943/869/714
f 945/871/716 946/872/716 944/870/715
f 947/873/717 946/872/716 945/871/716
f 947/873/717 948/874/717 946/872/716
f 947/873/717 949/875/718 948/874/717
f 947/873/717 950/876/718 949/875/718
f 950/876/718 951/877/719 952/878/720
f 950/876/718 952/878/720 949/875/718
f 951/877/719 894/820/677 952/878/720
f 951/877/719 896/821/679 894/820/677
f 953/879/721 954/880/722 956/881/724
f 953/879/721 955/882/723 954/880/722
f 957/883/725 955/882/723 953/879/721
f 957/883/725 958/884/726 955/882/723
f 956/881/724 954/880/722 959/885/727
f 956/881/724 959/885/727 960/886/727
f 961/887/728 962/888/729 964/889/729
f 961/887/728 963/890/728 962/888/729
f 964/889/729 962/888/729 965/891/730
f 964/889/729 965/891/730 966/892/731
f 966/892/731 965/891/730 967/893/732
f 966/892/731 967/893/732 968/894/733
f 969/895/734 970/896/734 972/897/734
f 969/895/734 971/898/734 970/896/734
f 973/899/735 974/895/736 976/897/738
f 973/899/735 975/900/737 974/895/736
f 977/901/739 978/898/740 980/902/742
f 977/901/739 979/896/741 978/898/740
f 981/903/743 982/904/743 984/905/743
f 981/903/743 983/906/743 982/904/743
f 985/907/744 986/903/745 988/905/747
f 985/907/744 987/908/746 986/903/745
f 989/909/748 990/906/749 992/910/751
f 989/909/748 991/904/750 990/906/749
f 1214/944/267 1215/945/267 1217/946/267
f 1214/944/267 1216/947/267 1215/945/267
f 1218/948/265 1216/947/267 1214/944/267
f 1218/948/265 1219/949/265 1216/947/267
f 1220/950/265 1219/949/265 1218/948/265
f 1220/950/265 1221/951/265 1219/949/265
f 1222/952/265 1221/951/265 1220/950/265
f 1222/952/265 1223/953/267 1221/951/265
f 1224/954/265 1223/953/267 1222/952/265
f 1224/954/265 1225/955/265 1223/953/267
f 1226/956/267 1225/955/265 1224/954/265
f 1226/956/267 1227/957/267 1225/955/265
f 1228/958/267 1227/957/267 1226/956/267
f 1228/958/267 1229/959/267 1227/957/267
f 1230/960/267 1229/959/267 1228/958/267
f 1230/960/267 1231/961/267 1229/959/267
f 1232/962/267 1231/961/267 1230/960/267
f 1232/962/267 1233/963/265 1231/961/267
f 1234/964/265 1233/963/265 1232/962/267
f 1234/964/265 1235/965/265 1233/963/265
f 1236/966/265 1235/965/265 1234/964/265
f 1236/966/265 1237/967/265 1235/965/265
f 1238/968/265 1237/967/265 1236/966/265
f 1238/968/265 1239/969/267 1237/967/265
f 1240/970/265 1239/969/267 1238/968/265
f 1240/970/265 1241/971/265 1239/969/267
f 1242/972/266 1241/971/265 1240/970/265
f 1242/972/266 1243/973/265 1241/971/265
f 1244/974/265 1243/973/265 1242/972/266
f 1244/974/265 1245/975/267 1243/973/265
f 1246/976/265 1245/975/267 1244/974/265
f 1246/976/265 1247/977/265 1245/975/267
f 1248/978/265 1247/977/265 1246/976/265
f 1248/978/265 1249/979/267 1247/977/265
f 1250/980/265 1249/979/267 1248/978/265
f 1250/980/265 1251/981/265 1249/979/267
f 1252/982/265 1251/981/265 1250/980/265
f 1217/946/267 1253/983/265 1252/982/265
f 1252/982/265 1253/983/265 1251/981/265
f 1217/946/267 1215/945/267 1253/983/265
f 1254/984/802 1255/985/803 1257/986/805
f 1254/984/802 1256/987/804 1255/985/803
f 1258/988/806 1256/987/804 1254/984/802
f 1258/988/806 1259/989/807 1256/987/804
f 1260/990/808 1259/989/807 1258/988/806
f 1260/990/808 1261/991/809 1259/989/807
f 1262/992/810 1261/991/809 1260/990/808
f 1264/993/811 1263/994/810 1262/992/810
f 1262/992/810 1263/994/810 1261/991/809
f 1264/993/811 1265/995/812 1263/994/810
f 1266/996/813 1265/995/812 1264/993/811
f 1266/996/813 1267/997/814 1265/995/812
f 1268/998/815 1267/997/814 1266/996/813
f 1268/998/815 1269/999/816 1267/997/814
f 1270/1000/817 1269/999/816 1268/998/815
f 1272/1001/819 1271/1002/818 1270/1000/817
f 1270/1000/817 1271/1002/818 1269/999/816
f 1272/1001/819 1273/1003/819 1271/1002/818
f 1257/986/805 1255/985/803 1274/1004/820
f 1257/986/805 1274/1004/820 1275/1005/821
f 1275/1005/821 1274/1004/820 1277/1006/823
f 1275/1005/821 1277/1006/823 1276/1007/822
f 1276/1007/822 1277/1006/823 1278/1008/824
f 1280/1009/826 1278/1008/824 1279/1010/825
f 1276/1007/822 1278/1008/824 1280/1009/826
f 1280/1009/826 1279/1010/825 1281/1011/827
f 1281/1011/827 1283/1012/829 1282/1013/828
f 1281/1011/827 1279/1010/825 1283/1012/829
f 1282/1013/828 1283/1012/829 1284/1014/830
f 1286/1015/830 1284/1014/830 1285/1016/831
f 1282/1013/828 1284/1014/830 1286/1015/830
f 1286/1015/830 1285/1016/831 1287/1017/832
f 1287/1017/832 1289/1018/834 1288/1019/833
f 1287/1017/832 1285/1016/831 1289/1018/834
f 1288/1019/833 1289/1018/834 1290/1020/835
f 1288/1019/833 1290/1020/835 1291/1021/836
f 1291/1021/836 1290/1020/835 1292/1022/837
f 1291/1021/836 1292/1022/837 1293/1023/838
f 1293/1023/838 1292/1022/837 1294/1024/839
f 1293/1023/838 1294/1024/839 1295/1025/839
f 1296/1026/840 1297/1027/500 1299/1028/502
f 1296/1026/840 1298/1029/841 1297/1027/500
f 1300/1030/842 1298/1029/841 1296/1026/840
f 1300/1030/842 1301/1031/843 1298/1029/841
f 1302/1032/844 1301/1031/843 1300/1030/842
f 1302/1032/844 1300/1030/842 1303/1033/845
f 1304/1034/846 1302/1032/844 1303/1033/845
f 1304/1034/846 1305/1035/847 1302/1032/844
f 1306/1036/848 1305/1035/847 1304/1034/846
f 1306/1036/848 1307/1037/849 1305/1035/847
f 1307/1037/849 1306/1036/848 1308/1038/850
f 1309/1039/526 1299/1028/502 1297/1027/500
f 1311/1040/852 1309/1039/526 1310/1041/851
f 1309/1039/526 1297/1027/500 1310/1041/851
f 1311/1040/852 1310/1041/851 1312/1042/853
f 1313/1043/854 1311/1040/852 1312/1042/853
f 1313/1043/854 1314/1044/855 1311/1040/852
f 1315/1045/856 1314/1044/855 1313/1043/854
f 1317/1046/858 1315/1045/856 1316/1047/857
f 1315/1045/856 1313/1043/854 1316/1047/857
f 1317/1046/858 1316/1047/857 1318/1048/859
f 1318/1048/859 1319/1049/860 1317/1046/858
f 1320/1050/539 1321/1051/536 1323/1052/861
f 1320/1050/539 1322/1053/538 1321/1051/536
f 1324/1054/862 1320/1050/539 1323/1052/861
f 1326/1055/864 1324/1054/862 1325/1056/863
f 1324/1054/862 1323/1052/861 1325/1056/863
f 1326/1055/864 1327/1057/865 1324/1054/862
f 1328/1058/866 1327/1057/865 1326/1055/864
f 1328/1058/866 1326/1055/864 1329/1059/867
f 1330/1060/868 1328/1058/866 1329/1059/867
f 1330/1060/868 1329/1059/867 1331/1061/869
f 1331/1061/869 1332/1062/870 1330/1060/868
f 1333/1063/537 1321/1051/536 1322/1053/538
f 1335/1064/872 1334/1065/871 1333/1063/537
f 1333/1063/537 1334/1065/871 1321/1051/536
f 1335/1064/872 1336/1066/873 1334/1065/871
f 1337/1067/874 1336/1066/873 1335/1064/872
f 1337/1067/874 1335/1064/872 1338/1068/875
f 1339/1069/876 1337/1067/874 1338/1068/875
f 1339/1069/876 1340/1070/877 1337/1067/874
f 1341/1071/878 1340/1070/877 1339/1069/876
f 1341/1071/878 1342/1072/879 1340/1070/877
f 1342/1072/879 1341/1071/878 1343/1073/880
f 1344/1074/881 1345/1075/881 1347/1076/881
f 1344/1074/881 1346/1077/881 1345/1075/881
f 1348/1078/882 1349/1074/883 1351/1076/602
f 1348/1078/882 1350/1079/884 1349/1074/883
f 1352/1080/885 1353/1077/886 1355/1081/887
f 1352/1080/885 1354/1075/568 1353/1077/886
f 1356/1082/888 1357/1083/888 1359/1084/888
f 1356/1082/888 1358/1085/888 1357/1083/888
f 1360/1086/889 1361/1082/890 1363/1084/892
f 1360/1086/889 1362/1087/891 1361/1082/890
f 1364/1088/893 1365/1085/894 1367/1089/895
f 1364/1088/893 1366/1083/581 1365/1085/894
f 1368/1090/896 1369/1091/896 1371/1092/896
f 1368/1090/896 1370/1093/896 1369/1091/896
f 1372/1094/897 1373/1090/898 1375/1092/900
f 1372/1094/897 1374/1095/899 1373/1090/898
f 1376/1096/901 1377/1093/902 1379/1097/904
f 1376/1096/901 1378/1091/903 1377/1093/902
f 1402/1098/905 1403/1099/906 1405/1100/908
f 1402/1098/905 1404/1101/907 1403/1099/906
f 1406/1102/909 1404/1101/907 1402/1098/905
f 1406/1102/909 1407/1103/909 1404/1101/907
f 1405/1100/908 1403/1099/906 1408/1104/910
f 1405/1100/908 1408/1104/910 1409/1105/911
f 1410/1106/912 1411/1107/913 1413/1108/914
f 1410/1106/912 1412/1109/912 1411/1107/913
f 1413/1108/914 1411/1107/913 1414/1110/915
f 1413/1108/914 1414/1110/915 1415/1111/915
f 1415/1111/915 1414/1110/915 1416/1112/916
f 1415/1111/915 1416/1112/916 1417/1113/917
f 1418/1114/918 1419/1115/919 1421/1116/921
f 1418/1114/918 1420/1117/920 1419/1115/919
f 1422/1118/922 1420/1117/920 1418/1114/918
f 1423/1119/923 1424/1120/924 1422/1118/922
f 1422/1118/922 1424/1120/924 1420/1117/920
f 1423/1119/923 1425/1121/923 1424/1120/924
