# Blender 5.0.1
# www.blender.org
mtllib pez.mtl
o pasted__pasted__pCone2
v 0.034052 0.029839 0.079089
v 0.031740 0.031733 0.075910
v 0.032356 0.032182 0.075639
v 0.032535 0.032948 0.075700
v 0.032231 0.033583 0.076116
v 0.031608 0.033692 0.076641
v 0.031015 0.033204 0.076953
v 0.030729 0.032395 0.076795
v 0.031011 0.031815 0.076286
v 0.028608 0.033852 0.070733
v 0.029963 0.034492 0.070553
v 0.030229 0.035743 0.070600
v 0.029867 0.036913 0.071577
v 0.028708 0.036963 0.072552
v 0.027530 0.036023 0.073040
v 0.026417 0.034455 0.072164
v 0.026592 0.033721 0.070501
v 0.023990 0.035488 0.064354
v 0.024689 0.035141 0.065139
v 0.025989 0.036489 0.064376
v 0.026775 0.036123 0.065022
v 0.026664 0.038159 0.064553
v 0.027301 0.037958 0.064928
v 0.027114 0.039633 0.066725
v 0.027977 0.039783 0.067564
v 0.025749 0.039049 0.068194
v 0.026214 0.039021 0.069031
v 0.024047 0.037606 0.068618
v 0.024465 0.037555 0.069642
v 0.022135 0.035653 0.066923
v 0.022376 0.035264 0.067912
v 0.021397 0.034768 0.064065
v 0.021353 0.034228 0.064257
v 0.027517 0.033705 0.070502
v 0.024072 0.035320 0.064318
v 0.022787 0.034564 0.064414
v 0.020579 0.034295 0.063354
v 0.022698 0.035305 0.064147
v 0.025247 0.036119 0.064816
v 0.026293 0.036336 0.064196
v 0.025997 0.035591 0.065249
v 0.026111 0.037170 0.064407
v 0.026841 0.038268 0.064099
v 0.027086 0.036944 0.064737
v 0.026707 0.038857 0.065557
v 0.027687 0.040190 0.066982
v 0.027792 0.039065 0.066129
v 0.026367 0.039258 0.067420
v 0.025849 0.039292 0.068511
v 0.027273 0.039629 0.068456
v 0.024851 0.038234 0.068232
v 0.024023 0.037754 0.069136
v 0.025336 0.038380 0.069516
v 0.023356 0.036694 0.067918
v 0.021798 0.035365 0.067280
v 0.023430 0.036399 0.069142
v 0.021728 0.035217 0.065288
v 0.021450 0.034501 0.065854
v 0.028229 0.035456 0.067468
v 0.026466 0.034634 0.067604
v 0.028631 0.037023 0.067441
v 0.028772 0.038552 0.069272
v 0.027276 0.038201 0.070521
v 0.025776 0.036970 0.071082
v 0.024118 0.034992 0.069730
v 0.023699 0.034102 0.066998
v 0.032036 0.031958 0.075669
v 0.033337 0.030910 0.077499
v 0.033002 0.030629 0.077687
v 0.032464 0.032625 0.075539
v 0.033451 0.031370 0.077538
v 0.032393 0.033401 0.075800
v 0.033276 0.031740 0.077781
v 0.031883 0.033813 0.076320
v 0.032916 0.031803 0.078085
v 0.031221 0.033606 0.076788
v 0.032581 0.031523 0.078272
v 0.030736 0.032884 0.076881
v 0.032467 0.031062 0.078233
v 0.030721 0.032117 0.076494
v 0.032642 0.030692 0.077991
v 0.031286 0.031759 0.076012
v 0.029428 0.034100 0.070693
v 0.031285 0.033389 0.073300
v 0.030321 0.032846 0.073547
v 0.030200 0.035071 0.070483
v 0.031496 0.034395 0.073370
v 0.030141 0.036412 0.071022
v 0.031057 0.035282 0.073954
v 0.029340 0.037080 0.072097
v 0.030179 0.035436 0.074695
v 0.028119 0.036606 0.072915
v 0.029304 0.034735 0.075103
v 0.026900 0.035224 0.072778
v 0.028667 0.033557 0.074645
v 0.026270 0.033962 0.071230
v 0.029012 0.032891 0.073693
v 0.032979 0.030965 0.077253
v 0.033259 0.031427 0.077160
v 0.033221 0.031945 0.077336
v 0.032887 0.032215 0.077677
v 0.032453 0.032080 0.077983
v 0.032173 0.031617 0.078076
v 0.032211 0.031099 0.077900
v 0.032545 0.030829 0.077559
v 0.030886 0.033047 0.073424
v 0.031481 0.033865 0.073274
v 0.031348 0.034896 0.073615
v 0.030644 0.035466 0.074333
v 0.029730 0.035180 0.074979
v 0.028910 0.034141 0.074980
v 0.028697 0.033143 0.074135
v 0.029625 0.032793 0.073567
v 0.022065 0.034684 0.063530
v 0.025465 0.035791 0.064440
v 0.026608 0.037197 0.063887
v 0.027423 0.039442 0.065419
v 0.026965 0.039979 0.067924
v 0.024932 0.038609 0.069011
v 0.022934 0.036549 0.068598
v 0.020752 0.034568 0.065068
v 0.024630 0.037108 0.065969
v 0.027558 0.034988 0.067651
v 0.028509 0.036167 0.067287
v 0.028827 0.037928 0.068262
v 0.028140 0.038566 0.069992
v 0.026526 0.037693 0.070956
v 0.024913 0.035967 0.070684
v 0.023572 0.034357 0.068189
v 0.024921 0.034266 0.067094
vn 0.0300 -0.8801 -0.4739
vn 0.2941 -0.7713 -0.5645
vn 0.2622 -0.7371 -0.6229
vn -0.0454 -0.8833 -0.4666
vn 0.6045 -0.5253 -0.5988
vn 0.6176 -0.4927 -0.6130
vn 0.5850 -0.4065 0.7018
vn 0.8588 -0.1625 -0.4858
vn 0.8362 -0.1581 -0.5252
vn 0.9352 0.1927 -0.2970
vn 0.9590 0.1609 -0.2332
vn 0.8768 0.4758 -0.0693
vn 0.8933 0.4482 -0.0321
vn 0.7238 0.6654 0.1823
vn 0.7666 0.5601 0.3139
vn 0.4755 0.7779 0.4109
vn 0.5259 0.7007 0.4821
vn 0.1966 0.7555 0.6249
vn 0.3273 0.6005 0.7295
vn -0.1461 0.6384 0.7557
vn -0.0352 0.5688 0.8218
vn -0.4386 0.3822 0.8134
vn -0.2096 0.3136 0.9261
vn -0.6593 0.0862 0.7470
vn -0.5817 0.0575 0.8114
vn -0.7540 -0.2874 0.5906
vn -0.6397 -0.2803 0.7157
vn -0.6921 -0.6574 0.2980
vn -0.7206 -0.6057 0.3374
vn -0.4954 -0.8686 -0.0096
vn -0.5723 -0.8153 0.0879
vn -0.1816 -0.9338 -0.3084
vn -0.3128 -0.9031 -0.2943
vn 0.2289 -0.8837 -0.4082
vn 0.3367 -0.8190 -0.4646
vn 0.3217 -0.7993 -0.5076
vn 0.1402 -0.8892 -0.4354
vn 0.6083 -0.5938 -0.5267
vn 0.6226 -0.5626 -0.5439
vn 0.8522 -0.1798 -0.4913
vn 0.8691 -0.1611 -0.4677
vn 0.9159 0.1444 -0.3746
vn 0.9297 0.1983 -0.3104
vn 0.9016 0.3768 -0.2123
vn 0.8781 0.4624 -0.1229
vn 0.7292 0.6776 0.0951
vn 0.7092 0.6936 0.1264
vn 0.3259 0.8517 0.4103
vn 0.4211 0.8246 0.3778
vn 0.0099 0.8340 0.5516
vn 0.1084 0.8193 0.5631
vn -0.2829 0.6960 0.6599
vn -0.2236 0.6783 0.6999
vn -0.5520 0.4234 0.7183
vn -0.5195 0.4128 0.7481
vn -0.7033 0.1147 0.7016
vn -0.6954 0.1082 0.7104
vn -0.7409 -0.3251 0.5876
vn -0.7641 -0.2939 0.5743
vn -0.5389 -0.7822 0.3128
vn -0.6319 -0.7193 0.2887
vn -0.1661 -0.9858 -0.0252
vn -0.3310 -0.9429 -0.0378
vn 0.1329 -0.9413 -0.3102
vn -0.0214 -0.9492 -0.3141
vn -0.0293 0.6907 -0.7225
vn 0.3908 -0.5399 -0.7455
vn 0.2093 -0.4043 -0.8903
vn -0.3107 0.8335 -0.4569
vn 0.3585 -0.8339 -0.4197
vn 0.2918 -0.8962 -0.3341
vn -0.0062 -0.9976 -0.0692
vn -0.6807 -0.2912 -0.6722
vn -0.4070 0.8698 -0.2790
vn 0.2445 -0.6545 -0.7154
vn 0.3535 -0.8297 -0.4319
vn -0.3024 0.5801 -0.7564
vn -0.6453 0.2561 -0.7198
vn 0.3567 -0.5683 -0.7415
vn 0.5775 -0.6350 -0.5131
vn 0.4302 -0.0834 -0.8989
vn 0.8173 -0.2362 -0.5256
vn -0.6798 0.4515 -0.5780
vn -0.6811 0.5660 -0.4645
vn 0.4239 0.3708 -0.8263
vn 0.8864 0.0154 -0.4627
vn 0.3976 0.6782 -0.6180
vn 0.9144 0.1826 -0.3614
vn -0.6560 0.6733 -0.3410
vn -0.6339 0.7245 -0.2707
vn 0.3046 0.9105 -0.2797
vn 0.8190 0.5734 -0.0208
vn -0.2862 0.9467 0.1477
vn 0.1354 0.8553 0.5001
vn -0.6372 0.7156 -0.2862
vn -0.6391 0.7089 -0.2984
vn -0.4680 0.8632 0.1892
vn -0.1680 0.8013 0.5742
vn -0.5677 0.7827 0.2551
vn -0.3567 0.6936 0.6259
vn -0.6522 0.7028 -0.2841
vn -0.6638 0.6987 -0.2669
vn -0.7231 0.6036 0.3358
vn -0.5879 0.4124 0.6959
vn -0.8208 0.4576 0.3418
vn -0.7110 0.0749 0.6992
vn -0.5992 0.7785 -0.1870
vn -0.5571 0.8222 -0.1169
vn -0.9065 0.2785 0.3172
vn -0.6798 -0.4414 0.5857
vn -0.9866 0.1131 0.1176
vn -0.4004 -0.8663 0.2987
vn -0.5025 0.8440 -0.1876
vn -0.5509 0.7527 -0.3605
vn 0.3471 -0.8280 -0.4403
vn 0.3017 -0.8650 -0.4010
vn 0.5876 -0.6204 -0.5194
vn 0.8283 -0.2166 -0.5167
vn 0.8997 0.0650 -0.4316
vn 0.9170 0.2648 -0.2982
vn 0.7637 0.6426 0.0612
vn 0.2104 0.8579 0.4687
vn -0.0964 0.8199 0.5643
vn -0.3277 0.6974 0.6374
vn -0.5706 0.4221 0.7044
vn -0.7035 0.1005 0.7035
vn -0.7060 -0.3762 0.6000
vn -0.4614 -0.8240 0.3289
vn -0.0520 -0.9981 -0.0335
vn 0.2422 -0.9168 -0.3176
vt 0.375000 0.750000
vt 0.392904 0.755208
vt 0.427083 0.833333
vt 0.437500 0.875000
vt 0.410156 0.760417
vt 0.445312 0.854167
vt 0.500000 1.000000
vt 0.423503 0.755208
vt 0.447917 0.833333
vt 0.440104 0.760417
vt 0.463542 0.854167
vt 0.454102 0.755208
vt 0.468750 0.833333
vt 0.470052 0.760417
vt 0.481771 0.854167
vt 0.484701 0.755208
vt 0.489583 0.833333
vt 0.500000 0.760417
vt 0.500000 0.854167
vt 0.515299 0.755208
vt 0.510417 0.833333
vt 0.529948 0.760417
vt 0.518229 0.854167
vt 0.545898 0.755208
vt 0.531250 0.833333
vt 0.559896 0.760417
vt 0.536458 0.854167
vt 0.576497 0.755208
vt 0.552083 0.833333
vt 0.589844 0.760417
vt 0.554688 0.854167
vt 0.607096 0.755208
vt 0.572917 0.833333
vt 0.625000 0.750000
vt 0.562500 0.875000
vt 0.312500 0.625000
vt 0.336027 0.625203
vt 0.363281 0.687500
vt 0.343750 0.687500
vt 0.359461 0.625244
vt 0.382812 0.687500
vt 0.382920 0.625382
vt 0.402344 0.687500
vt 0.406368 0.625471
vt 0.421875 0.687500
vt 0.429769 0.625364
vt 0.441406 0.687500
vt 0.453158 0.625207
vt 0.460938 0.687500
vt 0.476572 0.625146
vt 0.480469 0.687500
vt 0.500000 0.625136
vt 0.500000 0.687500
vt 0.523429 0.625132
vt 0.519531 0.687500
vt 0.546857 0.625139
vt 0.539062 0.687500
vt 0.570281 0.625160
vt 0.558594 0.687500
vt 0.593694 0.625207
vt 0.578125 0.687500
vt 0.617091 0.625290
vt 0.597656 0.687500
vt 0.640496 0.625343
vt 0.617188 0.687500
vt 0.663936 0.625301
vt 0.636719 0.687500
vt 0.687500 0.625000
vt 0.656250 0.687500
vt 0.638331 0.114859
vt 0.661854 0.091791
vt 0.710425 0.165429
vt 0.658103 0.187373
vt 0.674323 0.078140
vt 0.710423 0.164456
vt 0.746523 0.250773
vt 0.728196 0.250980
vt 0.695105 0.251019
vt 0.587087 0.041097
vt 0.586385 0.040944
vt 0.565950 0.093715
vt 0.501584 0.056151
vt 0.500631 0.021785
vt 0.498447 0.003748
vt 0.416989 0.042293
vt 0.416469 0.042359
vt 0.438285 0.094503
vt 0.366998 0.116401
vt 0.344895 0.093757
vt 0.334491 0.080971
vt 0.293081 0.167307
vt 0.292535 0.166184
vt 0.345367 0.188858
vt 0.305550 0.252627
vt 0.270994 0.252426
vt 0.250579 0.251397
vt 0.288079 0.338594
vt 0.287368 0.339280
vt 0.341699 0.316418
vt 0.361517 0.388608
vt 0.337471 0.412711
vt 0.324157 0.427163
vt 0.412303 0.461679
vt 0.412078 0.463582
vt 0.434623 0.408123
vt 0.500150 0.445205
vt 0.499888 0.479751
vt 0.500000 0.500000
vt 0.587537 0.461183
vt 0.587271 0.463851
vt 0.566069 0.407369
vt 0.638494 0.387407
vt 0.662133 0.411797
vt 0.674542 0.427702
vt 0.710559 0.337416
vt 0.710532 0.339238
vt 0.658216 0.314967
vt 0.501133 0.251263
vt 0.250846 0.501691
vt 0.281965 0.501624
vt 0.308951 0.563312
vt 0.281673 0.563346
vt 0.313084 0.501557
vt 0.336281 0.563475
vt 0.344612 0.503057
vt 0.363712 0.564029
vt 0.376139 0.504558
vt 0.391099 0.564386
vt 0.406899 0.502913
vt 0.418293 0.563956
vt 0.437658 0.501268
vt 0.445443 0.563327
vt 0.468829 0.501166
vt 0.472696 0.563083
vt 0.500000 0.501065
vt 0.500002 0.563044
vt 0.531184 0.501058
vt 0.527311 0.563029
vt 0.562369 0.501052
vt 0.554615 0.563055
vt 0.593496 0.501280
vt 0.581904 0.563140
vt 0.624623 0.501508
vt 0.609152 0.563327
vt 0.655475 0.502317
vt 0.636331 0.563658
vt 0.686328 0.503126
vt 0.663547 0.563872
vt 0.717741 0.502409
vt 0.690902 0.563704
vt 0.749154 0.501691
vt 0.718327 0.563346
s 1
usemtl pasted__lambert2
f 2/1/1 67/2/2 98/3/3 69/4/4
f 3/5/5 68/6/6 98/3/3 67/2/2
f 1/7/7 69/4/4 98/3/3 68/6/6
f 3/5/5 70/8/8 99/9/9 68/6/6
f 4/10/10 71/11/11 99/9/9 70/8/8
f 1/7/7 68/6/6 99/9/9 71/11/11
f 4/10/10 72/12/12 100/13/13 71/11/11
f 5/14/14 73/15/15 100/13/13 72/12/12
f 1/7/7 71/11/11 100/13/13 73/15/15
f 5/14/14 74/16/16 101/17/17 73/15/15
f 6/18/18 75/19/19 101/17/17 74/16/16
f 1/7/7 73/15/15 101/17/17 75/19/19
f 6/18/18 76/20/20 102/21/21 75/19/19
f 7/22/22 77/23/23 102/21/21 76/20/20
f 1/7/7 75/19/19 102/21/21 77/23/23
f 7/22/22 78/24/24 103/25/25 77/23/23
f 8/26/26 79/27/27 103/25/25 78/24/24
f 1/7/7 77/23/23 103/25/25 79/27/27
f 8/26/26 80/28/28 104/29/29 79/27/27
f 9/30/30 81/31/31 104/29/29 80/28/28
f 1/7/7 79/27/27 104/29/29 81/31/31
f 9/30/30 82/32/32 105/33/33 81/31/31
f 2/34/1 69/35/4 105/33/33 82/32/32
f 1/7/7 81/31/31 105/33/33 69/35/4
f 10/36/34 83/37/35 106/38/36 85/39/37
f 83/37/35 11/40/38 84/41/39 106/38/36
f 106/38/36 84/41/39 3/5/5 67/2/2
f 85/39/37 106/38/36 67/2/2 2/1/1
f 11/40/38 86/42/40 107/43/41 84/41/39
f 86/42/40 12/44/42 87/45/43 107/43/41
f 107/43/41 87/45/43 4/10/10 70/8/8
f 84/41/39 107/43/41 70/8/8 3/5/5
f 12/44/42 88/46/44 108/47/45 87/45/43
f 88/46/44 13/48/46 89/49/47 108/47/45
f 108/47/45 89/49/47 5/14/14 72/12/12
f 87/45/43 108/47/45 72/12/12 4/10/10
f 13/48/46 90/50/48 109/51/49 89/49/47
f 90/50/48 14/52/50 91/53/51 109/51/49
f 109/51/49 91/53/51 6/18/18 74/16/16
f 89/49/47 109/51/49 74/16/16 5/14/14
f 14/52/50 92/54/52 110/55/53 91/53/51
f 92/54/52 15/56/54 93/57/55 110/55/53
f 110/55/53 93/57/55 7/22/22 76/20/20
f 91/53/51 110/55/53 76/20/20 6/18/18
f 15/56/54 94/58/56 111/59/57 93/57/55
f 94/58/56 16/60/58 95/61/59 111/59/57
f 111/59/57 95/61/59 8/26/26 78/24/24
f 93/57/55 111/59/57 78/24/24 7/22/22
f 16/60/58 96/62/60 112/63/61 95/61/59
f 96/62/60 17/64/62 97/65/63 112/63/61
f 112/63/61 97/65/63 9/30/30 80/28/28
f 95/61/59 112/63/61 80/28/28 8/26/26
f 17/64/62 34/66/64 113/67/65 97/65/63
f 34/66/64 10/68/34 85/69/37 113/67/65
f 113/67/65 85/69/37 2/34/1 82/32/32
f 97/65/63 113/67/65 82/32/32 9/30/30
f 18/70/66 35/71/67 114/72/68 38/73/69
f 35/71/67 19/74/70 36/75/71 114/72/68
f 114/72/68 36/75/71 33/76/72 37/77/73
f 38/73/69 114/72/68 37/77/73 32/78/74
f 19/74/70 35/71/67 115/79/75 41/80/76
f 35/71/67 18/70/66 39/81/77 115/79/75
f 115/79/75 39/81/77 20/82/78 40/83/79
f 41/80/76 115/79/75 40/83/79 21/84/80
f 21/84/80 40/83/79 116/85/81 44/86/82
f 40/83/79 20/82/78 42/87/83 116/85/81
f 116/85/81 42/87/83 22/88/84 43/89/85
f 44/86/82 116/85/81 43/89/85 23/90/86
f 23/90/86 43/89/85 117/91/87 47/92/88
f 43/89/85 22/88/84 45/93/89 117/91/87
f 117/91/87 45/93/89 24/94/90 46/95/91
f 47/92/88 117/91/87 46/95/91 25/96/92
f 25/96/92 46/95/91 118/97/93 50/98/94
f 46/95/91 24/94/90 48/99/95 118/97/93
f 118/97/93 48/99/95 26/100/96 49/101/97
f 50/98/94 118/97/93 49/101/97 27/102/98
f 27/102/98 49/101/97 119/103/99 53/104/100
f 49/101/97 26/100/96 51/105/101 119/103/99
f 119/103/99 51/105/101 28/106/102 52/107/103
f 53/104/100 119/103/99 52/107/103 29/108/104
f 29/108/104 52/107/103 120/109/105 56/110/106
f 52/107/103 28/106/102 54/111/107 120/109/105
f 120/109/105 54/111/107 30/112/108 55/113/109
f 56/110/106 120/109/105 55/113/109 31/114/110
f 31/114/110 55/113/109 121/115/111 58/116/112
f 55/113/109 30/112/108 57/117/113 121/115/111
f 121/115/111 57/117/113 32/78/74 37/77/73
f 58/116/112 121/115/111 37/77/73 33/76/72
f 18/70/66 38/73/69 122/118/114 39/81/77
f 32/78/74 57/117/113 122/118/114 38/73/69
f 30/112/108 54/111/107 122/118/114 57/117/113
f 28/106/102 51/105/101 122/118/114 54/111/107
f 26/100/96 48/99/95 122/118/114 51/105/101
f 24/94/90 45/93/89 122/118/114 48/99/95
f 22/88/84 42/87/83 122/118/114 45/93/89
f 20/82/78 39/81/77 122/118/114 42/87/83
f 19/119/70 41/120/76 123/121/115 60/122/116
f 41/120/76 21/123/80 59/124/117 123/121/115
f 123/121/115 59/124/117 11/40/38 83/37/35
f 60/122/116 123/121/115 83/37/35 10/36/34
f 21/123/80 44/125/82 124/126/118 59/124/117
f 44/125/82 23/127/86 61/128/119 124/126/118
f 124/126/118 61/128/119 12/44/42 86/42/40
f 59/124/117 124/126/118 86/42/40 11/40/38
f 23/127/86 47/129/88 125/130/120 61/128/119
f 47/129/88 25/131/92 62/132/121 125/130/120
f 125/130/120 62/132/121 13/48/46 88/46/44
f 61/128/119 125/130/120 88/46/44 12/44/42
f 25/131/92 50/133/94 126/134/122 62/132/121
f 50/133/94 27/135/98 63/136/123 126/134/122
f 126/134/122 63/136/123 14/52/50 90/50/48
f 62/132/121 126/134/122 90/50/48 13/48/46
f 27/135/98 53/137/100 127/138/124 63/136/123
f 53/137/100 29/139/104 64/140/125 127/138/124
f 127/138/124 64/140/125 15/56/54 92/54/52
f 63/136/123 127/138/124 92/54/52 14/52/50
f 29/139/104 56/141/106 128/142/126 64/140/125
f 56/141/106 31/143/110 65/144/127 128/142/126
f 128/142/126 65/144/127 16/60/58 94/58/56
f 64/140/125 128/142/126 94/58/56 15/56/54
f 31/143/110 58/145/112 129/146/128 65/144/127
f 58/145/112 33/147/72 66/148/129 129/146/128
f 129/146/128 66/148/129 17/64/62 96/62/60
f 65/144/127 129/146/128 96/62/60 16/60/58
f 33/147/72 36/149/71 130/150/130 66/148/129
f 36/149/71 19/151/70 60/152/116 130/150/130
f 130/150/130 60/152/116 10/68/34 34/66/64
f 66/148/129 130/150/130 34/66/64 17/64/62
o pasted__pasted__pCone3
v 0.004521 0.068050 -0.064200
v 0.002945 0.067223 -0.064651
v 0.001181 0.067459 -0.064203
v 0.000261 0.068619 -0.063118
v 0.000724 0.070024 -0.062032
v 0.002300 0.070852 -0.061581
v 0.004064 0.070616 -0.062029
v 0.004984 0.069456 -0.063114
v -0.000985 0.089572 -0.096122
v 0.002751 0.076131 -0.074708
v 0.001494 0.075470 -0.075068
v 0.000085 0.075658 -0.074710
v -0.000649 0.076584 -0.073844
v -0.000279 0.077706 -0.072977
v 0.000978 0.078367 -0.072617
v 0.002387 0.078179 -0.072974
v 0.003121 0.077253 -0.073840
v 0.000749 0.084430 -0.084708
v -0.000014 0.084030 -0.084926
v -0.000868 0.084144 -0.084709
v -0.001313 0.084705 -0.084184
v -0.001089 0.085386 -0.083658
v -0.000326 0.085786 -0.083440
v 0.000528 0.085672 -0.083657
v 0.000973 0.085110 -0.084182
v -0.000285 0.087963 -0.091261
v -0.000669 0.087762 -0.091370
v -0.001099 0.087819 -0.091261
v -0.001323 0.088101 -0.090997
v -0.001210 0.088444 -0.090733
v -0.000826 0.088645 -0.090623
v -0.000397 0.088588 -0.090732
v -0.000172 0.088305 -0.090996
v 0.000138 0.072968 -0.066006
v -0.000599 0.077163 -0.073376
v 0.001776 0.073828 -0.065536
v 0.000279 0.078125 -0.072714
v 0.003611 0.073583 -0.066002
v 0.001718 0.078380 -0.072713
v 0.004567 0.072377 -0.067131
v 0.002874 0.077779 -0.073373
v 0.003071 0.076674 -0.074308
v 0.000649 0.080265 -0.080465
v 0.000410 0.084176 -0.084867
v 0.001629 0.080779 -0.080184
v -0.000448 0.080411 -0.080186
v -0.000462 0.084022 -0.084868
v -0.001020 0.081133 -0.079512
v -0.001163 0.084386 -0.084467
v -0.000732 0.082007 -0.078836
v -0.001282 0.085056 -0.083901
v 0.000248 0.082521 -0.078556
v -0.000750 0.085639 -0.083499
v 0.001345 0.082375 -0.078834
v 0.000122 0.085794 -0.083498
v 0.001917 0.081653 -0.079509
v 0.000823 0.085429 -0.083899
v 0.000942 0.084759 -0.084465
v -0.000423 0.086356 -0.088457
v 0.000142 0.086652 -0.088295
v -0.001055 0.086440 -0.088296
v -0.001385 0.086856 -0.087907
v -0.001219 0.087360 -0.087518
v -0.000654 0.087656 -0.087356
v -0.000022 0.087572 -0.087517
v 0.000308 0.087156 -0.087906
v 0.004909 0.067740 -0.062245
v 0.004683 0.069009 -0.061171
v 0.003355 0.069699 -0.060413
v 0.001702 0.069407 -0.060415
v 0.000694 0.068302 -0.061175
v 0.000920 0.067033 -0.062249
v 0.002248 0.066342 -0.063008
v 0.003900 0.066635 -0.063006
v -0.000444 0.087796 -0.091218
v -0.000844 0.088765 -0.093981
v -0.000627 0.088879 -0.093919
v -0.000892 0.087717 -0.091218
v -0.001087 0.088797 -0.093919
v -0.001253 0.087904 -0.091012
v -0.001214 0.088957 -0.093770
v -0.001314 0.088249 -0.090721
v -0.001150 0.089151 -0.093620
v -0.001041 0.088549 -0.090514
v -0.000933 0.089265 -0.093558
v -0.000592 0.088628 -0.090514
v -0.000690 0.089232 -0.093620
v -0.000232 0.088441 -0.090720
v -0.000563 0.089072 -0.093769
v -0.000170 0.088096 -0.091011
v 0.002447 0.070055 -0.068729
v 0.002193 0.075712 -0.074970
v 0.004086 0.070916 -0.068260
v 0.000613 0.070300 -0.068263
v 0.000754 0.075457 -0.074972
v -0.000344 0.071507 -0.067135
v -0.000402 0.076058 -0.074311
v 0.003031 0.066714 -0.059903
v -0.000676 0.088650 -0.093472
v -0.000964 0.088599 -0.093472
v -0.001194 0.088719 -0.093340
v -0.001233 0.088940 -0.093154
v -0.001058 0.089132 -0.093022
v -0.000771 0.089183 -0.093021
v -0.000540 0.089063 -0.093153
v -0.000501 0.088842 -0.093340
v 0.003358 0.070370 -0.068602
v 0.001484 0.070038 -0.068604
v -0.000022 0.070821 -0.067744
v -0.000278 0.072261 -0.066526
v 0.000865 0.073513 -0.065664
v 0.002739 0.073845 -0.065662
v 0.004245 0.073062 -0.066522
v 0.004501 0.071623 -0.067740
v 0.001194 0.080453 -0.080389
v 0.000073 0.080255 -0.080390
v -0.000827 0.080723 -0.079876
v -0.000981 0.081584 -0.079147
v -0.000297 0.082333 -0.078632
v 0.000824 0.082531 -0.078631
v 0.001724 0.082063 -0.079145
v 0.001877 0.081202 -0.079873
v -0.000109 0.086465 -0.088413
v -0.000755 0.086350 -0.088413
v -0.001274 0.086620 -0.088117
v -0.001362 0.087116 -0.087697
v -0.000968 0.087548 -0.087400
v -0.000322 0.087662 -0.087399
v 0.000197 0.087392 -0.087696
v 0.000285 0.086896 -0.088116
vn 0.7997 -0.4892 -0.3481
vn 0.9077 -0.3991 0.1295
vn 0.1077 -0.6120 0.7835
vn 0.4938 -0.8557 -0.1547
vn 0.9904 0.1196 0.0688
vn 0.8263 0.1470 0.5437
vn 0.6048 0.6297 0.4876
vn 0.2757 0.4585 0.8448
vn -0.1316 0.7391 0.6607
vn -0.4180 0.3356 0.8442
vn -0.7852 0.3833 0.4863
vn -0.8275 -0.1460 0.5421
vn -0.9713 -0.2280 0.0670
vn -0.7155 -0.6868 0.1279
vn -0.5823 -0.7341 -0.3494
vn -0.1694 -0.9732 -0.1553
vn 0.1495 -0.8409 -0.5202
vn 0.7975 -0.5155 -0.3134
vn 0.5112 -0.7607 -0.4000
vn 0.5124 -0.7866 -0.3446
vn 0.8010 -0.5207 -0.2955
vn 0.1600 -0.9007 -0.4039
vn 0.1631 -0.9184 -0.3606
vn -0.0816 0.4649 -0.8816
vn -0.2179 -0.8899 -0.4007
vn -0.2103 -0.9147 -0.3452
vn -0.5713 -0.7580 -0.3147
vn -0.5728 -0.7641 -0.2968
vn -0.8502 -0.4815 -0.2129
vn -0.8499 -0.4904 -0.1928
vn -0.9898 -0.1220 -0.0737
vn -0.9909 -0.0745 -0.1124
vn -0.9627 0.2610 0.0708
vn -0.9573 0.2859 0.0420
vn -0.7867 0.5945 0.1662
vn -0.7579 0.6490 0.0665
vn -0.5058 0.8239 0.2558
vn -0.4978 0.8465 0.1887
vn -0.1689 0.9518 0.2558
vn -0.1731 0.9764 0.1291
vn 0.1914 0.9474 0.2565
vn 0.1763 0.9660 0.1893
vn 0.5342 0.8286 0.1674
vn 0.4886 0.8699 0.0677
vn 0.8143 0.5759 0.0725
vn 0.8007 0.5975 0.0437
vn 0.9716 0.2256 -0.0718
vn 0.9563 0.2706 -0.1106
vn 0.9643 -0.1599 -0.2112
vn 0.9670 -0.1684 -0.1911
vn 0.5043 -0.6477 -0.5710
vn 0.7925 -0.4205 -0.4418
vn 0.1378 -0.7745 -0.6173
vn 0.1315 -0.7387 -0.6611
vn 0.4968 -0.6131 -0.6143
vn 0.7854 -0.3882 -0.4821
vn -0.2500 -0.7814 -0.5717
vn -0.5989 -0.6670 -0.4432
vn -0.6033 -0.6343 -0.4834
vn -0.2547 -0.7463 -0.6150
vn -0.8592 -0.4475 -0.2479
vn -0.9870 -0.1597 -0.0205
vn -0.9894 -0.1356 -0.0521
vn -0.8614 -0.4201 -0.2855
vn -0.9649 0.1576 0.2099
vn -0.7973 0.4497 0.4025
vn -0.7994 0.4656 0.3796
vn -0.9676 0.1755 0.1817
vn -0.5076 0.6774 0.5324
vn -0.1429 0.8036 0.5778
vn -0.1452 0.8165 0.5588
vn -0.5105 0.6906 0.5122
vn 0.2430 0.8104 0.5331
vn 0.5935 0.6962 0.4038
vn 0.5901 0.7119 0.3809
vn 0.2412 0.8238 0.5130
vn 0.8517 0.4795 0.2116
vn 0.9818 0.1891 -0.0186
vn 0.9758 0.2127 -0.0504
vn 0.8480 0.4972 0.1834
vn 0.9611 -0.1249 -0.2462
vn 0.9538 -0.0983 -0.2838
vn 0.4977 -0.6118 -0.6148
vn 0.7870 -0.3871 -0.4804
vn 0.1313 -0.7375 -0.6625
vn 0.1378 -0.7742 -0.6178
vn 0.5049 -0.6449 -0.5738
vn 0.7935 -0.4103 -0.4494
vn -0.2560 -0.7454 -0.6156
vn -0.6052 -0.6338 -0.4817
vn -0.6034 -0.6579 -0.4507
vn -0.2515 -0.7789 -0.5745
vn -0.8627 -0.4205 -0.2810
vn -0.9895 -0.1375 -0.0446
vn -0.9903 -0.1313 -0.0462
vn -0.8629 -0.4304 -0.2649
vn -0.9664 0.1713 0.1917
vn -0.7974 0.4591 0.3916
vn -0.7973 0.4884 0.3547
vn -0.9665 0.1910 0.1715
vn -0.5085 0.6822 0.5254
vn -0.1436 0.8073 0.5724
vn -0.1496 0.8416 0.5190
vn -0.5106 0.7158 0.4763
vn 0.2421 0.8152 0.5261
vn 0.5904 0.7050 0.3929
vn 0.5802 0.7325 0.3560
vn 0.2326 0.8476 0.4770
vn 0.8484 0.4928 0.1934
vn 0.9766 0.2109 -0.0428
vn 0.9752 0.2170 -0.0444
vn 0.8417 0.5114 0.1732
vn 0.9552 -0.0983 -0.2793
vn 0.9587 -0.1076 -0.2632
vn 0.5107 -0.7117 -0.4824
vn 0.7984 -0.4626 -0.3855
vn 0.1499 -0.8432 -0.5162
vn -0.2342 -0.8437 -0.4831
vn -0.5901 -0.7086 -0.3868
vn -0.8564 -0.4576 -0.2391
vn -0.9902 -0.1252 -0.0617
vn -0.9664 0.2295 0.1158
vn -0.7968 0.5447 0.2614
vn -0.5120 0.7813 0.3571
vn -0.1610 0.9065 0.3903
vn 0.2117 0.9095 0.3578
vn 0.5607 0.7853 0.2627
vn 0.8285 0.5476 0.1174
vn 0.9731 0.2227 -0.0598
vn 0.9619 -0.1354 -0.2373
vt 0.676777 0.073223
vt 0.713388 0.161612
vt 0.500000 0.250000
vt 0.588388 0.036612
vt 0.750000 0.250000
vt 0.713388 0.338388
vt 0.676777 0.426777
vt 0.588388 0.463388
vt 0.500000 0.500000
vt 0.411612 0.463388
vt 0.323223 0.426777
vt 0.286612 0.338388
vt 0.250000 0.250000
vt 0.286612 0.161612
vt 0.323223 0.073223
vt 0.411612 0.036612
vt 0.500000 0.000000
vt 0.468750 0.937500
vt 0.471517 0.934896
vt 0.481771 0.958333
vt 0.484375 0.968750
vt 0.476074 0.936198
vt 0.486328 0.963542
vt 0.500000 1.000000
vt 0.479655 0.934896
vt 0.486979 0.958333
vt 0.484049 0.936198
vt 0.490885 0.963542
vt 0.487793 0.934896
vt 0.492188 0.958333
vt 0.492025 0.936198
vt 0.495443 0.963542
vt 0.495931 0.934896
vt 0.497396 0.958333
vt 0.500000 0.936198
vt 0.500000 0.963542
vt 0.504069 0.934896
vt 0.502604 0.958333
vt 0.507975 0.936198
vt 0.504557 0.963542
vt 0.512207 0.934896
vt 0.507812 0.958333
vt 0.515951 0.936198
vt 0.509115 0.963542
vt 0.520345 0.934896
vt 0.513021 0.958333
vt 0.523926 0.936198
vt 0.513672 0.963542
vt 0.528483 0.934896
vt 0.518229 0.958333
vt 0.531250 0.937500
vt 0.515625 0.968750
vt 0.250000 0.500000
vt 0.281250 0.500000
vt 0.335938 0.625000
vt 0.312500 0.625000
vt 0.312500 0.500000
vt 0.359375 0.625000
vt 0.400391 0.734375
vt 0.383789 0.734375
vt 0.375000 0.750000
vt 0.343750 0.500000
vt 0.382812 0.625000
vt 0.375000 0.500000
vt 0.406250 0.625000
vt 0.433594 0.734375
vt 0.416992 0.734375
vt 0.406250 0.500000
vt 0.429688 0.625000
vt 0.437500 0.500000
vt 0.453125 0.625000
vt 0.466797 0.734375
vt 0.450195 0.734375
vt 0.468750 0.500000
vt 0.476562 0.625000
vt 0.500000 0.625000
vt 0.500000 0.734375
vt 0.483398 0.734375
vt 0.531250 0.500000
vt 0.523438 0.625000
vt 0.562500 0.500000
vt 0.546875 0.625000
vt 0.533203 0.734375
vt 0.516602 0.734375
vt 0.593750 0.500000
vt 0.570312 0.625000
vt 0.625000 0.500000
vt 0.593750 0.625000
vt 0.566406 0.734375
vt 0.549805 0.734375
vt 0.656250 0.500000
vt 0.617188 0.625000
vt 0.687500 0.500000
vt 0.640625 0.625000
vt 0.599609 0.734375
vt 0.583008 0.734375
vt 0.718750 0.500000
vt 0.664062 0.625000
vt 0.750000 0.500000
vt 0.687500 0.625000
vt 0.625000 0.750000
vt 0.616211 0.734375
vt 0.417969 0.812500
vt 0.406250 0.812500
vt 0.429688 0.812500
vt 0.450195 0.867188
vt 0.441895 0.867188
vt 0.437500 0.875000
vt 0.441406 0.812500
vt 0.453125 0.812500
vt 0.466797 0.867188
vt 0.458496 0.867188
vt 0.464844 0.812500
vt 0.476562 0.812500
vt 0.483398 0.867188
vt 0.475098 0.867188
vt 0.488281 0.812500
vt 0.500000 0.812500
vt 0.500000 0.867188
vt 0.491699 0.867188
vt 0.511719 0.812500
vt 0.523438 0.812500
vt 0.516602 0.867188
vt 0.508301 0.867188
vt 0.535156 0.812500
vt 0.546875 0.812500
vt 0.533203 0.867188
vt 0.524902 0.867188
vt 0.558594 0.812500
vt 0.570312 0.812500
vt 0.549805 0.867188
vt 0.541504 0.867188
vt 0.582031 0.812500
vt 0.593750 0.812500
vt 0.562500 0.875000
vt 0.558105 0.867188
vt 0.458984 0.906250
vt 0.453125 0.906250
vt 0.464844 0.906250
vt 0.470703 0.906250
vt 0.476562 0.906250
vt 0.482422 0.906250
vt 0.488281 0.906250
vt 0.494141 0.906250
vt 0.500000 0.906250
vt 0.505859 0.906250
vt 0.511719 0.906250
vt 0.517578 0.906250
vt 0.523438 0.906250
vt 0.529297 0.906250
vt 0.535156 0.906250
vt 0.541016 0.906250
vt 0.546875 0.906250
s 1
usemtl pasted__lambert6
f 131/153/131 197/154/132 228/155/133 204/156/134
f 138/157/135 198/158/136 228/155/133 197/154/132
f 137/159/137 199/160/138 228/155/133 198/158/136
f 136/161/139 200/162/140 228/155/133 199/160/138
f 135/163/141 201/164/142 228/155/133 200/162/140
f 134/165/143 202/166/144 228/155/133 201/164/142
f 133/167/145 203/168/146 228/155/133 202/166/144
f 132/169/147 204/156/134 228/155/133 203/168/146
f 156/170/148 205/171/149 229/172/150 207/173/151
f 157/174/152 206/175/153 229/172/150 205/171/149
f 139/176/154 207/173/151 229/172/150 206/175/153
f 157/174/152 208/177/155 230/178/156 206/175/153
f 158/179/157 209/180/158 230/178/156 208/177/155
f 139/176/154 206/175/153 230/178/156 209/180/158
f 158/179/157 210/181/159 231/182/160 209/180/158
f 159/183/161 211/184/162 231/182/160 210/181/159
f 139/176/154 209/180/158 231/182/160 211/184/162
f 159/183/161 212/185/163 232/186/164 211/184/162
f 160/187/165 213/188/166 232/186/164 212/185/163
f 139/176/154 211/184/162 232/186/164 213/188/166
f 160/187/165 214/189/167 233/190/168 213/188/166
f 161/191/169 215/192/170 233/190/168 214/189/167
f 139/176/154 213/188/166 233/190/168 215/192/170
f 161/191/169 216/193/171 234/194/172 215/192/170
f 162/195/173 217/196/174 234/194/172 216/193/171
f 139/176/154 215/192/170 234/194/172 217/196/174
f 162/195/173 218/197/175 235/198/176 217/196/174
f 163/199/177 219/200/178 235/198/176 218/197/175
f 139/176/154 217/196/174 235/198/176 219/200/178
f 163/199/177 220/201/179 236/202/180 219/200/178
f 156/203/148 207/204/151 236/202/180 220/201/179
f 139/176/154 219/200/178 236/202/180 207/204/151
f 131/205/131 204/206/134 237/207/181 223/208/182
f 204/206/134 132/209/147 221/210/183 237/207/181
f 237/207/181 221/210/183 141/211/184 222/212/185
f 223/208/182 237/207/181 222/212/185 140/213/186
f 132/209/147 203/214/146 238/215/187 221/210/183
f 203/214/146 133/216/145 224/217/188 238/215/187
f 238/215/187 224/217/188 142/218/189 225/219/190
f 221/210/183 238/215/187 225/219/190 141/211/184
f 133/216/145 202/220/144 239/221/191 224/217/188
f 202/220/144 134/222/143 226/223/192 239/221/191
f 239/221/191 226/223/192 143/224/193 227/225/194
f 224/217/188 239/221/191 227/225/194 142/218/189
f 134/222/143 201/226/142 240/227/195 226/223/192
f 201/226/142 135/161/141 164/228/196 240/227/195
f 240/227/195 164/228/196 144/229/197 165/230/198
f 226/223/192 240/227/195 165/230/198 143/224/193
f 135/161/141 200/231/140 241/232/199 164/228/196
f 200/231/140 136/233/139 166/234/200 241/232/199
f 241/232/199 166/234/200 145/235/201 167/236/202
f 164/228/196 241/232/199 167/236/202 144/229/197
f 136/233/139 199/237/138 242/238/203 166/234/200
f 199/237/138 137/239/137 168/240/204 242/238/203
f 242/238/203 168/240/204 146/241/205 169/242/206
f 166/234/200 242/238/203 169/242/206 145/235/201
f 137/239/137 198/243/136 243/244/207 168/240/204
f 198/243/136 138/245/135 170/246/208 243/244/207
f 243/244/207 170/246/208 147/247/209 171/248/210
f 168/240/204 243/244/207 171/248/210 146/241/205
f 138/245/135 197/249/132 244/250/211 170/246/208
f 197/249/132 131/251/131 223/252/182 244/250/211
f 244/250/211 223/252/182 140/253/186 172/254/212
f 170/246/208 244/250/211 172/254/212 147/247/209
f 140/213/186 222/212/185 245/255/213 175/256/214
f 222/212/185 141/211/184 173/257/215 245/255/213
f 245/255/213 173/257/215 149/258/216 174/259/217
f 175/256/214 245/255/213 174/259/217 148/260/218
f 141/211/184 225/219/190 246/261/219 173/257/215
f 225/219/190 142/218/189 176/262/220 246/261/219
f 246/261/219 176/262/220 150/263/221 177/264/222
f 173/257/215 246/261/219 177/264/222 149/258/216
f 142/218/189 227/225/194 247/265/223 176/262/220
f 227/225/194 143/224/193 178/266/224 247/265/223
f 247/265/223 178/266/224 151/267/225 179/268/226
f 176/262/220 247/265/223 179/268/226 150/263/221
f 143/224/193 165/230/198 248/269/227 178/266/224
f 165/230/198 144/229/197 180/270/228 248/269/227
f 248/269/227 180/270/228 152/271/229 181/272/230
f 178/266/224 248/269/227 181/272/230 151/267/225
f 144/229/197 167/236/202 249/273/231 180/270/228
f 167/236/202 145/235/201 182/274/232 249/273/231
f 249/273/231 182/274/232 153/275/233 183/276/234
f 180/270/228 249/273/231 183/276/234 152/271/229
f 145/235/201 169/242/206 250/277/235 182/274/232
f 169/242/206 146/241/205 184/278/236 250/277/235
f 250/277/235 184/278/236 154/279/237 185/280/238
f 182/274/232 250/277/235 185/280/238 153/275/233
f 146/241/205 171/248/210 251/281/239 184/278/236
f 171/248/210 147/247/209 186/282/240 251/281/239
f 251/281/239 186/282/240 155/283/241 187/284/242
f 184/278/236 251/281/239 187/284/242 154/279/237
f 147/247/209 172/254/212 252/285/243 186/282/240
f 172/254/212 140/253/186 175/286/214 252/285/243
f 252/285/243 175/286/214 148/287/218 188/288/244
f 186/282/240 252/285/243 188/288/244 155/283/241
f 148/260/218 174/259/217 253/289/245 190/290/246
f 174/259/217 149/258/216 189/291/247 253/289/245
f 253/289/245 189/291/247 157/174/152 205/171/149
f 190/290/246 253/289/245 205/171/149 156/170/148
f 149/258/216 177/264/222 254/292/248 189/291/247
f 177/264/222 150/263/221 191/293/249 254/292/248
f 254/292/248 191/293/249 158/179/157 208/177/155
f 189/291/247 254/292/248 208/177/155 157/174/152
f 150/263/221 179/268/226 255/294/250 191/293/249
f 179/268/226 151/267/225 192/295/251 255/294/250
f 255/294/250 192/295/251 159/183/161 210/181/159
f 191/293/249 255/294/250 210/181/159 158/179/157
f 151/267/225 181/272/230 256/296/252 192/295/251
f 181/272/230 152/271/229 193/297/253 256/296/252
f 256/296/252 193/297/253 160/187/165 212/185/163
f 192/295/251 256/296/252 212/185/163 159/183/161
f 152/271/229 183/276/234 257/298/254 193/297/253
f 183/276/234 153/275/233 194/299/255 257/298/254
f 257/298/254 194/299/255 161/191/169 214/189/167
f 193/297/253 257/298/254 214/189/167 160/187/165
f 153/275/233 185/280/238 258/300/256 194/299/255
f 185/280/238 154/279/237 195/301/257 258/300/256
f 258/300/256 195/301/257 162/195/173 216/193/171
f 194/299/255 258/300/256 216/193/171 161/191/169
f 154/279/237 187/284/242 259/302/258 195/301/257
f 187/284/242 155/283/241 196/303/259 259/302/258
f 259/302/258 196/303/259 163/199/177 218/197/175
f 195/301/257 259/302/258 218/197/175 162/195/173
f 155/283/241 188/288/244 260/304/260 196/303/259
f 188/288/244 148/287/218 190/305/246 260/304/260
f 260/304/260 190/305/246 156/203/148 220/201/179
f 196/303/259 260/304/260 220/201/179 163/199/177
o pasted__pasted__pCone1.001
v 0.040327 0.054934 0.037507
v 0.038841 0.056471 0.036370
v 0.036723 0.057357 0.036861
v 0.035152 0.057196 0.038684
v 0.035097 0.055937 0.040716
v 0.036535 0.054426 0.041817
v 0.038647 0.053409 0.041329
v 0.040240 0.053655 0.039551
v 0.035014 0.043129 0.027664
v 0.036455 0.044642 0.028653
v 0.032794 0.045516 0.025955
v 0.033957 0.047333 0.026727
v 0.029536 0.047046 0.026715
v 0.030285 0.049055 0.027582
v 0.027139 0.046826 0.029501
v 0.027586 0.048801 0.030719
v 0.027009 0.044980 0.032688
v 0.027442 0.046718 0.034303
v 0.029230 0.042586 0.034408
v 0.029941 0.044025 0.036233
v 0.032500 0.041051 0.033644
v 0.033618 0.042301 0.035376
v 0.034896 0.041278 0.030848
v 0.036316 0.042557 0.032235
v 0.043588 0.061692 0.041832
v 0.043782 0.062505 0.042450
v 0.042460 0.062477 0.041018
v 0.041915 0.062776 0.041977
v 0.041257 0.062288 0.041283
v 0.041114 0.062573 0.042875
v 0.040260 0.062075 0.042407
v 0.040394 0.060984 0.043336
v 0.041186 0.060388 0.043885
v 0.042342 0.059659 0.043651
v 0.043698 0.061399 0.043225
v 0.043496 0.060443 0.042858
v 0.042404 0.061611 0.043180
v 0.042427 0.062085 0.042828
v 0.042145 0.062126 0.042754
v 0.041847 0.061909 0.043098
v 0.041939 0.061723 0.043266
v 0.042141 0.061580 0.043300
v 0.042963 0.063148 0.041771
v 0.042927 0.063351 0.041522
v 0.042708 0.063165 0.041698
v 0.041187 0.061683 0.043472
v 0.041114 0.061533 0.043612
v 0.041299 0.061506 0.043614
v 0.041749 0.061366 0.043963
v 0.041806 0.061219 0.044112
v 0.041950 0.061221 0.043999
v 0.042618 0.060557 0.043847
v 0.042818 0.060341 0.043902
v 0.042874 0.060556 0.043747
v 0.040210 0.061531 0.042926
v 0.041124 0.061582 0.043611
v 0.041068 0.061630 0.043539
v 0.041059 0.062115 0.043257
v 0.042648 0.062624 0.042293
v 0.043113 0.062259 0.042685
v 0.042451 0.062637 0.042236
v 0.042398 0.063018 0.041720
v 0.042000 0.062415 0.042399
v 0.041496 0.062273 0.042966
v 0.041997 0.061956 0.042978
v 0.041533 0.061764 0.043306
v 0.042592 0.061069 0.043476
v 0.043297 0.060848 0.043563
v 0.043060 0.061555 0.043179
v 0.042347 0.061849 0.043044
v 0.041016 0.060164 0.039451
v 0.042246 0.059092 0.040364
v 0.039470 0.060458 0.039799
v 0.041871 0.062445 0.041010
v 0.038276 0.060286 0.041169
v 0.038320 0.059177 0.042534
v 0.039355 0.058206 0.043299
v 0.040731 0.060671 0.043683
v 0.040874 0.057392 0.042963
v 0.041737 0.059942 0.043857
v 0.042162 0.057901 0.041778
v 0.042963 0.059883 0.043315
v 0.042810 0.063352 0.041507
v 0.041187 0.061461 0.043682
v 0.041817 0.061145 0.044068
v 0.041704 0.061301 0.044082
v 0.041499 0.061418 0.043816
v 0.041924 0.061142 0.044121
v 0.042814 0.060441 0.043886
v 0.042690 0.060380 0.043947
v 0.042289 0.060850 0.043955
v 0.042948 0.060357 0.043849
v 0.041870 0.061546 0.043615
v 0.041613 0.061627 0.043415
v 0.042400 0.061062 0.043553
v 0.042018 0.061441 0.043640
v 0.042195 0.062028 0.042874
v 0.042814 0.063214 0.041692
v 0.041963 0.061785 0.043145
v 0.041231 0.061537 0.043545
v 0.042051 0.061754 0.043215
v 0.041834 0.061347 0.044013
v 0.042184 0.061629 0.043183
v 0.042730 0.060459 0.043810
v 0.035776 0.043016 0.027246
v 0.036736 0.043436 0.030362
v 0.035635 0.040826 0.031011
v 0.034725 0.042288 0.029291
v 0.033730 0.044289 0.026983
v 0.033151 0.045840 0.025226
v 0.035463 0.046012 0.027391
v 0.031146 0.046136 0.026537
v 0.029297 0.047649 0.026124
v 0.032135 0.048392 0.026813
v 0.028478 0.046755 0.028209
v 0.026462 0.047387 0.029418
v 0.028697 0.049185 0.028966
v 0.027283 0.045782 0.031028
v 0.026308 0.045202 0.033186
v 0.027164 0.047924 0.032592
v 0.028269 0.043780 0.033347
v 0.028934 0.042370 0.035218
v 0.028434 0.045348 0.035567
v 0.030863 0.041923 0.033800
v 0.032800 0.040557 0.034316
v 0.031766 0.042964 0.036147
v 0.033540 0.041306 0.032116
v 0.035205 0.042172 0.033989
v 0.036171 0.051535 0.031285
v 0.039732 0.055731 0.036768
v 0.038184 0.049366 0.032838
v 0.033211 0.052924 0.031975
v 0.037787 0.057027 0.036414
v 0.031036 0.052719 0.034504
v 0.035799 0.057421 0.037669
v 0.030922 0.051041 0.037393
v 0.034922 0.056657 0.039749
v 0.032935 0.048871 0.038947
v 0.035671 0.055166 0.041436
v 0.035897 0.047482 0.038257
v 0.037579 0.053800 0.041767
v 0.038071 0.047687 0.035726
v 0.039579 0.053375 0.040544
v 0.040493 0.054209 0.038487
v 0.043999 0.062585 0.042333
v 0.043870 0.061969 0.042855
v 0.043905 0.061302 0.043240
v 0.043716 0.061075 0.042353
v 0.043080 0.062205 0.041326
v 0.042939 0.063274 0.041559
v 0.043048 0.063335 0.041574
v 0.043402 0.062951 0.042007
v 0.041887 0.062907 0.041804
v 0.040665 0.062246 0.041804
v 0.040960 0.062650 0.042844
v 0.041443 0.062711 0.042405
v 0.036074 0.041749 0.029042
v 0.034733 0.044454 0.025922
v 0.031238 0.046953 0.025316
v 0.027630 0.047787 0.027577
v 0.026017 0.046467 0.031387
v 0.027350 0.043761 0.034517
v 0.030853 0.041254 0.035127
v 0.034469 0.040421 0.032856
v 0.030990 0.044008 0.030146
v 0.037385 0.050470 0.031821
v 0.034702 0.052389 0.031354
v 0.031931 0.053028 0.033091
v 0.030696 0.052013 0.036014
v 0.031721 0.049937 0.038411
v 0.034405 0.048017 0.038878
v 0.037176 0.047378 0.037140
v 0.038410 0.048394 0.034216
v 0.044143 0.061967 0.042804
v 0.043434 0.063102 0.041816
v 0.041323 0.062838 0.042287
v 0.040956 0.062032 0.043322
v 0.043067 0.062633 0.042321
v 0.042297 0.062684 0.042099
v 0.041724 0.062334 0.042695
v 0.041342 0.062064 0.043195
v 0.042990 0.061143 0.043419
v 0.043106 0.061913 0.042953
v 0.041738 0.059696 0.039790
v 0.040240 0.060388 0.039466
v 0.038766 0.060467 0.040419
v 0.038146 0.059785 0.041894
v 0.038743 0.058674 0.043029
v 0.040094 0.057703 0.043263
v 0.041611 0.057501 0.042441
v 0.042380 0.058462 0.041057
v 0.042494 0.063171 0.041549
v 0.041427 0.061365 0.043889
v 0.042299 0.060734 0.044042
v 0.043323 0.060648 0.043653
v 0.041663 0.061532 0.043615
v 0.042237 0.061120 0.043716
v 0.042505 0.062621 0.042282
v 0.041597 0.061661 0.043346
v 0.041942 0.061550 0.043615
v 0.042457 0.061044 0.043497
v 0.042090 0.061827 0.043076
v 0.042917 0.063412 0.041494
v 0.041107 0.061495 0.043612
v 0.041798 0.061279 0.044147
v 0.042821 0.060262 0.043915
vn -0.4332 -0.7649 -0.4766
vn 0.7095 -0.3394 -0.6176
vn 0.7419 -0.5836 -0.3301
vn -0.4414 -0.7685 -0.4631
vn 0.9168 0.0018 -0.3994
vn 0.9614 -0.2494 -0.1162
vn 0.8706 -0.4490 0.2010
vn 0.6439 -0.7649 -0.0168
vn -0.4347 -0.7782 -0.4532
vn 0.5457 -0.0797 -0.8342
vn 0.7486 0.2641 -0.6082
vn -0.4469 -0.7569 -0.4768
vn -0.4494 -0.7472 -0.4896
vn 0.2806 0.1631 -0.9459
vn 0.4839 0.5029 -0.7162
vn -0.0491 0.3443 -0.9376
vn 0.1592 0.6853 -0.7107
vn -0.4621 -0.7461 -0.4795
vn -0.4736 -0.7360 -0.4837
vn -0.3876 0.4430 -0.8084
vn -0.1812 0.7866 -0.5903
vn -0.6885 0.4366 -0.5791
vn -0.4915 0.7889 -0.3688
vn -0.4775 -0.7427 -0.4694
vn -0.4907 -0.7382 -0.4630
vn -0.8978 0.3352 -0.2855
vn -0.7211 0.6886 -0.0758
vn -0.9891 0.1453 0.0258
vn -0.8329 0.4958 0.2459
vn -0.4839 -0.7486 -0.4532
vn -0.4910 -0.7516 -0.4404
vn -0.9473 -0.0907 0.3071
vn -0.8038 0.2417 0.5436
vn -0.7837 -0.3481 0.5144
vn -0.6378 -0.0352 0.7694
vn -0.4781 -0.7599 -0.4404
vn -0.4752 -0.7685 -0.4285
vn -0.5234 -0.5796 0.6246
vn -0.3605 -0.2884 0.8871
vn -0.2059 -0.7608 0.6155
vn -0.0166 -0.4793 0.8775
vn -0.4637 -0.7702 -0.4379
vn -0.4523 -0.7794 -0.4336
vn 0.1289 -0.8591 0.4952
vn 0.3408 -0.5764 0.7427
vn 0.4243 -0.8635 0.2725
vn 0.6524 -0.5658 0.5042
vn -0.4486 -0.7739 -0.4471
vn -0.4631 -0.7587 -0.4582
vn 0.7496 0.2611 -0.6082
vn 0.9186 -0.0027 -0.3952
vn 0.4816 0.5038 -0.7171
vn 0.4551 0.4756 -0.7528
vn 0.7309 0.2243 -0.6445
vn 0.9033 -0.0364 -0.4276
vn 0.1515 0.6906 -0.7072
vn -0.1885 0.7932 -0.5790
vn -0.2204 0.7865 -0.5770
vn 0.1085 0.6789 -0.7261
vn -0.4917 0.7959 -0.3531
vn -0.7161 0.6959 -0.0548
vn -0.7103 0.7034 -0.0275
vn -0.4972 0.7959 -0.3454
vn -0.8204 0.5046 0.2689
vn -0.7858 0.2557 0.5631
vn -0.7497 0.2848 0.5973
vn -0.7971 0.5164 0.3131
vn -0.6205 -0.0154 0.7841
vn -0.3477 -0.2660 0.8991
vn -0.3206 -0.2220 0.9208
vn -0.5865 0.0273 0.8095
vn -0.0113 -0.4577 0.8890
vn 0.3405 -0.5602 0.7552
vn 0.3445 -0.5403 0.7677
vn 0.0002 -0.4197 0.9077
vn 0.6507 -0.5567 0.5164
vn 0.8685 -0.4474 0.2133
vn 0.8639 -0.4617 0.2014
vn 0.6527 -0.5555 0.5152
vn 0.9616 -0.2524 -0.1078
vn 0.9514 -0.2790 -0.1307
vn 0.8127 -0.0829 -0.5767
vn 0.8658 0.1078 -0.4887
vn 0.9769 -0.1293 -0.1699
vn 0.9060 -0.3033 -0.2953
vn 0.0687 0.6662 0.7426
vn 0.1008 0.5680 0.8168
vn 0.1007 0.4972 0.8617
vn 0.9203 -0.3299 0.2102
vn 0.8785 -0.4739 0.0603
vn 0.6867 0.2797 -0.6710
vn 0.0141 0.7299 0.6834
vn 0.6516 0.1149 -0.7498
vn 0.3640 0.3625 -0.8580
vn 0.3805 0.3103 -0.8712
vn 0.2007 -0.3960 -0.8961
vn 0.1840 0.8646 0.4675
vn -0.0357 0.7309 0.6816
vn 0.1825 0.7762 0.6034
vn -0.4066 0.8559 -0.3194
vn -0.4282 0.8789 -0.2103
vn 0.3887 0.7551 0.5279
vn -0.3774 0.7711 -0.5127
vn -0.5064 0.7987 -0.3251
vn -0.6858 0.7195 0.1098
vn -0.6139 0.7503 0.2453
vn 0.3253 0.7142 0.6197
vn -0.5904 0.4419 0.6754
vn 0.2168 0.5710 0.7918
vn -0.6824 0.4880 0.5442
vn -0.5919 0.3422 0.7298
vn -0.5527 0.3113 0.7730
vn 0.6566 -0.1306 -0.7429
vn 0.5520 0.4991 0.6679
vn 0.2563 0.4935 0.8311
vn -0.0294 0.7089 0.7047
vn 0.0110 0.6597 0.7514
vn -0.0488 0.7140 0.6984
vn -0.0140 0.6781 0.7348
vn 0.0850 0.7716 0.6304
vn -0.2237 0.7602 0.6100
vn -0.1386 0.7627 0.6317
vn 0.1719 0.7725 0.6113
vn -0.3209 0.7574 0.5687
vn -0.1765 0.7690 0.6144
vn 0.3909 0.7289 0.5620
vn 0.3782 0.6609 0.6482
vn 0.3519 0.6101 0.7098
vn 0.3191 0.7130 0.6243
vn 0.2922 0.5460 0.7852
vn 0.2920 0.5169 0.8047
vn 0.0480 0.5044 0.8622
vn 0.0428 0.4885 0.8715
vn 0.0487 0.4894 0.8707
vn 0.0571 0.5100 0.8583
vn 0.0590 0.4751 0.8780
vn 0.0858 0.4677 0.8797
vn 0.0518 0.5746 0.8168
vn 0.0347 0.5865 0.8092
vn 0.6834 0.1526 -0.7139
vn 0.8566 -0.0851 -0.5089
vn 0.3973 0.4128 -0.8196
vn 0.0012 0.6597 -0.7516
vn -0.2896 0.7721 -0.5657
vn -0.1340 0.6672 -0.7328
vn -0.5022 0.7954 -0.3394
vn -0.6964 0.7170 0.0307
vn -0.7430 0.5248 0.4154
vn -0.6713 0.3329 0.6622
vn -0.5166 0.1106 0.8490
vn -0.2623 -0.1381 0.9550
vn -0.2137 -0.0771 0.9738
vn -0.4566 0.1712 0.8730
vn 0.0264 -0.3459 0.9379
vn 0.3628 -0.5047 0.7833
vn 0.3760 -0.4759 0.7951
vn 0.0379 -0.2810 0.9590
vn 0.6752 -0.5545 0.4864
vn 0.8661 -0.4798 0.1402
vn 0.7142 -0.5525 0.4297
vn 0.9266 -0.3128 -0.2086
vn -0.4703 0.8600 -0.1981
vn -0.2536 0.7739 -0.5803
vn -0.0676 0.8850 0.4606
vn 0.3614 0.9324 0.0020
vn -0.4279 0.2232 0.8759
vn -0.0790 0.8854 0.4581
vn -0.2184 -0.0959 0.9711
vn -0.5148 -0.4932 0.7012
vn -0.5085 0.2318 0.8293
vn -0.0771 0.8889 0.4515
vn 0.6711 0.5556 0.4908
vn 0.3869 0.1980 0.9006
vn 0.0798 -0.1902 0.9785
vn 0.6646 0.5513 0.5043
vn 0.3519 -0.5030 0.7894
vn -0.3624 -0.1641 -0.9175
vn 0.4141 0.6146 -0.6715
vn 0.6540 0.5558 0.5131
vn -0.2711 0.7282 0.6294
vn 0.7258 -0.4364 0.5318
vn -0.0592 0.8948 0.4425
vn -0.0650 0.8937 0.4440
vn -0.0529 0.8937 0.4455
vn -0.0597 0.8930 0.4461
vn 0.6678 0.5677 0.4813
vn 0.6714 0.5654 0.4791
vn 0.6677 0.5715 0.4771
vn 0.6712 0.5687 0.4754
vn -0.0125 0.7143 0.6998
vn -0.1153 0.7315 0.6720
vn -0.1334 0.7376 0.6619
vn 0.1807 0.6990 0.6919
vn 0.1621 0.6832 0.7121
vn 0.1531 0.6804 0.7167
vn 0.4454 0.7399 0.5041
vn 0.4428 0.7440 0.5004
vn 0.4602 0.7308 0.5041
vn 0.2695 0.5542 0.7876
vn 0.2919 0.5543 0.7794
vn 0.2820 0.5466 0.7885
vn 0.1405 0.6504 0.7465
vn -0.0785 0.8047 0.5884
vn 0.3000 0.7212 0.6244
vn 0.3381 0.5485 0.7647
vn 0.1893 0.6660 0.7215
vt 0.634706 0.115847
vt 0.659267 0.091549
vt 0.707572 0.164828
vt 0.653654 0.186751
vt 0.675347 0.076132
vt 0.711697 0.163780
vt 0.748047 0.251429
vt 0.725518 0.250774
vt 0.690762 0.250486
vt 0.585899 0.043486
vt 0.587674 0.039847
vt 0.563574 0.097041
vt 0.500060 0.060261
vt 0.500019 0.025778
vt 0.500000 0.003563
vt 0.414179 0.043564
vt 0.412326 0.039847
vt 0.436597 0.097138
vt 0.365531 0.115968
vt 0.340887 0.091666
vt 0.324653 0.076132
vt 0.292655 0.164906
vt 0.288303 0.163780
vt 0.346705 0.186848
vt 0.309587 0.250489
vt 0.274744 0.250775
vt 0.251954 0.251429
vt 0.292412 0.336767
vt 0.288255 0.339126
vt 0.346425 0.314002
vt 0.365173 0.385358
vt 0.340522 0.410246
vt 0.324557 0.426823
vt 0.413935 0.458580
vt 0.412278 0.463162
vt 0.436317 0.404251
vt 0.500056 0.441402
vt 0.500018 0.476478
vt 0.500000 0.499502
vt 0.586136 0.458652
vt 0.587722 0.463162
vt 0.563847 0.404340
vt 0.635055 0.385469
vt 0.659623 0.410354
vt 0.675443 0.426822
vt 0.707809 0.336838
vt 0.711745 0.339126
vt 0.653926 0.314092
vt 0.500149 0.250426
vt 0.252022 0.504043
vt 0.283032 0.504079
vt 0.336829 0.627040
vt 0.313511 0.627022
vt 0.314043 0.504115
vt 0.360143 0.627049
vt 0.400519 0.734719
vt 0.383935 0.734710
vt 0.375000 0.750000
vt 0.345027 0.504079
vt 0.383451 0.627040
vt 0.376011 0.504043
vt 0.406756 0.627018
vt 0.433685 0.734739
vt 0.417102 0.734731
vt 0.407000 0.503975
vt 0.430062 0.626988
vt 0.437988 0.503907
vt 0.453371 0.626954
vt 0.466842 0.734731
vt 0.450264 0.734738
vt 0.468994 0.503839
vt 0.476685 0.626920
vt 0.500000 0.503771
vt 0.500001 0.626890
vt 0.500000 0.734718
vt 0.483421 0.734724
vt 0.531018 0.503742
vt 0.523321 0.626871
vt 0.562036 0.503713
vt 0.546642 0.626864
vt 0.533162 0.734710
vt 0.516580 0.734716
vt 0.593047 0.503742
vt 0.569961 0.626871
vt 0.624057 0.503771
vt 0.593276 0.626890
vt 0.566330 0.734681
vt 0.549746 0.734695
vt 0.655046 0.503839
vt 0.616585 0.626920
vt 0.686035 0.503907
vt 0.639890 0.626954
vt 0.599492 0.734688
vt 0.582912 0.734681
vt 0.717007 0.503975
vt 0.663191 0.626988
vt 0.747978 0.504043
vt 0.686489 0.627022
vt 0.625000 0.750000
vt 0.616070 0.734695
vt 0.561582 0.876451
vt 0.560689 0.878430
vt 0.553381 0.877784
vt 0.554493 0.875021
vt 0.559796 0.880408
vt 0.546034 0.894743
vt 0.539783 0.893452
vt 0.545567 0.877429
vt 0.547403 0.873591
vt 0.440204 0.880408
vt 0.438498 0.876996
vt 0.447878 0.877433
vt 0.451996 0.889436
vt 0.436792 0.873585
vt 0.438735 0.859110
vt 0.447138 0.859042
vt 0.453890 0.877037
vt 0.454470 0.878565
vt 0.453153 0.879203
vt 0.458408 0.893491
vt 0.473107 0.893099
vt 0.468926 0.877184
vt 0.476960 0.877150
vt 0.480200 0.894447
vt 0.464710 0.859221
vt 0.473606 0.859241
vt 0.482502 0.859321
vt 0.485030 0.877436
vt 0.486828 0.893431
vt 0.493851 0.878121
vt 0.493463 0.890091
vt 0.491585 0.859499
vt 0.500089 0.859455
vt 0.500360 0.877910
vt 0.500166 0.879681
vt 0.498452 0.880359
vt 0.498347 0.894508
vt 0.464978 0.919981
vt 0.470006 0.940011
vt 0.474277 0.934797
vt 0.499807 0.999614
vt 0.491519 0.971990
vt 0.476813 0.934652
vt 0.474976 0.919787
vt 0.483389 0.934780
vt 0.461733 0.893444
vt 0.465077 0.889345
vt 0.488719 0.939893
vt 0.492181 0.935121
vt 0.498007 0.972250
vt 0.497087 0.984513
vt 0.494987 0.920460
vt 0.498726 0.935357
vt 0.500125 0.999666
vt 0.517519 0.934997
vt 0.524947 0.920222
vt 0.524007 0.935167
vt 0.528195 0.893822
vt 0.534100 0.889720
vt 0.526214 0.940094
vt 0.529994 0.940011
vt 0.500193 0.999614
vt 0.500159 0.999640
vt 0.417662 0.811801
vt 0.405896 0.811792
vt 0.429432 0.811826
vt 0.441209 0.811883
vt 0.452983 0.811940
vt 0.455627 0.859219
vt 0.464743 0.811963
vt 0.476496 0.811969
vt 0.488248 0.811975
vt 0.499999 0.811982
vt 0.511750 0.811992
vt 0.523506 0.811976
vt 0.517575 0.859444
vt 0.508772 0.859648
vt 0.535273 0.811908
vt 0.547045 0.811834
vt 0.535128 0.859144
vt 0.526363 0.859454
vt 0.558812 0.811804
vt 0.570576 0.811797
vt 0.543637 0.859169
vt 0.582340 0.811794
vt 0.594104 0.811792
vt 0.563208 0.873585
vt 0.555305 0.873588
vt 0.456273 0.879210
vt 0.460214 0.877460
vt 0.501761 0.894481
vt 0.501924 0.880487
vt 0.507589 0.878634
vt 0.506860 0.890278
vt 0.515273 0.877894
vt 0.515056 0.879533
vt 0.513038 0.880297
vt 0.511448 0.894309
vt 0.514961 0.894243
vt 0.516890 0.880208
vt 0.522835 0.878279
vt 0.520647 0.889914
vt 0.530288 0.877406
vt 0.530095 0.878958
vt 0.528146 0.879724
vt 0.524784 0.893820
vt 0.531656 0.879567
vt 0.536739 0.877656
vt 0.506839 0.934862
vt 0.504987 0.920220
vt 0.500097 0.998403
vt 0.501300 0.934999
vt 0.515014 0.934750
vt 0.514989 0.920055
vt 0.500202 0.998842
vt 0.509406 0.934929
vt 0.494222 0.984461
vt 0.477401 0.939671
vt 0.460585 0.894835
vt 0.499986 0.984365
vt 0.500022 0.940124
vt 0.500019 0.895940
vt 0.500149 0.998623
vt 0.507501 0.939814
vt 0.513019 0.895679
vt 0.500164 0.999254
vt 0.515033 0.939785
vt 0.526192 0.895163
vt 0.499788 0.999576
vt 0.499798 0.999595
vt 0.499874 0.999334
vt 0.499790 0.999579
vt 0.499944 0.998993
vt 0.499791 0.999582
vt 0.454951 0.879825
vt 0.500013 0.881141
vt 0.514874 0.880890
vt 0.529930 0.880233
s 1
usemtl pasted__lambert2
f 269/306/261 365/307/262 417/308/263 368/309/264
f 365/307/262 270/310/265 366/311/266 417/308/263
f 417/308/263 366/311/266 284/312/267 367/313/268
f 368/309/264 417/308/263 367/313/268 283/314/269
f 270/310/265 365/307/262 418/315/270 371/316/271
f 365/307/262 269/306/261 369/317/272 418/315/270
f 418/315/270 369/317/272 271/318/273 370/319/274
f 371/316/271 418/315/270 370/319/274 272/320/275
f 272/320/275 370/319/274 419/321/276 374/322/277
f 370/319/274 271/318/273 372/323/278 419/321/276
f 419/321/276 372/323/278 273/324/279 373/325/280
f 374/322/277 419/321/276 373/325/280 274/326/281
f 274/326/281 373/325/280 420/327/282 377/328/283
f 373/325/280 273/324/279 375/329/284 420/327/282
f 420/327/282 375/329/284 275/330/285 376/331/286
f 377/328/283 420/327/282 376/331/286 276/332/287
f 276/332/287 376/331/286 421/333/288 380/334/289
f 376/331/286 275/330/285 378/335/290 421/333/288
f 421/333/288 378/335/290 277/336/291 379/337/292
f 380/334/289 421/333/288 379/337/292 278/338/293
f 278/338/293 379/337/292 422/339/294 383/340/295
f 379/337/292 277/336/291 381/341/296 422/339/294
f 422/339/294 381/341/296 279/342/297 382/343/298
f 383/340/295 422/339/294 382/343/298 280/344/299
f 280/344/299 382/343/298 423/345/300 386/346/301
f 382/343/298 279/342/297 384/347/302 423/345/300
f 423/345/300 384/347/302 281/348/303 385/349/304
f 386/346/301 423/345/300 385/349/304 282/350/305
f 282/350/305 385/349/304 424/351/306 388/352/307
f 385/349/304 281/348/303 387/353/308 424/351/306
f 424/351/306 387/353/308 283/314/269 367/313/268
f 388/352/307 424/351/306 367/313/268 284/312/267
f 269/306/261 368/309/264 425/354/309 369/317/272
f 283/314/269 387/353/308 425/354/309 368/309/264
f 281/348/303 384/347/302 425/354/309 387/353/308
f 279/342/297 381/341/296 425/354/309 384/347/302
f 277/336/291 378/335/290 425/354/309 381/341/296
f 275/330/285 375/329/284 425/354/309 378/335/290
f 273/324/279 372/323/278 425/354/309 375/329/284
f 271/318/273 369/317/272 425/354/309 372/323/278
f 270/355/265 371/356/271 426/357/310 391/358/311
f 371/356/271 272/359/275 389/360/312 426/357/310
f 426/357/310 389/360/312 262/361/313 390/362/314
f 391/358/311 426/357/310 390/362/314 261/363/315
f 272/359/275 374/364/277 427/365/316 389/360/312
f 374/364/277 274/366/281 392/367/317 427/365/316
f 427/365/316 392/367/317 263/368/318 393/369/319
f 389/360/312 427/365/316 393/369/319 262/361/313
f 274/366/281 377/370/283 428/371/320 392/367/317
f 377/370/283 276/372/287 394/373/321 428/371/320
f 428/371/320 394/373/321 264/374/322 395/375/323
f 392/367/317 428/371/320 395/375/323 263/368/318
f 276/372/287 380/376/289 429/377/324 394/373/321
f 380/376/289 278/378/293 396/379/325 429/377/324
f 429/377/324 396/379/325 265/380/326 397/381/327
f 394/373/321 429/377/324 397/381/327 264/374/322
f 278/378/293 383/382/295 430/383/328 396/379/325
f 383/382/295 280/384/299 398/385/329 430/383/328
f 430/383/328 398/385/329 266/386/330 399/387/331
f 396/379/325 430/383/328 399/387/331 265/380/326
f 280/384/299 386/388/301 431/389/332 398/385/329
f 386/388/301 282/390/305 400/391/333 431/389/332
f 431/389/332 400/391/333 267/392/334 401/393/335
f 398/385/329 431/389/332 401/393/335 266/386/330
f 282/390/305 388/394/307 432/395/336 400/391/333
f 388/394/307 284/396/267 402/397/337 432/395/336
f 432/395/336 402/397/337 268/398/338 403/399/339
f 400/391/333 432/395/336 403/399/339 267/392/334
f 284/396/267 366/400/266 433/401/340 402/397/337
f 366/400/266 270/402/265 391/403/311 433/401/340
f 433/401/340 391/403/311 261/404/315 404/405/341
f 402/397/337 433/401/340 404/405/341 268/398/338
f 285/406/342 405/407/343 434/408/344 408/409/345
f 405/407/343 286/410/346 406/411/347 434/408/344
f 434/408/344 406/411/347 295/412/348 407/413/349
f 408/409/345 434/408/344 407/413/349 296/414/350
f 286/415/346 405/416/343 435/417/351 412/418/352
f 285/419/342 409/420/353 435/417/351 405/416/343
f 287/421/354 410/422/355 435/417/351 409/420/353
f 304/423/356 411/424/357 435/417/351 410/422/355
f 303/425/358 412/418/352 435/417/351 411/424/357
f 288/426/359 413/427/360 436/428/361 416/429/362
f 413/427/360 289/430/363 414/431/364 436/428/361
f 436/428/361 414/431/364 291/432/365 415/433/366
f 416/429/362 436/428/361 415/433/366 290/434/367
f 290/434/367 415/433/366 437/435/368 318/436/369
f 291/432/365 315/437/370 437/435/368 415/433/366
f 292/438/371 316/439/372 437/435/368 315/437/370
f 307/440/373 317/441/374 437/435/368 316/439/372
f 306/442/375 318/436/369 437/435/368 317/441/374
f 286/415/346 412/418/352 438/443/376 320/444/377
f 303/425/358 319/445/378 438/443/376 412/418/352
f 298/446/379 320/444/377 438/443/376 319/445/378
f 299/447/380 321/448/381 439/449/382 323/450/383
f 305/451/384 322/452/385 439/449/382 321/448/381
f 288/426/359 323/450/383 439/449/382 322/452/385
f 288/426/359 416/429/362 440/453/386 323/450/383
f 416/429/362 290/434/367 324/454/387 440/453/386
f 440/453/386 324/454/387 300/455/388 325/456/389
f 323/450/383 440/453/386 325/456/389 299/447/380
f 290/434/367 318/436/369 441/457/390 324/454/387
f 306/442/375 326/458/391 441/457/390 318/436/369
f 300/455/388 324/454/387 441/457/390 326/458/391
f 297/459/392 327/460/393 442/461/394 329/462/395
f 314/463/396 328/464/397 442/461/394 327/460/393
f 295/412/348 329/462/395 442/461/394 328/464/397
f 295/412/348 406/411/347 443/465/398 329/462/395
f 406/411/347 286/410/346 320/466/377 443/465/398
f 443/465/398 320/466/377 298/467/379 330/468/399
f 329/462/395 443/465/398 330/468/399 297/459/392
f 261/363/315 390/362/314 444/469/400 332/470/401
f 390/362/314 262/361/313 331/471/402 444/469/400
f 444/469/400 331/471/402 287/421/354 409/420/353
f 332/470/401 444/469/400 409/420/353 285/419/342
f 262/361/313 393/369/319 445/472/403 331/471/402
f 393/369/319 263/368/318 333/473/404 445/472/403
f 445/472/403 333/473/404 289/430/363 334/474/405
f 331/471/402 445/472/403 334/474/405 287/421/354
f 263/368/318 395/375/323 446/475/406 333/473/404
f 395/375/323 264/374/322 335/476/407 446/475/406
f 446/475/406 335/476/407 291/432/365 414/431/364
f 333/473/404 446/475/406 414/431/364 289/430/363
f 264/374/322 397/381/327 447/477/408 335/476/407
f 397/381/327 265/380/326 336/478/409 447/477/408
f 447/477/408 336/478/409 292/438/371 315/437/370
f 335/476/407 447/477/408 315/437/370 291/432/365
f 265/380/326 399/387/331 448/479/410 336/478/409
f 399/387/331 266/386/330 337/480/411 448/479/410
f 448/479/410 337/480/411 293/481/412 338/482/413
f 336/478/409 448/479/410 338/482/413 292/438/371
f 266/386/330 401/393/335 449/483/414 337/480/411
f 401/393/335 267/392/334 339/484/415 449/483/414
f 449/483/414 339/484/415 294/485/416 340/486/417
f 337/480/411 449/483/414 340/486/417 293/481/412
f 267/392/334 403/399/339 450/487/418 339/484/415
f 403/399/339 268/398/338 341/488/419 450/487/418
f 450/487/418 341/488/419 296/414/350 342/489/420
f 339/484/415 450/487/418 342/489/420 294/485/416
f 268/398/338 404/405/341 451/490/421 341/488/419
f 404/405/341 261/404/315 332/491/401 451/490/421
f 451/490/421 332/491/401 285/492/342 408/493/345
f 341/488/419 451/490/421 408/493/345 296/414/350
f 305/451/384 343/494/422 452/495/423 322/452/385
f 304/423/356 410/422/355 452/495/423 343/494/422
f 287/421/354 334/474/405 452/495/423 410/422/355
f 289/430/363 413/427/360 452/495/423 334/474/405
f 288/426/359 322/452/385 452/495/423 413/427/360
f 308/496/424 344/497/425 453/498/426 347/499/427
f 307/440/373 316/439/372 453/498/426 344/497/425
f 292/438/371 338/482/413 453/498/426 316/439/372
f 293/481/412 345/500/428 453/498/426 338/482/413
f 310/501/429 346/502/430 453/498/426 345/500/428
f 309/503/431 347/499/427 453/498/426 346/502/430
f 311/504/432 348/505/433 454/506/434 351/507/435
f 310/501/429 345/500/428 454/506/434 348/505/433
f 293/481/412 340/486/417 454/506/434 345/500/428
f 294/485/416 349/508/436 454/506/434 340/486/417
f 313/509/437 350/510/438 454/506/434 349/508/436
f 312/511/439 351/507/435 454/506/434 350/510/438
f 314/463/396 352/512/440 455/513/441 328/464/397
f 313/509/437 349/508/436 455/513/441 352/512/440
f 294/485/416 342/489/420 455/513/441 349/508/436
f 296/414/350 407/413/349 455/513/441 342/489/420
f 295/412/348 328/464/397 455/513/441 407/413/349
f 309/503/431 353/514/442 456/515/443 347/499/427
f 301/516/444 354/517/445 456/515/443 353/514/442
f 308/496/424 347/499/427 456/515/443 354/517/445
f 312/511/439 355/518/446 457/519/447 351/507/435
f 302/520/448 356/521/449 457/519/447 355/518/446
f 311/504/432 351/507/435 457/519/447 356/521/449
f 299/447/380 357/522/450 458/523/451 321/448/381
f 357/522/450 298/446/379 319/445/378 458/523/451
f 458/523/451 319/445/378 303/425/358 358/524/452
f 321/448/381 458/523/451 358/524/452 305/451/384
f 301/516/444 359/525/453 459/526/454 354/517/445
f 359/525/453 300/455/388 326/458/391 459/526/454
f 459/526/454 326/458/391 306/442/375 360/527/455
f 354/517/445 459/526/454 360/527/455 308/496/424
f 302/520/448 361/528/456 460/529/457 356/521/449
f 361/528/456 301/516/444 353/514/442 460/529/457
f 460/529/457 353/514/442 309/503/431 362/530/458
f 356/521/449 460/529/457 362/530/458 311/504/432
f 297/459/392 363/531/459 461/532/460 327/460/393
f 363/531/459 302/520/448 355/518/446 461/532/460
f 461/532/460 355/518/446 312/511/439 364/533/461
f 327/460/393 461/532/460 364/533/461 314/463/396
f 297/534/392 330/535/399 462/536/462 363/537/459
f 298/446/379 357/522/450 462/536/462 330/535/399
f 299/447/380 325/456/389 462/536/462 357/522/450
f 300/455/388 359/525/453 462/536/462 325/456/389
f 301/516/444 361/538/456 462/536/462 359/525/453
f 302/539/448 363/537/459 462/536/462 361/538/456
f 303/425/358 411/424/357 463/540/463 358/524/452
f 304/423/356 343/494/422 463/540/463 411/424/357
f 305/451/384 358/524/452 463/540/463 343/494/422
f 306/442/375 317/441/374 464/541/464 360/527/455
f 307/440/373 344/497/425 464/541/464 317/441/374
f 308/496/424 360/527/455 464/541/464 344/497/425
f 309/503/431 346/502/430 465/542/465 362/530/458
f 310/501/429 348/505/433 465/542/465 346/502/430
f 311/504/432 362/530/458 465/542/465 348/505/433
f 312/511/439 350/510/438 466/543/466 364/533/461
f 313/509/437 352/512/440 466/543/466 350/510/438
f 314/463/396 364/533/461 466/543/466 352/512/440
o pasted__polySurface1
v 0.013919 0.034253 0.061082
v 0.007992 0.032411 0.052692
v 0.000157 0.031878 0.052809
v -0.005731 0.034075 0.061355
v -0.005434 0.035023 0.071989
v -0.002340 0.034226 0.076816
v 0.002014 0.031908 0.081140
v 0.007162 0.031908 0.081140
v 0.011424 0.034297 0.076566
v 0.013940 0.035432 0.070542
v 0.022416 0.033727 0.048714
v 0.011362 0.029133 0.032385
v -0.003193 0.025991 0.033315
v -0.013932 0.033427 0.050293
v -0.013748 0.036209 0.072293
v -0.008272 0.032195 0.085564
v -0.000198 0.023954 0.097530
v 0.009458 0.023954 0.097530
v 0.017431 0.032206 0.085525
v 0.022314 0.036218 0.071823
v 0.029318 0.034495 0.037839
v 0.014111 0.025205 0.015726
v -0.005629 0.024915 0.017265
v -0.018952 0.035854 0.046403
v -0.020266 0.038848 0.073132
v -0.013314 0.029214 0.094162
v -0.002053 0.020960 0.107068
v 0.011312 0.020960 0.107068
v 0.022473 0.029214 0.094162
v 0.029145 0.038603 0.071709
v 0.033750 0.037580 0.030295
v 0.015877 0.026838 0.004125
v -0.007465 0.026149 0.004521
v -0.023810 0.033450 0.032670
v -0.024800 0.042145 0.071824
v -0.017013 0.031359 0.101713
v -0.003319 0.022301 0.117750
v 0.012578 0.022301 0.117750
v 0.026171 0.031359 0.101713
v 0.033608 0.042833 0.071428
v 0.035277 0.042222 0.026975
v 0.016485 0.031144 -0.000687
v -0.008331 0.030290 -0.000501
v -0.026878 0.037101 0.028090
v -0.026614 0.047137 0.071340
v -0.018408 0.036089 0.105298
v -0.003775 0.026961 0.121841
v 0.013035 0.026961 0.121841
v 0.027567 0.036089 0.105298
v 0.035166 0.047990 0.071154
v 0.033750 0.047331 0.028343
v 0.015877 0.036972 0.001919
v -0.007834 0.036288 0.002030
v -0.026020 0.043229 0.029008
v -0.025400 0.052704 0.071013
v -0.018402 0.042142 0.104840
v -0.003550 0.032797 0.122131
v 0.012810 0.032797 0.122131
v 0.027561 0.042142 0.104839
v 0.033840 0.053388 0.070902
v 0.029318 0.050717 0.034721
v 0.014111 0.043471 0.011764
v -0.006424 0.043714 0.011497
v -0.023724 0.052175 0.033122
v -0.021270 0.058525 0.070527
v -0.014566 0.049345 0.100524
v -0.002261 0.039423 0.118679
v 0.011521 0.039423 0.118679
v 0.023725 0.049345 0.100524
v 0.029354 0.058282 0.070794
v 0.022416 0.059132 0.044227
v 0.011362 0.051855 0.027627
v -0.003319 0.051742 0.027705
v -0.014687 0.058453 0.044689
v -0.013903 0.063521 0.070743
v -0.008447 0.059382 0.092338
v -0.000227 0.051605 0.107419
v 0.009487 0.051605 0.107419
v 0.017606 0.059382 0.092338
v 0.022343 0.063634 0.070666
v 0.013919 0.065557 0.055879
v 0.007992 0.062887 0.047302
v 0.000157 0.062857 0.047324
v -0.005731 0.065381 0.056008
v -0.005434 0.067150 0.070174
v -0.002340 0.066493 0.079317
v 0.002014 0.063611 0.089319
v 0.007162 0.063611 0.089319
v 0.011424 0.066493 0.079317
v 0.013940 0.067179 0.070153
v 0.004242 0.035079 0.071562
v 0.004242 0.068847 0.070153
v 0.016331 0.033935 -0.000314
v 0.026511 0.041622 0.012232
v 0.034890 0.044950 0.027031
v -0.008217 0.033081 -0.000128
v 0.004057 0.035422 -0.001519
v -0.026734 0.039829 0.028146
v -0.018682 0.038888 0.012675
v -0.026374 0.049872 0.071202
v -0.027383 0.049321 0.049619
v -0.018733 0.038996 0.105563
v -0.022700 0.048919 0.089690
v -0.003773 0.029837 0.122368
v -0.011623 0.036548 0.115650
v 0.013032 0.029837 0.122368
v 0.004630 0.031547 0.124291
v 0.027892 0.038996 0.105563
v 0.020883 0.036548 0.115650
v 0.034885 0.050726 0.071016
v 0.031556 0.048919 0.089690
v 0.035382 0.052055 0.049177
v 0.015130 0.040094 0.005999
v 0.023158 0.046422 0.020799
v 0.031874 0.048767 0.031013
v -0.007300 0.039920 0.005884
v 0.004057 0.042487 0.008752
v -0.025426 0.047722 0.030325
v -0.016752 0.047394 0.019733
v -0.023738 0.055646 0.070718
v -0.024141 0.056703 0.051327
v -0.016917 0.045437 0.103132
v -0.018379 0.055189 0.086901
v -0.003028 0.035667 0.121128
v -0.008926 0.043645 0.111472
v 0.012287 0.035667 0.121128
v 0.004630 0.038016 0.121082
v 0.026076 0.045437 0.103132
v 0.018186 0.043645 0.111472
v 0.031964 0.055820 0.070833
v 0.027235 0.055189 0.086901
v 0.030716 0.055731 0.052393
v 0.012844 0.047272 0.019052
v 0.017934 0.055158 0.034127
v 0.026137 0.054641 0.039151
v -0.005015 0.047407 0.018930
v 0.004057 0.050754 0.025461
v -0.019689 0.055452 0.038422
v -0.010105 0.054706 0.034435
v -0.017878 0.061165 0.070647
v -0.015450 0.061792 0.057504
v -0.011634 0.054326 0.097096
v -0.011554 0.062440 0.082268
v -0.001306 0.045045 0.114106
v -0.004629 0.055183 0.101212
v 0.010566 0.045045 0.114106
v 0.004630 0.050413 0.109488
v 0.020793 0.054326 0.097096
v 0.013888 0.055183 0.101212
v 0.026104 0.061030 0.070769
v 0.020410 0.062440 0.082268
v 0.023449 0.062244 0.057196
v 0.009699 0.057579 0.037253
v 0.011675 0.064018 0.050126
v 0.018241 0.062781 0.049872
v -0.001585 0.057461 0.037339
v 0.004071 0.062346 0.045688
v -0.010085 0.062076 0.050388
v -0.003532 0.063900 0.050212
v -0.009689 0.065546 0.070479
v -0.006430 0.066441 0.063031
v -0.005329 0.063514 0.085736
v -0.004274 0.067146 0.075083
v 0.000911 0.058179 0.098630
v -0.000395 0.064945 0.085065
v 0.008348 0.058179 0.098630
v 0.004596 0.063026 0.091289
v 0.014488 0.063514 0.085736
v 0.009587 0.064945 0.085065
v 0.018200 0.065664 0.070393
v 0.013097 0.067146 0.075083
v 0.014727 0.066559 0.062945
v 0.009758 0.034676 0.066032
v 0.006379 0.033702 0.061348
v 0.001876 0.033702 0.061348
v -0.001474 0.034616 0.066243
v -0.001339 0.035026 0.071979
v 0.000462 0.034753 0.074430
v 0.002985 0.033919 0.076394
v 0.005939 0.033919 0.076394
v 0.008395 0.034812 0.074220
v 0.009831 0.035323 0.070927
v 0.006379 0.066222 0.057146
v 0.009758 0.067429 0.062041
v 0.001876 0.066222 0.057146
v -0.001474 0.067429 0.062041
v -0.001339 0.068241 0.070149
v 0.000462 0.068093 0.075105
v 0.002985 0.066746 0.081064
v 0.005939 0.066746 0.081064
v 0.008395 0.068093 0.075105
v 0.009831 0.068241 0.070149
v 0.011675 0.033250 0.055914
v 0.009699 0.030941 0.042586
v 0.017934 0.031549 0.038858
v 0.018241 0.033896 0.055037
v 0.004071 0.031761 0.051125
v -0.001585 0.028807 0.043051
v 0.004057 0.026621 0.030598
v -0.003532 0.032824 0.056007
v -0.010085 0.033424 0.055287
v -0.009602 0.029222 0.040349
v -0.006430 0.034766 0.066946
v -0.009689 0.035415 0.072050
v -0.014947 0.035718 0.061737
v -0.004274 0.034858 0.074886
v -0.005329 0.033419 0.080854
v -0.011437 0.035013 0.079573
v -0.000395 0.032986 0.079320
v 0.000911 0.027962 0.089257
v -0.004512 0.027819 0.092252
v 0.004596 0.031473 0.081962
v 0.008348 0.027962 0.089257
v 0.004630 0.022665 0.099289
v 0.009587 0.032986 0.079320
v 0.014488 0.033464 0.080696
v 0.013772 0.027819 0.092252
v 0.013097 0.035141 0.073887
v 0.018200 0.035683 0.071104
v 0.020293 0.035058 0.079415
v 0.014727 0.035048 0.065947
v 0.023449 0.035529 0.060645
v 0.012844 0.026830 0.023444
v 0.023158 0.029554 0.024413
v 0.026137 0.033869 0.042931
v -0.004512 0.024930 0.024842
v 0.004057 0.023470 0.012892
v -0.016669 0.034846 0.048625
v -0.013570 0.030105 0.030199
v -0.017258 0.037411 0.072844
v -0.020959 0.038980 0.060583
v -0.010935 0.030415 0.089967
v -0.017545 0.034821 0.084440
v -0.001190 0.021756 0.102746
v -0.008092 0.024340 0.101951
v 0.010449 0.021756 0.102746
v 0.004630 0.019833 0.108774
v 0.020093 0.030415 0.089967
v 0.017352 0.024340 0.101951
v 0.025988 0.037177 0.071911
v 0.026401 0.034821 0.084440
v 0.030716 0.038003 0.054889
v 0.015130 0.025430 0.009191
v 0.026511 0.031753 0.014381
v 0.031874 0.035781 0.033588
v -0.006635 0.025237 0.010218
v 0.004057 0.025200 0.000707
v -0.021436 0.034624 0.039746
v -0.017208 0.028999 0.015965
v -0.022821 0.040346 0.072584
v -0.025909 0.039205 0.052273
v -0.015408 0.029728 0.098249
v -0.021774 0.038152 0.088377
v -0.002776 0.021157 0.112662
v -0.010697 0.025898 0.111613
v 0.012036 0.021157 0.112662
v 0.004630 0.021102 0.119796
v 0.024567 0.029728 0.098249
v 0.019956 0.025898 0.111613
v 0.031713 0.040538 0.071557
v 0.030630 0.038152 0.088377
v 0.035382 0.041958 0.050689
v 0.016331 0.028760 0.000813
v 0.027667 0.036179 0.010125
v 0.034890 0.039747 0.028077
v -0.008055 0.027907 0.000999
v 0.004057 0.029465 -0.004291
v -0.025763 0.034625 0.029192
v -0.019391 0.032765 0.010868
v -0.026077 0.044485 0.071478
v -0.028544 0.043507 0.049437
v -0.017924 0.033512 0.104039
v -0.023312 0.043141 0.090229
v -0.003638 0.024342 0.120556
v -0.011675 0.030549 0.115743
v 0.012897 0.024342 0.120556
v 0.004630 0.025765 0.123874
v 0.027082 0.033512 0.104039
v 0.020935 0.030549 0.115743
v 0.034750 0.045338 0.071292
v 0.032168 0.043141 0.090229
v 0.036989 0.046922 0.048694
v 0.014775 0.032491 0.047654
v 0.004057 0.029286 0.041144
v -0.006661 0.030784 0.048026
v -0.010770 0.034934 0.064052
v -0.007815 0.034971 0.077013
v -0.002415 0.030577 0.085486
v 0.004630 0.027090 0.090514
v 0.011674 0.030577 0.085486
v 0.016671 0.035150 0.076382
v 0.019053 0.035112 0.063421
v 0.020750 0.030287 0.031111
v 0.004057 0.024540 0.021136
v -0.011762 0.029516 0.035217
v -0.018209 0.037467 0.061431
v -0.014693 0.034709 0.082074
v -0.006406 0.025582 0.097373
v 0.004630 0.020480 0.104536
v 0.015665 0.025582 0.097373
v 0.023549 0.034709 0.082074
v 0.027367 0.036531 0.057697
v 0.025092 0.030196 0.018763
v 0.004057 0.023841 0.006001
v -0.015456 0.029425 0.022869
v -0.023602 0.039057 0.056642
v -0.019958 0.036111 0.086600
v -0.009568 0.024568 0.107087
v 0.004630 0.020020 0.114520
v 0.018828 0.024568 0.107087
v 0.028814 0.036111 0.086600
v 0.033407 0.039829 0.052536
v 0.027374 0.033765 0.011484
v 0.004057 0.027092 -0.002744
v -0.018613 0.030351 0.012227
v -0.027652 0.040929 0.050143
v -0.022835 0.040516 0.089594
v -0.011340 0.027961 0.114361
v 0.004630 0.023136 0.122621
v 0.020600 0.027961 0.114361
v 0.031691 0.040516 0.089594
v 0.036582 0.044343 0.049400
v 0.027374 0.038940 0.010357
v 0.004057 0.032266 -0.003871
v -0.019260 0.035526 0.011101
v -0.028299 0.046218 0.049339
v -0.023375 0.045966 0.090259
v -0.011880 0.033456 0.116172
v 0.004630 0.028631 0.124433
v 0.021139 0.033456 0.116172
v 0.032231 0.045966 0.090259
v 0.036582 0.049633 0.048595
v 0.025092 0.043803 0.015801
v 0.004057 0.038858 0.002731
v -0.018116 0.043106 0.015342
v -0.026262 0.053073 0.050050
v -0.020964 0.051928 0.088529
v -0.010574 0.039694 0.114178
v 0.004630 0.034324 0.123445
v 0.019834 0.039694 0.114178
v 0.029820 0.051928 0.088529
v 0.033407 0.053770 0.050509
v 0.020750 0.050423 0.026961
v 0.004057 0.046222 0.016416
v -0.013775 0.050964 0.026475
v -0.020222 0.059435 0.054145
v -0.015159 0.058896 0.084930
v -0.006872 0.049152 0.107248
v 0.004630 0.043676 0.116392
v 0.016132 0.049152 0.107248
v 0.024015 0.058896 0.084930
v 0.027367 0.058894 0.054631
v 0.014775 0.059983 0.042136
v 0.004057 0.056778 0.035626
v -0.006661 0.059513 0.042480
v -0.010770 0.064295 0.060404
v -0.007815 0.065207 0.078565
v -0.002415 0.060705 0.093070
v 0.004630 0.057337 0.100484
v 0.011674 0.060705 0.093070
v 0.016671 0.065207 0.078565
v 0.019053 0.064765 0.060060
v 0.009038 0.033961 0.062054
v 0.004113 0.033272 0.058893
v -0.000811 0.033961 0.062054
v -0.002681 0.034865 0.068986
v -0.001264 0.034949 0.073687
v 0.001265 0.034175 0.076002
v 0.004495 0.033534 0.077387
v 0.007725 0.034175 0.076002
v 0.009986 0.035186 0.072845
v 0.011021 0.035103 0.068145
v 0.009038 0.066383 0.057236
v 0.004113 0.065513 0.054425
v -0.000811 0.066383 0.057236
v -0.002681 0.067729 0.065573
v -0.001264 0.068206 0.073085
v 0.001265 0.067130 0.079441
v 0.004495 0.066053 0.083812
v 0.007725 0.067130 0.079441
v 0.009986 0.068206 0.073085
v 0.011021 0.067729 0.065573
vn 0.1001 -0.9847 0.1429
vn 0.1064 -0.9836 0.1459
vn 0.1356 -0.9791 0.1513
vn 0.1397 -0.9810 0.1347
vn 0.1181 -0.9783 0.1702
vn 0.1781 -0.9649 0.1931
vn 0.1928 -0.9540 0.2294
vn 0.1646 -0.9689 0.1847
vn 0.2100 -0.9672 0.1427
vn 0.1270 -0.9673 0.2195
vn 0.1905 -0.9537 0.2328
vn 0.0170 -0.9668 0.2550
vn 0.0135 -0.9634 0.2678
vn -0.0746 -0.9770 0.1998
vn 0.1753 -0.9603 0.2169
vn -0.0796 -0.9663 0.2447
vn -0.1584 -0.9500 0.2692
vn -0.0796 -0.9816 0.1737
vn -0.1924 -0.9591 0.2075
vn -0.3862 -0.9040 0.1835
vn -0.3151 -0.9257 0.2091
vn -0.0630 -0.9933 0.0969
vn -0.1673 -0.9790 0.1160
vn -0.0549 -0.9983 0.0175
vn -0.1410 -0.9899 0.0132
vn -0.2549 -0.9668 -0.0192
vn -0.3482 -0.9307 0.1122
vn -0.0845 -0.9855 -0.1473
vn -0.1415 -0.9733 -0.1806
vn -0.1388 -0.9389 -0.3148
vn -0.1966 -0.9156 -0.3507
vn -0.1921 -0.8950 -0.4026
vn -0.1712 -0.9534 -0.2486
vn -0.1578 -0.9050 -0.3950
vn -0.2106 -0.8827 -0.4201
vn -0.0911 -0.8987 -0.4290
vn -0.1340 -0.8862 -0.4435
vn -0.1467 -0.8894 -0.4330
vn -0.2106 -0.8716 -0.4426
vn -0.0000 -0.8980 -0.4401
vn -0.0000 -0.8942 -0.4477
vn 0.0903 -0.8984 -0.4298
vn 0.1340 -0.8862 -0.4436
vn 0.1467 -0.8894 -0.4330
vn -0.0000 -0.9089 -0.4171
vn 0.1551 -0.9051 -0.3959
vn 0.2112 -0.8825 -0.4203
vn 0.1371 -0.9394 -0.3141
vn 0.1991 -0.9149 -0.3511
vn 0.1970 -0.8936 -0.4032
vn 0.2120 -0.8713 -0.4426
vn 0.0802 -0.9837 -0.1607
vn 0.1292 -0.9735 -0.1887
vn 0.0496 -0.9986 0.0201
vn 0.0975 -0.9952 0.0090
vn 0.1777 -0.9839 -0.0174
vn 0.1528 -0.9567 -0.2478
vn 0.0722 -0.9907 0.1154
vn 0.1232 -0.9865 0.1083
vn 0.2282 -0.9678 0.1064
vn 0.2360 -0.9507 0.2013
vn 0.3219 -0.9342 0.1538
vn 0.2002 -0.9552 0.2180
vn 0.2590 -0.9618 0.0882
vn 0.3856 -0.9142 0.1249
vn 0.4833 -0.8661 0.1276
vn 0.0894 -0.9833 0.1582
vn -0.2099 -0.9715 0.1099
vn -0.2563 -0.9646 0.0614
vn 0.0214 -0.9993 0.0310
vn -0.4574 -0.8809 0.1220
vn -0.5110 -0.8500 0.1279
vn -0.3667 -0.9144 0.1716
vn -0.3809 -0.9138 0.1413
vn -0.4649 -0.8818 0.0787
vn -0.3629 -0.9289 -0.0731
vn -0.4353 -0.8966 -0.0811
vn -0.3850 -0.9185 0.0905
vn -0.2489 -0.9221 -0.2963
vn -0.2323 -0.8839 -0.4058
vn -0.4529 -0.8500 -0.2690
vn -0.4488 -0.8606 -0.2407
vn -0.2547 -0.8825 -0.3955
vn -0.2019 -0.9247 -0.3226
vn -0.2907 -0.9519 -0.0971
vn -0.4260 -0.8823 -0.2001
vn -0.0000 -0.9626 -0.2710
vn 0.2019 -0.9247 -0.3226
vn 0.2907 -0.9519 -0.0971
vn -0.0000 -0.9990 -0.0442
vn 0.2563 -0.8818 -0.3959
vn 0.2371 -0.8816 -0.4080
vn 0.4596 -0.8451 -0.2730
vn 0.4283 -0.8811 -0.2006
vn 0.2348 -0.9294 -0.2847
vn 0.3123 -0.9493 -0.0345
vn 0.5079 -0.8612 -0.0191
vn 0.4684 -0.8545 -0.2246
vn 0.3719 -0.9219 0.1081
vn 0.5334 -0.8390 0.1075
vn 0.5424 -0.8399 -0.0177
vn 0.6506 -0.7571 0.0594
vn 0.3413 -0.9344 -0.1019
vn 0.4205 -0.8583 -0.2941
vn 0.6672 -0.7267 -0.1639
vn 0.7942 -0.6071 -0.0246
vn 0.0106 -0.9905 -0.1372
vn -0.2541 -0.9670 -0.0209
vn -0.3101 -0.9267 -0.2123
vn 0.0199 -0.9385 -0.3446
vn -0.3055 -0.9428 0.1337
vn -0.2893 -0.9336 0.2112
vn -0.4760 -0.8681 0.1408
vn -0.4258 -0.9048 -0.0088
vn -0.3610 -0.9170 0.1694
vn -0.5598 -0.8286 -0.0029
vn -0.7768 -0.6240 0.0847
vn -0.6149 -0.7686 0.1763
vn -0.6687 -0.7352 -0.1108
vn -0.6600 -0.7465 -0.0846
vn -0.7952 -0.6024 0.0695
vn -0.8318 -0.5549 0.0149
vn -0.5634 -0.8262 -0.0008
vn -0.3472 -0.9339 0.0858
vn -0.4176 -0.8524 0.3146
vn -0.6731 -0.7158 0.1858
vn -0.0000 -0.9921 0.1253
vn 0.3472 -0.9339 0.0858
vn 0.4176 -0.8524 0.3146
vn -0.0000 -0.9243 0.3816
vn 0.5655 -0.8247 -0.0018
vn 0.6663 -0.7402 -0.0905
vn 0.8004 -0.5963 0.0619
vn 0.6751 -0.7143 0.1844
vn 0.6957 -0.7104 -0.1062
vn 0.6973 -0.7166 0.0155
vn 0.8523 -0.5201 0.0554
vn 0.8464 -0.5325 0.0044
vn 0.6957 -0.7118 0.0964
vn 0.8442 -0.5310 0.0738
vn 0.7851 -0.5147 -0.3446
vn 0.9175 -0.3765 -0.1285
vn 0.5062 -0.6645 -0.5497
vn 0.5328 -0.1901 -0.8246
vn 0.8299 -0.1129 -0.5464
vn 0.9692 -0.0410 -0.2430
vn 0.0185 -0.7512 -0.6598
vn -0.4420 -0.7255 -0.5276
vn -0.5357 -0.2080 -0.8184
vn 0.0006 -0.2224 -0.9750
vn -0.6732 -0.6857 -0.2770
vn -0.7879 -0.6145 -0.0399
vn -0.9630 -0.1876 -0.1935
vn -0.8344 -0.2091 -0.5100
vn -0.8777 -0.4678 0.1034
vn -0.9314 -0.3443 0.1182
vn -0.9904 -0.0632 0.1228
vn -0.9936 -0.1104 0.0251
vn -0.9355 -0.3313 0.1230
vn -0.8881 -0.4027 0.2215
vn -0.9200 -0.2010 0.3364
vn -0.9736 -0.1185 0.1950
vn -0.7650 -0.4999 0.4060
vn -0.4906 -0.6026 0.6295
vn -0.4932 -0.2971 0.8176
vn -0.7825 -0.2559 0.5676
vn -0.0000 -0.6586 0.7525
vn 0.4906 -0.6026 0.6295
vn 0.4932 -0.2971 0.8176
vn -0.0000 -0.3208 0.9471
vn 0.7669 -0.4987 0.4040
vn 0.8925 -0.3980 0.2121
vn 0.9244 -0.1990 0.3255
vn 0.7844 -0.2553 0.5653
vn 0.9424 -0.3170 0.1066
vn 0.9572 -0.2754 0.0895
vn 0.9939 -0.0227 0.1078
vn 0.9777 -0.1109 0.1782
vn 0.9570 -0.2874 0.0391
vn 1.0000 -0.0010 -0.0038
vn 0.6848 0.3727 -0.6262
vn 0.8808 0.3453 -0.3240
vn 0.3975 0.3812 -0.8347
vn 0.2183 0.7078 -0.6719
vn 0.3935 0.7375 -0.5489
vn 0.5884 0.7340 -0.3392
vn -0.0194 0.3872 -0.9218
vn -0.4616 0.3498 -0.8152
vn -0.3465 0.6182 -0.7056
vn -0.0243 0.6859 -0.7273
vn -0.7702 0.2629 -0.5811
vn -0.9386 0.1927 -0.2862
vn -0.9062 0.2923 -0.3056
vn -0.6734 0.4578 -0.5805
vn -0.9806 0.1922 -0.0398
vn -0.9726 0.2013 0.1161
vn -0.9132 0.3885 0.1233
vn -0.9564 0.2883 -0.0468
vn -0.9570 0.1334 0.2576
vn -0.8994 0.0506 0.4343
vn -0.7634 0.3930 0.5126
vn -0.8463 0.4280 0.3173
vn -0.7441 0.0069 0.6680
vn -0.4582 -0.0361 0.8881
vn -0.4004 0.2422 0.8838
vn -0.6258 0.3324 0.7056
vn -0.0000 -0.0664 0.9978
vn 0.4582 -0.0361 0.8881
vn 0.4004 0.2422 0.8838
vn -0.0000 0.1859 0.9826
vn 0.7462 0.0068 0.6656
vn 0.9048 0.0501 0.4229
vn 0.7704 0.3917 0.5031
vn 0.6281 0.3320 0.7037
vn 0.9604 0.1356 0.2433
vn 0.9646 0.2370 0.1159
vn 0.8510 0.5121 0.1166
vn 0.8427 0.4408 0.3092
vn 0.9533 0.2983 -0.0472
vn 0.7676 0.6336 -0.0969
vn 0.1786 0.8804 -0.4392
vn 0.3073 0.8942 -0.3254
vn 0.1156 0.8414 -0.5279
vn 0.0950 0.8800 -0.4653
vn 0.1921 0.8826 -0.4291
vn 0.3704 0.8604 -0.3501
vn -0.0113 0.8117 -0.5839
vn -0.2317 0.7524 -0.6167
vn -0.0971 0.8536 -0.5117
vn 0.0069 0.8725 -0.4885
vn -0.5513 0.6034 -0.5762
vn -0.8394 0.4321 -0.3297
vn -0.5476 0.7638 -0.3416
vn -0.2862 0.8150 -0.5038
vn -0.9044 0.4233 -0.0542
vn -0.8278 0.5438 0.1378
vn -0.6941 0.7076 0.1321
vn -0.6793 0.7272 -0.0984
vn -0.7094 0.6138 0.3464
vn -0.5895 0.6104 0.5291
vn -0.5355 0.6658 0.5196
vn -0.6353 0.6882 0.3504
vn -0.4763 0.5648 0.6739
vn -0.3156 0.4890 0.8132
vn -0.2637 0.6111 0.7463
vn -0.4236 0.6393 0.6417
vn -0.0000 0.4435 0.8963
vn 0.3156 0.4890 0.8132
vn 0.2637 0.6112 0.7463
vn -0.0000 0.5971 0.8021
vn 0.4781 0.5647 0.6727
vn 0.5959 0.6101 0.5222
vn 0.5418 0.6655 0.5134
vn 0.4252 0.6393 0.6407
vn 0.6962 0.6342 0.3363
vn 0.7123 0.6944 0.1023
vn 0.6643 0.7426 0.0855
vn 0.6365 0.6960 0.3322
vn 0.5649 0.8132 -0.1398
vn 0.5857 0.7948 -0.1589
vn 0.2344 0.8560 -0.4608
vn 0.4562 0.8144 -0.3587
vn 0.0817 0.8825 -0.4632
vn 0.0553 0.8709 -0.4883
vn 0.1917 0.8593 -0.4741
vn 0.3982 0.8491 -0.3472
vn 0.0101 0.8944 -0.4471
vn -0.0186 0.8964 -0.4428
vn -0.0353 0.8870 -0.4603
vn -0.0018 0.8809 -0.4732
vn -0.0846 0.9028 -0.4217
vn -0.2454 0.9135 -0.3244
vn -0.2291 0.9165 -0.3279
vn -0.0969 0.8998 -0.4254
vn -0.4411 0.8878 -0.1314
vn -0.5659 0.8178 0.1046
vn -0.4852 0.8718 0.0680
vn -0.3959 0.9064 -0.1474
vn -0.5741 0.7479 0.3332
vn -0.4999 0.7087 0.4978
vn -0.3889 0.8035 0.4507
vn -0.4724 0.8319 0.2912
vn -0.3939 0.6858 0.6120
vn -0.2365 0.6747 0.6992
vn -0.1846 0.7535 0.6310
vn -0.3050 0.7740 0.5549
vn -0.0000 0.6730 0.7396
vn 0.2365 0.6747 0.6992
vn 0.1846 0.7535 0.6310
vn -0.0000 0.7478 0.6639
vn 0.3959 0.6857 0.6108
vn 0.5069 0.7083 0.4913
vn 0.3969 0.8028 0.4449
vn 0.3072 0.7738 0.5539
vn 0.5922 0.7423 0.3136
vn 0.6310 0.7721 0.0751
vn 0.5383 0.8405 0.0606
vn 0.4916 0.8254 0.2774
vn 0.6062 0.7802 -0.1545
vn 0.5205 0.8418 -0.1429
vn 0.1285 0.8860 -0.4456
vn 0.2900 0.9066 -0.3067
vn 0.0443 0.8705 -0.4902
vn 0.0284 0.9081 -0.4178
vn 0.0778 0.9254 -0.3710
vn 0.2074 0.9477 -0.2428
vn -0.0104 0.8676 -0.4971
vn -0.0835 0.8708 -0.4846
vn -0.0661 0.9042 -0.4220
vn -0.0083 0.8986 -0.4386
vn -0.1747 0.8833 -0.4351
vn -0.3096 0.8984 -0.3115
vn -0.2737 0.9279 -0.2532
vn -0.1479 0.9138 -0.3782
vn -0.4002 0.9054 -0.1417
vn -0.4202 0.9068 0.0335
vn -0.3431 0.9392 0.0101
vn -0.3325 0.9355 -0.1194
vn -0.3695 0.9003 0.2301
vn -0.2792 0.8845 0.3738
vn -0.2207 0.9289 0.2975
vn -0.2962 0.9396 0.1718
vn -0.2163 0.8571 0.4676
vn -0.1482 0.8278 0.5411
vn -0.1533 0.8866 0.4363
vn -0.1759 0.9103 0.3748
vn 0.0001 0.8168 0.5769
vn 0.1481 0.8281 0.5407
vn 0.1511 0.8878 0.4347
vn 0.0002 0.8751 0.4840
vn 0.2173 0.8574 0.4665
vn 0.2866 0.8844 0.3685
vn 0.2241 0.9303 0.2904
vn 0.1743 0.9115 0.3725
vn 0.3779 0.8993 0.2200
vn 0.4184 0.9076 0.0352
vn 0.3228 0.9465 0.0060
vn 0.2971 0.9415 0.1591
vn 0.3914 0.9115 -0.1264
vn 0.2898 0.9508 -0.1096
vn 0.0798 -0.9848 0.1543
vn 0.0453 -0.9873 0.1521
vn 0.0756 -0.9860 0.1487
vn 0.0135 -0.9994 0.0309
vn 0.0391 -0.9840 0.1740
vn -0.0213 -0.9853 0.1693
vn -0.0523 -0.9824 0.1794
vn -0.0339 -0.9911 0.1289
vn -0.0023 -0.9972 0.0750
vn -0.0000 -0.9998 0.0175
vn -0.0190 -0.9910 -0.1326
vn -0.0642 -0.9718 -0.2271
vn -0.0962 -0.9368 -0.3364
vn -0.0508 -0.9432 -0.3283
vn -0.0000 -0.9314 -0.3639
vn 0.0508 -0.9425 -0.3304
vn 0.0903 -0.9355 -0.3415
vn 0.0715 -0.9677 -0.2418
vn 0.0388 -0.9874 -0.1536
vn 0.0495 -0.9983 0.0314
vn 0.0603 -0.9906 0.1226
vn 0.0068 0.9643 -0.2648
vn 0.0623 0.9811 -0.1834
vn -0.0181 0.9684 -0.2486
vn -0.0002 0.9991 -0.0432
vn -0.0025 0.9540 -0.2999
vn 0.0132 0.9682 -0.2499
vn -0.0280 0.9630 -0.2679
vn -0.0745 0.9797 -0.1862
vn -0.1859 0.9781 -0.0941
vn -0.1675 0.9855 -0.0285
vn -0.1763 0.9791 0.1016
vn -0.0641 0.9794 0.1913
vn -0.0655 0.9638 0.2585
vn -0.0355 0.9641 0.2633
vn -0.0001 0.9435 0.3315
vn 0.0335 0.9643 0.2627
vn 0.0639 0.9642 0.2576
vn 0.0630 0.9802 0.1879
vn 0.1768 0.9801 0.0898
vn 0.1622 0.9862 -0.0339
vn 0.1741 0.9801 -0.0951
vt 0.000000 0.100000
vt 0.050000 0.104167
vt 0.050000 0.150000
vt 0.000000 0.150000
vt 0.100000 0.100000
vt 0.100000 0.150000
vt 0.100000 0.200000
vt 0.050000 0.200000
vt 0.000000 0.200000
vt 0.150000 0.104167
vt 0.150000 0.150000
vt 0.200000 0.100000
vt 0.200000 0.150000
vt 0.200000 0.200000
vt 0.150000 0.200000
vt 0.250000 0.104167
vt 0.250000 0.150000
vt 0.300000 0.100000
vt 0.300000 0.150000
vt 0.300000 0.200000
vt 0.250000 0.200000
vt 0.350000 0.104167
vt 0.350000 0.150000
vt 0.400000 0.100000
vt 0.400000 0.150000
vt 0.400000 0.200000
vt 0.350000 0.200000
vt 0.450000 0.104167
vt 0.450000 0.150000
vt 0.500000 0.100000
vt 0.500000 0.150000
vt 0.500000 0.200000
vt 0.450000 0.200000
vt 0.550000 0.104167
vt 0.550000 0.150000
vt 0.600000 0.100000
vt 0.600000 0.150000
vt 0.600000 0.200000
vt 0.550000 0.200000
vt 0.650000 0.104167
vt 0.650000 0.150000
vt 0.700000 0.100000
vt 0.700000 0.150000
vt 0.700000 0.200000
vt 0.650000 0.200000
vt 0.750000 0.104167
vt 0.750000 0.150000
vt 0.800000 0.100000
vt 0.800000 0.150000
vt 0.800000 0.200000
vt 0.750000 0.200000
vt 0.850000 0.104167
vt 0.850000 0.150000
vt 0.900000 0.100000
vt 0.900000 0.150000
vt 0.900000 0.200000
vt 0.850000 0.200000
vt 0.950000 0.104167
vt 0.950000 0.150000
vt 1.000000 0.100000
vt 1.000000 0.150000
vt 1.000000 0.200000
vt 0.950000 0.200000
vt 0.050000 0.250000
vt 0.000000 0.250000
vt 0.100000 0.250000
vt 0.100000 0.300000
vt 0.050000 0.300000
vt 0.000000 0.300000
vt 0.150000 0.250000
vt 0.200000 0.250000
vt 0.200000 0.300000
vt 0.150000 0.300000
vt 0.250000 0.250000
vt 0.300000 0.250000
vt 0.300000 0.300000
vt 0.250000 0.300000
vt 0.350000 0.250000
vt 0.400000 0.250000
vt 0.400000 0.300000
vt 0.350000 0.300000
vt 0.450000 0.250000
vt 0.500000 0.250000
vt 0.500000 0.300000
vt 0.450000 0.300000
vt 0.550000 0.250000
vt 0.600000 0.250000
vt 0.600000 0.300000
vt 0.550000 0.300000
vt 0.650000 0.250000
vt 0.700000 0.250000
vt 0.700000 0.300000
vt 0.650000 0.300000
vt 0.750000 0.250000
vt 0.800000 0.250000
vt 0.800000 0.300000
vt 0.750000 0.300000
vt 0.850000 0.250000
vt 0.900000 0.250000
vt 0.900000 0.300000
vt 0.850000 0.300000
vt 0.950000 0.250000
vt 1.000000 0.250000
vt 1.000000 0.300000
vt 0.950000 0.300000
vt 0.050000 0.350000
vt 0.000000 0.350000
vt 0.100000 0.350000
vt 0.100000 0.400000
vt 0.050000 0.400000
vt 0.000000 0.400000
vt 0.150000 0.350000
vt 0.200000 0.350000
vt 0.200000 0.400000
vt 0.150000 0.400000
vt 0.250000 0.350000
vt 0.300000 0.350000
vt 0.300000 0.400000
vt 0.250000 0.400000
vt 0.350000 0.350000
vt 0.400000 0.350000
vt 0.400000 0.400000
vt 0.350000 0.400000
vt 0.450000 0.350000
vt 0.500000 0.350000
vt 0.500000 0.400000
vt 0.450000 0.400000
vt 0.550000 0.350000
vt 0.600000 0.350000
vt 0.600000 0.400000
vt 0.550000 0.400000
vt 0.650000 0.350000
vt 0.700000 0.350000
vt 0.700000 0.400000
vt 0.650000 0.400000
vt 0.750000 0.350000
vt 0.800000 0.350000
vt 0.800000 0.400000
vt 0.750000 0.400000
vt 0.850000 0.350000
vt 0.900000 0.350000
vt 0.900000 0.400000
vt 0.850000 0.400000
vt 0.950000 0.350000
vt 1.000000 0.350000
vt 1.000000 0.400000
vt 0.950000 0.400000
vt 0.050000 0.450000
vt 0.000000 0.450000
vt 0.100000 0.450000
vt 0.100000 0.500000
vt 0.050000 0.500000
vt 0.000000 0.500000
vt 0.150000 0.450000
vt 0.200000 0.450000
vt 0.200000 0.500000
vt 0.150000 0.500000
vt 0.250000 0.450000
vt 0.300000 0.450000
vt 0.300000 0.500000
vt 0.250000 0.500000
vt 0.350000 0.450000
vt 0.400000 0.450000
vt 0.400000 0.500000
vt 0.350000 0.500000
vt 0.450000 0.450000
vt 0.500000 0.450000
vt 0.500000 0.500000
vt 0.450000 0.500000
vt 0.550000 0.450000
vt 0.600000 0.450000
vt 0.600000 0.500000
vt 0.550000 0.500000
vt 0.650000 0.450000
vt 0.700000 0.450000
vt 0.700000 0.500000
vt 0.650000 0.500000
vt 0.750000 0.450000
vt 0.800000 0.450000
vt 0.800000 0.500000
vt 0.750000 0.500000
vt 0.850000 0.450000
vt 0.900000 0.450000
vt 0.900000 0.500000
vt 0.850000 0.500000
vt 0.950000 0.450000
vt 1.000000 0.450000
vt 1.000000 0.500000
vt 0.950000 0.500000
vt 0.050000 0.550000
vt 0.000000 0.550000
vt 0.100000 0.550000
vt 0.100000 0.600000
vt 0.050000 0.600000
vt 0.000000 0.600000
vt 0.150000 0.550000
vt 0.200000 0.550000
vt 0.200000 0.600000
vt 0.150000 0.600000
vt 0.250000 0.550000
vt 0.300000 0.550000
vt 0.300000 0.600000
vt 0.250000 0.600000
vt 0.350000 0.550000
vt 0.400000 0.550000
vt 0.400000 0.600000
vt 0.350000 0.600000
vt 0.450000 0.550000
vt 0.500000 0.550000
vt 0.500000 0.600000
vt 0.450000 0.600000
vt 0.550000 0.550000
vt 0.600000 0.550000
vt 0.600000 0.600000
vt 0.550000 0.600000
vt 0.650000 0.550000
vt 0.700000 0.550000
vt 0.700000 0.600000
vt 0.650000 0.600000
vt 0.750000 0.550000
vt 0.800000 0.550000
vt 0.800000 0.600000
vt 0.750000 0.600000
vt 0.850000 0.550000
vt 0.900000 0.550000
vt 0.900000 0.600000
vt 0.850000 0.600000
vt 0.950000 0.550000
vt 1.000000 0.550000
vt 1.000000 0.600000
vt 0.950000 0.600000
vt 0.050000 0.650000
vt 0.000000 0.650000
vt 0.100000 0.650000
vt 0.100000 0.700000
vt 0.050000 0.700000
vt 0.000000 0.700000
vt 0.150000 0.650000
vt 0.200000 0.650000
vt 0.200000 0.700000
vt 0.150000 0.700000
vt 0.250000 0.650000
vt 0.300000 0.650000
vt 0.300000 0.700000
vt 0.250000 0.700000
vt 0.350000 0.650000
vt 0.400000 0.650000
vt 0.400000 0.700000
vt 0.350000 0.700000
vt 0.450000 0.650000
vt 0.500000 0.650000
vt 0.500000 0.700000
vt 0.450000 0.700000
vt 0.550000 0.650000
vt 0.600000 0.650000
vt 0.600000 0.700000
vt 0.550000 0.700000
vt 0.650000 0.650000
vt 0.700000 0.650000
vt 0.700000 0.700000
vt 0.650000 0.700000
vt 0.750000 0.650000
vt 0.800000 0.650000
vt 0.800000 0.700000
vt 0.750000 0.700000
vt 0.850000 0.650000
vt 0.900000 0.650000
vt 0.900000 0.700000
vt 0.850000 0.700000
vt 0.950000 0.650000
vt 1.000000 0.650000
vt 1.000000 0.700000
vt 0.950000 0.700000
vt 0.050000 0.750000
vt 0.000000 0.750000
vt 0.100000 0.750000
vt 0.100000 0.800000
vt 0.050000 0.800000
vt 0.000000 0.800000
vt 0.150000 0.750000
vt 0.200000 0.750000
vt 0.200000 0.800000
vt 0.150000 0.800000
vt 0.250000 0.750000
vt 0.300000 0.750000
vt 0.300000 0.800000
vt 0.250000 0.800000
vt 0.350000 0.750000
vt 0.400000 0.750000
vt 0.400000 0.800000
vt 0.350000 0.800000
vt 0.450000 0.750000
vt 0.500000 0.750000
vt 0.500000 0.800000
vt 0.450000 0.800000
vt 0.550000 0.750000
vt 0.600000 0.750000
vt 0.600000 0.800000
vt 0.550000 0.800000
vt 0.650000 0.750000
vt 0.700000 0.750000
vt 0.700000 0.800000
vt 0.650000 0.800000
vt 0.750000 0.750000
vt 0.800000 0.750000
vt 0.800000 0.800000
vt 0.750000 0.800000
vt 0.850000 0.750000
vt 0.900000 0.750000
vt 0.900000 0.800000
vt 0.850000 0.800000
vt 0.950000 0.750000
vt 1.000000 0.750000
vt 1.000000 0.800000
vt 0.950000 0.800000
vt 0.050000 0.850000
vt 0.000000 0.850000
vt 0.100000 0.850000
vt 0.100000 0.900000
vt 0.050000 0.895833
vt 0.000000 0.900000
vt 0.150000 0.850000
vt 0.200000 0.850000
vt 0.200000 0.900000
vt 0.150000 0.895833
vt 0.250000 0.850000
vt 0.300000 0.850000
vt 0.300000 0.900000
vt 0.250000 0.895833
vt 0.350000 0.850000
vt 0.400000 0.850000
vt 0.400000 0.900000
vt 0.350000 0.895833
vt 0.450000 0.850000
vt 0.500000 0.850000
vt 0.500000 0.900000
vt 0.450000 0.895833
vt 0.550000 0.850000
vt 0.600000 0.850000
vt 0.600000 0.900000
vt 0.550000 0.895833
vt 0.650000 0.850000
vt 0.700000 0.850000
vt 0.700000 0.900000
vt 0.650000 0.895833
vt 0.750000 0.850000
vt 0.800000 0.850000
vt 0.800000 0.900000
vt 0.750000 0.895833
vt 0.850000 0.850000
vt 0.900000 0.850000
vt 0.900000 0.900000
vt 0.850000 0.895833
vt 0.950000 0.850000
vt 1.000000 0.850000
vt 1.000000 0.900000
vt 0.950000 0.895833
vt 0.050000 0.066667
vt 0.075000 0.050000
vt 0.025000 0.050000
vt 0.050000 0.000000
vt 0.150000 0.066667
vt 0.175000 0.050000
vt 0.125000 0.050000
vt 0.150000 0.000000
vt 0.250000 0.066667
vt 0.275000 0.050000
vt 0.225000 0.050000
vt 0.250000 0.000000
vt 0.350000 0.066667
vt 0.375000 0.050000
vt 0.325000 0.050000
vt 0.350000 0.000000
vt 0.450000 0.066667
vt 0.475000 0.050000
vt 0.425000 0.050000
vt 0.450000 0.000000
vt 0.550000 0.066667
vt 0.575000 0.050000
vt 0.525000 0.050000
vt 0.550000 0.000000
vt 0.650000 0.066667
vt 0.675000 0.050000
vt 0.625000 0.050000
vt 0.650000 0.000000
vt 0.750000 0.066667
vt 0.775000 0.050000
vt 0.725000 0.050000
vt 0.750000 0.000000
vt 0.850000 0.066667
vt 0.875000 0.050000
vt 0.825000 0.050000
vt 0.850000 0.000000
vt 0.950000 0.066667
vt 0.975000 0.050000
vt 0.925000 0.050000
vt 0.950000 0.000000
vt 0.050000 0.933333
vt 0.025000 0.950000
vt 0.075000 0.950000
vt 0.050000 1.000000
vt 0.150000 0.933333
vt 0.125000 0.950000
vt 0.175000 0.950000
vt 0.150000 1.000000
vt 0.250000 0.933333
vt 0.225000 0.950000
vt 0.275000 0.950000
vt 0.250000 1.000000
vt 0.350000 0.933333
vt 0.325000 0.950000
vt 0.375000 0.950000
vt 0.350000 1.000000
vt 0.450000 0.933333
vt 0.425000 0.950000
vt 0.475000 0.950000
vt 0.450000 1.000000
vt 0.550000 0.933333
vt 0.525000 0.950000
vt 0.575000 0.950000
vt 0.550000 1.000000
vt 0.650000 0.933333
vt 0.625000 0.950000
vt 0.675000 0.950000
vt 0.650000 1.000000
vt 0.750000 0.933333
vt 0.725000 0.950000
vt 0.775000 0.950000
vt 0.750000 1.000000
vt 0.850000 0.933333
vt 0.825000 0.950000
vt 0.875000 0.950000
vt 0.850000 1.000000
vt 0.950000 0.933333
vt 0.925000 0.950000
vt 0.975000 0.950000
vt 0.950000 1.000000
s 1
usemtl pasted__lambert9
f 467/544/467 659/545/468 749/546/469 662/547/470
f 659/545/468 468/548/471 660/549/472 749/546/469
f 749/546/469 660/549/472 478/550/473 661/551/474
f 662/547/470 749/546/469 661/551/474 477/552/475
f 468/548/471 663/553/476 750/554/477 660/549/472
f 663/553/476 469/555/478 664/556/479 750/554/477
f 750/554/477 664/556/479 479/557/480 665/558/481
f 660/549/472 750/554/477 665/558/481 478/550/473
f 469/555/478 666/559/482 751/560/483 664/556/479
f 666/559/482 470/561/484 667/562/485 751/560/483
f 751/560/483 667/562/485 480/563/486 668/564/487
f 664/556/479 751/560/483 668/564/487 479/557/480
f 470/561/484 669/565/488 752/566/489 667/562/485
f 669/565/488 471/567/490 670/568/491 752/566/489
f 752/566/489 670/568/491 481/569/492 671/570/493
f 667/562/485 752/566/489 671/570/493 480/563/486
f 471/567/490 672/571/494 753/572/495 670/568/491
f 672/571/494 472/573/496 673/574/497 753/572/495
f 753/572/495 673/574/497 482/575/498 674/576/499
f 670/568/491 753/572/495 674/576/499 481/569/492
f 472/573/496 675/577/500 754/578/501 673/574/497
f 675/577/500 473/579/502 676/580/503 754/578/501
f 754/578/501 676/580/503 483/581/504 677/582/505
f 673/574/497 754/578/501 677/582/505 482/575/498
f 473/579/502 678/583/506 755/584/507 676/580/503
f 678/583/506 474/585/508 679/586/509 755/584/507
f 755/584/507 679/586/509 484/587/510 680/588/511
f 676/580/503 755/584/507 680/588/511 483/581/504
f 474/585/508 681/589/512 756/590/513 679/586/509
f 681/589/512 475/591/514 682/592/515 756/590/513
f 756/590/513 682/592/515 485/593/516 683/594/517
f 679/586/509 756/590/513 683/594/517 484/587/510
f 475/591/514 684/595/518 757/596/519 682/592/515
f 684/595/518 476/597/520 685/598/521 757/596/519
f 757/596/519 685/598/521 486/599/522 686/600/523
f 682/592/515 757/596/519 686/600/523 485/593/516
f 476/597/520 687/601/524 758/602/525 685/598/521
f 687/601/524 467/603/467 662/604/470 758/602/525
f 758/602/525 662/604/470 477/605/475 688/606/526
f 685/598/521 758/602/525 688/606/526 486/599/522
f 477/552/475 661/551/474 759/607/527 691/608/528
f 661/551/474 478/550/473 689/609/529 759/607/527
f 759/607/527 689/609/529 488/610/530 690/611/531
f 691/608/528 759/607/527 690/611/531 487/612/532
f 478/550/473 665/558/481 760/613/533 689/609/529
f 665/558/481 479/557/480 692/614/534 760/613/533
f 760/613/533 692/614/534 489/615/535 693/616/536
f 689/609/529 760/613/533 693/616/536 488/610/530
f 479/557/480 668/564/487 761/617/537 692/614/534
f 668/564/487 480/563/486 694/618/538 761/617/537
f 761/617/537 694/618/538 490/619/539 695/620/540
f 692/614/534 761/617/537 695/620/540 489/615/535
f 480/563/486 671/570/493 762/621/541 694/618/538
f 671/570/493 481/569/492 696/622/542 762/621/541
f 762/621/541 696/622/542 491/623/543 697/624/544
f 694/618/538 762/621/541 697/624/544 490/619/539
f 481/569/492 674/576/499 763/625/545 696/622/542
f 674/576/499 482/575/498 698/626/546 763/625/545
f 763/625/545 698/626/546 492/627/547 699/628/548
f 696/622/542 763/625/545 699/628/548 491/623/543
f 482/575/498 677/582/505 764/629/549 698/626/546
f 677/582/505 483/581/504 700/630/550 764/629/549
f 764/629/549 700/630/550 493/631/551 701/632/552
f 698/626/546 764/629/549 701/632/552 492/627/547
f 483/581/504 680/588/511 765/633/553 700/630/550
f 680/588/511 484/587/510 702/634/554 765/633/553
f 765/633/553 702/634/554 494/635/555 703/636/556
f 700/630/550 765/633/553 703/636/556 493/631/551
f 484/587/510 683/594/517 766/637/557 702/634/554
f 683/594/517 485/593/516 704/638/558 766/637/557
f 766/637/557 704/638/558 495/639/559 705/640/560
f 702/634/554 766/637/557 705/640/560 494/635/555
f 485/593/516 686/600/523 767/641/561 704/638/558
f 686/600/523 486/599/522 706/642/562 767/641/561
f 767/641/561 706/642/562 496/643/563 707/644/564
f 704/638/558 767/641/561 707/644/564 495/639/559
f 486/599/522 688/606/526 768/645/565 706/642/562
f 688/606/526 477/605/475 691/646/528 768/645/565
f 768/645/565 691/646/528 487/647/532 708/648/566
f 706/642/562 768/645/565 708/648/566 496/643/563
f 487/612/532 690/611/531 769/649/567 711/650/568
f 690/611/531 488/610/530 709/651/569 769/649/567
f 769/649/567 709/651/569 498/652/570 710/653/571
f 711/650/568 769/649/567 710/653/571 497/654/572
f 488/610/530 693/616/536 770/655/573 709/651/569
f 693/616/536 489/615/535 712/656/574 770/655/573
f 770/655/573 712/656/574 499/657/575 713/658/576
f 709/651/569 770/655/573 713/658/576 498/652/570
f 489/615/535 695/620/540 771/659/577 712/656/574
f 695/620/540 490/619/539 714/660/578 771/659/577
f 771/659/577 714/660/578 500/661/579 715/662/580
f 712/656/574 771/659/577 715/662/580 499/657/575
f 490/619/539 697/624/544 772/663/581 714/660/578
f 697/624/544 491/623/543 716/664/582 772/663/581
f 772/663/581 716/664/582 501/665/583 717/666/584
f 714/660/578 772/663/581 717/666/584 500/661/579
f 491/623/543 699/628/548 773/667/585 716/664/582
f 699/628/548 492/627/547 718/668/586 773/667/585
f 773/667/585 718/668/586 502/669/587 719/670/588
f 716/664/582 773/667/585 719/670/588 501/665/583
f 492/627/547 701/632/552 774/671/589 718/668/586
f 701/632/552 493/631/551 720/672/590 774/671/589
f 774/671/589 720/672/590 503/673/591 721/674/592
f 718/668/586 774/671/589 721/674/592 502/669/587
f 493/631/551 703/636/556 775/675/593 720/672/590
f 703/636/556 494/635/555 722/676/594 775/675/593
f 775/675/593 722/676/594 504/677/595 723/678/596
f 720/672/590 775/675/593 723/678/596 503/673/591
f 494/635/555 705/640/560 776/679/597 722/676/594
f 705/640/560 495/639/559 724/680/598 776/679/597
f 776/679/597 724/680/598 505/681/599 725/682/600
f 722/676/594 776/679/597 725/682/600 504/677/595
f 495/639/559 707/644/564 777/683/601 724/680/598
f 707/644/564 496/643/563 726/684/602 777/683/601
f 777/683/601 726/684/602 506/685/603 727/686/604
f 724/680/598 777/683/601 727/686/604 505/681/599
f 496/643/563 708/648/566 778/687/605 726/684/602
f 708/648/566 487/647/532 711/688/568 778/687/605
f 778/687/605 711/688/568 497/689/572 728/690/606
f 726/684/602 778/687/605 728/690/606 506/685/603
f 497/654/572 710/653/571 779/691/607 731/692/608
f 710/653/571 498/652/570 729/693/609 779/691/607
f 779/691/607 729/693/609 508/694/610 730/695/611
f 731/692/608 779/691/607 730/695/611 507/696/612
f 498/652/570 713/658/576 780/697/613 729/693/609
f 713/658/576 499/657/575 732/698/614 780/697/613
f 780/697/613 732/698/614 509/699/615 733/700/616
f 729/693/609 780/697/613 733/700/616 508/694/610
f 499/657/575 715/662/580 781/701/617 732/698/614
f 715/662/580 500/661/579 734/702/618 781/701/617
f 781/701/617 734/702/618 510/703/619 735/704/620
f 732/698/614 781/701/617 735/704/620 509/699/615
f 500/661/579 717/666/584 782/705/621 734/702/618
f 717/666/584 501/665/583 736/706/622 782/705/621
f 782/705/621 736/706/622 511/707/623 737/708/624
f 734/702/618 782/705/621 737/708/624 510/703/619
f 501/665/583 719/670/588 783/709/625 736/706/622
f 719/670/588 502/669/587 738/710/626 783/709/625
f 783/709/625 738/710/626 512/711/627 739/712/628
f 736/706/622 783/709/625 739/712/628 511/707/623
f 502/669/587 721/674/592 784/713/629 738/710/626
f 721/674/592 503/673/591 740/714/630 784/713/629
f 784/713/629 740/714/630 513/715/631 741/716/632
f 738/710/626 784/713/629 741/716/632 512/711/627
f 503/673/591 723/678/596 785/717/633 740/714/630
f 723/678/596 504/677/595 742/718/634 785/717/633
f 785/717/633 742/718/634 514/719/635 743/720/636
f 740/714/630 785/717/633 743/720/636 513/715/631
f 504/677/595 725/682/600 786/721/637 742/718/634
f 725/682/600 505/681/599 744/722/638 786/721/637
f 786/721/637 744/722/638 515/723/639 745/724/640
f 742/718/634 786/721/637 745/724/640 514/719/635
f 505/681/599 727/686/604 787/725/641 744/722/638
f 727/686/604 506/685/603 746/726/642 787/725/641
f 787/725/641 746/726/642 516/727/643 747/728/644
f 744/722/638 787/725/641 747/728/644 515/723/639
f 506/685/603 728/690/606 788/729/645 746/726/642
f 728/690/606 497/689/572 731/730/608 788/729/645
f 788/729/645 731/730/608 507/731/612 748/732/646
f 746/726/642 788/729/645 748/732/646 516/727/643
f 507/696/612 730/695/611 789/733/647 561/734/648
f 730/695/611 508/694/610 559/735/649 789/733/647
f 789/733/647 559/735/649 518/736/650 560/737/651
f 561/734/648 789/733/647 560/737/651 517/738/652
f 508/694/610 733/700/616 790/739/653 559/735/649
f 733/700/616 509/699/615 562/740/654 790/739/653
f 790/739/653 562/740/654 519/741/655 563/742/656
f 559/735/649 790/739/653 563/742/656 518/736/650
f 509/699/615 735/704/620 791/743/657 562/740/654
f 735/704/620 510/703/619 564/744/658 791/743/657
f 791/743/657 564/744/658 520/745/659 565/746/660
f 562/740/654 791/743/657 565/746/660 519/741/655
f 510/703/619 737/708/624 792/747/661 564/744/658
f 737/708/624 511/707/623 566/748/662 792/747/661
f 792/747/661 566/748/662 521/749/663 567/750/664
f 564/744/658 792/747/661 567/750/664 520/745/659
f 511/707/623 739/712/628 793/751/665 566/748/662
f 739/712/628 512/711/627 568/752/666 793/751/665
f 793/751/665 568/752/666 522/753/667 569/754/668
f 566/748/662 793/751/665 569/754/668 521/749/663
f 512/711/627 741/716/632 794/755/669 568/752/666
f 741/716/632 513/715/631 570/756/670 794/755/669
f 794/755/669 570/756/670 523/757/671 571/758/672
f 568/752/666 794/755/669 571/758/672 522/753/667
f 513/715/631 743/720/636 795/759/673 570/756/670
f 743/720/636 514/719/635 572/760/674 795/759/673
f 795/759/673 572/760/674 524/761/675 573/762/676
f 570/756/670 795/759/673 573/762/676 523/757/671
f 514/719/635 745/724/640 796/763/677 572/760/674
f 745/724/640 515/723/639 574/764/678 796/763/677
f 796/763/677 574/764/678 525/765/679 575/766/680
f 572/760/674 796/763/677 575/766/680 524/761/675
f 515/723/639 747/728/644 797/767/681 574/764/678
f 747/728/644 516/727/643 576/768/682 797/767/681
f 797/767/681 576/768/682 526/769/683 577/770/684
f 574/764/678 797/767/681 577/770/684 525/765/679
f 516/727/643 748/732/646 798/771/685 576/768/682
f 748/732/646 507/731/612 561/772/648 798/771/685
f 798/771/685 561/772/648 517/773/652 578/774/686
f 576/768/682 798/771/685 578/774/686 526/769/683
f 517/738/652 560/737/651 799/775/687 581/776/688
f 560/737/651 518/736/650 579/777/689 799/775/687
f 799/775/687 579/777/689 528/778/690 580/779/691
f 581/776/688 799/775/687 580/779/691 527/780/692
f 518/736/650 563/742/656 800/781/693 579/777/689
f 563/742/656 519/741/655 582/782/694 800/781/693
f 800/781/693 582/782/694 529/783/695 583/784/696
f 579/777/689 800/781/693 583/784/696 528/778/690
f 519/741/655 565/746/660 801/785/697 582/782/694
f 565/746/660 520/745/659 584/786/698 801/785/697
f 801/785/697 584/786/698 530/787/699 585/788/700
f 582/782/694 801/785/697 585/788/700 529/783/695
f 520/745/659 567/750/664 802/789/701 584/786/698
f 567/750/664 521/749/663 586/790/702 802/789/701
f 802/789/701 586/790/702 531/791/703 587/792/704
f 584/786/698 802/789/701 587/792/704 530/787/699
f 521/749/663 569/754/668 803/793/705 586/790/702
f 569/754/668 522/753/667 588/794/706 803/793/705
f 803/793/705 588/794/706 532/795/707 589/796/708
f 586/790/702 803/793/705 589/796/708 531/791/703
f 522/753/667 571/758/672 804/797/709 588/794/706
f 571/758/672 523/757/671 590/798/710 804/797/709
f 804/797/709 590/798/710 533/799/711 591/800/712
f 588/794/706 804/797/709 591/800/712 532/795/707
f 523/757/671 573/762/676 805/801/713 590/798/710
f 573/762/676 524/761/675 592/802/714 805/801/713
f 805/801/713 592/802/714 534/803/715 593/804/716
f 590/798/710 805/801/713 593/804/716 533/799/711
f 524/761/675 575/766/680 806/805/717 592/802/714
f 575/766/680 525/765/679 594/806/718 806/805/717
f 806/805/717 594/806/718 535/807/719 595/808/720
f 592/802/714 806/805/717 595/808/720 534/803/715
f 525/765/679 577/770/684 807/809/721 594/806/718
f 577/770/684 526/769/683 596/810/722 807/809/721
f 807/809/721 596/810/722 536/811/723 597/812/724
f 594/806/718 807/809/721 597/812/724 535/807/719
f 526/769/683 578/774/686 808/813/725 596/810/722
f 578/774/686 517/773/652 581/814/688 808/813/725
f 808/813/725 581/814/688 527/815/692 598/816/726
f 596/810/722 808/813/725 598/816/726 536/811/723
f 527/780/692 580/779/691 809/817/727 601/818/728
f 580/779/691 528/778/690 599/819/729 809/817/727
f 809/817/727 599/819/729 538/820/730 600/821/731
f 601/818/728 809/817/727 600/821/731 537/822/732
f 528/778/690 583/784/696 810/823/733 599/819/729
f 583/784/696 529/783/695 602/824/734 810/823/733
f 810/823/733 602/824/734 539/825/735 603/826/736
f 599/819/729 810/823/733 603/826/736 538/820/730
f 529/783/695 585/788/700 811/827/737 602/824/734
f 585/788/700 530/787/699 604/828/738 811/827/737
f 811/827/737 604/828/738 540/829/739 605/830/740
f 602/824/734 811/827/737 605/830/740 539/825/735
f 530/787/699 587/792/704 812/831/741 604/828/738
f 587/792/704 531/791/703 606/832/742 812/831/741
f 812/831/741 606/832/742 541/833/743 607/834/744
f 604/828/738 812/831/741 607/834/744 540/829/739
f 531/791/703 589/796/708 813/835/745 606/832/742
f 589/796/708 532/795/707 608/836/746 813/835/745
f 813/835/745 608/836/746 542/837/747 609/838/748
f 606/832/742 813/835/745 609/838/748 541/833/743
f 532/795/707 591/800/712 814/839/749 608/836/746
f 591/800/712 533/799/711 610/840/750 814/839/749
f 814/839/749 610/840/750 543/841/751 611/842/752
f 608/836/746 814/839/749 611/842/752 542/837/747
f 533/799/711 593/804/716 815/843/753 610/840/750
f 593/804/716 534/803/715 612/844/754 815/843/753
f 815/843/753 612/844/754 544/845/755 613/846/756
f 610/840/750 815/843/753 613/846/756 543/841/751
f 534/803/715 595/808/720 816/847/757 612/844/754
f 595/808/720 535/807/719 614/848/758 816/847/757
f 816/847/757 614/848/758 545/849/759 615/850/760
f 612/844/754 816/847/757 615/850/760 544/845/755
f 535/807/719 597/812/724 817/851/761 614/848/758
f 597/812/724 536/811/723 616/852/762 817/851/761
f 817/851/761 616/852/762 546/853/763 617/854/764
f 614/848/758 817/851/761 617/854/764 545/849/759
f 536/811/723 598/816/726 818/855/765 616/852/762
f 598/816/726 527/815/692 601/856/728 818/855/765
f 818/855/765 601/856/728 537/857/732 618/858/766
f 616/852/762 818/855/765 618/858/766 546/853/763
f 537/822/732 600/821/731 819/859/767 621/860/768
f 600/821/731 538/820/730 619/861/769 819/859/767
f 819/859/767 619/861/769 548/862/770 620/863/771
f 621/860/768 819/859/767 620/863/771 547/864/772
f 538/820/730 603/826/736 820/865/773 619/861/769
f 603/826/736 539/825/735 622/866/774 820/865/773
f 820/865/773 622/866/774 549/867/775 623/868/776
f 619/861/769 820/865/773 623/868/776 548/862/770
f 539/825/735 605/830/740 821/869/777 622/866/774
f 605/830/740 540/829/739 624/870/778 821/869/777
f 821/869/777 624/870/778 550/871/779 625/872/780
f 622/866/774 821/869/777 625/872/780 549/867/775
f 540/829/739 607/834/744 822/873/781 624/870/778
f 607/834/744 541/833/743 626/874/782 822/873/781
f 822/873/781 626/874/782 551/875/783 627/876/784
f 624/870/778 822/873/781 627/876/784 550/871/779
f 541/833/743 609/838/748 823/877/785 626/874/782
f 609/838/748 542/837/747 628/878/786 823/877/785
f 823/877/785 628/878/786 552/879/787 629/880/788
f 626/874/782 823/877/785 629/880/788 551/875/783
f 542/837/747 611/842/752 824/881/789 628/878/786
f 611/842/752 543/841/751 630/882/790 824/881/789
f 824/881/789 630/882/790 553/883/791 631/884/792
f 628/878/786 824/881/789 631/884/792 552/879/787
f 543/841/751 613/846/756 825/885/793 630/882/790
f 613/846/756 544/845/755 632/886/794 825/885/793
f 825/885/793 632/886/794 554/887/795 633/888/796
f 630/882/790 825/885/793 633/888/796 553/883/791
f 544/845/755 615/850/760 826/889/797 632/886/794
f 615/850/760 545/849/759 634/890/798 826/889/797
f 826/889/797 634/890/798 555/891/799 635/892/800
f 632/886/794 826/889/797 635/892/800 554/887/795
f 545/849/759 617/854/764 827/893/801 634/890/798
f 617/854/764 546/853/763 636/894/802 827/893/801
f 827/893/801 636/894/802 556/895/803 637/896/804
f 634/890/798 827/893/801 637/896/804 555/891/799
f 546/853/763 618/858/766 828/897/805 636/894/802
f 618/858/766 537/857/732 621/898/768 828/897/805
f 828/897/805 621/898/768 547/899/772 638/900/806
f 636/894/802 828/897/805 638/900/806 556/895/803
f 468/548/471 659/545/468 829/901/807 640/902/808
f 467/544/467 639/903/809 829/901/807 659/545/468
f 557/904/810 640/902/808 829/901/807 639/903/809
f 469/555/478 663/553/476 830/905/811 641/906/812
f 468/548/471 640/907/808 830/905/811 663/553/476
f 557/908/810 641/906/812 830/905/811 640/907/808
f 470/561/484 666/559/482 831/909/813 642/910/814
f 469/555/478 641/911/812 831/909/813 666/559/482
f 557/912/810 642/910/814 831/909/813 641/911/812
f 471/567/490 669/565/488 832/913/815 643/914/816
f 470/561/484 642/915/814 832/913/815 669/565/488
f 557/916/810 643/914/816 832/913/815 642/915/814
f 472/573/496 672/571/494 833/917/817 644/918/818
f 471/567/490 643/919/816 833/917/817 672/571/494
f 557/920/810 644/918/818 833/917/817 643/919/816
f 473/579/502 675/577/500 834/921/819 645/922/820
f 472/573/496 644/923/818 834/921/819 675/577/500
f 557/924/810 645/922/820 834/921/819 644/923/818
f 474/585/508 678/583/506 835/925/821 646/926/822
f 473/579/502 645/927/820 835/925/821 678/583/506
f 557/928/810 646/926/822 835/925/821 645/927/820
f 475/591/514 681/589/512 836/929/823 647/930/824
f 474/585/508 646/931/822 836/929/823 681/589/512
f 557/932/810 647/930/824 836/929/823 646/931/822
f 476/597/520 684/595/518 837/933/825 648/934/826
f 475/591/514 647/935/824 837/933/825 684/595/518
f 557/936/810 648/934/826 837/933/825 647/935/824
f 467/603/467 687/601/524 838/937/827 639/938/809
f 476/597/520 648/939/826 838/937/827 687/601/524
f 557/940/810 639/938/809 838/937/827 648/939/826
f 547/864/772 620/863/771 839/941/828 650/942/829
f 548/862/770 649/943/830 839/941/828 620/863/771
f 558/944/831 650/942/829 839/941/828 649/943/830
f 548/862/770 623/868/776 840/945/832 649/946/830
f 549/867/775 651/947/833 840/945/832 623/868/776
f 558/948/831 649/946/830 840/945/832 651/947/833
f 549/867/775 625/872/780 841/949/834 651/950/833
f 550/871/779 652/951/835 841/949/834 625/872/780
f 558/952/831 651/950/833 841/949/834 652/951/835
f 550/871/779 627/876/784 842/953/836 652/954/835
f 551/875/783 653/955/837 842/953/836 627/876/784
f 558/956/831 652/954/835 842/953/836 653/955/837
f 551/875/783 629/880/788 843/957/838 653/958/837
f 552/879/787 654/959/839 843/957/838 629/880/788
f 558/960/831 653/958/837 843/957/838 654/959/839
f 552/879/787 631/884/792 844/961/840 654/962/839
f 553/883/791 655/963/841 844/961/840 631/884/792
f 558/964/831 654/962/839 844/961/840 655/963/841
f 553/883/791 633/888/796 845/965/842 655/966/841
f 554/887/795 656/967/843 845/965/842 633/888/796
f 558/968/831 655/966/841 845/965/842 656/967/843
f 554/887/795 635/892/800 846/969/844 656/970/843
f 555/891/799 657/971/845 846/969/844 635/892/800
f 558/972/831 656/970/843 846/969/844 657/971/845
f 555/891/799 637/896/804 847/973/846 657/974/845
f 556/895/803 658/975/847 847/973/846 637/896/804
f 558/976/831 657/974/845 847/973/846 658/975/847
f 556/895/803 638/900/806 848/977/848 658/978/847
f 547/899/772 650/979/829 848/977/848 638/900/806
f 558/980/831 658/978/847 848/977/848 650/979/829
o pasted__pasted__pasted__pCone1.001
v -0.028282 0.055257 0.060069
v -0.029098 0.052926 0.057248
v -0.029219 0.052563 0.057759
v -0.028886 0.052148 0.058126
v -0.028293 0.051925 0.058134
v -0.027788 0.052025 0.057777
v -0.027666 0.052388 0.057265
v -0.028000 0.052803 0.056898
v -0.028593 0.053026 0.056891
v -0.030673 0.050145 0.054403
v -0.030616 0.050703 0.054733
v -0.030703 0.049673 0.055470
v -0.030667 0.050161 0.055910
v -0.030064 0.048882 0.056041
v -0.029958 0.049282 0.056556
v -0.029129 0.048234 0.055784
v -0.028903 0.048580 0.056292
v -0.028444 0.048107 0.054846
v -0.028121 0.048466 0.055272
v -0.028412 0.048579 0.053776
v -0.028069 0.049008 0.054093
v -0.029053 0.049372 0.053203
v -0.028779 0.049889 0.053447
v -0.029990 0.050021 0.053464
v -0.029835 0.050591 0.053712
v -0.030343 0.049263 0.055689
v -0.030140 0.048854 0.056307
v -0.030387 0.049732 0.056330
v -0.029601 0.048584 0.055838
v -0.029035 0.048086 0.056002
v -0.029436 0.048879 0.056536
v -0.028836 0.048218 0.055275
v -0.028225 0.047936 0.054893
v -0.028444 0.048439 0.055844
v -0.028496 0.048381 0.054327
v -0.028187 0.048494 0.053628
v -0.027994 0.048670 0.054657
v -0.028783 0.048978 0.053550
v -0.028945 0.049432 0.052951
v -0.028349 0.049438 0.053673
v -0.029529 0.049660 0.053403
v -0.029302 0.050291 0.053467
v -0.029985 0.051189 0.056681
v -0.029891 0.051663 0.055809
v -0.029446 0.050519 0.057208
v -0.028588 0.050046 0.057082
v -0.027915 0.050047 0.056376
v -0.027820 0.050521 0.055504
v -0.028360 0.051191 0.054976
v -0.029218 0.051664 0.055103
v -0.029233 0.052699 0.057434
v -0.028739 0.053973 0.058962
v -0.028652 0.054192 0.058699
v -0.029116 0.052270 0.057918
v -0.028562 0.053752 0.059172
v -0.028606 0.051920 0.058126
v -0.028223 0.053658 0.059207
v -0.028000 0.051853 0.057935
v -0.027921 0.053747 0.059046
v -0.027654 0.052109 0.057457
v -0.027834 0.053966 0.058783
v -0.027770 0.052538 0.056973
v -0.028011 0.054187 0.058572
v -0.028281 0.052889 0.056766
v -0.028350 0.054281 0.058538
v -0.028886 0.052955 0.056957
v -0.030860 0.050347 0.054370
v -0.030293 0.050731 0.054161
v -0.030053 0.050200 0.053259
v -0.030294 0.050024 0.053970
v -0.030630 0.049859 0.054917
v -0.030896 0.049790 0.055631
v -0.030742 0.050499 0.055347
v -0.028798 0.053824 0.058554
v -0.028741 0.053550 0.058849
v -0.028419 0.053353 0.059002
v -0.028020 0.053350 0.058923
v -0.027777 0.053542 0.058659
v -0.027833 0.053817 0.058364
v -0.028156 0.054013 0.058211
v -0.028555 0.054016 0.058289
v -0.030529 0.050363 0.053750
v -0.030983 0.050141 0.055030
v -0.030595 0.049336 0.056075
v -0.029591 0.048417 0.056275
v -0.028558 0.047922 0.055513
v -0.028101 0.048142 0.054232
v -0.028489 0.048949 0.053183
v -0.029496 0.049870 0.052984
v -0.029571 0.049114 0.054618
v -0.030020 0.051471 0.056257
v -0.029780 0.050854 0.057012
v -0.029026 0.050237 0.057228
v -0.028200 0.049983 0.056780
v -0.027786 0.050239 0.055928
v -0.028026 0.050856 0.055173
v -0.028780 0.051473 0.054956
v -0.029606 0.051727 0.055406
vn -0.7450 0.6316 -0.2146
vn -0.9066 0.4124 0.0893
vn -0.9386 0.3450 0.0026
vn -0.7549 0.6009 -0.2627
vn -0.9223 0.1446 0.3584
vn -0.9541 0.1027 0.2813
vn 0.0515 0.7361 0.6750
vn -0.7767 -0.1010 0.6218
vn -0.8223 -0.1660 0.5444
vn -0.5204 -0.3232 0.7904
vn -0.5598 -0.3460 0.7530
vn -0.1531 -0.4587 0.8753
vn -0.2035 -0.4916 0.8467
vn 0.2324 -0.5113 0.8274
vn 0.1796 -0.4729 0.8626
vn 0.6076 -0.4539 0.6517
vn 0.5575 -0.4401 0.7039
vn 0.8542 -0.3126 0.4154
vn 0.8020 -0.2192 0.5556
vn 0.9881 -0.1094 0.1079
vn 0.9744 -0.0609 0.2165
vn 0.9817 0.1221 -0.1459
vn 0.9686 0.2460 0.0374
vn 0.8519 0.3475 -0.3918
vn 0.8600 0.4127 -0.3001
vn 0.6182 0.5657 -0.5457
vn 0.6143 0.6745 -0.4095
vn 0.3000 0.7198 -0.6260
vn 0.2891 0.7535 -0.5904
vn -0.0784 0.8024 -0.5916
vn -0.0893 0.8340 -0.5445
vn -0.4485 0.7772 -0.4414
vn -0.4724 0.7422 -0.4753
vn -0.6232 -0.7028 -0.3432
vn -0.9158 0.2424 -0.3203
vn -0.7051 0.3694 -0.6052
vn -0.6105 -0.7104 -0.3502
vn -0.7078 0.6889 -0.1561
vn -0.4178 0.8004 -0.4299
vn -0.0555 0.7926 -0.6073
vn -0.3755 0.4075 -0.8324
vn -0.6070 -0.7059 -0.3649
vn -0.9983 0.0488 -0.0319
vn -0.8648 0.4752 0.1618
vn -0.6170 -0.7131 -0.3329
vn -0.6237 -0.7138 -0.3184
vn -0.9628 -0.1612 0.2170
vn -0.8615 0.2136 0.4607
vn -0.8310 -0.3768 0.4093
vn -0.7111 -0.0522 0.7011
vn -0.6117 -0.7242 -0.3185
vn -0.6089 -0.7321 -0.3054
vn -0.6139 -0.5758 0.5399
vn -0.4339 -0.2837 0.8551
vn -0.3251 -0.7445 0.5832
vn -0.0661 -0.4489 0.8911
vn -0.5978 -0.7366 -0.3162
vn -0.5873 -0.7471 -0.3115
vn 0.0258 -0.8516 0.5236
vn 0.3359 -0.5147 0.7888
vn 0.3682 -0.8642 0.3429
vn 0.6782 -0.4694 0.5655
vn -0.5843 -0.7429 -0.3268
vn -0.5721 -0.7494 -0.3333
vn 0.6471 -0.7596 0.0657
vn 0.9031 -0.3299 0.2750
vn 0.7851 -0.5670 -0.2492
vn 0.9904 -0.1372 -0.0182
vn -0.5784 -0.7399 -0.3435
vn -0.5720 -0.7386 -0.3568
vn 0.7753 -0.3172 -0.5462
vn 0.9570 0.0814 -0.2783
vn 0.6214 -0.0642 -0.7809
vn 0.8218 0.3019 -0.4831
vn -0.5835 -0.7293 -0.3573
vn -0.5858 -0.7212 -0.3698
vn 0.3527 0.1654 -0.9210
vn 0.5986 0.5098 -0.6179
vn -0.0027 0.3313 -0.9435
vn 0.2976 0.6836 -0.6664
vn -0.5966 -0.7172 -0.3601
vn -0.5974 -0.7270 -0.3385
vn -0.8754 0.4594 0.1505
vn -0.7174 0.6788 -0.1565
vn -0.8749 0.2033 0.4396
vn -0.7322 -0.0569 0.6787
vn -0.4632 -0.2797 0.8410
vn -0.1048 -0.4384 0.8926
vn 0.2938 -0.5025 0.8131
vn 0.6469 -0.4592 0.6089
vn 0.8857 -0.3247 0.3317
vn 0.9911 -0.1282 0.0344
vn 0.9684 0.0915 -0.2318
vn 0.8354 0.3189 -0.4477
vn 0.6074 0.5298 -0.5919
vn 0.2983 0.7025 -0.6462
vn -0.0642 0.8041 -0.5910
vn -0.4307 0.7994 -0.4189
vt 0.375000 0.750000
vt 0.386290 0.740093
vt 0.427083 0.833333
vt 0.437500 0.875000
vt 0.404489 0.745304
vt 0.445312 0.854167
vt 0.500000 1.000000
vt 0.418779 0.740093
vt 0.447917 0.833333
vt 0.436324 0.745296
vt 0.463542 0.854167
vt 0.451266 0.740080
vt 0.468750 0.833333
vt 0.468161 0.745280
vt 0.481771 0.854167
vt 0.483755 0.740063
vt 0.489583 0.833333
vt 0.500000 0.745264
vt 0.500000 0.854167
vt 0.516247 0.740051
vt 0.510417 0.833333
vt 0.531843 0.745258
vt 0.518229 0.854167
vt 0.548740 0.740051
vt 0.531250 0.833333
vt 0.563684 0.745264
vt 0.536458 0.854167
vt 0.581230 0.740063
vt 0.552083 0.833333
vt 0.595519 0.745280
vt 0.554688 0.854167
vt 0.613714 0.740080
vt 0.572917 0.833333
vt 0.625000 0.750000
vt 0.562500 0.875000
vt 0.634706 0.115847
vt 0.659267 0.091549
vt 0.707572 0.164828
vt 0.653654 0.186751
vt 0.675347 0.076132
vt 0.711697 0.163780
vt 0.748047 0.251429
vt 0.725518 0.250774
vt 0.690762 0.250486
vt 0.585899 0.043486
vt 0.587674 0.039847
vt 0.563574 0.097041
vt 0.500060 0.060261
vt 0.500019 0.025778
vt 0.500000 0.003563
vt 0.414179 0.043564
vt 0.412326 0.039847
vt 0.436597 0.097138
vt 0.365531 0.115968
vt 0.340887 0.091666
vt 0.324653 0.076132
vt 0.292655 0.164906
vt 0.288303 0.163780
vt 0.346705 0.186848
vt 0.309587 0.250489
vt 0.274744 0.250775
vt 0.251954 0.251429
vt 0.292412 0.336767
vt 0.288255 0.339126
vt 0.346425 0.314002
vt 0.365173 0.385358
vt 0.340522 0.410246
vt 0.324557 0.426823
vt 0.413935 0.458580
vt 0.412278 0.463162
vt 0.436317 0.404251
vt 0.500056 0.441402
vt 0.500018 0.476478
vt 0.500000 0.499502
vt 0.586136 0.458652
vt 0.587722 0.463162
vt 0.563847 0.404340
vt 0.635055 0.385469
vt 0.659623 0.410354
vt 0.675443 0.426822
vt 0.707809 0.336838
vt 0.711745 0.339126
vt 0.653926 0.314092
vt 0.500149 0.250426
vt 0.252022 0.504043
vt 0.283032 0.504079
vt 0.336829 0.627040
vt 0.313511 0.627022
vt 0.314043 0.504115
vt 0.360143 0.627049
vt 0.345027 0.504079
vt 0.383451 0.627040
vt 0.376011 0.504043
vt 0.406756 0.627018
vt 0.407000 0.503975
vt 0.430062 0.626988
vt 0.437988 0.503907
vt 0.453371 0.626953
vt 0.468994 0.503839
vt 0.476685 0.626920
vt 0.500000 0.503771
vt 0.500001 0.626890
vt 0.531018 0.503742
vt 0.523321 0.626871
vt 0.562036 0.503713
vt 0.546642 0.626864
vt 0.593047 0.503742
vt 0.569961 0.626871
vt 0.624057 0.503771
vt 0.593276 0.626890
vt 0.655046 0.503839
vt 0.616585 0.626920
vt 0.686035 0.503907
vt 0.639890 0.626954
vt 0.717007 0.503975
vt 0.663191 0.626988
vt 0.747978 0.504043
vt 0.686489 0.627022
s 1
usemtl pasted__lambert2
f 850/981/849 899/982/850 922/983/851 901/984/852
f 851/985/853 900/986/854 922/983/851 899/982/850
f 849/987/855 901/984/852 922/983/851 900/986/854
f 851/985/853 902/988/856 923/989/857 900/986/854
f 852/990/858 903/991/859 923/989/857 902/988/856
f 849/987/855 900/986/854 923/989/857 903/991/859
f 852/990/858 904/992/860 924/993/861 903/991/859
f 853/994/862 905/995/863 924/993/861 904/992/860
f 849/987/855 903/991/859 924/993/861 905/995/863
f 853/994/862 906/996/864 925/997/865 905/995/863
f 854/998/866 907/999/867 925/997/865 906/996/864
f 849/987/855 905/995/863 925/997/865 907/999/867
f 854/998/866 908/1000/868 926/1001/869 907/999/867
f 855/1002/870 909/1003/871 926/1001/869 908/1000/868
f 849/987/855 907/999/867 926/1001/869 909/1003/871
f 855/1002/870 910/1004/872 927/1005/873 909/1003/871
f 856/1006/874 911/1007/875 927/1005/873 910/1004/872
f 849/987/855 909/1003/871 927/1005/873 911/1007/875
f 856/1006/874 912/1008/876 928/1009/877 911/1007/875
f 857/1010/878 913/1011/879 928/1009/877 912/1008/876
f 849/987/855 911/1007/875 928/1009/877 913/1011/879
f 857/1010/878 914/1012/880 929/1013/881 913/1011/879
f 850/1014/849 901/1015/852 929/1013/881 914/1012/880
f 849/987/855 913/1011/879 929/1013/881 901/1015/852
f 858/1016/882 915/1017/883 930/1018/884 918/1019/885
f 915/1017/883 859/1020/886 916/1021/887 930/1018/884
f 930/1018/884 916/1021/887 873/1022/888 917/1023/889
f 918/1019/885 930/1018/884 917/1023/889 872/1024/890
f 859/1020/886 915/1017/883 931/1025/891 921/1026/892
f 915/1017/883 858/1016/882 919/1027/893 931/1025/891
f 931/1025/891 919/1027/893 860/1028/894 920/1029/895
f 921/1026/892 931/1025/891 920/1029/895 861/1030/896
f 861/1030/896 920/1029/895 932/1031/897 876/1032/898
f 920/1029/895 860/1028/894 874/1033/899 932/1031/897
f 932/1031/897 874/1033/899 862/1034/900 875/1035/901
f 876/1032/898 932/1031/897 875/1035/901 863/1036/902
f 863/1036/902 875/1035/901 933/1037/903 879/1038/904
f 875/1035/901 862/1034/900 877/1039/905 933/1037/903
f 933/1037/903 877/1039/905 864/1040/906 878/1041/907
f 879/1038/904 933/1037/903 878/1041/907 865/1042/908
f 865/1042/908 878/1041/907 934/1043/909 882/1044/910
f 878/1041/907 864/1040/906 880/1045/911 934/1043/909
f 934/1043/909 880/1045/911 866/1046/912 881/1047/913
f 882/1044/910 934/1043/909 881/1047/913 867/1048/914
f 867/1048/914 881/1047/913 935/1049/915 885/1050/916
f 881/1047/913 866/1046/912 883/1051/917 935/1049/915
f 935/1049/915 883/1051/917 868/1052/918 884/1053/919
f 885/1050/916 935/1049/915 884/1053/919 869/1054/920
f 869/1054/920 884/1053/919 936/1055/921 888/1056/922
f 884/1053/919 868/1052/918 886/1057/923 936/1055/921
f 936/1055/921 886/1057/923 870/1058/924 887/1059/925
f 888/1056/922 936/1055/921 887/1059/925 871/1060/926
f 871/1060/926 887/1059/925 937/1061/927 890/1062/928
f 887/1059/925 870/1058/924 889/1063/929 937/1061/927
f 937/1061/927 889/1063/929 872/1024/890 917/1023/889
f 890/1062/928 937/1061/927 917/1023/889 873/1022/888
f 858/1016/882 918/1019/885 938/1064/930 919/1027/893
f 872/1024/890 889/1063/929 938/1064/930 918/1019/885
f 870/1058/924 886/1057/923 938/1064/930 889/1063/929
f 868/1052/918 883/1051/917 938/1064/930 886/1057/923
f 866/1046/912 880/1045/911 938/1064/930 883/1051/917
f 864/1040/906 877/1039/905 938/1064/930 880/1045/911
f 862/1034/900 874/1033/899 938/1064/930 877/1039/905
f 860/1028/894 919/1027/893 938/1064/930 874/1033/899
f 859/1065/886 921/1066/892 939/1067/931 892/1068/932
f 921/1066/892 861/1069/896 891/1070/933 939/1067/931
f 939/1067/931 891/1070/933 851/985/853 899/982/850
f 892/1068/932 939/1067/931 899/982/850 850/981/849
f 861/1069/896 876/1071/898 940/1072/934 891/1070/933
f 876/1071/898 863/1073/902 893/1074/935 940/1072/934
f 940/1072/934 893/1074/935 852/990/858 902/988/856
f 891/1070/933 940/1072/934 902/988/856 851/985/853
f 863/1073/902 879/1075/904 941/1076/936 893/1074/935
f 879/1075/904 865/1077/908 894/1078/937 941/1076/936
f 941/1076/936 894/1078/937 853/994/862 904/992/860
f 893/1074/935 941/1076/936 904/992/860 852/990/858
f 865/1077/908 882/1079/910 942/1080/938 894/1078/937
f 882/1079/910 867/1081/914 895/1082/939 942/1080/938
f 942/1080/938 895/1082/939 854/998/866 906/996/864
f 894/1078/937 942/1080/938 906/996/864 853/994/862
f 867/1081/914 885/1083/916 943/1084/940 895/1082/939
f 885/1083/916 869/1085/920 896/1086/941 943/1084/940
f 943/1084/940 896/1086/941 855/1002/870 908/1000/868
f 895/1082/939 943/1084/940 908/1000/868 854/998/866
f 869/1085/920 888/1087/922 944/1088/942 896/1086/941
f 888/1087/922 871/1089/926 897/1090/943 944/1088/942
f 944/1088/942 897/1090/943 856/1006/874 910/1004/872
f 896/1086/941 944/1088/942 910/1004/872 855/1002/870
f 871/1089/926 890/1091/928 945/1092/944 897/1090/943
f 890/1091/928 873/1093/888 898/1094/945 945/1092/944
f 945/1092/944 898/1094/945 857/1010/878 912/1008/876
f 897/1090/943 945/1092/944 912/1008/876 856/1006/874
f 873/1093/888 916/1095/887 946/1096/946 898/1094/945
f 916/1095/887 859/1097/886 892/1098/932 946/1096/946
f 946/1096/946 892/1098/932 850/1014/849 914/1012/880
f 898/1094/945 946/1096/946 914/1012/880 857/1010/878
o pasted__pCube2
v 0.002983 0.067756 -0.063525
v 0.003038 0.067756 -0.063525
v -0.000870 0.089312 -0.094397
v -0.000815 0.089312 -0.094397
v 0.005567 0.053349 -0.093444
v 0.005621 0.053349 -0.093444
v 0.004824 0.050709 -0.071695
v 0.004879 0.050709 -0.071695
v 0.001673 0.069768 -0.087446
v 0.001728 0.069768 -0.087446
v 0.003294 0.061781 -0.068378
v 0.003240 0.061781 -0.068378
v -0.000544 0.084563 -0.083092
v -0.000489 0.084563 -0.083092
v 0.002368 0.066928 -0.077650
v 0.005050 0.053849 -0.088794
v 0.004995 0.053849 -0.088794
v 0.002313 0.066928 -0.077650
vn -0.0000 0.8709 0.4914
vn -0.0000 0.7947 0.6070
vn -0.0000 0.9220 0.3873
vn -0.0000 -0.3073 -0.9516
vn -0.0001 0.2361 -0.9717
vn -0.0000 0.3431 -0.9393
vn -0.0000 -0.9943 0.1071
vn 0.0001 -0.9963 -0.0855
vn -0.0000 -0.9869 -0.1613
vn -0.0000 -0.2870 0.9579
vn -0.0000 -0.3338 0.9426
vn 0.0001 -0.5893 0.8079
vn 0.9878 0.1555 0.0107
vn 0.9877 0.1555 -0.0146
vn 0.9827 0.1836 0.0255
vn 0.9790 0.2019 0.0280
vn -0.9827 -0.1835 -0.0255
vn -0.9877 -0.1555 0.0146
vn -0.9878 -0.1555 -0.0107
vn -0.9790 -0.2020 -0.0280
vn -0.0000 -0.3351 -0.9422
vn 0.9894 0.1451 0.0035
vn 0.9892 0.1461 0.0072
vn -0.0000 -0.6304 0.7763
vn -0.9894 -0.1451 -0.0035
vn -0.9892 -0.1461 -0.0072
vn -0.0000 0.7586 0.6516
vn 0.9901 0.1292 -0.0545
vn 0.9882 0.1529 0.0025
vn 0.9867 0.1609 0.0223
vn -0.0000 -0.9835 -0.1807
vn -0.9867 -0.1609 -0.0223
vn -0.9882 -0.1529 -0.0025
vn -0.9901 -0.1292 0.0545
vt 0.375000 0.125000
vt 0.625000 0.125000
vt 0.625000 0.250000
vt 0.375000 0.250000
vt 0.375000 0.375000
vt 0.625000 0.375000
vt 0.625000 0.500000
vt 0.375000 0.500000
vt 0.625000 0.625000
vt 0.375000 0.625000
vt 0.375000 0.750000
vt 0.625000 0.750000
vt 0.625000 0.875000
vt 0.375000 0.875000
vt 0.750000 0.250000
vt 0.750000 0.125000
vt 0.875000 0.125000
vt 0.875000 0.250000
vt 0.125000 0.125000
vt 0.250000 0.125000
vt 0.250000 0.250000
vt 0.125000 0.250000
vt 0.625000 1.000000
vt 0.375000 1.000000
vt 0.375000 0.000000
vt 0.625000 0.000000
vt 0.750000 0.000000
vt 0.875000 0.000000
vt 0.125000 0.000000
vt 0.250000 0.000000
s 1
usemtl pasted__phong1
f 959/1099/947 960/1100/948 950/1101/949 949/1102/949
f 955/1103/950 956/1104/951 952/1105/952 951/1106/952
f 951/1106/953 952/1105/953 962/1107/954 963/1108/955
f 953/1109/956 954/1110/956 957/1111/957 958/1112/958
f 956/1113/959 961/1114/960 962/1115/961 952/1116/962
f 963/1117/963 964/1118/964 955/1119/965 951/1120/966
f 949/1102/967 950/1101/967 956/1104/951 955/1103/950
f 960/1100/968 961/1114/960 956/1113/959 950/1101/969
f 958/1112/958 957/1111/957 948/1121/970 947/1122/970
f 955/1119/965 964/1118/964 959/1099/971 949/1102/972
f 947/1123/973 948/1124/973 960/1100/948 959/1099/947
f 948/1124/974 957/1125/975 961/1114/960 960/1100/968
f 962/1115/961 961/1114/960 957/1125/975 954/1126/976
f 963/1108/955 962/1107/954 954/1110/977 953/1109/977
f 953/1127/978 958/1128/979 964/1118/964 963/1117/963
f 959/1099/971 964/1118/964 958/1128/979 947/1123/980
o pasted__pCube3
v 0.004618 0.081640 -0.043521
v 0.004763 0.081640 -0.043521
v 0.003108 0.122480 -0.071927
v 0.003254 0.122480 -0.071927
v -0.000883 0.089021 -0.093377
v -0.000737 0.089021 -0.093377
v 0.001857 0.069718 -0.061073
v 0.002003 0.069718 -0.061073
v -0.000550 0.100801 -0.079470
v -0.000404 0.100801 -0.079470
v 0.003333 0.074949 -0.055304
v 0.003187 0.074949 -0.055304
v 0.001857 0.111688 -0.072840
v 0.002003 0.111688 -0.072840
v 0.004763 0.079262 -0.050977
v 0.004618 0.079262 -0.050977
v 0.004528 0.112413 -0.062300
v 0.004674 0.112413 -0.062300
v 0.002003 0.093196 -0.069757
v 0.000223 0.087813 -0.074448
v 0.000792 0.085261 -0.082986
v 0.000646 0.085261 -0.082986
v 0.000077 0.087813 -0.074448
v 0.001857 0.093196 -0.069757
vn 0.0023 0.5800 0.8146
vn -0.0000 0.5606 0.8281
vn -0.0000 0.6911 0.7227
vn -0.0000 0.6956 -0.7185
vn -0.0000 0.6518 -0.7584
vn -0.0000 0.7630 -0.6463
vn -0.0000 -0.9403 -0.3403
vn -0.0000 -0.8445 -0.5355
vn -0.0000 -0.8715 -0.4904
vn -0.0000 -0.7408 0.6717
vn -0.0000 -0.7209 0.6931
vn -0.0000 -0.7324 0.6809
vn 0.9802 -0.0034 -0.1979
vn 0.9916 0.0110 -0.1285
vn 0.9960 0.0689 -0.0573
vn 0.9952 0.0868 -0.0450
vn -0.9960 -0.0689 0.0573
vn -0.9916 -0.0110 0.1285
vn -0.9802 0.0035 0.1979
vn -0.9952 -0.0868 0.0450
vn -0.0000 0.3861 -0.9225
vn -0.0000 0.2600 -0.9656
vn 0.9670 -0.0581 -0.2481
vn 0.9798 -0.0601 -0.1910
vn -0.0000 -0.8967 0.4426
vn -0.0000 -0.8487 0.5288
vn -0.9798 0.0601 0.1910
vn -0.9670 0.0581 0.2481
vn -0.0000 0.0843 -0.9964
vn 0.9829 -0.0484 -0.1774
vn 0.9686 -0.0593 -0.2414
vn -0.0000 -0.9527 0.3038
vn -0.9829 0.0484 0.1774
vn -0.9686 0.0593 0.2414
vn -0.0000 0.5209 0.8536
vn 0.9918 -0.0388 -0.1215
vn 0.9881 -0.0539 -0.1441
vn 0.9850 -0.0473 -0.1657
vn 0.9962 0.0419 -0.0758
vn -0.0000 -0.8156 -0.5786
vn -0.9962 -0.0419 0.0758
vn -0.9850 0.0473 0.1657
vn -0.9881 0.0539 0.1441
vn -0.9918 0.0388 0.1215
vt 0.375000 0.125000
vt 0.625000 0.125000
vt 0.625000 0.250000
vt 0.375000 0.250000
vt 0.375000 0.375000
vt 0.625000 0.375000
vt 0.625000 0.500000
vt 0.375000 0.500000
vt 0.625000 0.625000
vt 0.375000 0.625000
vt 0.375000 0.750000
vt 0.625000 0.750000
vt 0.625000 0.875000
vt 0.375000 0.875000
vt 0.750000 0.250000
vt 0.750000 0.125000
vt 0.875000 0.125000
vt 0.875000 0.250000
vt 0.125000 0.125000
vt 0.250000 0.125000
vt 0.250000 0.250000
vt 0.125000 0.250000
vt 0.375000 0.312500
vt 0.625000 0.312500
vt 0.687500 0.250000
vt 0.687500 0.125000
vt 0.625000 0.937500
vt 0.375000 0.937500
vt 0.312500 0.125000
vt 0.312500 0.250000
vt 0.625000 1.000000
vt 0.375000 1.000000
vt 0.375000 0.000000
vt 0.625000 0.000000
vt 0.687500 0.000000
vt 0.750000 0.000000
vt 0.875000 0.000000
vt 0.125000 0.000000
vt 0.250000 0.000000
vt 0.312500 0.000000
s 1
usemtl pasted__phong1
f 981/1129/981 982/1130/982 968/1131/983 967/1132/983
f 973/1133/984 974/1134/985 970/1135/986 969/1136/986
f 969/1136/987 970/1135/987 985/1137/988 986/1138/989
f 971/1139/990 972/1140/990 975/1141/991 976/1142/992
f 974/1143/993 984/1144/994 985/1145/995 970/1146/996
f 986/1147/997 987/1148/998 973/1149/999 969/1150/1000
f 977/1151/1001 978/1152/1002 974/1134/985 973/1133/984
f 978/1153/1003 983/1154/1004 984/1144/994 974/1143/993
f 976/1142/992 975/1141/991 979/1155/1005 980/1156/1006
f 973/1149/999 987/1148/998 988/1157/1007 977/1158/1008
f 967/1132/1009 968/1131/1009 978/1152/1002 977/1151/1001
f 982/1130/1010 983/1154/1004 978/1153/1003 968/1131/1011
f 980/1156/1006 979/1155/1005 966/1159/1012 965/1160/1012
f 977/1158/1008 988/1157/1007 981/1129/1013 967/1132/1014
f 965/1161/1015 966/1162/1015 982/1130/982 981/1129/981
f 966/1162/1016 979/1163/1017 983/1154/1004 982/1130/1010
f 984/1144/994 983/1154/1004 979/1163/1017 975/1164/1018
f 985/1145/995 984/1144/994 975/1164/1018 972/1165/1019
f 986/1138/989 985/1137/988 972/1140/1020 971/1139/1020
f 971/1166/1021 976/1167/1022 987/1148/998 986/1147/997
f 988/1157/1007 987/1148/998 976/1167/1022 980/1168/1023
f 981/1129/1013 988/1157/1007 980/1168/1023 965/1161/1024
o pasted__pCone2
v -0.036290 0.046693 0.079059
v -0.033519 0.046276 0.075714
v -0.033034 0.045753 0.076094
v -0.032321 0.045819 0.076426
v -0.031814 0.046440 0.076594
v -0.031833 0.047253 0.076484
v -0.032368 0.047783 0.076138
v -0.033092 0.047711 0.075657
v -0.033519 0.047049 0.075424
v -0.029956 0.045001 0.070539
v -0.029337 0.044087 0.071569
v -0.028157 0.044174 0.072056
v -0.027289 0.045336 0.072646
v -0.027469 0.046822 0.072409
v -0.028466 0.047786 0.071645
v -0.029695 0.047604 0.069935
v -0.029950 0.046149 0.068861
v -0.026476 0.043754 0.063396
v -0.027049 0.043794 0.064342
v -0.025588 0.042624 0.065108
v -0.026144 0.042502 0.066028
v -0.024054 0.042610 0.066069
v -0.024372 0.042421 0.066741
v -0.023250 0.044154 0.068085
v -0.023364 0.044215 0.069291
v -0.024168 0.046018 0.067875
v -0.024440 0.046309 0.068746
v -0.025613 0.047192 0.066575
v -0.025958 0.047646 0.067525
v -0.026961 0.046878 0.063672
v -0.027615 0.047362 0.064397
v -0.027002 0.045137 0.061129
v -0.027572 0.045206 0.061106
v -0.029997 0.045532 0.069549
v -0.026630 0.043643 0.063400
v -0.027340 0.044428 0.062345
v -0.027233 0.045079 0.059970
v -0.026551 0.044430 0.062263
v -0.026039 0.043369 0.064756
v -0.025696 0.042264 0.065189
v -0.026691 0.043086 0.065481
v -0.024947 0.042691 0.065360
v -0.023831 0.042184 0.065937
v -0.025286 0.042240 0.066249
v -0.023660 0.043437 0.066881
v -0.022804 0.044061 0.068790
v -0.023654 0.043167 0.068097
v -0.023775 0.045085 0.067890
v -0.024025 0.046226 0.068201
v -0.023734 0.045301 0.069298
v -0.024931 0.046493 0.067060
v -0.025613 0.047609 0.066915
v -0.025160 0.047127 0.068265
v -0.026275 0.046977 0.065428
v -0.027325 0.047307 0.063587
v -0.026897 0.047760 0.066196
v -0.026917 0.045885 0.062243
v -0.027751 0.046348 0.062246
v -0.027505 0.043183 0.068522
v -0.028272 0.044303 0.067123
v -0.026005 0.043184 0.069129
v -0.025043 0.044696 0.070710
v -0.025673 0.046531 0.070312
v -0.026959 0.047709 0.069293
v -0.028433 0.047470 0.066791
v -0.028525 0.045607 0.064564
v -0.033247 0.045947 0.075829
v -0.034800 0.046214 0.077741
v -0.035110 0.046521 0.077551
v -0.032584 0.045690 0.076204
v -0.034372 0.046251 0.077945
v -0.031908 0.046069 0.076476
v -0.034077 0.046611 0.078045
v -0.031637 0.046860 0.076511
v -0.034088 0.047082 0.077982
v -0.031943 0.047602 0.076270
v -0.034398 0.047389 0.077792
v -0.032645 0.047859 0.075818
v -0.034826 0.047352 0.077588
v -0.033276 0.047448 0.075403
v -0.035121 0.046992 0.077488
v -0.033507 0.046657 0.075445
v -0.029734 0.044472 0.071177
v -0.031196 0.044994 0.074065
v -0.031753 0.045714 0.073390
v -0.028769 0.043985 0.071821
v -0.030255 0.045089 0.074475
v -0.027627 0.044660 0.072395
v -0.029549 0.045966 0.074701
v -0.027252 0.046094 0.072617
v -0.029574 0.047115 0.074546
v -0.027891 0.047412 0.072126
v -0.030330 0.047863 0.074007
v -0.029141 0.047869 0.070843
v -0.031315 0.047740 0.072998
v -0.029907 0.046935 0.069132
v -0.031705 0.046699 0.072515
v -0.034668 0.046284 0.077329
v -0.034207 0.046116 0.077575
v -0.033757 0.046363 0.077765
v -0.033579 0.046881 0.077787
v -0.033779 0.047367 0.077630
v -0.034239 0.047535 0.077384
v -0.034690 0.047288 0.077194
v -0.034868 0.046770 0.077171
v -0.031545 0.045286 0.073775
v -0.030737 0.044932 0.074294
v -0.029836 0.045457 0.074623
v -0.029462 0.046549 0.074671
v -0.029884 0.047573 0.074338
v -0.030854 0.047928 0.073512
v -0.031574 0.047274 0.072612
v -0.031786 0.046182 0.072872
v -0.026958 0.044290 0.061271
v -0.026259 0.042891 0.064613
v -0.024794 0.041989 0.065407
v -0.023084 0.042968 0.067450
v -0.023241 0.045185 0.068804
v -0.024788 0.047072 0.067691
v -0.026586 0.047723 0.065513
v -0.027448 0.046256 0.061241
v -0.025384 0.044795 0.065231
v -0.027982 0.043676 0.068040
v -0.026781 0.042997 0.068764
v -0.025367 0.043814 0.069982
v -0.025207 0.045641 0.070697
v -0.026256 0.047252 0.069922
v -0.027785 0.047810 0.068189
v -0.028602 0.046600 0.065277
v -0.028434 0.044894 0.065572
vn -0.7166 -0.5245 -0.4597
vn -0.5961 -0.7458 -0.2975
vn -0.5461 -0.7605 -0.3512
vn -0.7192 -0.4697 -0.5120
vn -0.3608 -0.9319 -0.0367
vn -0.3260 -0.9449 -0.0292
vn -0.6031 0.0444 0.7965
vn -0.0517 -0.9526 0.2997
vn -0.0359 -0.9653 0.2587
vn 0.2352 -0.8016 0.5497
vn 0.1863 -0.7771 0.6012
vn 0.4467 -0.5459 0.7088
vn 0.4094 -0.5350 0.7390
vn 0.5650 -0.2272 0.7932
vn 0.4263 -0.1798 0.8866
vn 0.6187 0.1240 0.7758
vn 0.5233 0.1279 0.8425
vn 0.5478 0.4603 0.6986
vn 0.3658 0.4207 0.8302
vn 0.4109 0.7614 0.5014
vn 0.3221 0.7227 0.6115
vn 0.1587 0.9506 0.2667
vn 0.0542 0.8674 0.4947
vn -0.1001 0.9950 -0.0013
vn -0.1479 0.9848 0.0914
vn -0.4129 0.8763 -0.2482
vn -0.4443 0.8921 -0.0823
vn -0.6902 0.5553 -0.4639
vn -0.6505 0.6123 -0.4495
vn -0.8154 0.1631 -0.5555
vn -0.7884 0.2946 -0.5401
vn -0.8065 -0.2738 -0.5239
vn -0.7765 -0.1708 -0.6066
vn -0.7449 -0.6099 -0.2705
vn -0.6708 -0.7106 -0.2124
vn -0.6395 -0.7281 -0.2467
vn -0.7397 -0.5716 -0.3550
vn -0.4465 -0.8948 -0.0024
vn -0.4123 -0.9110 0.0039
vn -0.0666 -0.9554 0.2876
vn -0.0557 -0.9461 0.3190
vn 0.2108 -0.8538 0.4761
vn 0.2445 -0.8066 0.5382
vn 0.3900 -0.6842 0.6163
vn 0.4485 -0.5880 0.6731
vn 0.6005 -0.2917 0.7445
vn 0.6079 -0.2529 0.7527
vn 0.6949 0.2366 0.6791
vn 0.6745 0.1448 0.7240
vn 0.6497 0.5458 0.5291
vn 0.6290 0.4859 0.6068
vn 0.4972 0.7936 0.3506
vn 0.4672 0.7799 0.4165
vn 0.2283 0.9648 0.1304
vn 0.2087 0.9629 0.1713
vn -0.0588 0.9966 -0.0569
vn -0.0677 0.9966 -0.0468
vn -0.4488 0.8585 -0.2482
vn -0.4144 0.8699 -0.2675
vn -0.8194 0.4413 -0.3660
vn -0.7492 0.4972 -0.4376
vn -0.9348 -0.0887 -0.3440
vn -0.8845 0.0197 -0.4660
vn -0.8239 -0.4857 -0.2920
vn -0.8252 -0.3873 -0.4112
vn 0.8631 -0.3768 -0.3361
vn -0.3273 -0.8987 -0.2920
vn -0.1512 -0.8579 -0.4910
vn 0.9369 0.0288 -0.3485
vn -0.6982 -0.6953 -0.1707
vn -0.7793 -0.6004 -0.1793
vn -0.9394 -0.2291 -0.2549
vn -0.0723 -0.0874 -0.9935
vn 0.9262 0.2283 -0.3002
vn -0.4408 -0.8006 -0.4059
vn -0.6906 -0.7001 -0.1813
vn 0.7753 -0.2400 -0.5842
vn 0.4655 -0.0449 -0.8839
vn -0.3545 -0.8783 -0.3208
vn -0.4888 -0.8720 -0.0253
vn 0.1522 -0.9521 -0.2652
vn -0.1102 -0.9673 0.2282
vn 0.6155 0.1165 -0.7795
vn 0.6944 0.2206 -0.6850
vn 0.5689 -0.8121 -0.1299
vn 0.1120 -0.9216 0.3716
vn 0.8080 -0.5873 0.0459
vn 0.2439 -0.8362 0.4912
vn 0.7628 0.3130 -0.5658
vn 0.7919 0.3585 -0.4943
vn 0.9415 -0.2379 0.2387
vn 0.5291 -0.4544 0.7166
vn 0.8789 0.4710 0.0759
vn 0.6800 0.4290 0.5946
vn 0.7877 0.3479 -0.5084
vn 0.7847 0.3391 -0.5190
vn 0.7934 0.6066 -0.0507
vn 0.6180 0.6744 0.4040
vn 0.7012 0.7059 -0.1001
vn 0.5066 0.8176 0.2736
vn 0.7754 0.3570 -0.5209
vn 0.7671 0.3764 -0.5195
vn 0.5122 0.8348 -0.2020
vn 0.2251 0.9704 0.0871
vn 0.3735 0.8773 -0.3014
vn -0.0960 0.9927 -0.0725
vn 0.8196 0.4060 -0.4042
vn 0.8409 0.4368 -0.3194
vn 0.2111 0.8836 -0.4179
vn -0.5620 0.7951 -0.2279
vn 0.1097 0.7620 -0.6382
vn -0.9010 0.3235 -0.2890
vn 0.8795 0.3532 -0.3189
vn 0.8409 0.2435 -0.4833
vn -0.6865 -0.7016 -0.1911
vn -0.7313 -0.6497 -0.2077
vn -0.4734 -0.8806 -0.0187
vn -0.0942 -0.9647 0.2461
vn 0.1506 -0.8988 0.4116
vn 0.3055 -0.7771 0.5502
vn 0.5750 -0.3457 0.7416
vn 0.6886 0.3569 0.6312
vn 0.6362 0.6231 0.4549
vn 0.5062 0.8073 0.3033
vn 0.2315 0.9669 0.1075
vn -0.0729 0.9956 -0.0588
vn -0.5024 0.8348 -0.2249
vn -0.8666 0.3937 -0.3067
vn -0.9482 -0.1728 -0.2666
vn -0.8019 -0.5592 -0.2101
vt 0.375000 0.750000
vt 0.392904 0.755208
vt 0.427083 0.833333
vt 0.437500 0.875000
vt 0.410156 0.760417
vt 0.445312 0.854167
vt 0.500000 1.000000
vt 0.423503 0.755208
vt 0.447917 0.833333
vt 0.440104 0.760417
vt 0.463542 0.854167
vt 0.454102 0.755208
vt 0.468750 0.833333
vt 0.470052 0.760417
vt 0.481771 0.854167
vt 0.484701 0.755208
vt 0.489583 0.833333
vt 0.500000 0.760417
vt 0.500000 0.854167
vt 0.515299 0.755208
vt 0.510417 0.833333
vt 0.529948 0.760417
vt 0.518229 0.854167
vt 0.545898 0.755208
vt 0.531250 0.833333
vt 0.559896 0.760417
vt 0.536458 0.854167
vt 0.576497 0.755208
vt 0.552083 0.833333
vt 0.589844 0.760417
vt 0.554688 0.854167
vt 0.607096 0.755208
vt 0.572917 0.833333
vt 0.625000 0.750000
vt 0.562500 0.875000
vt 0.312500 0.625000
vt 0.336027 0.625203
vt 0.363281 0.687500
vt 0.343750 0.687500
vt 0.359461 0.625244
vt 0.382812 0.687500
vt 0.382920 0.625382
vt 0.402344 0.687500
vt 0.406368 0.625471
vt 0.421875 0.687500
vt 0.429769 0.625364
vt 0.441406 0.687500
vt 0.453158 0.625207
vt 0.460938 0.687500
vt 0.476572 0.625146
vt 0.480469 0.687500
vt 0.500000 0.625136
vt 0.500000 0.687500
vt 0.523429 0.625132
vt 0.519531 0.687500
vt 0.546857 0.625139
vt 0.539062 0.687500
vt 0.570281 0.625160
vt 0.558594 0.687500
vt 0.593694 0.625207
vt 0.578125 0.687500
vt 0.617091 0.625290
vt 0.597656 0.687500
vt 0.640496 0.625343
vt 0.617188 0.687500
vt 0.663936 0.625301
vt 0.636719 0.687500
vt 0.687500 0.625000
vt 0.656250 0.687500
vt 0.638331 0.114859
vt 0.661854 0.091791
vt 0.710425 0.165429
vt 0.658103 0.187373
vt 0.674323 0.078140
vt 0.710423 0.164456
vt 0.746523 0.250773
vt 0.728196 0.250980
vt 0.695105 0.251019
vt 0.587087 0.041097
vt 0.586385 0.040944
vt 0.565950 0.093715
vt 0.501584 0.056151
vt 0.500631 0.021785
vt 0.498447 0.003748
vt 0.416989 0.042293
vt 0.416469 0.042359
vt 0.438285 0.094503
vt 0.366998 0.116401
vt 0.344895 0.093757
vt 0.334491 0.080971
vt 0.293081 0.167307
vt 0.292535 0.166184
vt 0.345367 0.188858
vt 0.305550 0.252627
vt 0.270994 0.252426
vt 0.250579 0.251397
vt 0.288079 0.338594
vt 0.287368 0.339280
vt 0.341699 0.316418
vt 0.361517 0.388608
vt 0.337471 0.412711
vt 0.324157 0.427163
vt 0.412303 0.461679
vt 0.412078 0.463582
vt 0.434623 0.408123
vt 0.500150 0.445205
vt 0.499888 0.479751
vt 0.500000 0.500000
vt 0.587537 0.461183
vt 0.587271 0.463851
vt 0.566069 0.407369
vt 0.638494 0.387407
vt 0.662133 0.411797
vt 0.674542 0.427702
vt 0.710559 0.337416
vt 0.710532 0.339238
vt 0.658216 0.314967
vt 0.501133 0.251263
vt 0.250846 0.501691
vt 0.281965 0.501624
vt 0.308951 0.563312
vt 0.281673 0.563346
vt 0.313084 0.501557
vt 0.336281 0.563475
vt 0.344612 0.503057
vt 0.363712 0.564029
vt 0.376139 0.504558
vt 0.391099 0.564386
vt 0.406899 0.502913
vt 0.418293 0.563956
vt 0.437658 0.501268
vt 0.445443 0.563327
vt 0.468829 0.501166
vt 0.472696 0.563083
vt 0.500000 0.501065
vt 0.500002 0.563044
vt 0.531184 0.501058
vt 0.527311 0.563029
vt 0.562369 0.501052
vt 0.554615 0.563055
vt 0.593496 0.501280
vt 0.581904 0.563140
vt 0.624623 0.501508
vt 0.609152 0.563327
vt 0.655475 0.502317
vt 0.636331 0.563658
vt 0.686328 0.503126
vt 0.663547 0.563872
vt 0.717741 0.502409
vt 0.690902 0.563704
vt 0.749154 0.501691
vt 0.718327 0.563346
s 1
usemtl pasted__lambert2
f 990/1169/1025 1055/1170/1026 1086/1171/1027 1057/1172/1028
f 991/1173/1029 1056/1174/1030 1086/1171/1027 1055/1170/1026
f 989/1175/1031 1057/1172/1028 1086/1171/1027 1056/1174/1030
f 991/1173/1029 1058/1176/1032 1087/1177/1033 1056/1174/1030
f 992/1178/1034 1059/1179/1035 1087/1177/1033 1058/1176/1032
f 989/1175/1031 1056/1174/1030 1087/1177/1033 1059/1179/1035
f 992/1178/1034 1060/1180/1036 1088/1181/1037 1059/1179/1035
f 993/1182/1038 1061/1183/1039 1088/1181/1037 1060/1180/1036
f 989/1175/1031 1059/1179/1035 1088/1181/1037 1061/1183/1039
f 993/1182/1038 1062/1184/1040 1089/1185/1041 1061/1183/1039
f 994/1186/1042 1063/1187/1043 1089/1185/1041 1062/1184/1040
f 989/1175/1031 1061/1183/1039 1089/1185/1041 1063/1187/1043
f 994/1186/1042 1064/1188/1044 1090/1189/1045 1063/1187/1043
f 995/1190/1046 1065/1191/1047 1090/1189/1045 1064/1188/1044
f 989/1175/1031 1063/1187/1043 1090/1189/1045 1065/1191/1047
f 995/1190/1046 1066/1192/1048 1091/1193/1049 1065/1191/1047
f 996/1194/1050 1067/1195/1051 1091/1193/1049 1066/1192/1048
f 989/1175/1031 1065/1191/1047 1091/1193/1049 1067/1195/1051
f 996/1194/1050 1068/1196/1052 1092/1197/1053 1067/1195/1051
f 997/1198/1054 1069/1199/1055 1092/1197/1053 1068/1196/1052
f 989/1175/1031 1067/1195/1051 1092/1197/1053 1069/1199/1055
f 997/1198/1054 1070/1200/1056 1093/1201/1057 1069/1199/1055
f 990/1202/1025 1057/1203/1028 1093/1201/1057 1070/1200/1056
f 989/1175/1031 1069/1199/1055 1093/1201/1057 1057/1203/1028
f 998/1204/1058 1071/1205/1059 1094/1206/1060 1073/1207/1061
f 1071/1205/1059 999/1208/1062 1072/1209/1063 1094/1206/1060
f 1094/1206/1060 1072/1209/1063 991/1173/1029 1055/1170/1026
f 1073/1207/1061 1094/1206/1060 1055/1170/1026 990/1169/1025
f 999/1208/1062 1074/1210/1064 1095/1211/1065 1072/1209/1063
f 1074/1210/1064 1000/1212/1066 1075/1213/1067 1095/1211/1065
f 1095/1211/1065 1075/1213/1067 992/1178/1034 1058/1176/1032
f 1072/1209/1063 1095/1211/1065 1058/1176/1032 991/1173/1029
f 1000/1212/1066 1076/1214/1068 1096/1215/1069 1075/1213/1067
f 1076/1214/1068 1001/1216/1070 1077/1217/1071 1096/1215/1069
f 1096/1215/1069 1077/1217/1071 993/1182/1038 1060/1180/1036
f 1075/1213/1067 1096/1215/1069 1060/1180/1036 992/1178/1034
f 1001/1216/1070 1078/1218/1072 1097/1219/1073 1077/1217/1071
f 1078/1218/1072 1002/1220/1074 1079/1221/1075 1097/1219/1073
f 1097/1219/1073 1079/1221/1075 994/1186/1042 1062/1184/1040
f 1077/1217/1071 1097/1219/1073 1062/1184/1040 993/1182/1038
f 1002/1220/1074 1080/1222/1076 1098/1223/1077 1079/1221/1075
f 1080/1222/1076 1003/1224/1078 1081/1225/1079 1098/1223/1077
f 1098/1223/1077 1081/1225/1079 995/1190/1046 1064/1188/1044
f 1079/1221/1075 1098/1223/1077 1064/1188/1044 994/1186/1042
f 1003/1224/1078 1082/1226/1080 1099/1227/1081 1081/1225/1079
f 1082/1226/1080 1004/1228/1082 1083/1229/1083 1099/1227/1081
f 1099/1227/1081 1083/1229/1083 996/1194/1050 1066/1192/1048
f 1081/1225/1079 1099/1227/1081 1066/1192/1048 995/1190/1046
f 1004/1228/1082 1084/1230/1084 1100/1231/1085 1083/1229/1083
f 1084/1230/1084 1005/1232/1086 1085/1233/1087 1100/1231/1085
f 1100/1231/1085 1085/1233/1087 997/1198/1054 1068/1196/1052
f 1083/1229/1083 1100/1231/1085 1068/1196/1052 996/1194/1050
f 1005/1232/1086 1022/1234/1088 1101/1235/1089 1085/1233/1087
f 1022/1234/1088 998/1236/1058 1073/1237/1061 1101/1235/1089
f 1101/1235/1089 1073/1237/1061 990/1202/1025 1070/1200/1056
f 1085/1233/1087 1101/1235/1089 1070/1200/1056 997/1198/1054
f 1006/1238/1090 1023/1239/1091 1102/1240/1092 1026/1241/1093
f 1023/1239/1091 1007/1242/1094 1024/1243/1095 1102/1240/1092
f 1102/1240/1092 1024/1243/1095 1021/1244/1096 1025/1245/1097
f 1026/1241/1093 1102/1240/1092 1025/1245/1097 1020/1246/1098
f 1007/1242/1094 1023/1239/1091 1103/1247/1099 1029/1248/1100
f 1023/1239/1091 1006/1238/1090 1027/1249/1101 1103/1247/1099
f 1103/1247/1099 1027/1249/1101 1008/1250/1102 1028/1251/1103
f 1029/1248/1100 1103/1247/1099 1028/1251/1103 1009/1252/1104
f 1009/1252/1104 1028/1251/1103 1104/1253/1105 1032/1254/1106
f 1028/1251/1103 1008/1250/1102 1030/1255/1107 1104/1253/1105
f 1104/1253/1105 1030/1255/1107 1010/1256/1108 1031/1257/1109
f 1032/1254/1106 1104/1253/1105 1031/1257/1109 1011/1258/1110
f 1011/1258/1110 1031/1257/1109 1105/1259/1111 1035/1260/1112
f 1031/1257/1109 1010/1256/1108 1033/1261/1113 1105/1259/1111
f 1105/1259/1111 1033/1261/1113 1012/1262/1114 1034/1263/1115
f 1035/1260/1112 1105/1259/1111 1034/1263/1115 1013/1264/1116
f 1013/1264/1116 1034/1263/1115 1106/1265/1117 1038/1266/1118
f 1034/1263/1115 1012/1262/1114 1036/1267/1119 1106/1265/1117
f 1106/1265/1117 1036/1267/1119 1014/1268/1120 1037/1269/1121
f 1038/1266/1118 1106/1265/1117 1037/1269/1121 1015/1270/1122
f 1015/1270/1122 1037/1269/1121 1107/1271/1123 1041/1272/1124
f 1037/1269/1121 1014/1268/1120 1039/1273/1125 1107/1271/1123
f 1107/1271/1123 1039/1273/1125 1016/1274/1126 1040/1275/1127
f 1041/1272/1124 1107/1271/1123 1040/1275/1127 1017/1276/1128
f 1017/1276/1128 1040/1275/1127 1108/1277/1129 1044/1278/1130
f 1040/1275/1127 1016/1274/1126 1042/1279/1131 1108/1277/1129
f 1108/1277/1129 1042/1279/1131 1018/1280/1132 1043/1281/1133
f 1044/1278/1130 1108/1277/1129 1043/1281/1133 1019/1282/1134
f 1019/1282/1134 1043/1281/1133 1109/1283/1135 1046/1284/1136
f 1043/1281/1133 1018/1280/1132 1045/1285/1137 1109/1283/1135
f 1109/1283/1135 1045/1285/1137 1020/1246/1098 1025/1245/1097
f 1046/1284/1136 1109/1283/1135 1025/1245/1097 1021/1244/1096
f 1006/1238/1090 1026/1241/1093 1110/1286/1138 1027/1249/1101
f 1020/1246/1098 1045/1285/1137 1110/1286/1138 1026/1241/1093
f 1018/1280/1132 1042/1279/1131 1110/1286/1138 1045/1285/1137
f 1016/1274/1126 1039/1273/1125 1110/1286/1138 1042/1279/1131
f 1014/1268/1120 1036/1267/1119 1110/1286/1138 1039/1273/1125
f 1012/1262/1114 1033/1261/1113 1110/1286/1138 1036/1267/1119
f 1010/1256/1108 1030/1255/1107 1110/1286/1138 1033/1261/1113
f 1008/1250/1102 1027/1249/1101 1110/1286/1138 1030/1255/1107
f 1007/1287/1094 1029/1288/1100 1111/1289/1139 1048/1290/1140
f 1029/1288/1100 1009/1291/1104 1047/1292/1141 1111/1289/1139
f 1111/1289/1139 1047/1292/1141 999/1208/1062 1071/1205/1059
f 1048/1290/1140 1111/1289/1139 1071/1205/1059 998/1204/1058
f 1009/1291/1104 1032/1293/1106 1112/1294/1142 1047/1292/1141
f 1032/1293/1106 1011/1295/1110 1049/1296/1143 1112/1294/1142
f 1112/1294/1142 1049/1296/1143 1000/1212/1066 1074/1210/1064
f 1047/1292/1141 1112/1294/1142 1074/1210/1064 999/1208/1062
f 1011/1295/1110 1035/1297/1112 1113/1298/1144 1049/1296/1143
f 1035/1297/1112 1013/1299/1116 1050/1300/1145 1113/1298/1144
f 1113/1298/1144 1050/1300/1145 1001/1216/1070 1076/1214/1068
f 1049/1296/1143 1113/1298/1144 1076/1214/1068 1000/1212/1066
f 1013/1299/1116 1038/1301/1118 1114/1302/1146 1050/1300/1145
f 1038/1301/1118 1015/1303/1122 1051/1304/1147 1114/1302/1146
f 1114/1302/1146 1051/1304/1147 1002/1220/1074 1078/1218/1072
f 1050/1300/1145 1114/1302/1146 1078/1218/1072 1001/1216/1070
f 1015/1303/1122 1041/1305/1124 1115/1306/1148 1051/1304/1147
f 1041/1305/1124 1017/1307/1128 1052/1308/1149 1115/1306/1148
f 1115/1306/1148 1052/1308/1149 1003/1224/1078 1080/1222/1076
f 1051/1304/1147 1115/1306/1148 1080/1222/1076 1002/1220/1074
f 1017/1307/1128 1044/1309/1130 1116/1310/1150 1052/1308/1149
f 1044/1309/1130 1019/1311/1134 1053/1312/1151 1116/1310/1150
f 1116/1310/1150 1053/1312/1151 1004/1228/1082 1082/1226/1080
f 1052/1308/1149 1116/1310/1150 1082/1226/1080 1003/1224/1078
f 1019/1311/1134 1046/1313/1136 1117/1314/1152 1053/1312/1151
f 1046/1313/1136 1021/1315/1096 1054/1316/1153 1117/1314/1152
f 1117/1314/1152 1054/1316/1153 1005/1232/1086 1084/1230/1084
f 1053/1312/1151 1117/1314/1152 1084/1230/1084 1004/1228/1082
f 1021/1315/1096 1024/1317/1095 1118/1318/1154 1054/1316/1153
f 1024/1317/1095 1007/1319/1094 1048/1320/1140 1118/1318/1154
f 1118/1318/1154 1048/1320/1140 998/1236/1058 1022/1234/1088
f 1054/1316/1153 1118/1318/1154 1022/1234/1088 1005/1232/1086
o pasted__pasted__pSphere3
v 0.015156 0.062989 0.013811
v 0.013750 0.064062 0.013991
v 0.013173 0.065561 0.014754
v 0.013645 0.066913 0.015808
v 0.014987 0.067602 0.016750
v 0.016685 0.067365 0.017221
v 0.018091 0.066291 0.017041
v 0.018668 0.064792 0.016278
v 0.018196 0.063440 0.015224
v 0.016854 0.062751 0.014282
v 0.015169 0.062287 0.010507
v 0.012546 0.064289 0.010843
v 0.011470 0.067084 0.012265
v 0.012351 0.069606 0.014231
v 0.014853 0.070890 0.015988
v 0.018020 0.070447 0.016866
v 0.020642 0.068445 0.016530
v 0.021719 0.065650 0.015107
v 0.020838 0.063128 0.013142
v 0.018336 0.061844 0.011385
v 0.015690 0.062619 0.006439
v 0.012080 0.065374 0.006902
v 0.010599 0.069222 0.008860
v 0.011812 0.072692 0.011565
v 0.015255 0.074461 0.013983
v 0.019614 0.073851 0.015192
v 0.023223 0.071095 0.014729
v 0.024705 0.067248 0.012771
v 0.023492 0.063777 0.010066
v 0.020049 0.062009 0.007648
v 0.016677 0.063986 0.002054
v 0.012434 0.067225 0.002598
v 0.010693 0.071749 0.004899
v 0.012119 0.075829 0.008079
v 0.016167 0.077907 0.010922
v 0.021291 0.077190 0.012343
v 0.025534 0.073951 0.011799
v 0.027275 0.069428 0.009497
v 0.025850 0.065348 0.006318
v 0.021802 0.063269 0.003474
v 0.018036 0.066256 -0.002221
v 0.013574 0.069661 -0.001649
v 0.011743 0.074417 0.000771
v 0.013242 0.078707 0.004115
v 0.017498 0.080893 0.007104
v 0.022886 0.080139 0.008598
v 0.027348 0.076733 0.008026
v 0.029179 0.071977 0.005606
v 0.027680 0.067687 0.002262
v 0.023424 0.065502 -0.000727
v 0.019631 0.069204 -0.005966
v 0.015388 0.072443 -0.005422
v 0.013647 0.076966 -0.003120
v 0.015072 0.081046 0.000060
v 0.019120 0.083125 0.002903
v 0.024245 0.082408 0.004324
v 0.028488 0.079169 0.003779
v 0.030229 0.074646 0.001478
v 0.028803 0.070566 -0.001702
v 0.024755 0.068487 -0.004545
v 0.021308 0.072544 -0.008815
v 0.017699 0.075299 -0.008352
v 0.016217 0.079146 -0.006394
v 0.017430 0.082617 -0.003689
v 0.020874 0.084385 -0.001271
v 0.025232 0.083775 -0.000062
v 0.028842 0.081020 -0.000525
v 0.030323 0.077172 -0.002483
v 0.029110 0.073702 -0.005188
v 0.025667 0.071934 -0.007606
v 0.022902 0.075947 -0.010489
v 0.020280 0.077949 -0.010152
v 0.019203 0.080744 -0.008730
v 0.020084 0.083266 -0.006765
v 0.022586 0.084550 -0.005008
v 0.025753 0.084107 -0.004130
v 0.028376 0.082106 -0.004466
v 0.029452 0.079310 -0.005888
v 0.028571 0.076788 -0.007854
v 0.026069 0.075504 -0.009611
v 0.024237 0.079030 -0.010844
v 0.022831 0.080103 -0.010664
v 0.022254 0.081602 -0.009901
v 0.022726 0.082954 -0.008847
v 0.024068 0.083643 -0.007905
v 0.025766 0.083406 -0.007434
v 0.027172 0.082332 -0.007614
v 0.027749 0.080833 -0.008377
v 0.027277 0.079481 -0.009431
v 0.025935 0.078792 -0.010373
v 0.015662 0.064720 0.016218
v 0.025260 0.081674 -0.009841
v 0.014407 0.071025 -0.003618
v 0.017288 0.070574 -0.005938
v 0.018813 0.067662 -0.004184
v 0.012599 0.075723 -0.001228
v 0.014145 0.074649 -0.004444
v 0.014079 0.079959 0.002073
v 0.013980 0.079167 -0.001566
v 0.018283 0.082118 0.005026
v 0.016854 0.082400 0.001597
v 0.023604 0.081373 0.006501
v 0.021670 0.083115 0.003836
v 0.028010 0.078010 0.005936
v 0.026588 0.081038 0.004296
v 0.029818 0.073313 0.003546
v 0.029730 0.076962 0.002801
v 0.028338 0.069076 0.000244
v 0.029896 0.072445 -0.000077
v 0.024134 0.066918 -0.002708
v 0.027022 0.069211 -0.003239
v 0.022206 0.068497 -0.005478
v 0.016495 0.073879 -0.007012
v 0.019315 0.073709 -0.008791
v 0.020470 0.070845 -0.007522
v 0.014864 0.078117 -0.004856
v 0.016642 0.077176 -0.007520
v 0.016199 0.081939 -0.001877
v 0.016501 0.081018 -0.005072
v 0.019991 0.083886 0.000787
v 0.018945 0.083769 -0.002382
v 0.024791 0.083214 0.002118
v 0.023042 0.084377 -0.000477
v 0.028766 0.080180 0.001608
v 0.027226 0.082610 -0.000086
v 0.030398 0.075943 -0.000548
v 0.029899 0.079143 -0.001357
v 0.029062 0.072120 -0.003527
v 0.030040 0.075301 -0.003805
v 0.025270 0.070173 -0.006191
v 0.027595 0.072550 -0.006495
v 0.023498 0.071942 -0.008400
v 0.018971 0.076666 -0.009406
v 0.021454 0.076793 -0.010472
v 0.022125 0.074258 -0.009811
v 0.017676 0.080029 -0.007695
v 0.019512 0.079312 -0.009548
v 0.018736 0.083062 -0.005331
v 0.019409 0.082104 -0.007769
v 0.021746 0.084607 -0.003218
v 0.021185 0.084103 -0.005815
v 0.025555 0.084074 -0.002161
v 0.024162 0.084545 -0.004431
v 0.028710 0.081666 -0.002566
v 0.027202 0.083261 -0.004147
v 0.030004 0.078304 -0.004277
v 0.029144 0.080742 -0.005070
v 0.028944 0.075270 -0.006641
v 0.029246 0.077950 -0.006849
v 0.025935 0.073725 -0.008755
v 0.027470 0.075952 -0.008803
v 0.024493 0.075510 -0.010187
v 0.021593 0.079114 -0.010568
v 0.023422 0.079437 -0.010858
v 0.023618 0.077568 -0.010828
v 0.020762 0.081273 -0.009469
v 0.022358 0.080817 -0.010352
v 0.021442 0.083220 -0.007952
v 0.022302 0.082347 -0.009378
v 0.023374 0.084212 -0.006595
v 0.023275 0.083442 -0.008307
v 0.025820 0.083870 -0.005916
v 0.024906 0.083684 -0.007549
v 0.027845 0.082324 -0.006176
v 0.026571 0.082981 -0.007393
v 0.028677 0.080165 -0.007275
v 0.027635 0.081601 -0.007899
v 0.027996 0.078217 -0.008793
v 0.027691 0.080071 -0.008873
v 0.026064 0.077225 -0.010150
v 0.026718 0.078976 -0.009944
v 0.025087 0.078734 -0.010702
v 0.015321 0.063636 0.014970
v 0.014513 0.064253 0.015074
v 0.014181 0.065115 0.015512
v 0.014453 0.065892 0.016118
v 0.015224 0.066288 0.016660
v 0.016200 0.066152 0.016930
v 0.017008 0.065535 0.016827
v 0.017340 0.064673 0.016388
v 0.017069 0.063896 0.015782
v 0.016297 0.063500 0.015241
v 0.023914 0.080859 -0.010449
v 0.024722 0.080242 -0.010553
v 0.023582 0.081721 -0.010011
v 0.023853 0.082498 -0.009405
v 0.024625 0.082894 -0.008864
v 0.025601 0.082758 -0.008593
v 0.026409 0.082141 -0.008697
v 0.026741 0.081279 -0.009135
v 0.026469 0.080502 -0.009741
v 0.025698 0.080106 -0.010283
v 0.014351 0.063414 0.013770
v 0.013077 0.064070 0.012553
v 0.013720 0.063133 0.010524
v 0.015102 0.062524 0.012294
v 0.013287 0.064794 0.014276
v 0.012245 0.066229 0.013652
v 0.011778 0.065652 0.011447
v 0.013231 0.066323 0.015250
v 0.012926 0.068177 0.015170
v 0.011676 0.068444 0.013226
v 0.014204 0.067418 0.016321
v 0.014858 0.069169 0.016527
v 0.013452 0.070443 0.015181
v 0.015835 0.067660 0.017079
v 0.017304 0.068827 0.017205
v 0.016429 0.070884 0.016564
v 0.017500 0.066957 0.017235
v 0.019329 0.067281 0.016945
v 0.019468 0.069601 0.016849
v 0.018564 0.065577 0.016729
v 0.020160 0.065122 0.015847
v 0.021410 0.067082 0.015925
v 0.018620 0.064047 0.015755
v 0.019480 0.063174 0.014329
v 0.021513 0.064290 0.014146
v 0.017647 0.062952 0.014684
v 0.017548 0.062182 0.012972
v 0.019737 0.062291 0.012192
v 0.016016 0.062710 0.013926
v 0.016760 0.061850 0.010808
v 0.012212 0.064728 0.008943
v 0.013696 0.063784 0.006463
v 0.015367 0.062320 0.008538
v 0.010918 0.068090 0.010654
v 0.011023 0.067251 0.007734
v 0.011978 0.071124 0.013018
v 0.010882 0.071094 0.010182
v 0.014987 0.072669 0.015132
v 0.013327 0.073844 0.012872
v 0.018797 0.072136 0.016188
v 0.017424 0.074452 0.014777
v 0.021951 0.069728 0.015783
v 0.021607 0.072685 0.015168
v 0.023246 0.066365 0.014072
v 0.024280 0.069219 0.013897
v 0.022186 0.063332 0.011708
v 0.024421 0.065376 0.011449
v 0.019176 0.061787 0.009595
v 0.021977 0.062625 0.008759
v 0.017880 0.062017 0.006854
v 0.012156 0.066214 0.004769
v 0.014334 0.065356 0.002081
v 0.016131 0.063180 0.004259
v 0.010524 0.070452 0.006925
v 0.011192 0.069432 0.003576
v 0.011860 0.074274 0.009904
v 0.011026 0.073949 0.006454
v 0.015652 0.076221 0.012568
v 0.013900 0.077183 0.009616
v 0.020452 0.075549 0.013899
v 0.018716 0.077897 0.011855
v 0.024427 0.072515 0.013389
v 0.023634 0.075820 0.012315
v 0.026058 0.068278 0.011233
v 0.026777 0.071745 0.010821
v 0.024723 0.064455 0.008254
v 0.026942 0.067227 0.007943
v 0.020931 0.062508 0.005590
v 0.024068 0.063994 0.004780
v 0.019252 0.063279 0.002542
v 0.012912 0.068384 0.000441
v 0.015572 0.067696 -0.002192
v 0.017318 0.065021 -0.000124
v 0.011104 0.073081 0.002831
v 0.012268 0.071981 -0.000621
v 0.012584 0.077318 0.006133
v 0.012093 0.076731 0.002406
v 0.016788 0.079477 0.009085
v 0.015115 0.080131 0.005731
v 0.022109 0.078732 0.010561
v 0.020179 0.080882 0.008085
v 0.026515 0.075369 0.009996
v 0.025350 0.078699 0.008569
v 0.028323 0.070672 0.007606
v 0.028654 0.074413 0.006998
v 0.026843 0.066435 0.004304
v 0.028829 0.069663 0.003971
v 0.022639 0.064276 0.001351
v 0.025807 0.066263 0.000646
v 0.020743 0.065512 -0.001708
v 0.013983 0.063178 0.012307
v 0.012483 0.065123 0.013020
v 0.012404 0.067280 0.014394
v 0.013776 0.068823 0.015903
v 0.016075 0.069164 0.016972
v 0.018422 0.068173 0.017192
v 0.019922 0.066227 0.016478
v 0.020001 0.064071 0.015105
v 0.018630 0.062528 0.013595
v 0.016331 0.062187 0.012527
v 0.013625 0.063338 0.008559
v 0.011289 0.066368 0.009670
v 0.011165 0.069726 0.011810
v 0.013302 0.072130 0.014161
v 0.016882 0.072662 0.015825
v 0.020539 0.071118 0.016167
v 0.022875 0.068088 0.015056
v 0.022998 0.064729 0.012917
v 0.020862 0.062325 0.010566
v 0.017281 0.061794 0.008901
v 0.013935 0.064463 0.004286
v 0.010992 0.068281 0.005685
v 0.010836 0.072513 0.008382
v 0.013529 0.075542 0.011344
v 0.018040 0.076212 0.013441
v 0.022648 0.074266 0.013873
v 0.025591 0.070448 0.012473
v 0.025747 0.066216 0.009777
v 0.023054 0.063187 0.006814
v 0.018543 0.062517 0.004717
v 0.014884 0.066443 -0.000095
v 0.011621 0.070675 0.001456
v 0.011449 0.075366 0.004445
v 0.014434 0.078724 0.007729
v 0.019435 0.079467 0.010054
v 0.024542 0.077310 0.010532
v 0.027805 0.073077 0.008980
v 0.027978 0.068386 0.005991
v 0.024993 0.065029 0.002707
v 0.019992 0.064286 0.000383
v 0.016380 0.069084 -0.004155
v 0.013117 0.073317 -0.002603
v 0.012944 0.078008 0.000386
v 0.015929 0.081366 0.003670
v 0.020930 0.082108 0.005995
v 0.026038 0.079951 0.006472
v 0.029301 0.075719 0.004921
v 0.029473 0.071028 0.001932
v 0.026488 0.067670 -0.001352
v 0.021487 0.066927 -0.003677
v 0.018274 0.072128 -0.007495
v 0.015331 0.075946 -0.006096
v 0.015175 0.080178 -0.003399
v 0.017868 0.083207 -0.000437
v 0.022379 0.083877 0.001660
v 0.026987 0.081931 0.002092
v 0.029930 0.078113 0.000692
v 0.030086 0.073881 -0.002004
v 0.027393 0.070852 -0.004967
v 0.022882 0.070182 -0.007064
v 0.020383 0.075277 -0.009790
v 0.018047 0.078306 -0.008679
v 0.017924 0.081665 -0.006540
v 0.020060 0.084069 -0.004189
v 0.023641 0.084600 -0.002524
v 0.027297 0.083056 -0.002182
v 0.029633 0.080026 -0.003293
v 0.029757 0.076668 -0.005433
v 0.027620 0.074264 -0.007784
v 0.024040 0.073732 -0.009448
v 0.022500 0.078221 -0.010815
v 0.021000 0.080167 -0.010101
v 0.020921 0.082323 -0.008728
v 0.022292 0.083866 -0.007218
v 0.024591 0.084208 -0.006149
v 0.026939 0.083216 -0.005930
v 0.028439 0.081271 -0.006643
v 0.028518 0.079115 -0.008017
v 0.027146 0.077571 -0.009526
v 0.024847 0.077230 -0.010595
v 0.014761 0.063782 0.014774
v 0.014071 0.064675 0.015102
v 0.014035 0.065666 0.015733
v 0.014665 0.066375 0.016427
v 0.015721 0.066532 0.016918
v 0.016800 0.066076 0.017019
v 0.017489 0.065183 0.016691
v 0.017526 0.064192 0.016060
v 0.016895 0.063483 0.015366
v 0.015839 0.063326 0.014875
v 0.024122 0.080318 -0.010642
v 0.023433 0.081212 -0.010314
v 0.023396 0.082202 -0.009683
v 0.024027 0.082911 -0.008989
v 0.025083 0.083068 -0.008498
v 0.026161 0.082613 -0.008397
v 0.026851 0.081719 -0.008725
v 0.026887 0.080728 -0.009356
v 0.026257 0.080019 -0.010050
v 0.025201 0.079862 -0.010541
vn -0.3926 -0.8542 0.3409
vn -0.5429 -0.7683 0.3391
vn -0.5845 -0.7939 0.1673
vn -0.3968 -0.9030 0.1650
vn -0.6623 -0.6483 0.3755
vn -0.7361 -0.6440 0.2085
vn -0.7803 -0.6227 0.0577
vn -0.6060 -0.7954 0.0092
vn -0.3896 -0.9209 0.0075
vn -0.7439 -0.5076 0.4347
vn -0.8360 -0.4678 0.2869
vn -0.7730 -0.3608 0.5218
vn -0.8753 -0.2822 0.3926
vn -0.9406 -0.2063 0.2696
vn -0.8957 -0.4196 0.1470
vn -0.7546 -0.2186 0.6188
vn -0.8493 -0.1063 0.5172
vn -0.6824 -0.1014 0.7239
vn -0.7613 0.0441 0.6468
vn -0.8094 0.1694 0.5623
vn -0.9110 -0.0031 0.4124
vn -0.5707 -0.0117 0.8211
vn -0.6193 0.1525 0.7702
vn -0.4251 0.0307 0.9046
vn -0.4376 0.2103 0.8742
vn -0.4367 0.3608 0.8241
vn -0.6460 0.2951 0.7040
vn -0.2626 0.0340 0.9643
vn -0.2339 0.2097 0.9494
vn -0.0994 -0.0149 0.9949
vn -0.0278 0.1529 0.9878
vn 0.0351 0.2947 0.9549
vn -0.2019 0.3610 0.9104
vn 0.0520 -0.0989 0.9937
vn 0.1597 0.0435 0.9862
vn 0.1703 -0.2208 0.9603
vn 0.3115 -0.1061 0.9443
vn 0.4258 -0.0035 0.9048
vn 0.2516 0.1695 0.9529
vn 0.2530 -0.3596 0.8981
vn 0.4111 -0.2827 0.8666
vn 0.2810 -0.5083 0.8140
vn 0.4507 -0.4678 0.7603
vn 0.5861 -0.4199 0.6929
vn 0.5414 -0.2063 0.8151
vn 0.2637 -0.6486 0.7140
vn 0.4244 -0.6442 0.6363
vn 0.1904 -0.7677 0.6119
vn 0.3367 -0.7941 0.5060
vn 0.4549 -0.7956 0.4001
vn 0.5566 -0.6229 0.5497
vn 0.0798 -0.8554 0.5117
vn 0.1944 -0.9029 0.3833
vn -0.0669 -0.8998 0.4312
vn 0.0130 -0.9603 0.2786
vn 0.0822 -0.9870 0.1384
vn 0.2916 -0.9211 0.2581
vn -0.2283 -0.9012 0.3685
vn -0.1910 -0.9601 0.2041
vn -0.1524 -0.9870 0.0516
vn -0.6121 -0.7799 -0.1310
vn -0.3750 -0.9174 -0.1329
vn -0.8032 -0.5906 -0.0780
vn -0.8100 -0.5536 -0.1933
vn -0.6076 -0.7541 -0.2494
vn -0.3565 -0.8998 -0.2515
vn -0.9296 -0.3680 0.0200
vn -0.9789 -0.1342 0.1543
vn -0.9961 -0.0702 0.0527
vn -0.9439 -0.3178 -0.0895
vn -0.9464 0.0885 0.3108
vn -0.8350 0.2775 0.4751
vn -0.8438 0.3660 0.3926
vn -0.9617 0.1657 0.2185
vn -0.6559 0.4152 0.6303
vn -0.4266 0.4872 0.7620
vn -0.4111 0.5881 0.6965
vn -0.6540 0.5118 0.5570
vn -0.1693 0.4874 0.8566
vn 0.0905 0.4149 0.9054
vn 0.1366 0.5115 0.8484
vn -0.1386 0.5883 0.7967
vn 0.3277 0.2776 0.9031
vn 0.5186 0.0880 0.8505
vn 0.5902 0.1653 0.7902
vn 0.3879 0.3660 0.8460
vn 0.6452 -0.1343 0.7521
vn 0.6944 -0.3684 0.6182
vn 0.7763 -0.3182 0.5442
vn 0.7242 -0.0702 0.6860
vn 0.6620 -0.5908 0.4613
vn 0.5505 -0.7801 0.2974
vn 0.6239 -0.7543 0.2043
vn 0.7419 -0.5538 0.3780
vn 0.3716 -0.9175 0.1417
vn 0.1421 -0.9898 0.0104
vn 0.1912 -0.9765 -0.0996
vn 0.4343 -0.8999 0.0395
vn -0.1151 -0.9898 -0.0845
vn -0.0811 -0.9764 -0.2002
vn -0.5963 -0.7223 -0.3505
vn -0.3359 -0.8734 -0.3527
vn -0.8062 -0.5144 -0.2923
vn -0.7948 -0.4737 -0.3793
vn -0.5801 -0.6863 -0.4388
vn -0.3138 -0.8408 -0.4410
vn -0.9450 -0.2699 -0.1846
vn -0.9992 -0.0130 -0.0372
vn -0.9922 0.0390 -0.1184
vn -0.9368 -0.2237 -0.2691
vn -0.9634 0.2315 0.1348
vn -0.8412 0.4393 0.3153
vn -0.8306 0.5016 0.2420
vn -0.9556 0.2890 0.0575
vn -0.6444 0.5904 0.4859
vn -0.3925 0.6697 0.6305
vn -0.3717 0.7371 0.5643
vn -0.6294 0.6561 0.4164
vn -0.1099 0.6698 0.7344
vn 0.1755 0.5902 0.7880
vn 0.2091 0.6559 0.7253
vn -0.0828 0.7372 0.6706
vn 0.4360 0.4392 0.7855
vn 0.6459 0.2312 0.7276
vn 0.6901 0.2887 0.6636
vn 0.4755 0.5014 0.7228
vn 0.7848 -0.0131 0.6196
vn 0.8389 -0.2702 0.4725
vn 0.8875 -0.2240 0.4027
vn 0.8321 0.0389 0.5532
vn 0.8032 -0.5145 0.3001
vn 0.6809 -0.7225 0.1200
vn 0.7259 -0.6865 0.0423
vn 0.8510 -0.4739 0.2265
vn 0.4842 -0.8735 -0.0509
vn 0.2322 -0.9529 -0.1952
vn 0.2670 -0.9221 -0.2800
vn 0.5248 -0.8409 -0.1324
vn -0.0503 -0.9528 -0.2994
vn -0.0218 -0.9220 -0.3866
vn -0.5601 -0.6468 -0.5177
vn -0.2905 -0.8032 -0.5201
vn -0.7774 -0.4316 -0.4576
vn -0.7544 -0.3874 -0.5299
vn -0.5363 -0.6034 -0.5901
vn -0.2657 -0.7604 -0.5926
vn -0.9211 -0.1785 -0.3460
vn -0.9772 0.0874 -0.1936
vn -0.9550 0.1337 -0.2648
vn -0.8987 -0.1334 -0.4178
vn -0.9401 0.3405 -0.0155
vn -0.8136 0.5556 0.1713
vn -0.7908 0.6036 0.1015
vn -0.9178 0.3876 -0.0859
vn -0.6099 0.7120 0.3479
vn -0.3492 0.7941 0.4975
vn -0.3245 0.8430 0.4290
vn -0.5864 0.7605 0.2789
vn -0.0567 0.7941 0.6051
vn 0.2388 0.7118 0.6605
vn 0.2657 0.7604 0.5926
vn -0.0309 0.8430 0.5371
vn 0.5084 0.5555 0.6580
vn 0.7257 0.3402 0.5980
vn 0.7544 0.3874 0.5299
vn 0.5363 0.6034 0.5901
vn 0.8694 0.0872 0.4864
vn 0.9255 -0.1788 0.3340
vn 0.9550 -0.1337 0.2648
vn 0.8987 0.1334 0.4178
vn 0.8885 -0.4317 0.1557
vn 0.7619 -0.6470 -0.0308
vn 0.7908 -0.6036 -0.1015
vn 0.9178 -0.3876 0.0859
vn 0.5583 -0.8032 -0.2077
vn 0.2974 -0.8854 -0.3571
vn 0.3245 -0.8430 -0.4290
vn 0.5864 -0.7605 -0.2789
vn 0.0050 -0.8854 -0.4649
vn 0.0309 -0.8430 -0.5371
vn -0.5084 -0.5555 -0.6580
vn -0.2388 -0.7118 -0.6605
vn -0.7257 -0.3402 -0.5981
vn -0.6901 -0.2887 -0.6636
vn -0.4755 -0.5015 -0.7228
vn -0.2091 -0.6559 -0.7253
vn -0.8694 -0.0872 -0.4864
vn -0.9255 0.1788 -0.3340
vn -0.8875 0.2240 -0.4027
vn -0.8321 -0.0389 -0.5532
vn -0.8885 0.4317 -0.1557
vn -0.7619 0.6469 0.0309
vn -0.7259 0.6865 -0.0423
vn -0.8510 0.4739 -0.2265
vn -0.5583 0.8033 0.2076
vn -0.2974 0.8855 0.3571
vn -0.2670 0.9221 0.2800
vn -0.5248 0.8409 0.1325
vn -0.0050 0.8854 0.4649
vn 0.2905 0.8032 0.5201
vn 0.3138 0.8408 0.4410
vn 0.0219 0.9220 0.3865
vn 0.5601 0.6467 0.5178
vn 0.7774 0.4315 0.4577
vn 0.7948 0.4737 0.3794
vn 0.5801 0.6863 0.4387
vn 0.9211 0.1785 0.3460
vn 0.9772 -0.0874 0.1936
vn 0.9922 -0.0390 0.1184
vn 0.9368 0.2237 0.2692
vn 0.9401 -0.3405 0.0154
vn 0.8136 -0.5556 -0.1712
vn 0.8306 -0.5015 -0.2420
vn 0.9556 -0.2891 -0.0575
vn 0.6099 -0.7120 -0.3479
vn 0.3491 -0.7941 -0.4975
vn 0.3717 -0.7371 -0.5643
vn 0.6294 -0.6561 -0.4164
vn 0.0567 -0.7941 -0.6052
vn 0.0828 -0.7372 -0.6706
vn -0.4360 -0.4392 -0.7854
vn -0.1755 -0.5902 -0.7880
vn -0.6459 -0.2312 -0.7276
vn -0.5902 -0.1653 -0.7902
vn -0.3879 -0.3660 -0.8460
vn -0.1366 -0.5115 -0.8484
vn -0.7848 0.0131 -0.6196
vn -0.8389 0.2702 -0.4725
vn -0.7763 0.3182 -0.5442
vn -0.7242 0.0703 -0.6860
vn -0.8032 0.5145 -0.3001
vn -0.6809 0.7225 -0.1200
vn -0.6239 0.7543 -0.2043
vn -0.7420 0.5538 -0.3779
vn -0.4842 0.8735 0.0509
vn -0.2322 0.9529 0.1952
vn -0.1912 0.9765 0.0996
vn -0.4343 0.8999 -0.0395
vn 0.0503 0.9528 0.2994
vn 0.3359 0.8734 0.3527
vn 0.3565 0.8998 0.2515
vn 0.0811 0.9764 0.2002
vn 0.5963 0.7223 0.3505
vn 0.8062 0.5144 0.2923
vn 0.8100 0.5536 0.1933
vn 0.6076 0.7541 0.2494
vn 0.9450 0.2699 0.1846
vn 0.9992 0.0130 0.0372
vn 0.9961 0.0702 -0.0527
vn 0.9439 0.3178 0.0895
vn 0.9634 -0.2315 -0.1348
vn 0.8412 -0.4393 -0.3153
vn 0.8438 -0.3660 -0.3926
vn 0.9617 -0.1657 -0.2185
vn 0.6444 -0.5905 -0.4859
vn 0.3925 -0.6697 -0.6305
vn 0.4111 -0.5881 -0.6965
vn 0.6540 -0.5118 -0.5570
vn 0.1099 -0.6698 -0.7344
vn 0.1386 -0.5883 -0.7967
vn -0.3277 -0.2776 -0.9031
vn -0.0905 -0.4149 -0.9054
vn -0.5186 -0.0880 -0.8505
vn -0.4258 0.0035 -0.9048
vn -0.2516 -0.1695 -0.9529
vn -0.0351 -0.2947 -0.9549
vn -0.6452 0.1343 -0.7521
vn -0.6943 0.3684 -0.6182
vn -0.5861 0.4199 -0.6929
vn -0.5414 0.2063 -0.8151
vn -0.6620 0.5908 -0.4613
vn -0.5505 0.7801 -0.2973
vn -0.4549 0.7956 -0.4001
vn -0.5566 0.6229 -0.5497
vn -0.3716 0.9175 -0.1417
vn -0.1421 0.9898 -0.0104
vn -0.0822 0.9870 -0.1384
vn -0.2916 0.9211 -0.2581
vn 0.1151 0.9898 0.0845
vn 0.3750 0.9174 0.1329
vn 0.3896 0.9209 -0.0075
vn 0.1524 0.9870 -0.0516
vn 0.6121 0.7799 0.1310
vn 0.8032 0.5906 0.0780
vn 0.7803 0.6227 -0.0577
vn 0.6060 0.7954 -0.0092
vn 0.9296 0.3680 -0.0200
vn 0.9789 0.1342 -0.1543
vn 0.9406 0.2063 -0.2696
vn 0.8957 0.4196 -0.1470
vn 0.9464 -0.0885 -0.3108
vn 0.8350 -0.2775 -0.4751
vn 0.8094 -0.1694 -0.5623
vn 0.9110 0.0031 -0.4124
vn 0.6559 -0.4152 -0.6303
vn 0.4266 -0.4872 -0.7620
vn 0.4367 -0.3608 -0.8241
vn 0.6460 -0.2951 -0.7040
vn 0.1693 -0.4874 -0.8566
vn 0.2019 -0.3610 -0.9104
vn -0.1597 -0.0434 -0.9862
vn 0.0278 -0.1529 -0.9878
vn -0.3115 0.1061 -0.9443
vn -0.1703 0.2208 -0.9603
vn -0.0520 0.0989 -0.9937
vn 0.0994 0.0149 -0.9949
vn -0.4111 0.2827 -0.8666
vn -0.4507 0.4678 -0.7603
vn -0.2810 0.5083 -0.8140
vn -0.2530 0.3596 -0.8981
vn -0.4244 0.6442 -0.6363
vn -0.3367 0.7941 -0.5060
vn -0.1904 0.7677 -0.6119
vn -0.2637 0.6486 -0.7140
vn -0.1944 0.9029 -0.3833
vn -0.0130 0.9603 -0.2786
vn 0.0669 0.8998 -0.4312
vn -0.0798 0.8554 -0.5117
vn 0.1910 0.9601 -0.2041
vn 0.3968 0.9030 -0.1650
vn 0.3926 0.8542 -0.3409
vn 0.2283 0.9012 -0.3685
vn 0.5845 0.7939 -0.1673
vn 0.7361 0.6440 -0.2085
vn 0.6623 0.6483 -0.3755
vn 0.5429 0.7683 -0.3391
vn 0.8360 0.4678 -0.2868
vn 0.8753 0.2822 -0.3926
vn 0.7730 0.3608 -0.5218
vn 0.7439 0.5076 -0.4347
vn 0.8493 0.1063 -0.5172
vn 0.7613 -0.0441 -0.6468
vn 0.6824 0.1014 -0.7239
vn 0.7546 0.2186 -0.6188
vn 0.6193 -0.1525 -0.7702
vn 0.4376 -0.2103 -0.8742
vn 0.4251 -0.0307 -0.9046
vn 0.5707 0.0117 -0.8211
vn 0.2339 -0.2097 -0.9494
vn 0.2626 -0.0340 -0.9643
vn -0.4613 -0.6967 0.5494
vn -0.4990 -0.6103 0.6153
vn -0.3588 -0.7173 0.5973
vn -0.2950 -0.5211 0.8009
vn -0.5858 -0.5352 0.6086
vn -0.5565 -0.4609 0.6913
vn -0.5924 -0.3562 0.7226
vn -0.5094 -0.3261 0.7964
vn -0.4785 -0.2281 0.8480
vn -0.3757 -0.2574 0.8903
vn -0.2877 -0.1997 0.9367
vn -0.2064 -0.2811 0.9372
vn -0.0928 -0.2820 0.9549
vn -0.0663 -0.3881 0.9192
vn 0.0317 -0.4435 0.8957
vn -0.0087 -0.5375 0.8432
vn 0.0383 -0.6225 0.7817
vn -0.0558 -0.6723 0.7382
vn -0.0756 -0.7507 0.6563
vn -0.1895 -0.7410 0.6443
vn -0.2664 -0.7790 0.5676
vn 0.0928 0.2820 -0.9549
vn 0.2064 0.2811 -0.9372
vn 0.0663 0.3881 -0.9192
vn 0.2950 0.5211 -0.8009
vn -0.0317 0.4435 -0.8957
vn 0.0087 0.5375 -0.8432
vn -0.0383 0.6225 -0.7817
vn 0.0558 0.6723 -0.7382
vn 0.0756 0.7507 -0.6563
vn 0.1895 0.7410 -0.6443
vn 0.2664 0.7790 -0.5676
vn 0.3588 0.7173 -0.5973
vn 0.4613 0.6967 -0.5494
vn 0.4990 0.6103 -0.6153
vn 0.5858 0.5352 -0.6086
vn 0.5565 0.4609 -0.6913
vn 0.5924 0.3562 -0.7226
vn 0.5094 0.3261 -0.7964
vn 0.4785 0.2281 -0.8480
vn 0.3757 0.2574 -0.8903
vn 0.2877 0.1997 -0.9367
vt 0.000000 0.100000
vt 0.050000 0.104167
vt 0.050000 0.150000
vt 0.000000 0.150000
vt 0.100000 0.100000
vt 0.100000 0.150000
vt 0.100000 0.200000
vt 0.050000 0.200000
vt 0.000000 0.200000
vt 0.150000 0.104167
vt 0.150000 0.150000
vt 0.200000 0.100000
vt 0.200000 0.150000
vt 0.200000 0.200000
vt 0.150000 0.200000
vt 0.250000 0.104167
vt 0.250000 0.150000
vt 0.300000 0.100000
vt 0.300000 0.150000
vt 0.300000 0.200000
vt 0.250000 0.200000
vt 0.350000 0.104167
vt 0.350000 0.150000
vt 0.400000 0.100000
vt 0.400000 0.150000
vt 0.400000 0.200000
vt 0.350000 0.200000
vt 0.450000 0.104167
vt 0.450000 0.150000
vt 0.500000 0.100000
vt 0.500000 0.150000
vt 0.500000 0.200000
vt 0.450000 0.200000
vt 0.550000 0.104167
vt 0.550000 0.150000
vt 0.600000 0.100000
vt 0.600000 0.150000
vt 0.600000 0.200000
vt 0.550000 0.200000
vt 0.650000 0.104167
vt 0.650000 0.150000
vt 0.700000 0.100000
vt 0.700000 0.150000
vt 0.700000 0.200000
vt 0.650000 0.200000
vt 0.750000 0.104167
vt 0.750000 0.150000
vt 0.800000 0.100000
vt 0.800000 0.150000
vt 0.800000 0.200000
vt 0.750000 0.200000
vt 0.850000 0.104167
vt 0.850000 0.150000
vt 0.900000 0.100000
vt 0.900000 0.150000
vt 0.900000 0.200000
vt 0.850000 0.200000
vt 0.950000 0.104167
vt 0.950000 0.150000
vt 1.000000 0.100000
vt 1.000000 0.150000
vt 1.000000 0.200000
vt 0.950000 0.200000
vt 0.050000 0.250000
vt 0.000000 0.250000
vt 0.100000 0.250000
vt 0.100000 0.300000
vt 0.050000 0.300000
vt 0.000000 0.300000
vt 0.150000 0.250000
vt 0.200000 0.250000
vt 0.200000 0.300000
vt 0.150000 0.300000
vt 0.250000 0.250000
vt 0.300000 0.250000
vt 0.300000 0.300000
vt 0.250000 0.300000
vt 0.350000 0.250000
vt 0.400000 0.250000
vt 0.400000 0.300000
vt 0.350000 0.300000
vt 0.450000 0.250000
vt 0.500000 0.250000
vt 0.500000 0.300000
vt 0.450000 0.300000
vt 0.550000 0.250000
vt 0.600000 0.250000
vt 0.600000 0.300000
vt 0.550000 0.300000
vt 0.650000 0.250000
vt 0.700000 0.250000
vt 0.700000 0.300000
vt 0.650000 0.300000
vt 0.750000 0.250000
vt 0.800000 0.250000
vt 0.800000 0.300000
vt 0.750000 0.300000
vt 0.850000 0.250000
vt 0.900000 0.250000
vt 0.900000 0.300000
vt 0.850000 0.300000
vt 0.950000 0.250000
vt 1.000000 0.250000
vt 1.000000 0.300000
vt 0.950000 0.300000
vt 0.050000 0.350000
vt 0.000000 0.350000
vt 0.100000 0.350000
vt 0.100000 0.400000
vt 0.050000 0.400000
vt 0.000000 0.400000
vt 0.150000 0.350000
vt 0.200000 0.350000
vt 0.200000 0.400000
vt 0.150000 0.400000
vt 0.250000 0.350000
vt 0.300000 0.350000
vt 0.300000 0.400000
vt 0.250000 0.400000
vt 0.350000 0.350000
vt 0.400000 0.350000
vt 0.400000 0.400000
vt 0.350000 0.400000
vt 0.450000 0.350000
vt 0.500000 0.350000
vt 0.500000 0.400000
vt 0.450000 0.400000
vt 0.550000 0.350000
vt 0.600000 0.350000
vt 0.600000 0.400000
vt 0.550000 0.400000
vt 0.650000 0.350000
vt 0.700000 0.350000
vt 0.700000 0.400000
vt 0.650000 0.400000
vt 0.750000 0.350000
vt 0.800000 0.350000
vt 0.800000 0.400000
vt 0.750000 0.400000
vt 0.850000 0.350000
vt 0.900000 0.350000
vt 0.900000 0.400000
vt 0.850000 0.400000
vt 0.950000 0.350000
vt 1.000000 0.350000
vt 1.000000 0.400000
vt 0.950000 0.400000
vt 0.050000 0.450000
vt 0.000000 0.450000
vt 0.100000 0.450000
vt 0.100000 0.500000
vt 0.050000 0.500000
vt 0.000000 0.500000
vt 0.150000 0.450000
vt 0.200000 0.450000
vt 0.200000 0.500000
vt 0.150000 0.500000
vt 0.250000 0.450000
vt 0.300000 0.450000
vt 0.300000 0.500000
vt 0.250000 0.500000
vt 0.350000 0.450000
vt 0.400000 0.450000
vt 0.400000 0.500000
vt 0.350000 0.500000
vt 0.450000 0.450000
vt 0.500000 0.450000
vt 0.500000 0.500000
vt 0.450000 0.500000
vt 0.550000 0.450000
vt 0.600000 0.450000
vt 0.600000 0.500000
vt 0.550000 0.500000
vt 0.650000 0.450000
vt 0.700000 0.450000
vt 0.700000 0.500000
vt 0.650000 0.500000
vt 0.750000 0.450000
vt 0.800000 0.450000
vt 0.800000 0.500000
vt 0.750000 0.500000
vt 0.850000 0.450000
vt 0.900000 0.450000
vt 0.900000 0.500000
vt 0.850000 0.500000
vt 0.950000 0.450000
vt 1.000000 0.450000
vt 1.000000 0.500000
vt 0.950000 0.500000
vt 0.050000 0.550000
vt 0.000000 0.550000
vt 0.100000 0.550000
vt 0.100000 0.600000
vt 0.050000 0.600000
vt 0.000000 0.600000
vt 0.150000 0.550000
vt 0.200000 0.550000
vt 0.200000 0.600000
vt 0.150000 0.600000
vt 0.250000 0.550000
vt 0.300000 0.550000
vt 0.300000 0.600000
vt 0.250000 0.600000
vt 0.350000 0.550000
vt 0.400000 0.550000
vt 0.400000 0.600000
vt 0.350000 0.600000
vt 0.450000 0.550000
vt 0.500000 0.550000
vt 0.500000 0.600000
vt 0.450000 0.600000
vt 0.550000 0.550000
vt 0.600000 0.550000
vt 0.600000 0.600000
vt 0.550000 0.600000
vt 0.650000 0.550000
vt 0.700000 0.550000
vt 0.700000 0.600000
vt 0.650000 0.600000
vt 0.750000 0.550000
vt 0.800000 0.550000
vt 0.800000 0.600000
vt 0.750000 0.600000
vt 0.850000 0.550000
vt 0.900000 0.550000
vt 0.900000 0.600000
vt 0.850000 0.600000
vt 0.950000 0.550000
vt 1.000000 0.550000
vt 1.000000 0.600000
vt 0.950000 0.600000
vt 0.050000 0.650000
vt 0.000000 0.650000
vt 0.100000 0.650000
vt 0.100000 0.700000
vt 0.050000 0.700000
vt 0.000000 0.700000
vt 0.150000 0.650000
vt 0.200000 0.650000
vt 0.200000 0.700000
vt 0.150000 0.700000
vt 0.250000 0.650000
vt 0.300000 0.650000
vt 0.300000 0.700000
vt 0.250000 0.700000
vt 0.350000 0.650000
vt 0.400000 0.650000
vt 0.400000 0.700000
vt 0.350000 0.700000
vt 0.450000 0.650000
vt 0.500000 0.650000
vt 0.500000 0.700000
vt 0.450000 0.700000
vt 0.550000 0.650000
vt 0.600000 0.650000
vt 0.600000 0.700000
vt 0.550000 0.700000
vt 0.650000 0.650000
vt 0.700000 0.650000
vt 0.700000 0.700000
vt 0.650000 0.700000
vt 0.750000 0.650000
vt 0.800000 0.650000
vt 0.800000 0.700000
vt 0.750000 0.700000
vt 0.850000 0.650000
vt 0.900000 0.650000
vt 0.900000 0.700000
vt 0.850000 0.700000
vt 0.950000 0.650000
vt 1.000000 0.650000
vt 1.000000 0.700000
vt 0.950000 0.700000
vt 0.050000 0.750000
vt 0.000000 0.750000
vt 0.100000 0.750000
vt 0.100000 0.800000
vt 0.050000 0.800000
vt 0.000000 0.800000
vt 0.150000 0.750000
vt 0.200000 0.750000
vt 0.200000 0.800000
vt 0.150000 0.800000
vt 0.250000 0.750000
vt 0.300000 0.750000
vt 0.300000 0.800000
vt 0.250000 0.800000
vt 0.350000 0.750000
vt 0.400000 0.750000
vt 0.400000 0.800000
vt 0.350000 0.800000
vt 0.450000 0.750000
vt 0.500000 0.750000
vt 0.500000 0.800000
vt 0.450000 0.800000
vt 0.550000 0.750000
vt 0.600000 0.750000
vt 0.600000 0.800000
vt 0.550000 0.800000
vt 0.650000 0.750000
vt 0.700000 0.750000
vt 0.700000 0.800000
vt 0.650000 0.800000
vt 0.750000 0.750000
vt 0.800000 0.750000
vt 0.800000 0.800000
vt 0.750000 0.800000
vt 0.850000 0.750000
vt 0.900000 0.750000
vt 0.900000 0.800000
vt 0.850000 0.800000
vt 0.950000 0.750000
vt 1.000000 0.750000
vt 1.000000 0.800000
vt 0.950000 0.800000
vt 0.050000 0.850000
vt 0.000000 0.850000
vt 0.100000 0.850000
vt 0.100000 0.900000
vt 0.050000 0.895833
vt 0.000000 0.900000
vt 0.150000 0.850000
vt 0.200000 0.850000
vt 0.200000 0.900000
vt 0.150000 0.895833
vt 0.250000 0.850000
vt 0.300000 0.850000
vt 0.300000 0.900000
vt 0.250000 0.895833
vt 0.350000 0.850000
vt 0.400000 0.850000
vt 0.400000 0.900000
vt 0.350000 0.895833
vt 0.450000 0.850000
vt 0.500000 0.850000
vt 0.500000 0.900000
vt 0.450000 0.895833
vt 0.550000 0.850000
vt 0.600000 0.850000
vt 0.600000 0.900000
vt 0.550000 0.895833
vt 0.650000 0.850000
vt 0.700000 0.850000
vt 0.700000 0.900000
vt 0.650000 0.895833
vt 0.750000 0.850000
vt 0.800000 0.850000
vt 0.800000 0.900000
vt 0.750000 0.895833
vt 0.850000 0.850000
vt 0.900000 0.850000
vt 0.900000 0.900000
vt 0.850000 0.895833
vt 0.950000 0.850000
vt 1.000000 0.850000
vt 1.000000 0.900000
vt 0.950000 0.895833
vt 0.050000 0.066667
vt 0.075000 0.050000
vt 0.025000 0.050000
vt 0.050000 0.000000
vt 0.150000 0.066667
vt 0.175000 0.050000
vt 0.125000 0.050000
vt 0.150000 0.000000
vt 0.250000 0.066667
vt 0.275000 0.050000
vt 0.225000 0.050000
vt 0.250000 0.000000
vt 0.350000 0.066667
vt 0.375000 0.050000
vt 0.325000 0.050000
vt 0.350000 0.000000
vt 0.450000 0.066667
vt 0.475000 0.050000
vt 0.425000 0.050000
vt 0.450000 0.000000
vt 0.550000 0.066667
vt 0.575000 0.050000
vt 0.525000 0.050000
vt 0.550000 0.000000
vt 0.650000 0.066667
vt 0.675000 0.050000
vt 0.625000 0.050000
vt 0.650000 0.000000
vt 0.750000 0.066667
vt 0.775000 0.050000
vt 0.725000 0.050000
vt 0.750000 0.000000
vt 0.850000 0.066667
vt 0.875000 0.050000
vt 0.825000 0.050000
vt 0.850000 0.000000
vt 0.950000 0.066667
vt 0.975000 0.050000
vt 0.925000 0.050000
vt 0.950000 0.000000
vt 0.050000 0.933333
vt 0.025000 0.950000
vt 0.075000 0.950000
vt 0.050000 1.000000
vt 0.150000 0.933333
vt 0.125000 0.950000
vt 0.175000 0.950000
vt 0.150000 1.000000
vt 0.250000 0.933333
vt 0.225000 0.950000
vt 0.275000 0.950000
vt 0.250000 1.000000
vt 0.350000 0.933333
vt 0.325000 0.950000
vt 0.375000 0.950000
vt 0.350000 1.000000
vt 0.450000 0.933333
vt 0.425000 0.950000
vt 0.475000 0.950000
vt 0.450000 1.000000
vt 0.550000 0.933333
vt 0.525000 0.950000
vt 0.575000 0.950000
vt 0.550000 1.000000
vt 0.650000 0.933333
vt 0.625000 0.950000
vt 0.675000 0.950000
vt 0.650000 1.000000
vt 0.750000 0.933333
vt 0.725000 0.950000
vt 0.775000 0.950000
vt 0.750000 1.000000
vt 0.850000 0.933333
vt 0.825000 0.950000
vt 0.875000 0.950000
vt 0.850000 1.000000
vt 0.950000 0.933333
vt 0.925000 0.950000
vt 0.975000 0.950000
vt 0.950000 1.000000
s 1
usemtl pasted__pasted__lambert14
f 1119/1321/1155 1311/1322/1156 1401/1323/1157 1314/1324/1158
f 1311/1322/1156 1120/1325/1159 1312/1326/1160 1401/1323/1157
f 1401/1323/1157 1312/1326/1160 1130/1327/1161 1313/1328/1162
f 1314/1324/1158 1401/1323/1157 1313/1328/1162 1129/1329/1163
f 1120/1325/1159 1315/1330/1164 1402/1331/1165 1312/1326/1160
f 1315/1330/1164 1121/1332/1166 1316/1333/1167 1402/1331/1165
f 1402/1331/1165 1316/1333/1167 1131/1334/1168 1317/1335/1169
f 1312/1326/1160 1402/1331/1165 1317/1335/1169 1130/1327/1161
f 1121/1332/1166 1318/1336/1170 1403/1337/1171 1316/1333/1167
f 1318/1336/1170 1122/1338/1172 1319/1339/1173 1403/1337/1171
f 1403/1337/1171 1319/1339/1173 1132/1340/1174 1320/1341/1175
f 1316/1333/1167 1403/1337/1171 1320/1341/1175 1131/1334/1168
f 1122/1338/1172 1321/1342/1176 1404/1343/1177 1319/1339/1173
f 1321/1342/1176 1123/1344/1178 1322/1345/1179 1404/1343/1177
f 1404/1343/1177 1322/1345/1179 1133/1346/1180 1323/1347/1181
f 1319/1339/1173 1404/1343/1177 1323/1347/1181 1132/1340/1174
f 1123/1344/1178 1324/1348/1182 1405/1349/1183 1322/1345/1179
f 1324/1348/1182 1124/1350/1184 1325/1351/1185 1405/1349/1183
f 1405/1349/1183 1325/1351/1185 1134/1352/1186 1326/1353/1187
f 1322/1345/1179 1405/1349/1183 1326/1353/1187 1133/1346/1180
f 1124/1350/1184 1327/1354/1188 1406/1355/1189 1325/1351/1185
f 1327/1354/1188 1125/1356/1190 1328/1357/1191 1406/1355/1189
f 1406/1355/1189 1328/1357/1191 1135/1358/1192 1329/1359/1193
f 1325/1351/1185 1406/1355/1189 1329/1359/1193 1134/1352/1186
f 1125/1356/1190 1330/1360/1194 1407/1361/1195 1328/1357/1191
f 1330/1360/1194 1126/1362/1196 1331/1363/1197 1407/1361/1195
f 1407/1361/1195 1331/1363/1197 1136/1364/1198 1332/1365/1199
f 1328/1357/1191 1407/1361/1195 1332/1365/1199 1135/1358/1192
f 1126/1362/1196 1333/1366/1200 1408/1367/1201 1331/1363/1197
f 1333/1366/1200 1127/1368/1202 1334/1369/1203 1408/1367/1201
f 1408/1367/1201 1334/1369/1203 1137/1370/1204 1335/1371/1205
f 1331/1363/1197 1408/1367/1201 1335/1371/1205 1136/1364/1198
f 1127/1368/1202 1336/1372/1206 1409/1373/1207 1334/1369/1203
f 1336/1372/1206 1128/1374/1208 1337/1375/1209 1409/1373/1207
f 1409/1373/1207 1337/1375/1209 1138/1376/1210 1338/1377/1211
f 1334/1369/1203 1409/1373/1207 1338/1377/1211 1137/1370/1204
f 1128/1374/1208 1339/1378/1212 1410/1379/1213 1337/1375/1209
f 1339/1378/1212 1119/1380/1155 1314/1381/1158 1410/1379/1213
f 1410/1379/1213 1314/1381/1158 1129/1382/1163 1340/1383/1214
f 1337/1375/1209 1410/1379/1213 1340/1383/1214 1138/1376/1210
f 1129/1329/1163 1313/1328/1162 1411/1384/1215 1343/1385/1216
f 1313/1328/1162 1130/1327/1161 1341/1386/1217 1411/1384/1215
f 1411/1384/1215 1341/1386/1217 1140/1387/1218 1342/1388/1219
f 1343/1385/1216 1411/1384/1215 1342/1388/1219 1139/1389/1220
f 1130/1327/1161 1317/1335/1169 1412/1390/1221 1341/1386/1217
f 1317/1335/1169 1131/1334/1168 1344/1391/1222 1412/1390/1221
f 1412/1390/1221 1344/1391/1222 1141/1392/1223 1345/1393/1224
f 1341/1386/1217 1412/1390/1221 1345/1393/1224 1140/1387/1218
f 1131/1334/1168 1320/1341/1175 1413/1394/1225 1344/1391/1222
f 1320/1341/1175 1132/1340/1174 1346/1395/1226 1413/1394/1225
f 1413/1394/1225 1346/1395/1226 1142/1396/1227 1347/1397/1228
f 1344/1391/1222 1413/1394/1225 1347/1397/1228 1141/1392/1223
f 1132/1340/1174 1323/1347/1181 1414/1398/1229 1346/1395/1226
f 1323/1347/1181 1133/1346/1180 1348/1399/1230 1414/1398/1229
f 1414/1398/1229 1348/1399/1230 1143/1400/1231 1349/1401/1232
f 1346/1395/1226 1414/1398/1229 1349/1401/1232 1142/1396/1227
f 1133/1346/1180 1326/1353/1187 1415/1402/1233 1348/1399/1230
f 1326/1353/1187 1134/1352/1186 1350/1403/1234 1415/1402/1233
f 1415/1402/1233 1350/1403/1234 1144/1404/1235 1351/1405/1236
f 1348/1399/1230 1415/1402/1233 1351/1405/1236 1143/1400/1231
f 1134/1352/1186 1329/1359/1193 1416/1406/1237 1350/1403/1234
f 1329/1359/1193 1135/1358/1192 1352/1407/1238 1416/1406/1237
f 1416/1406/1237 1352/1407/1238 1145/1408/1239 1353/1409/1240
f 1350/1403/1234 1416/1406/1237 1353/1409/1240 1144/1404/1235
f 1135/1358/1192 1332/1365/1199 1417/1410/1241 1352/1407/1238
f 1332/1365/1199 1136/1364/1198 1354/1411/1242 1417/1410/1241
f 1417/1410/1241 1354/1411/1242 1146/1412/1243 1355/1413/1244
f 1352/1407/1238 1417/1410/1241 1355/1413/1244 1145/1408/1239
f 1136/1364/1198 1335/1371/1205 1418/1414/1245 1354/1411/1242
f 1335/1371/1205 1137/1370/1204 1356/1415/1246 1418/1414/1245
f 1418/1414/1245 1356/1415/1246 1147/1416/1247 1357/1417/1248
f 1354/1411/1242 1418/1414/1245 1357/1417/1248 1146/1412/1243
f 1137/1370/1204 1338/1377/1211 1419/1418/1249 1356/1415/1246
f 1338/1377/1211 1138/1376/1210 1358/1419/1250 1419/1418/1249
f 1419/1418/1249 1358/1419/1250 1148/1420/1251 1359/1421/1252
f 1356/1415/1246 1419/1418/1249 1359/1421/1252 1147/1416/1247
f 1138/1376/1210 1340/1383/1214 1420/1422/1253 1358/1419/1250
f 1340/1383/1214 1129/1382/1163 1343/1423/1216 1420/1422/1253
f 1420/1422/1253 1343/1423/1216 1139/1424/1220 1360/1425/1254
f 1358/1419/1250 1420/1422/1253 1360/1425/1254 1148/1420/1251
f 1139/1389/1220 1342/1388/1219 1421/1426/1255 1363/1427/1256
f 1342/1388/1219 1140/1387/1218 1361/1428/1257 1421/1426/1255
f 1421/1426/1255 1361/1428/1257 1150/1429/1258 1362/1430/1259
f 1363/1427/1256 1421/1426/1255 1362/1430/1259 1149/1431/1260
f 1140/1387/1218 1345/1393/1224 1422/1432/1261 1361/1428/1257
f 1345/1393/1224 1141/1392/1223 1364/1433/1262 1422/1432/1261
f 1422/1432/1261 1364/1433/1262 1151/1434/1263 1365/1435/1264
f 1361/1428/1257 1422/1432/1261 1365/1435/1264 1150/1429/1258
f 1141/1392/1223 1347/1397/1228 1423/1436/1265 1364/1433/1262
f 1347/1397/1228 1142/1396/1227 1366/1437/1266 1423/1436/1265
f 1423/1436/1265 1366/1437/1266 1152/1438/1267 1367/1439/1268
f 1364/1433/1262 1423/1436/1265 1367/1439/1268 1151/1434/1263
f 1142/1396/1227 1349/1401/1232 1424/1440/1269 1366/1437/1266
f 1349/1401/1232 1143/1400/1231 1368/1441/1270 1424/1440/1269
f 1424/1440/1269 1368/1441/1270 1153/1442/1271 1369/1443/1272
f 1366/1437/1266 1424/1440/1269 1369/1443/1272 1152/1438/1267
f 1143/1400/1231 1351/1405/1236 1425/1444/1273 1368/1441/1270
f 1351/1405/1236 1144/1404/1235 1370/1445/1274 1425/1444/1273
f 1425/1444/1273 1370/1445/1274 1154/1446/1275 1371/1447/1276
f 1368/1441/1270 1425/1444/1273 1371/1447/1276 1153/1442/1271
f 1144/1404/1235 1353/1409/1240 1426/1448/1277 1370/1445/1274
f 1353/1409/1240 1145/1408/1239 1372/1449/1278 1426/1448/1277
f 1426/1448/1277 1372/1449/1278 1155/1450/1279 1373/1451/1280
f 1370/1445/1274 1426/1448/1277 1373/1451/1280 1154/1446/1275
f 1145/1408/1239 1355/1413/1244 1427/1452/1281 1372/1449/1278
f 1355/1413/1244 1146/1412/1243 1374/1453/1282 1427/1452/1281
f 1427/1452/1281 1374/1453/1282 1156/1454/1283 1375/1455/1284
f 1372/1449/1278 1427/1452/1281 1375/1455/1284 1155/1450/1279
f 1146/1412/1243 1357/1417/1248 1428/1456/1285 1374/1453/1282
f 1357/1417/1248 1147/1416/1247 1376/1457/1286 1428/1456/1285
f 1428/1456/1285 1376/1457/1286 1157/1458/1287 1377/1459/1288
f 1374/1453/1282 1428/1456/1285 1377/1459/1288 1156/1454/1283
f 1147/1416/1247 1359/1421/1252 1429/1460/1289 1376/1457/1286
f 1359/1421/1252 1148/1420/1251 1378/1461/1290 1429/1460/1289
f 1429/1460/1289 1378/1461/1290 1158/1462/1291 1379/1463/1292
f 1376/1457/1286 1429/1460/1289 1379/1463/1292 1157/1458/1287
f 1148/1420/1251 1360/1425/1254 1430/1464/1293 1378/1461/1290
f 1360/1425/1254 1139/1424/1220 1363/1465/1256 1430/1464/1293
f 1430/1464/1293 1363/1465/1256 1149/1466/1260 1380/1467/1294
f 1378/1461/1290 1430/1464/1293 1380/1467/1294 1158/1462/1291
f 1149/1431/1260 1362/1430/1259 1431/1468/1295 1383/1469/1296
f 1362/1430/1259 1150/1429/1258 1381/1470/1297 1431/1468/1295
f 1431/1468/1295 1381/1470/1297 1160/1471/1298 1382/1472/1299
f 1383/1469/1296 1431/1468/1295 1382/1472/1299 1159/1473/1300
f 1150/1429/1258 1365/1435/1264 1432/1474/1301 1381/1470/1297
f 1365/1435/1264 1151/1434/1263 1384/1475/1302 1432/1474/1301
f 1432/1474/1301 1384/1475/1302 1161/1476/1303 1385/1477/1304
f 1381/1470/1297 1432/1474/1301 1385/1477/1304 1160/1471/1298
f 1151/1434/1263 1367/1439/1268 1433/1478/1305 1384/1475/1302
f 1367/1439/1268 1152/1438/1267 1386/1479/1306 1433/1478/1305
f 1433/1478/1305 1386/1479/1306 1162/1480/1307 1387/1481/1308
f 1384/1475/1302 1433/1478/1305 1387/1481/1308 1161/1476/1303
f 1152/1438/1267 1369/1443/1272 1434/1482/1309 1386/1479/1306
f 1369/1443/1272 1153/1442/1271 1388/1483/1310 1434/1482/1309
f 1434/1482/1309 1388/1483/1310 1163/1484/1311 1389/1485/1312
f 1386/1479/1306 1434/1482/1309 1389/1485/1312 1162/1480/1307
f 1153/1442/1271 1371/1447/1276 1435/1486/1313 1388/1483/1310
f 1371/1447/1276 1154/1446/1275 1390/1487/1314 1435/1486/1313
f 1435/1486/1313 1390/1487/1314 1164/1488/1315 1391/1489/1316
f 1388/1483/1310 1435/1486/1313 1391/1489/1316 1163/1484/1311
f 1154/1446/1275 1373/1451/1280 1436/1490/1317 1390/1487/1314
f 1373/1451/1280 1155/1450/1279 1392/1491/1318 1436/1490/1317
f 1436/1490/1317 1392/1491/1318 1165/1492/1319 1393/1493/1320
f 1390/1487/1314 1436/1490/1317 1393/1493/1320 1164/1488/1315
f 1155/1450/1279 1375/1455/1284 1437/1494/1321 1392/1491/1318
f 1375/1455/1284 1156/1454/1283 1394/1495/1322 1437/1494/1321
f 1437/1494/1321 1394/1495/1322 1166/1496/1323 1395/1497/1324
f 1392/1491/1318 1437/1494/1321 1395/1497/1324 1165/1492/1319
f 1156/1454/1283 1377/1459/1288 1438/1498/1325 1394/1495/1322
f 1377/1459/1288 1157/1458/1287 1396/1499/1326 1438/1498/1325
f 1438/1498/1325 1396/1499/1326 1167/1500/1327 1397/1501/1328
f 1394/1495/1322 1438/1498/1325 1397/1501/1328 1166/1496/1323
f 1157/1458/1287 1379/1463/1292 1439/1502/1329 1396/1499/1326
f 1379/1463/1292 1158/1462/1291 1398/1503/1330 1439/1502/1329
f 1439/1502/1329 1398/1503/1330 1168/1504/1331 1399/1505/1332
f 1396/1499/1326 1439/1502/1329 1399/1505/1332 1167/1500/1327
f 1158/1462/1291 1380/1467/1294 1440/1506/1333 1398/1503/1330
f 1380/1467/1294 1149/1466/1260 1383/1507/1296 1440/1506/1333
f 1440/1506/1333 1383/1507/1296 1159/1508/1300 1400/1509/1334
f 1398/1503/1330 1440/1506/1333 1400/1509/1334 1168/1504/1331
f 1159/1473/1300 1382/1472/1299 1441/1510/1335 1213/1511/1336
f 1382/1472/1299 1160/1471/1298 1211/1512/1337 1441/1510/1335
f 1441/1510/1335 1211/1512/1337 1170/1513/1338 1212/1514/1339
f 1213/1511/1336 1441/1510/1335 1212/1514/1339 1169/1515/1340
f 1160/1471/1298 1385/1477/1304 1442/1516/1341 1211/1512/1337
f 1385/1477/1304 1161/1476/1303 1214/1517/1342 1442/1516/1341
f 1442/1516/1341 1214/1517/1342 1171/1518/1343 1215/1519/1344
f 1211/1512/1337 1442/1516/1341 1215/1519/1344 1170/1513/1338
f 1161/1476/1303 1387/1481/1308 1443/1520/1345 1214/1517/1342
f 1387/1481/1308 1162/1480/1307 1216/1521/1346 1443/1520/1345
f 1443/1520/1345 1216/1521/1346 1172/1522/1347 1217/1523/1348
f 1214/1517/1342 1443/1520/1345 1217/1523/1348 1171/1518/1343
f 1162/1480/1307 1389/1485/1312 1444/1524/1349 1216/1521/1346
f 1389/1485/1312 1163/1484/1311 1218/1525/1350 1444/1524/1349
f 1444/1524/1349 1218/1525/1350 1173/1526/1351 1219/1527/1352
f 1216/1521/1346 1444/1524/1349 1219/1527/1352 1172/1522/1347
f 1163/1484/1311 1391/1489/1316 1445/1528/1353 1218/1525/1350
f 1391/1489/1316 1164/1488/1315 1220/1529/1354 1445/1528/1353
f 1445/1528/1353 1220/1529/1354 1174/1530/1355 1221/1531/1356
f 1218/1525/1350 1445/1528/1353 1221/1531/1356 1173/1526/1351
f 1164/1488/1315 1393/1493/1320 1446/1532/1357 1220/1529/1354
f 1393/1493/1320 1165/1492/1319 1222/1533/1358 1446/1532/1357
f 1446/1532/1357 1222/1533/1358 1175/1534/1359 1223/1535/1360
f 1220/1529/1354 1446/1532/1357 1223/1535/1360 1174/1530/1355
f 1165/1492/1319 1395/1497/1324 1447/1536/1361 1222/1533/1358
f 1395/1497/1324 1166/1496/1323 1224/1537/1362 1447/1536/1361
f 1447/1536/1361 1224/1537/1362 1176/1538/1363 1225/1539/1364
f 1222/1533/1358 1447/1536/1361 1225/1539/1364 1175/1534/1359
f 1166/1496/1323 1397/1501/1328 1448/1540/1365 1224/1537/1362
f 1397/1501/1328 1167/1500/1327 1226/1541/1366 1448/1540/1365
f 1448/1540/1365 1226/1541/1366 1177/1542/1367 1227/1543/1368
f 1224/1537/1362 1448/1540/1365 1227/1543/1368 1176/1538/1363
f 1167/1500/1327 1399/1505/1332 1449/1544/1369 1226/1541/1366
f 1399/1505/1332 1168/1504/1331 1228/1545/1370 1449/1544/1369
f 1449/1544/1369 1228/1545/1370 1178/1546/1371 1229/1547/1372
f 1226/1541/1366 1449/1544/1369 1229/1547/1372 1177/1542/1367
f 1168/1504/1331 1400/1509/1334 1450/1548/1373 1228/1545/1370
f 1400/1509/1334 1159/1508/1300 1213/1549/1336 1450/1548/1373
f 1450/1548/1373 1213/1549/1336 1169/1550/1340 1230/1551/1374
f 1228/1545/1370 1450/1548/1373 1230/1551/1374 1178/1546/1371
f 1169/1515/1340 1212/1514/1339 1451/1552/1375 1233/1553/1376
f 1212/1514/1339 1170/1513/1338 1231/1554/1377 1451/1552/1375
f 1451/1552/1375 1231/1554/1377 1180/1555/1378 1232/1556/1379
f 1233/1553/1376 1451/1552/1375 1232/1556/1379 1179/1557/1380
f 1170/1513/1338 1215/1519/1344 1452/1558/1381 1231/1554/1377
f 1215/1519/1344 1171/1518/1343 1234/1559/1382 1452/1558/1381
f 1452/1558/1381 1234/1559/1382 1181/1560/1383 1235/1561/1384
f 1231/1554/1377 1452/1558/1381 1235/1561/1384 1180/1555/1378
f 1171/1518/1343 1217/1523/1348 1453/1562/1385 1234/1559/1382
f 1217/1523/1348 1172/1522/1347 1236/1563/1386 1453/1562/1385
f 1453/1562/1385 1236/1563/1386 1182/1564/1387 1237/1565/1388
f 1234/1559/1382 1453/1562/1385 1237/1565/1388 1181/1560/1383
f 1172/1522/1347 1219/1527/1352 1454/1566/1389 1236/1563/1386
f 1219/1527/1352 1173/1526/1351 1238/1567/1390 1454/1566/1389
f 1454/1566/1389 1238/1567/1390 1183/1568/1391 1239/1569/1392
f 1236/1563/1386 1454/1566/1389 1239/1569/1392 1182/1564/1387
f 1173/1526/1351 1221/1531/1356 1455/1570/1393 1238/1567/1390
f 1221/1531/1356 1174/1530/1355 1240/1571/1394 1455/1570/1393
f 1455/1570/1393 1240/1571/1394 1184/1572/1395 1241/1573/1396
f 1238/1567/1390 1455/1570/1393 1241/1573/1396 1183/1568/1391
f 1174/1530/1355 1223/1535/1360 1456/1574/1397 1240/1571/1394
f 1223/1535/1360 1175/1534/1359 1242/1575/1398 1456/1574/1397
f 1456/1574/1397 1242/1575/1398 1185/1576/1399 1243/1577/1400
f 1240/1571/1394 1456/1574/1397 1243/1577/1400 1184/1572/1395
f 1175/1534/1359 1225/1539/1364 1457/1578/1401 1242/1575/1398
f 1225/1539/1364 1176/1538/1363 1244/1579/1402 1457/1578/1401
f 1457/1578/1401 1244/1579/1402 1186/1580/1403 1245/1581/1404
f 1242/1575/1398 1457/1578/1401 1245/1581/1404 1185/1576/1399
f 1176/1538/1363 1227/1543/1368 1458/1582/1405 1244/1579/1402
f 1227/1543/1368 1177/1542/1367 1246/1583/1406 1458/1582/1405
f 1458/1582/1405 1246/1583/1406 1187/1584/1407 1247/1585/1408
f 1244/1579/1402 1458/1582/1405 1247/1585/1408 1186/1580/1403
f 1177/1542/1367 1229/1547/1372 1459/1586/1409 1246/1583/1406
f 1229/1547/1372 1178/1546/1371 1248/1587/1410 1459/1586/1409
f 1459/1586/1409 1248/1587/1410 1188/1588/1411 1249/1589/1412
f 1246/1583/1406 1459/1586/1409 1249/1589/1412 1187/1584/1407
f 1178/1546/1371 1230/1551/1374 1460/1590/1413 1248/1587/1410
f 1230/1551/1374 1169/1550/1340 1233/1591/1376 1460/1590/1413
f 1460/1590/1413 1233/1591/1376 1179/1592/1380 1250/1593/1414
f 1248/1587/1410 1460/1590/1413 1250/1593/1414 1188/1588/1411
f 1179/1557/1380 1232/1556/1379 1461/1594/1415 1253/1595/1416
f 1232/1556/1379 1180/1555/1378 1251/1596/1417 1461/1594/1415
f 1461/1594/1415 1251/1596/1417 1190/1597/1418 1252/1598/1419
f 1253/1595/1416 1461/1594/1415 1252/1598/1419 1189/1599/1420
f 1180/1555/1378 1235/1561/1384 1462/1600/1421 1251/1596/1417
f 1235/1561/1384 1181/1560/1383 1254/1601/1422 1462/1600/1421
f 1462/1600/1421 1254/1601/1422 1191/1602/1423 1255/1603/1424
f 1251/1596/1417 1462/1600/1421 1255/1603/1424 1190/1597/1418
f 1181/1560/1383 1237/1565/1388 1463/1604/1425 1254/1601/1422
f 1237/1565/1388 1182/1564/1387 1256/1605/1426 1463/1604/1425
f 1463/1604/1425 1256/1605/1426 1192/1606/1427 1257/1607/1428
f 1254/1601/1422 1463/1604/1425 1257/1607/1428 1191/1602/1423
f 1182/1564/1387 1239/1569/1392 1464/1608/1429 1256/1605/1426
f 1239/1569/1392 1183/1568/1391 1258/1609/1430 1464/1608/1429
f 1464/1608/1429 1258/1609/1430 1193/1610/1431 1259/1611/1432
f 1256/1605/1426 1464/1608/1429 1259/1611/1432 1192/1606/1427
f 1183/1568/1391 1241/1573/1396 1465/1612/1433 1258/1609/1430
f 1241/1573/1396 1184/1572/1395 1260/1613/1434 1465/1612/1433
f 1465/1612/1433 1260/1613/1434 1194/1614/1435 1261/1615/1436
f 1258/1609/1430 1465/1612/1433 1261/1615/1436 1193/1610/1431
f 1184/1572/1395 1243/1577/1400 1466/1616/1437 1260/1613/1434
f 1243/1577/1400 1185/1576/1399 1262/1617/1438 1466/1616/1437
f 1466/1616/1437 1262/1617/1438 1195/1618/1439 1263/1619/1440
f 1260/1613/1434 1466/1616/1437 1263/1619/1440 1194/1614/1435
f 1185/1576/1399 1245/1581/1404 1467/1620/1441 1262/1617/1438
f 1245/1581/1404 1186/1580/1403 1264/1621/1442 1467/1620/1441
f 1467/1620/1441 1264/1621/1442 1196/1622/1443 1265/1623/1444
f 1262/1617/1438 1467/1620/1441 1265/1623/1444 1195/1618/1439
f 1186/1580/1403 1247/1585/1408 1468/1624/1445 1264/1621/1442
f 1247/1585/1408 1187/1584/1407 1266/1625/1446 1468/1624/1445
f 1468/1624/1445 1266/1625/1446 1197/1626/1447 1267/1627/1448
f 1264/1621/1442 1468/1624/1445 1267/1627/1448 1196/1622/1443
f 1187/1584/1407 1249/1589/1412 1469/1628/1449 1266/1625/1446
f 1249/1589/1412 1188/1588/1411 1268/1629/1450 1469/1628/1449
f 1469/1628/1449 1268/1629/1450 1198/1630/1451 1269/1631/1452
f 1266/1625/1446 1469/1628/1449 1269/1631/1452 1197/1626/1447
f 1188/1588/1411 1250/1593/1414 1470/1632/1453 1268/1629/1450
f 1250/1593/1414 1179/1592/1380 1253/1633/1416 1470/1632/1453
f 1470/1632/1453 1253/1633/1416 1189/1634/1420 1270/1635/1454
f 1268/1629/1450 1470/1632/1453 1270/1635/1454 1198/1630/1451
f 1189/1599/1420 1252/1598/1419 1471/1636/1455 1273/1637/1456
f 1252/1598/1419 1190/1597/1418 1271/1638/1457 1471/1636/1455
f 1471/1636/1455 1271/1638/1457 1200/1639/1458 1272/1640/1459
f 1273/1637/1456 1471/1636/1455 1272/1640/1459 1199/1641/1460
f 1190/1597/1418 1255/1603/1424 1472/1642/1461 1271/1638/1457
f 1255/1603/1424 1191/1602/1423 1274/1643/1462 1472/1642/1461
f 1472/1642/1461 1274/1643/1462 1201/1644/1463 1275/1645/1464
f 1271/1638/1457 1472/1642/1461 1275/1645/1464 1200/1639/1458
f 1191/1602/1423 1257/1607/1428 1473/1646/1465 1274/1643/1462
f 1257/1607/1428 1192/1606/1427 1276/1647/1466 1473/1646/1465
f 1473/1646/1465 1276/1647/1466 1202/1648/1467 1277/1649/1468
f 1274/1643/1462 1473/1646/1465 1277/1649/1468 1201/1644/1463
f 1192/1606/1427 1259/1611/1432 1474/1650/1469 1276/1647/1466
f 1259/1611/1432 1193/1610/1431 1278/1651/1470 1474/1650/1469
f 1474/1650/1469 1278/1651/1470 1203/1652/1471 1279/1653/1472
f 1276/1647/1466 1474/1650/1469 1279/1653/1472 1202/1648/1467
f 1193/1610/1431 1261/1615/1436 1475/1654/1473 1278/1651/1470
f 1261/1615/1436 1194/1614/1435 1280/1655/1474 1475/1654/1473
f 1475/1654/1473 1280/1655/1474 1204/1656/1475 1281/1657/1476
f 1278/1651/1470 1475/1654/1473 1281/1657/1476 1203/1652/1471
f 1194/1614/1435 1263/1619/1440 1476/1658/1477 1280/1655/1474
f 1263/1619/1440 1195/1618/1439 1282/1659/1478 1476/1658/1477
f 1476/1658/1477 1282/1659/1478 1205/1660/1479 1283/1661/1480
f 1280/1655/1474 1476/1658/1477 1283/1661/1480 1204/1656/1475
f 1195/1618/1439 1265/1623/1444 1477/1662/1481 1282/1659/1478
f 1265/1623/1444 1196/1622/1443 1284/1663/1482 1477/1662/1481
f 1477/1662/1481 1284/1663/1482 1206/1664/1483 1285/1665/1484
f 1282/1659/1478 1477/1662/1481 1285/1665/1484 1205/1660/1479
f 1196/1622/1443 1267/1627/1448 1478/1666/1485 1284/1663/1482
f 1267/1627/1448 1197/1626/1447 1286/1667/1486 1478/1666/1485
f 1478/1666/1485 1286/1667/1486 1207/1668/1487 1287/1669/1488
f 1284/1663/1482 1478/1666/1485 1287/1669/1488 1206/1664/1483
f 1197/1626/1447 1269/1631/1452 1479/1670/1489 1286/1667/1486
f 1269/1631/1452 1198/1630/1451 1288/1671/1490 1479/1670/1489
f 1479/1670/1489 1288/1671/1490 1208/1672/1491 1289/1673/1492
f 1286/1667/1486 1479/1670/1489 1289/1673/1492 1207/1668/1487
f 1198/1630/1451 1270/1635/1454 1480/1674/1493 1288/1671/1490
f 1270/1635/1454 1189/1634/1420 1273/1675/1456 1480/1674/1493
f 1480/1674/1493 1273/1675/1456 1199/1676/1460 1290/1677/1494
f 1288/1671/1490 1480/1674/1493 1290/1677/1494 1208/1672/1491
f 1120/1325/1159 1311/1322/1156 1481/1678/1495 1292/1679/1496
f 1119/1321/1155 1291/1680/1497 1481/1678/1495 1311/1322/1156
f 1209/1681/1498 1292/1679/1496 1481/1678/1495 1291/1680/1497
f 1121/1332/1166 1315/1330/1164 1482/1682/1499 1293/1683/1500
f 1120/1325/1159 1292/1684/1496 1482/1682/1499 1315/1330/1164
f 1209/1685/1498 1293/1683/1500 1482/1682/1499 1292/1684/1496
f 1122/1338/1172 1318/1336/1170 1483/1686/1501 1294/1687/1502
f 1121/1332/1166 1293/1688/1500 1483/1686/1501 1318/1336/1170
f 1209/1689/1498 1294/1687/1502 1483/1686/1501 1293/1688/1500
f 1123/1344/1178 1321/1342/1176 1484/1690/1503 1295/1691/1504
f 1122/1338/1172 1294/1692/1502 1484/1690/1503 1321/1342/1176
f 1209/1693/1498 1295/1691/1504 1484/1690/1503 1294/1692/1502
f 1124/1350/1184 1324/1348/1182 1485/1694/1505 1296/1695/1506
f 1123/1344/1178 1295/1696/1504 1485/1694/1505 1324/1348/1182
f 1209/1697/1498 1296/1695/1506 1485/1694/1505 1295/1696/1504
f 1125/1356/1190 1327/1354/1188 1486/1698/1507 1297/1699/1508
f 1124/1350/1184 1296/1700/1506 1486/1698/1507 1327/1354/1188
f 1209/1701/1498 1297/1699/1508 1486/1698/1507 1296/1700/1506
f 1126/1362/1196 1330/1360/1194 1487/1702/1509 1298/1703/1510
f 1125/1356/1190 1297/1704/1508 1487/1702/1509 1330/1360/1194
f 1209/1705/1498 1298/1703/1510 1487/1702/1509 1297/1704/1508
f 1127/1368/1202 1333/1366/1200 1488/1706/1511 1299/1707/1512
f 1126/1362/1196 1298/1708/1510 1488/1706/1511 1333/1366/1200
f 1209/1709/1498 1299/1707/1512 1488/1706/1511 1298/1708/1510
f 1128/1374/1208 1336/1372/1206 1489/1710/1513 1300/1711/1514
f 1127/1368/1202 1299/1712/1512 1489/1710/1513 1336/1372/1206
f 1209/1713/1498 1300/1711/1514 1489/1710/1513 1299/1712/1512
f 1119/1380/1155 1339/1378/1212 1490/1714/1515 1291/1715/1497
f 1128/1374/1208 1300/1716/1514 1490/1714/1515 1339/1378/1212
f 1209/1717/1498 1291/1715/1497 1490/1714/1515 1300/1716/1514
f 1199/1641/1460 1272/1640/1459 1491/1718/1516 1302/1719/1517
f 1200/1639/1458 1301/1720/1518 1491/1718/1516 1272/1640/1459
f 1210/1721/1519 1302/1719/1517 1491/1718/1516 1301/1720/1518
f 1200/1639/1458 1275/1645/1464 1492/1722/1520 1301/1723/1518
f 1201/1644/1463 1303/1724/1521 1492/1722/1520 1275/1645/1464
f 1210/1725/1519 1301/1723/1518 1492/1722/1520 1303/1724/1521
f 1201/1644/1463 1277/1649/1468 1493/1726/1522 1303/1727/1521
f 1202/1648/1467 1304/1728/1523 1493/1726/1522 1277/1649/1468
f 1210/1729/1519 1303/1727/1521 1493/1726/1522 1304/1728/1523
f 1202/1648/1467 1279/1653/1472 1494/1730/1524 1304/1731/1523
f 1203/1652/1471 1305/1732/1525 1494/1730/1524 1279/1653/1472
f 1210/1733/1519 1304/1731/1523 1494/1730/1524 1305/1732/1525
f 1203/1652/1471 1281/1657/1476 1495/1734/1526 1305/1735/1525
f 1204/1656/1475 1306/1736/1527 1495/1734/1526 1281/1657/1476
f 1210/1737/1519 1305/1735/1525 1495/1734/1526 1306/1736/1527
f 1204/1656/1475 1283/1661/1480 1496/1738/1528 1306/1739/1527
f 1205/1660/1479 1307/1740/1529 1496/1738/1528 1283/1661/1480
f 1210/1741/1519 1306/1739/1527 1496/1738/1528 1307/1740/1529
f 1205/1660/1479 1285/1665/1484 1497/1742/1530 1307/1743/1529
f 1206/1664/1483 1308/1744/1531 1497/1742/1530 1285/1665/1484
f 1210/1745/1519 1307/1743/1529 1497/1742/1530 1308/1744/1531
f 1206/1664/1483 1287/1669/1488 1498/1746/1532 1308/1747/1531
f 1207/1668/1487 1309/1748/1533 1498/1746/1532 1287/1669/1488
f 1210/1749/1519 1308/1747/1531 1498/1746/1532 1309/1748/1533
f 1207/1668/1487 1289/1673/1492 1499/1750/1534 1309/1751/1533
f 1208/1672/1491 1310/1752/1535 1499/1750/1534 1289/1673/1492
f 1210/1753/1519 1309/1751/1533 1499/1750/1534 1310/1752/1535
f 1208/1672/1491 1290/1677/1494 1500/1754/1536 1310/1755/1535
f 1199/1676/1460 1302/1756/1517 1500/1754/1536 1290/1677/1494
f 1210/1757/1519 1310/1755/1535 1500/1754/1536 1302/1756/1517
o pasted__pCube4
v -0.050367 0.003702 -0.017198
v -0.039439 0.018876 -0.020668
v -0.051126 0.006085 -0.017237
v -0.042094 0.024277 -0.020791
v -0.051220 0.004247 -0.035628
v -0.042135 0.021618 -0.035274
v -0.050461 0.001864 -0.035589
v -0.039480 0.016218 -0.035151
v -0.052063 0.005451 -0.026380
v -0.042217 0.025536 -0.028161
v -0.038392 0.017482 -0.027964
v -0.051054 0.002338 -0.026327
v -0.051207 0.005720 -0.021622
v -0.042211 0.026312 -0.024024
v -0.038386 0.018258 -0.023827
v -0.050196 0.002918 -0.021560
v -0.050237 0.001962 -0.031174
v -0.038398 0.016705 -0.032100
v -0.042224 0.024759 -0.032297
v -0.051248 0.004764 -0.031236
v -0.063282 0.001296 -0.033508
v -0.063252 0.000871 -0.033471
v -0.065258 0.000990 -0.025821
v -0.065372 0.001654 -0.025853
v -0.063939 0.001742 -0.018873
v -0.063969 0.002168 -0.018911
v -0.059560 0.002582 -0.013584
v -0.059704 0.003303 -0.013609
v -0.058336 0.000346 -0.038997
v -0.058479 0.001067 -0.039022
v -0.058862 0.002316 -0.019780
v -0.065171 0.001343 -0.022011
v -0.059002 0.003274 -0.019843
v -0.064745 0.001753 -0.018739
v -0.064753 0.001868 -0.018749
v -0.065220 0.001815 -0.022052
v -0.063031 0.002117 -0.015595
v -0.063080 0.002590 -0.015630
v -0.058257 0.002248 -0.032550
v -0.058118 0.001291 -0.032486
v -0.064067 0.001023 -0.033639
v -0.064059 0.000909 -0.033629
v -0.064850 0.000884 -0.029814
v -0.064899 0.001356 -0.029855
v -0.061727 0.000429 -0.037258
v -0.061776 0.000902 -0.037293
v -0.043448 0.010035 -0.020031
v -0.043103 0.008885 -0.023380
v -0.043152 0.008319 -0.027215
v -0.043202 0.007753 -0.031050
v -0.043635 0.007913 -0.034411
v -0.045968 0.011825 -0.034451
v -0.046314 0.012904 -0.031103
v -0.046264 0.013527 -0.027267
v -0.046214 0.014036 -0.023434
v -0.045781 0.013948 -0.020070
v -0.050686 0.004994 -0.016625
v -0.056129 0.004148 -0.014842
v -0.060643 0.002810 -0.012908
v -0.055822 0.002739 -0.014804
v -0.060078 0.003217 -0.017268
v -0.063815 0.002340 -0.017041
v -0.058883 0.000854 -0.035423
v -0.062741 0.000620 -0.035697
v -0.059006 0.001724 -0.035477
v -0.050801 0.003034 -0.036193
v -0.055132 0.000645 -0.037706
v -0.059256 0.000477 -0.039613
v -0.055439 0.002054 -0.037744
v -0.050960 0.002599 -0.023959
v -0.055343 0.002226 -0.020450
v -0.064920 0.001198 -0.023559
v -0.058492 0.001311 -0.026007
v -0.050430 0.003134 -0.018966
v -0.061466 0.002309 -0.014298
v -0.064685 0.001936 -0.018779
v -0.064193 0.002174 -0.016298
v -0.065829 0.001597 -0.021066
v -0.051430 0.006055 -0.019023
v -0.055748 0.003924 -0.020516
v -0.061571 0.002922 -0.014330
v -0.051960 0.005520 -0.024016
v -0.058888 0.003121 -0.026060
v -0.065025 0.001811 -0.023594
v -0.067162 0.001073 -0.025817
v -0.064744 0.001817 -0.018721
v -0.051987 0.005056 -0.028762
v -0.055346 0.002905 -0.031950
v -0.064864 0.001524 -0.028200
v -0.051459 0.004583 -0.033885
v -0.060207 0.000893 -0.038459
v -0.063052 0.000581 -0.036456
v -0.064016 0.000875 -0.033615
v -0.065429 0.000916 -0.030933
v -0.050459 0.001663 -0.033828
v -0.054941 0.001207 -0.031884
v -0.060102 0.000280 -0.038427
v -0.050987 0.002135 -0.028705
v -0.064759 0.000912 -0.028165
v -0.064033 0.000919 -0.033599
v -0.046309 0.005294 -0.022600
v -0.046488 0.006229 -0.018969
v -0.046386 0.004795 -0.026755
v -0.046462 0.004297 -0.030910
v -0.046775 0.004360 -0.034549
v -0.048248 0.007298 -0.034575
v -0.048427 0.007951 -0.030949
v -0.048351 0.008675 -0.026790
v -0.048274 0.008947 -0.022639
v -0.047962 0.009166 -0.018994
v -0.044608 0.012069 -0.019571
v -0.040509 0.014840 -0.020300
v -0.040292 0.022961 -0.020315
v -0.043732 0.020986 -0.020420
v -0.046289 0.013215 -0.029185
v -0.044315 0.020741 -0.027790
v -0.042221 0.025147 -0.030229
v -0.044340 0.020064 -0.031710
v -0.044808 0.009805 -0.034910
v -0.043824 0.018447 -0.035121
v -0.040317 0.020056 -0.035809
v -0.040601 0.012301 -0.035000
v -0.043177 0.008036 -0.029132
v -0.040042 0.011869 -0.031550
v -0.038395 0.017093 -0.030032
v -0.040018 0.012546 -0.027630
v -0.039684 0.023130 -0.028179
v -0.039684 0.022320 -0.032388
v -0.064034 0.001122 -0.033637
v -0.065442 0.001091 -0.030952
v -0.064474 0.001303 -0.031495
v -0.046239 0.013781 -0.025350
v -0.044291 0.021418 -0.023870
v -0.042214 0.025924 -0.026092
v -0.039684 0.023940 -0.023971
v -0.038389 0.017870 -0.025895
v -0.043128 0.008602 -0.025297
v -0.039993 0.013224 -0.023710
v -0.065817 0.001421 -0.021048
v -0.064894 0.001484 -0.020570
v -0.064668 0.001689 -0.018757
v -0.046189 0.014347 -0.021516
v -0.042208 0.026701 -0.021956
v -0.038383 0.018647 -0.021759
v -0.043078 0.009168 -0.021463
v -0.064180 0.001998 -0.016283
v -0.063785 0.001915 -0.017004
v -0.043227 0.007470 -0.032967
v -0.038401 0.016316 -0.034168
v -0.042227 0.024371 -0.034365
v -0.046339 0.012650 -0.033020
v -0.063065 0.000758 -0.036471
v -0.062771 0.001045 -0.035733
v -0.060844 0.001183 -0.030284
v -0.064444 0.000878 -0.031455
v -0.060826 0.001145 -0.032994
v -0.060967 0.002051 -0.030342
v -0.060870 0.001756 -0.033047
v -0.061302 0.001818 -0.021681
v -0.061596 0.002089 -0.019286
v -0.061426 0.002687 -0.021739
v -0.064925 0.001908 -0.020611
v -0.061640 0.002700 -0.019339
v -0.059955 0.002348 -0.017214
v -0.042117 0.017998 -0.019870
v -0.044327 0.020402 -0.029750
v -0.042216 0.015289 -0.035550
v -0.040030 0.012208 -0.029590
v -0.039684 0.022725 -0.030284
v -0.064862 0.001161 -0.032004
v -0.044303 0.021079 -0.025830
v -0.039684 0.023535 -0.026075
v -0.040006 0.012885 -0.025670
v -0.065307 0.001488 -0.020134
v -0.044278 0.021756 -0.021910
v -0.039684 0.024345 -0.021867
v -0.039981 0.013562 -0.021750
v -0.064419 0.001833 -0.017282
v -0.040055 0.011531 -0.033510
v -0.039684 0.021915 -0.034492
v -0.044352 0.019725 -0.033671
v -0.063499 0.000955 -0.035394
v -0.062290 0.001095 -0.031480
v -0.062330 0.001668 -0.031532
v -0.062849 0.001808 -0.020558
v -0.062890 0.002381 -0.020610
v -0.061962 0.002153 -0.017705
v -0.055768 0.003526 -0.014144
v -0.062002 0.002726 -0.017754
v -0.060927 0.000888 -0.034874
v -0.060968 0.001462 -0.034923
v -0.055091 0.001294 -0.038375
v -0.058259 0.001655 -0.023290
v -0.056421 0.002392 -0.016831
v -0.064439 0.002115 -0.017306
v -0.065327 0.001769 -0.020162
v -0.056780 0.003998 -0.016887
v -0.058618 0.003261 -0.023348
v -0.066487 0.001346 -0.022451
v -0.063493 0.002273 -0.014803
v -0.058440 0.002805 -0.028822
v -0.056047 0.002318 -0.035802
v -0.063479 0.000673 -0.035370
v -0.064841 0.000880 -0.031976
v -0.055687 0.000712 -0.035745
v -0.058081 0.001199 -0.028764
v -0.066216 0.000993 -0.029375
v -0.062158 0.000483 -0.037891
v -0.046271 0.005543 -0.020523
v -0.046348 0.005045 -0.024677
v -0.046424 0.004546 -0.028832
v -0.046501 0.004048 -0.032987
v -0.047521 0.005795 -0.035081
v -0.048465 0.007815 -0.033024
v -0.048389 0.008313 -0.028869
v -0.048312 0.008811 -0.024715
v -0.048236 0.009309 -0.020560
v -0.047215 0.007788 -0.018462
vn -0.5366 0.2648 0.8012
vn 0.1022 0.0549 0.9933
vn 0.0435 0.0509 0.9978
vn -0.5118 0.2299 0.8278
vn 0.5447 -0.2652 0.7956
vn 0.4755 -0.1625 0.8646
vn 0.5732 -0.0024 0.8194
vn 0.3415 0.2089 0.9164
vn -0.2447 0.3664 0.8977
vn -0.9468 0.3200 -0.0357
vn -0.9477 0.3165 -0.0417
vn -0.9462 0.3198 -0.0489
vn -0.9452 0.3230 -0.0484
vn -0.9489 0.3138 -0.0342
vn -0.9473 0.3168 -0.0472
vn -0.4435 0.8817 -0.1608
vn -0.4364 0.8852 -0.1614
vn -0.4293 0.8885 -0.1621
vn 0.4434 -0.4004 -0.8020
vn -0.0464 -0.0527 -0.9975
vn -0.0788 -0.0533 -0.9955
vn 0.3901 -0.2899 -0.8739
vn -0.5796 0.1754 -0.7958
vn -0.5635 0.1399 -0.8142
vn -0.2976 0.2574 -0.9194
vn 0.2486 0.1043 -0.9630
vn 0.5022 -0.1075 -0.8580
vn 0.7741 -0.6277 0.0822
vn 0.7688 -0.6341 0.0832
vn 0.8864 -0.4574 0.0709
vn 0.8889 -0.4526 0.0700
vn 0.7634 -0.6405 0.0842
vn 0.8839 -0.4622 0.0717
vn 0.9996 -0.0291 0.0019
vn 0.9996 -0.0278 0.0017
vn 0.9996 -0.0265 0.0014
vn 0.9010 0.4260 -0.0817
vn -0.1707 0.9771 -0.1269
vn -0.3177 0.9302 -0.1838
vn -0.3364 0.9253 -0.1753
vn -0.1899 0.9769 -0.0980
vn -0.7952 -0.5260 -0.3017
vn -0.5511 0.8016 -0.2319
vn -0.2163 0.9703 -0.1081
vn -0.9505 0.3095 -0.0268
vn -0.9486 0.3131 -0.0456
vn -0.9521 0.3040 -0.0327
vn -0.9498 0.3094 -0.0461
vn -0.4576 0.8748 -0.1594
vn -0.4505 0.8783 -0.1601
vn 0.9997 -0.0240 0.0010
vn 0.9997 -0.0252 0.0012
vn 0.7842 -0.6152 0.0802
vn 0.7792 -0.6215 0.0812
vn 0.8914 -0.4479 0.0692
vn 0.8937 -0.4433 0.0684
vn -0.9337 0.0247 0.3572
vn -0.2042 -0.9636 0.1728
vn -0.0331 -0.9891 0.1433
vn -0.0042 -0.9921 0.1252
vn 0.0643 -0.9880 0.1404
vn 0.1172 -0.9887 0.0936
vn 0.1444 -0.9868 0.0738
vn -0.9408 0.3151 0.1251
vn -0.9297 0.3231 0.1766
vn -0.4025 0.8806 0.2502
vn 0.9721 -0.0045 0.2347
vn 0.8504 0.4611 0.2535
vn 0.7816 -0.5654 0.2635
vn 0.8617 -0.4142 0.2931
vn 0.0495 -0.9971 0.0575
vn -0.4003 -0.8721 0.2816
vn -0.0417 -0.9920 0.1193
vn 0.1157 -0.9907 0.0711
vn 0.7535 -0.6455 -0.1244
vn 0.8528 -0.4908 -0.1784
vn 0.9667 -0.0625 -0.2483
vn 0.8239 0.4011 -0.4003
vn -0.3769 0.7992 -0.4683
vn -0.9284 0.3118 -0.2023
vn -0.9163 0.3031 -0.2617
vn -0.2093 0.9501 -0.2311
vn -0.8147 0.3371 -0.4718
vn -0.3618 0.9060 -0.2196
vn -0.1787 0.9682 -0.1753
vn -0.0093 -0.9981 0.0608
vn 0.0390 -0.9991 -0.0187
vn 0.0795 -0.9965 0.0266
vn 0.0556 -0.9951 0.0818
vn 0.0297 -0.9995 -0.0144
vn 0.0624 -0.9979 0.0189
vn 0.0707 -0.9936 0.0879
vn -0.1893 0.9737 -0.1269
vn -0.1719 0.9798 -0.1020
vn -0.1899 0.9726 -0.1344
vn -0.1645 0.9784 -0.1255
vn 0.0708 -0.9835 0.1665
vn 0.1292 -0.9866 0.0999
vn 0.0255 -0.9938 0.1084
vn 0.1128 -0.9900 0.0850
vn -0.2136 0.9756 -0.0504
vn -0.2167 0.9758 -0.0291
vn -0.2236 0.9744 -0.0222
vn -0.2250 0.9732 -0.0474
vn -0.2490 0.9681 -0.0288
vn -0.2474 0.9688 -0.0130
vn -0.2464 0.9683 -0.0401
vn 0.0415 -0.9988 0.0252
vn 0.1198 -0.9912 0.0559
vn 0.4511 -0.7291 0.5147
vn 0.3729 0.0924 0.9232
vn 0.3283 0.0921 0.9401
vn 0.2705 -0.8678 0.4168
vn -0.2536 0.8557 0.4511
vn -0.1597 0.9412 0.2978
vn -0.1592 0.9607 0.2275
vn -0.2424 0.0005 0.9702
vn 0.1383 -0.9296 0.3417
vn -0.2630 0.9647 0.0135
vn -0.2213 0.9742 -0.0454
vn -0.2308 0.9709 -0.0645
vn -0.2601 0.9644 -0.0478
vn -0.0076 -0.9895 0.1445
vn -0.0054 -0.9864 0.1640
vn 0.0518 -0.9876 0.1485
vn 0.0400 -0.9896 0.1383
vn -0.1856 0.9700 -0.1572
vn -0.1618 0.9749 -0.1531
vn -0.2729 0.7650 -0.5833
vn 0.3256 0.0548 -0.9439
vn 0.3568 0.0439 -0.9331
vn -0.1305 0.8674 -0.4803
vn 0.4402 -0.8039 -0.3998
vn 0.2824 -0.9240 -0.2578
vn 0.1372 -0.9756 -0.1717
vn -0.2072 -0.0888 -0.9743
vn -0.1209 0.8954 -0.4285
vn 0.2655 -0.9598 0.0915
vn 0.2636 -0.9614 0.0789
vn 0.0920 -0.9883 0.1214
vn 0.0942 -0.9921 0.0825
vn 0.3178 -0.9452 0.0746
vn 0.1139 -0.9896 0.0874
vn 0.0422 -0.9919 0.1200
vn 0.0251 -0.9973 0.0688
vn 0.3268 -0.9311 0.1622
vn 0.1122 -0.9879 0.1070
vn 0.0345 -0.9918 0.1234
vn -0.3713 0.9285 0.0083
vn -0.4189 0.9079 -0.0176
vn -0.9280 -0.0997 0.3591
vn -0.7297 0.6450 0.2268
vn -0.4607 0.8856 0.0592
vn -0.3636 0.9304 0.0469
vn -0.5119 0.8577 -0.0483
vn -0.2952 0.9547 -0.0383
vn -0.5340 0.8450 -0.0280
vn -0.3280 0.9441 -0.0332
vn -0.2523 0.9654 0.0651
vn -0.4571 0.8889 0.0292
vn -0.2692 0.9631 -0.0077
vn -0.4605 0.8836 -0.0844
vn -0.2702 0.9592 -0.0833
vn -0.2422 0.9675 -0.0731
vn -0.2413 0.9700 -0.0285
vn -0.9855 -0.1682 -0.0229
vn -0.9724 -0.1440 0.1838
vn -0.9420 -0.0314 0.3340
vn -0.7134 -0.0552 0.6986
vn -0.4585 0.8659 -0.1999
vn -0.2651 0.9500 -0.1651
vn -0.5341 0.8329 -0.1451
vn -0.3282 0.9313 -0.1578
vn -0.2292 0.9660 -0.1196
vn -0.5214 0.8449 -0.1197
vn -0.2934 0.9434 -0.1548
vn -0.2179 0.9352 -0.2790
vn -0.4199 0.8622 -0.2835
vn -0.4063 -0.9061 -0.1182
vn -0.0918 -0.9926 0.0800
vn -0.0621 -0.9977 0.0274
vn -0.1516 -0.9876 -0.0408
vn -0.0639 -0.9977 -0.0247
vn 0.3106 -0.9502 0.0251
vn 0.0888 -0.9922 0.0879
vn 0.3050 -0.9455 0.1143
vn 0.0956 -0.9904 0.1001
vn -0.0082 -0.9973 0.0727
vn 0.2580 -0.9601 0.1079
vn 0.0801 -0.9957 0.0473
vn 0.0258 -0.9995 0.0199
vn -0.9576 -0.1776 -0.2269
vn -0.8912 -0.2144 -0.3998
vn -0.6746 -0.1482 -0.7231
vn 0.6326 -0.7715 0.0674
vn 0.6616 -0.7192 0.2121
vn 0.6219 -0.4267 0.6567
vn 0.6012 -0.7946 0.0852
vn 0.6128 -0.7875 0.0660
vn 0.6118 -0.7845 0.1015
vn 0.6025 -0.7914 0.1034
vn 0.5526 -0.5437 -0.6317
vn 0.6291 -0.7752 -0.0579
vn -0.5031 0.4530 -0.7360
vn 0.1393 0.0203 -0.9900
vn -0.8307 0.5508 -0.0809
vn -0.8224 0.5508 -0.1427
vn -0.8134 0.5791 -0.0558
vn -0.8158 0.5676 -0.1106
vn -0.8394 0.5428 -0.0288
vn -0.8206 0.5715 0.0014
vn -0.4604 0.5586 0.6899
vn -0.8342 0.5505 0.0335
vn 0.2866 0.1087 0.9519
vt 0.500000 0.226562
vt 0.500000 0.125000
vt 0.562500 0.125000
vt 0.562500 0.226562
vt 0.500000 0.000000
vt 0.562500 0.000000
vt 0.625000 0.000000
vt 0.617188 0.125000
vt 0.625000 0.250000
vt 0.500000 0.437500
vt 0.500000 0.406250
vt 0.562500 0.406250
vt 0.562500 0.437500
vt 0.500000 0.375000
vt 0.562500 0.375000
vt 0.625000 0.375000
vt 0.625000 0.406250
vt 0.625000 0.437500
vt 0.500000 0.726562
vt 0.500000 0.625000
vt 0.562500 0.625000
vt 0.562500 0.726562
vt 0.500000 0.523438
vt 0.562500 0.523438
vt 0.625000 0.500000
vt 0.625000 0.625000
vt 0.625000 0.750000
vt 0.500000 0.875000
vt 0.500000 0.843750
vt 0.562500 0.843750
vt 0.562500 0.875000
vt 0.500000 0.812500
vt 0.562500 0.812500
vt 0.625000 0.812500
vt 0.625000 0.843750
vt 0.625000 0.875000
vt 0.750000 0.250000
vt 0.750000 0.125000
vt 0.781250 0.125000
vt 0.781250 0.250000
vt 0.750000 0.000000
vt 0.781250 0.000000
vt 0.812500 0.000000
vt 0.812500 0.125000
vt 0.812500 0.250000
vt 0.187500 0.241319
vt 0.187500 0.215278
vt 0.197917 0.222222
vt 0.200521 0.243056
vt 0.187500 0.178819
vt 0.205729 0.190972
vt 0.212240 0.235243
vt 0.500000 0.343750
vt 0.562500 0.343750
vt 0.500000 0.312500
vt 0.562500 0.312500
vt 0.625000 0.312500
vt 0.625000 0.343750
vt 0.687500 0.250000
vt 0.687500 0.125000
vt 0.718750 0.125000
vt 0.718750 0.250000
vt 0.687500 0.000000
vt 0.718750 0.000000
vt 0.500000 0.937500
vt 0.500000 0.906250
vt 0.562500 0.906250
vt 0.562500 0.937500
vt 0.625000 0.906250
vt 0.625000 0.937500
vt 0.312500 0.071181
vt 0.294271 0.059028
vt 0.302083 0.027778
vt 0.312500 0.034722
vt 0.287760 0.014757
vt 0.299479 0.006944
vt 0.312500 0.008681
vt 0.500000 0.281250
vt 0.562500 0.281250
vt 0.625000 0.281250
vt 0.656250 0.000000
vt 0.656250 0.125000
vt 0.656250 0.250000
vt 0.500000 1.000000
vt 0.500000 0.968750
vt 0.562500 0.968750
vt 0.562500 1.000000
vt 0.625000 0.968750
vt 0.625000 1.000000
vt 0.337240 0.014757
vt 0.330729 0.059028
vt 0.322917 0.027778
vt 0.325521 0.006944
vt 0.500000 0.781250
vt 0.562500 0.781250
vt 0.625000 0.781250
vt 0.843750 0.125000
vt 0.843750 0.250000
vt 0.843750 0.000000
vt 0.875000 0.000000
vt 0.875000 0.125000
vt 0.875000 0.250000
vt 0.500000 0.468750
vt 0.562500 0.468750
vt 0.625000 0.468750
vt 0.162760 0.235243
vt 0.169271 0.190972
vt 0.177083 0.222222
vt 0.174479 0.243056
vt 0.187500 0.000000
vt 0.205729 0.000000
vt 0.197917 0.000000
vt 0.212240 0.014757
vt 0.200521 0.006944
vt 0.187500 0.008681
vt 0.205729 0.250000
vt 0.197917 0.250000
vt 0.187500 0.250000
vt 0.294271 0.000000
vt 0.302083 0.000000
vt 0.312500 0.000000
vt 0.312500 0.250000
vt 0.294271 0.250000
vt 0.302083 0.250000
vt 0.287760 0.235243
vt 0.299479 0.243056
vt 0.312500 0.241319
vt 0.330729 0.000000
vt 0.322917 0.000000
vt 0.375000 0.000000
vt 0.390625 0.125000
vt 0.375000 0.125000
vt 0.367188 0.031250
vt 0.375000 0.250000
vt 0.367188 0.218750
vt 0.364583 0.194444
vt 0.367188 0.125000
vt 0.364583 0.055556
vt 0.337240 0.235243
vt 0.330729 0.250000
vt 0.322917 0.250000
vt 0.325521 0.243056
vt 0.162760 0.014757
vt 0.169271 0.000000
vt 0.177083 0.000000
vt 0.174479 0.006944
vt 0.169271 0.250000
vt 0.177083 0.250000
vt 0.125000 0.250000
vt 0.125000 0.125000
vt 0.132812 0.218750
vt 0.125000 0.000000
vt 0.132812 0.031250
vt 0.135417 0.055556
vt 0.132812 0.125000
vt 0.135417 0.194444
vt 0.250000 0.000000
vt 0.281250 0.000000
vt 0.273438 0.031250
vt 0.250000 0.031250
vt 0.343750 0.000000
vt 0.351562 0.031250
vt 0.312500 0.215278
vt 0.322917 0.222222
vt 0.312500 0.178819
vt 0.330729 0.190972
vt 0.294271 0.190972
vt 0.302083 0.222222
vt 0.343750 0.250000
vt 0.351562 0.218750
vt 0.281250 0.250000
vt 0.250000 0.250000
vt 0.250000 0.218750
vt 0.273438 0.218750
vt 0.250000 0.125000
vt 0.281250 0.125000
vt 0.312500 0.125000
vt 0.343750 0.125000
vt 0.218750 0.250000
vt 0.226562 0.218750
vt 0.156250 0.250000
vt 0.148438 0.218750
vt 0.187500 0.071181
vt 0.169271 0.059028
vt 0.177083 0.027778
vt 0.187500 0.034722
vt 0.205729 0.059028
vt 0.197917 0.027778
vt 0.156250 0.000000
vt 0.148438 0.031250
vt 0.218750 0.000000
vt 0.226562 0.031250
vt 0.218750 0.125000
vt 0.187500 0.125000
vt 0.156250 0.125000
vt 0.375000 0.937500
vt 0.437500 0.937500
vt 0.437500 0.968750
vt 0.375000 0.968750
vt 0.437500 1.000000
vt 0.375000 1.000000
vt 0.375000 0.875000
vt 0.437500 0.875000
vt 0.437500 0.906250
vt 0.375000 0.906250
vt 0.375000 0.812500
vt 0.437500 0.812500
vt 0.437500 0.843750
vt 0.375000 0.843750
vt 0.375000 0.750000
vt 0.437500 0.726562
vt 0.437500 0.781250
vt 0.375000 0.781250
vt 0.375000 0.500000
vt 0.437500 0.523438
vt 0.437500 0.625000
vt 0.375000 0.625000
vt 0.375000 0.437500
vt 0.437500 0.437500
vt 0.437500 0.468750
vt 0.375000 0.468750
vt 0.375000 0.375000
vt 0.437500 0.375000
vt 0.437500 0.406250
vt 0.375000 0.406250
vt 0.375000 0.312500
vt 0.437500 0.312500
vt 0.437500 0.343750
vt 0.375000 0.343750
vt 0.437500 0.226562
vt 0.437500 0.281250
vt 0.375000 0.281250
vt 0.437500 0.000000
vt 0.437500 0.125000
s 1
usemtl pasted__lambert12
f 1556/1758/1537 1611/1759/1538 1665/1760/1539 1614/1761/1540
f 1611/1759/1538 1547/1762/1541 1612/1763/1542 1665/1760/1539
f 1665/1760/1539 1612/1763/1542 1502/1764/1543 1613/1765/1544
f 1614/1761/1540 1665/1760/1539 1613/1765/1544 1504/1766/1545
f 1553/1767/1546 1615/1768/1547 1666/1769/1548 1618/1770/1549
f 1615/1768/1547 1554/1771/1550 1616/1772/1551 1666/1769/1548
f 1666/1769/1548 1616/1772/1551 1510/1773/1552 1617/1774/1553
f 1618/1770/1549 1666/1769/1548 1617/1774/1553 1519/1775/1554
f 1551/1776/1555 1619/1777/1556 1667/1778/1557 1622/1779/1558
f 1619/1777/1556 1552/1780/1559 1620/1781/1560 1667/1778/1557
f 1667/1778/1557 1620/1781/1560 1506/1782/1561 1621/1783/1562
f 1622/1779/1558 1667/1778/1557 1621/1783/1562 1508/1784/1563
f 1549/1785/1564 1623/1786/1565 1668/1787/1566 1626/1788/1567
f 1623/1786/1565 1550/1789/1568 1624/1790/1569 1668/1787/1566
f 1668/1787/1566 1624/1790/1569 1518/1791/1570 1625/1792/1571
f 1626/1788/1567 1668/1787/1566 1625/1792/1571 1511/1793/1572
f 1510/1794/1552 1627/1795/1573 1669/1796/1573 1617/1797/1553
f 1627/1795/1573 1511/1798/1572 1625/1799/1571 1669/1796/1573
f 1669/1796/1573 1625/1799/1571 1518/1800/1570 1628/1801/1573
f 1617/1797/1553 1669/1796/1573 1628/1801/1573 1519/1802/1554
f 1554/1771/1550 1632/1810/1581 1671/1811/1582 1616/1772/1551
f 1632/1810/1581 1555/1812/1583 1633/1813/1584 1671/1811/1582
f 1671/1811/1582 1633/1813/1584 1514/1814/1585 1634/1815/1586
f 1616/1772/1551 1671/1811/1582 1634/1815/1586 1510/1773/1552
f 1514/1816/1585 1635/1817/1573 1672/1818/1573 1634/1819/1586
f 1635/1817/1573 1515/1820/1587 1636/1821/1588 1672/1818/1573
f 1672/1818/1573 1636/1821/1588 1511/1798/1572 1627/1795/1573
f 1634/1819/1586 1672/1818/1573 1627/1795/1573 1510/1794/1552
f 1548/1822/1589 1637/1823/1590 1673/1824/1591 1638/1825/1592
f 1637/1823/1590 1549/1785/1564 1626/1788/1567 1673/1824/1591
f 1673/1824/1591 1626/1788/1567 1511/1793/1572 1636/1826/1588
f 1638/1825/1592 1673/1824/1591 1636/1826/1588 1515/1827/1587
f 1555/1812/1583 1642/1835/1600 1675/1836/1601 1633/1813/1584
f 1642/1835/1600 1556/1758/1537 1614/1761/1540 1675/1836/1601
f 1675/1836/1601 1614/1761/1540 1504/1766/1545 1643/1837/1602
f 1633/1813/1584 1675/1836/1601 1643/1837/1602 1514/1814/1585
f 1502/1764/1543 1644/1838/1603 1676/1839/1604 1613/1765/1544
f 1644/1838/1603 1515/1820/1587 1635/1817/1573 1676/1839/1604
f 1676/1839/1604 1635/1817/1573 1514/1816/1585 1643/1840/1602
f 1613/1765/1544 1676/1839/1604 1643/1840/1602 1504/1766/1545
f 1547/1841/1541 1645/1842/1605 1677/1843/1606 1612/1844/1542
f 1645/1842/1605 1548/1822/1589 1638/1825/1592 1677/1843/1606
f 1677/1843/1606 1638/1825/1592 1515/1827/1587 1644/1845/1603
f 1612/1844/1542 1677/1843/1606 1644/1845/1603 1502/1846/1543
f 1550/1789/1568 1648/1851/1611 1679/1852/1612 1624/1790/1569
f 1648/1851/1611 1551/1776/1555 1622/1779/1558 1679/1852/1612
f 1679/1852/1612 1622/1779/1558 1508/1784/1563 1649/1853/1613
f 1624/1790/1569 1679/1852/1612 1649/1853/1613 1518/1791/1570
f 1519/1802/1554 1628/1801/1573 1680/1854/1614 1650/1855/1615
f 1628/1801/1573 1518/1800/1570 1649/1856/1613 1680/1854/1614
f 1680/1854/1614 1649/1856/1613 1508/1857/1563 1621/1858/1562
f 1650/1855/1615 1680/1854/1614 1621/1858/1562 1506/1859/1561
f 1552/1780/1559 1651/1860/1616 1681/1861/1617 1620/1781/1560
f 1651/1860/1616 1553/1767/1546 1618/1770/1549 1681/1861/1617
f 1681/1861/1617 1618/1770/1549 1519/1775/1554 1650/1862/1615
f 1620/1781/1560 1681/1861/1617 1650/1862/1615 1506/1782/1561
f 1501/1887/1646 1557/1888/1647 1688/1889/1648 1560/1890/1649
f 1557/1888/1647 1503/1891/1650 1558/1892/1651 1688/1889/1648
f 1688/1889/1648 1558/1892/1651 1528/1893/1652 1559/1894/1653
f 1560/1890/1649 1688/1889/1648 1559/1894/1653 1527/1895/1654
f 1505/1906/1665 1566/1907/1666 1692/1907/1667 1569/1908/1668
f 1566/1907/1666 1507/1909/1669 1567/1910/1670 1692/1907/1667
f 1692/1907/1667 1567/1910/1670 1529/1911/1671 1568/1912/1672
f 1569/1908/1668 1692/1907/1667 1568/1912/1672 1530/1913/1673
f 1512/1914/1674 1570/1915/1675 1693/1915/1676 1573/1914/1677
f 1516/1878/1678 1571/1878/1679 1693/1915/1676 1570/1915/1675
f 1531/1878/1635 1659/1876/1633 1693/1915/1676 1571/1878/1679
f 1532/1832/1597 1572/1916/1680 1693/1915/1676 1659/1876/1633
f 1523/1917/1681 1573/1914/1677 1693/1915/1676 1572/1916/1680
f 1516/1878/1678 1574/1918/1682 1694/1918/1683 1571/1878/1679
f 1501/1887/1646 1560/1890/1649 1694/1918/1683 1574/1918/1682
f 1527/1895/1654 1575/1919/1684 1694/1918/1683 1560/1890/1649
f 1537/1847/1607 1664/1885/1644 1694/1918/1683 1575/1919/1684
f 1531/1878/1635 1571/1878/1679 1694/1918/1683 1664/1885/1644
f 1503/1891/1650 1579/1926/1691 1697/1926/1692 1558/1892/1651
f 1513/1879/1693 1580/1879/1694 1697/1926/1692 1579/1926/1691
f 1533/1879/1637 1561/1897/1656 1697/1926/1692 1580/1879/1694
f 1538/1896/1655 1581/1927/1695 1697/1926/1692 1561/1897/1656
f 1528/1893/1652 1558/1892/1651 1697/1926/1692 1581/1927/1695
f 1513/1879/1693 1582/1928/1696 1698/1928/1697 1580/1879/1694
f 1509/1929/1698 1583/1929/1699 1698/1928/1697 1582/1928/1696
f 1524/1930/1700 1584/1931/1701 1698/1928/1697 1583/1929/1699
f 1536/1882/1641 1661/1880/1638 1698/1928/1697 1584/1931/1701
f 1533/1879/1637 1580/1879/1694 1698/1928/1697 1661/1880/1638
f 1524/1930/1700 1585/1932/1702 1699/1933/1703 1584/1931/1701
f 1523/1917/1681 1572/1916/1680 1699/1933/1703 1585/1932/1702
f 1532/1832/1597 1639/1829/1594 1699/1933/1703 1572/1916/1680
f 1534/1828/1593 1586/1934/1704 1699/1933/1703 1639/1829/1594
f 1535/1922/1687 1578/1924/1689 1699/1933/1703 1586/1934/1704
f 1536/1882/1641 1584/1931/1701 1699/1933/1703 1578/1924/1689
f 1538/1896/1655 1577/1923/1688 1700/1935/1705 1581/1927/1695
f 1535/1922/1687 1586/1934/1704 1700/1935/1705 1577/1923/1688
f 1534/1828/1593 1646/1848/1608 1700/1935/1705 1586/1934/1704
f 1537/1847/1607 1575/1919/1684 1700/1935/1705 1646/1848/1608
f 1527/1895/1654 1559/1894/1653 1700/1935/1705 1575/1919/1684
f 1528/1893/1652 1581/1927/1695 1700/1935/1705 1559/1894/1653
f 1509/1929/1698 1587/1936/1706 1701/1936/1707 1583/1929/1699
f 1520/1875/1708 1588/1875/1709 1701/1936/1707 1587/1936/1706
f 1539/1875/1631 1657/1873/1629 1701/1936/1707 1588/1875/1709
f 1544/1809/1580 1589/1937/1710 1701/1936/1707 1657/1873/1629
f 1524/1930/1700 1583/1929/1699 1701/1936/1707 1589/1937/1710
f 1520/1875/1708 1590/1938/1711 1702/1938/1712 1588/1875/1709
f 1505/1906/1665 1569/1908/1668 1702/1938/1712 1590/1938/1711
f 1530/1913/1673 1591/1939/1713 1702/1938/1712 1569/1908/1668
f 1546/1863/1618 1565/1904/1663 1702/1938/1712 1591/1939/1713
f 1539/1875/1631 1588/1875/1709 1702/1938/1712 1565/1904/1663
f 1507/1909/1669 1595/1946/1720 1705/1946/1721 1567/1910/1670
f 1517/1867/1722 1596/1867/1723 1705/1946/1721 1595/1946/1720
f 1540/1867/1622 1563/1901/1660 1705/1946/1721 1596/1867/1723
f 1545/1900/1659 1597/1947/1724 1705/1946/1721 1563/1901/1660
f 1529/1911/1671 1567/1910/1670 1705/1946/1721 1597/1947/1724
f 1517/1867/1722 1598/1948/1725 1706/1948/1726 1596/1867/1723
f 1512/1914/1674 1573/1914/1677 1706/1948/1726 1598/1948/1725
f 1523/1917/1681 1599/1949/1727 1706/1948/1726 1573/1914/1677
f 1543/1870/1626 1654/1868/1623 1706/1948/1726 1599/1949/1727
f 1540/1867/1622 1596/1867/1723 1706/1948/1726 1654/1868/1623
f 1544/1809/1580 1630/1808/1579 1707/1950/1728 1589/1937/1710
f 1541/1807/1578 1600/1951/1729 1707/1950/1728 1630/1808/1579
f 1542/1940/1714 1594/1944/1718 1707/1950/1728 1600/1951/1729
f 1543/1870/1626 1599/1949/1727 1707/1950/1728 1594/1944/1718
f 1523/1917/1681 1585/1932/1702 1707/1950/1728 1599/1949/1727
f 1524/1930/1700 1589/1937/1710 1707/1950/1728 1585/1932/1702
f 1529/1911/1671 1597/1947/1724 1708/1952/1730 1568/1912/1672
f 1545/1900/1659 1592/1941/1715 1708/1952/1730 1597/1947/1724
f 1542/1940/1714 1600/1951/1729 1708/1952/1730 1592/1941/1715
f 1541/1807/1578 1652/1864/1619 1708/1952/1730 1600/1951/1729
f 1546/1863/1618 1591/1939/1713 1708/1952/1730 1652/1864/1619
f 1530/1913/1673 1568/1912/1672 1708/1952/1730 1591/1939/1713
f 1516/1953/1678 1601/1954/1731 1709/1955/1732 1574/1956/1682
f 1601/1954/1731 1548/1822/1589 1645/1842/1605 1709/1955/1732
f 1709/1955/1732 1645/1842/1605 1547/1841/1541 1602/1957/1733
f 1574/1956/1682 1709/1955/1732 1602/1957/1733 1501/1958/1646
f 1512/1959/1674 1603/1960/1734 1710/1961/1735 1570/1962/1675
f 1603/1960/1734 1549/1785/1564 1637/1823/1590 1710/1961/1735
f 1710/1961/1735 1637/1823/1590 1548/1822/1589 1601/1954/1731
f 1570/1962/1675 1710/1961/1735 1601/1954/1731 1516/1953/1678
f 1517/1963/1722 1604/1964/1736 1711/1965/1737 1598/1966/1725
f 1604/1964/1736 1550/1789/1568 1623/1786/1565 1711/1965/1737
f 1711/1965/1737 1623/1786/1565 1549/1785/1564 1603/1960/1734
f 1598/1966/1725 1711/1965/1737 1603/1960/1734 1512/1959/1674
f 1507/1967/1669 1605/1968/1738 1712/1969/1739 1595/1970/1720
f 1605/1968/1738 1551/1776/1555 1648/1851/1611 1712/1969/1739
f 1712/1969/1739 1648/1851/1611 1550/1789/1568 1604/1964/1736
f 1595/1970/1720 1712/1969/1739 1604/1964/1736 1517/1963/1722
f 1505/1971/1665 1606/1972/1740 1713/1973/1741 1566/1974/1666
f 1606/1972/1740 1552/1780/1559 1619/1777/1556 1713/1973/1741
f 1713/1973/1741 1619/1777/1556 1551/1776/1555 1605/1968/1738
f 1566/1974/1666 1713/1973/1741 1605/1968/1738 1507/1967/1669
f 1520/1975/1708 1607/1976/1742 1714/1977/1743 1590/1978/1711
f 1607/1976/1742 1553/1767/1546 1651/1860/1616 1714/1977/1743
f 1714/1977/1743 1651/1860/1616 1552/1780/1559 1606/1972/1740
f 1590/1978/1711 1714/1977/1743 1606/1972/1740 1505/1971/1665
f 1509/1979/1698 1608/1980/1744 1715/1981/1745 1587/1982/1706
f 1608/1980/1744 1554/1771/1550 1615/1768/1547 1715/1981/1745
f 1715/1981/1745 1615/1768/1547 1553/1767/1546 1607/1976/1742
f 1587/1982/1706 1715/1981/1745 1607/1976/1742 1520/1975/1708
f 1513/1983/1693 1609/1984/1746 1716/1985/1747 1582/1986/1696
f 1609/1984/1746 1555/1812/1583 1632/1810/1581 1716/1985/1747
f 1716/1985/1747 1632/1810/1581 1554/1771/1550 1608/1980/1744
f 1582/1986/1696 1716/1985/1747 1608/1980/1744 1509/1979/1698
f 1503/1891/1650 1610/1987/1748 1717/1988/1749 1579/1989/1691
f 1610/1987/1748 1556/1758/1537 1642/1835/1600 1717/1988/1749
f 1717/1988/1749 1642/1835/1600 1555/1812/1583 1609/1984/1746
f 1579/1989/1691 1717/1988/1749 1609/1984/1746 1513/1983/1693
f 1501/1887/1646 1602/1990/1733 1718/1991/1750 1557/1888/1647
f 1602/1990/1733 1547/1762/1541 1611/1759/1538 1718/1991/1750
f 1718/1991/1750 1611/1759/1538 1556/1758/1537 1610/1987/1748
f 1557/1888/1647 1718/1991/1750 1610/1987/1748 1503/1891/1650
usemtl pasted__lambert15
f 1521/1803/1574 1629/1804/1575 1670/1805/1576 1631/1806/1577
f 1541/1807/1578 1630/1808/1579 1670/1805/1576 1629/1804/1575
f 1544/1809/1580 1631/1806/1577 1670/1805/1576 1630/1808/1579
f 1534/1828/1593 1639/1829/1594 1674/1830/1595 1641/1831/1596
f 1532/1832/1597 1640/1833/1598 1674/1830/1595 1639/1829/1594
f 1525/1834/1599 1641/1831/1596 1674/1830/1595 1640/1833/1598
f 1537/1847/1607 1646/1848/1608 1678/1849/1609 1647/1850/1610
f 1534/1828/1593 1641/1831/1596 1678/1849/1609 1646/1848/1608
f 1525/1834/1599 1647/1850/1610 1678/1849/1609 1641/1831/1596
f 1546/1863/1618 1652/1864/1619 1682/1865/1620 1653/1866/1621
f 1541/1807/1578 1629/1804/1575 1682/1865/1620 1652/1864/1619
f 1521/1803/1574 1653/1866/1621 1682/1865/1620 1629/1804/1575
f 1540/1867/1622 1654/1868/1623 1683/1869/1624 1656/1867/1625
f 1543/1870/1626 1655/1871/1627 1683/1869/1624 1654/1868/1623
f 1522/1872/1628 1656/1867/1625 1683/1869/1624 1655/1871/1627
f 1544/1809/1580 1657/1873/1629 1684/1874/1630 1631/1806/1577
f 1539/1875/1631 1658/1875/1632 1684/1874/1630 1657/1873/1629
f 1521/1803/1574 1631/1806/1577 1684/1874/1630 1658/1875/1632
f 1532/1832/1597 1659/1876/1633 1685/1877/1634 1640/1833/1598
f 1531/1878/1635 1660/1878/1636 1685/1877/1634 1659/1876/1633
f 1525/1834/1599 1640/1833/1598 1685/1877/1634 1660/1878/1636
f 1533/1879/1637 1661/1880/1638 1686/1881/1639 1663/1879/1640
f 1536/1882/1641 1662/1883/1642 1686/1881/1639 1661/1880/1638
f 1526/1884/1643 1663/1879/1640 1686/1881/1639 1662/1883/1642
f 1531/1878/1635 1664/1885/1644 1687/1886/1645 1660/1878/1636
f 1537/1847/1607 1647/1850/1610 1687/1886/1645 1664/1885/1644
f 1525/1834/1599 1660/1878/1636 1687/1886/1645 1647/1850/1610
f 1538/1896/1655 1561/1897/1656 1689/1898/1657 1562/1899/1658
f 1533/1879/1637 1663/1879/1640 1689/1898/1657 1561/1897/1656
f 1526/1884/1643 1562/1899/1658 1689/1898/1657 1663/1879/1640
f 1545/1900/1659 1563/1901/1660 1690/1902/1661 1564/1903/1662
f 1540/1867/1622 1656/1867/1625 1690/1902/1661 1563/1901/1660
f 1522/1872/1628 1564/1903/1662 1690/1902/1661 1656/1867/1625
f 1539/1875/1631 1565/1904/1663 1691/1905/1664 1658/1875/1632
f 1546/1863/1618 1653/1866/1621 1691/1905/1664 1565/1904/1663
f 1521/1803/1574 1658/1875/1632 1691/1905/1664 1653/1866/1621
f 1526/1884/1643 1576/1920/1685 1695/1921/1686 1562/1899/1658
f 1535/1922/1687 1577/1923/1688 1695/1921/1686 1576/1920/1685
f 1538/1896/1655 1562/1899/1658 1695/1921/1686 1577/1923/1688
f 1536/1882/1641 1578/1924/1689 1696/1925/1690 1662/1883/1642
f 1535/1922/1687 1576/1920/1685 1696/1925/1690 1578/1924/1689
f 1526/1884/1643 1662/1883/1642 1696/1925/1690 1576/1920/1685
f 1542/1940/1714 1592/1941/1715 1703/1942/1716 1593/1943/1717
f 1545/1900/1659 1564/1903/1662 1703/1942/1716 1592/1941/1715
f 1522/1872/1628 1593/1943/1717 1703/1942/1716 1564/1903/1662
f 1543/1870/1626 1594/1944/1718 1704/1945/1719 1655/1871/1627
f 1542/1940/1714 1593/1943/1717 1704/1945/1719 1594/1944/1718
f 1522/1872/1628 1655/1871/1627 1704/1945/1719 1593/1943/1717
o pasted__pasted__pCone1
v -0.011576 0.060016 0.035672
v -0.010399 0.058452 0.033661
v -0.010869 0.058437 0.033536
v -0.011249 0.058143 0.033608
v -0.011318 0.057741 0.033835
v -0.011034 0.057468 0.034083
v -0.010564 0.057483 0.034208
v -0.010183 0.057777 0.034136
v -0.010115 0.058178 0.033909
v -0.009340 0.057021 0.031225
v -0.009388 0.057368 0.031578
v -0.010221 0.057060 0.031170
v -0.010368 0.057406 0.031501
v -0.010872 0.056464 0.031130
v -0.011098 0.056747 0.031471
v -0.010913 0.055581 0.031128
v -0.011150 0.055776 0.031506
v -0.010318 0.054927 0.031166
v -0.010493 0.055062 0.031584
v -0.009435 0.054887 0.031221
v -0.009512 0.055024 0.031660
v -0.008782 0.055485 0.031261
v -0.008782 0.055684 0.031690
v -0.008744 0.056370 0.031263
v -0.008731 0.056655 0.031656
v -0.010506 0.056718 0.031146
v -0.011064 0.056551 0.031136
v -0.010796 0.057144 0.031479
v -0.010832 0.056021 0.031126
v -0.011112 0.055507 0.031133
v -0.011217 0.056265 0.031481
v -0.010572 0.055295 0.031143
v -0.010408 0.054734 0.031177
v -0.010891 0.055356 0.031542
v -0.009874 0.054967 0.031187
v -0.009364 0.054687 0.031243
v -0.010008 0.054950 0.031625
v -0.009148 0.055230 0.031232
v -0.008592 0.055394 0.031290
v -0.009084 0.055286 0.031682
v -0.008821 0.055931 0.031252
v -0.008663 0.056166 0.031680
v -0.010570 0.057809 0.032390
v -0.009819 0.057799 0.032498
v -0.011146 0.057316 0.032416
v -0.011210 0.056609 0.032562
v -0.010725 0.056101 0.032742
v -0.009974 0.056091 0.032850
v -0.009397 0.056584 0.032824
v -0.009333 0.057291 0.032678
v -0.010603 0.058438 0.033524
v -0.011237 0.059263 0.034629
v -0.010985 0.059279 0.034716
v -0.011071 0.058268 0.033495
v -0.011449 0.059110 0.034687
v -0.011318 0.057885 0.033661
v -0.011495 0.058909 0.034857
v -0.011200 0.057514 0.033925
v -0.011350 0.058778 0.035040
v -0.010785 0.057372 0.034132
v -0.011097 0.058793 0.035127
v -0.010316 0.057542 0.034161
v -0.010886 0.058946 0.035068
v -0.010069 0.057925 0.033995
v -0.010839 0.059147 0.034898
v -0.010188 0.058296 0.033731
v -0.009252 0.057211 0.031248
v -0.008990 0.057075 0.031619
v -0.008546 0.056440 0.031293
v -0.009086 0.056656 0.031235
v -0.009784 0.056981 0.031191
v -0.010294 0.057256 0.031183
v -0.009873 0.057480 0.031536
v -0.011006 0.059111 0.034445
v -0.011296 0.059006 0.034427
v -0.011457 0.058785 0.034570
v -0.011395 0.058578 0.034789
v -0.011147 0.058506 0.034958
v -0.010857 0.058611 0.034976
v -0.010696 0.058832 0.034833
v -0.010758 0.059039 0.034613
v -0.008826 0.056893 0.031275
v -0.009769 0.057333 0.031216
v -0.010746 0.056977 0.031155
v -0.011187 0.056034 0.031128
v -0.010833 0.055054 0.031151
v -0.009890 0.054610 0.031210
v -0.008910 0.054966 0.031271
v -0.008469 0.055913 0.031298
v -0.009828 0.055976 0.031181
v -0.010188 0.057871 0.032430
v -0.010904 0.057611 0.032386
v -0.011250 0.056964 0.032478
v -0.011023 0.056308 0.032654
v -0.010355 0.056029 0.032810
v -0.009639 0.056289 0.032854
v -0.009294 0.056937 0.032762
v -0.009521 0.057592 0.032586
vn 0.4508 0.8380 -0.3075
vn 0.0966 0.8738 -0.4766
vn 0.1296 0.8228 -0.5533
vn 0.4702 0.8148 -0.3393
vn -0.2508 0.7863 -0.5647
vn -0.2348 0.7512 -0.6169
vn -0.2983 0.7121 0.6355
vn -0.5806 0.6277 -0.5186
vn -0.5647 0.5704 -0.5964
vn -0.8456 0.3668 -0.3879
vn -0.8419 0.3378 -0.4207
vn -0.9876 0.0642 -0.1430
vn -0.9785 0.0503 -0.2003
vn -0.9593 -0.2509 0.1292
vn -0.9760 -0.1787 0.1246
vn -0.7599 -0.5118 0.4007
vn -0.8050 -0.4451 0.3922
vn -0.4856 -0.6415 0.5939
vn -0.5725 -0.4805 0.6644
vn -0.1418 -0.6854 0.7142
vn -0.2020 -0.5916 0.7806
vn 0.1721 -0.6061 0.7766
vn 0.0946 -0.4148 0.9050
vn 0.4685 -0.4636 0.7520
vn 0.4469 -0.3557 0.8208
vn 0.7150 -0.2050 0.6683
vn 0.6703 -0.0287 0.7416
vn 0.8618 0.0777 0.5013
vn 0.8543 0.1580 0.4952
vn 0.8761 0.4163 0.2431
vn 0.8431 0.4825 0.2375
vn 0.7257 0.6870 -0.0368
vn 0.7339 0.6727 -0.0940
vn 0.0770 0.0314 -0.9965
vn 0.3930 0.6686 -0.6313
vn 0.6887 0.5379 -0.4861
vn 0.0801 0.0153 -0.9967
vn 0.4461 0.8704 -0.2085
vn 0.7485 0.6619 0.0407
vn 0.8959 0.3217 0.3064
vn 0.9238 0.2682 -0.2734
vn 0.0955 0.0113 -0.9954
vn 0.0926 0.6855 -0.7221
vn 0.0789 0.9211 -0.3813
vn 0.0634 0.0238 -0.9977
vn 0.0503 0.0322 -0.9982
vn -0.1805 0.6256 -0.7590
vn -0.2800 0.8471 -0.4518
vn -0.4301 0.4948 -0.7551
vn -0.6079 0.6712 -0.4241
vn 0.0456 0.0173 -0.9988
vn 0.0303 0.0144 -0.9994
vn -0.6569 0.2859 -0.6977
vn -0.8735 0.3904 -0.2910
vn -0.8135 -0.0089 -0.5815
vn -0.9973 0.0271 -0.0684
vn 0.0382 0.0001 -0.9993
vn 0.0289 -0.0129 -0.9995
vn -0.8432 -0.3741 -0.3861
vn -0.9209 -0.3387 0.1928
vn -0.6928 -0.7026 -0.1625
vn -0.6875 -0.5997 0.4095
vn 0.0449 -0.0169 -0.9988
vn 0.0480 -0.0318 -0.9983
vn -0.3954 -0.9170 0.0518
vn -0.3852 -0.7337 0.5598
vn -0.0410 -0.9805 0.1920
vn -0.0796 -0.7585 0.6469
vn 0.0612 -0.0244 -0.9978
vn 0.0735 -0.0320 -0.9968
vn 0.3158 -0.9134 0.2570
vn 0.2104 -0.6963 0.6862
vn 0.6371 -0.7339 0.2354
vn 0.4750 -0.5568 0.6814
vn 0.0782 -0.0183 -0.9968
vn 0.0930 -0.0155 -0.9955
vn 0.8815 -0.4529 0.1334
vn 0.7010 -0.3387 0.6276
vn 0.9945 -0.0895 -0.0546
vn 0.8616 -0.0365 0.5062
vn 0.0859 -0.0020 -0.9963
vn 0.0623 -0.0010 -0.9981
vn 0.0750 0.9092 -0.4096
vn 0.4316 0.8708 -0.2356
vn -0.2737 0.8345 -0.4783
vn -0.5942 0.6659 -0.4511
vn -0.8598 0.4014 -0.3157
vn -0.9935 0.0637 -0.0947
vn -0.9416 -0.2888 0.1734
vn -0.7231 -0.5571 0.4084
vn -0.4250 -0.7010 0.5727
vn -0.1049 -0.7321 0.6731
vn 0.1988 -0.6693 0.7159
vn 0.4747 -0.5215 0.7090
vn 0.7093 -0.2887 0.6431
vn 0.8619 0.0190 0.5068
vn 0.8820 0.3741 0.2866
vn 0.7251 0.6885 0.0119
vt 0.375000 0.750000
vt 0.386290 0.740093
vt 0.427083 0.833333
vt 0.437500 0.875000
vt 0.404489 0.745304
vt 0.445312 0.854167
vt 0.500000 1.000000
vt 0.418779 0.740093
vt 0.447917 0.833333
vt 0.436324 0.745296
vt 0.463542 0.854167
vt 0.451266 0.740080
vt 0.468750 0.833333
vt 0.468161 0.745280
vt 0.481771 0.854167
vt 0.483755 0.740063
vt 0.489583 0.833333
vt 0.500000 0.745264
vt 0.500000 0.854167
vt 0.516247 0.740051
vt 0.510417 0.833333
vt 0.531843 0.745258
vt 0.518229 0.854167
vt 0.548740 0.740051
vt 0.531250 0.833333
vt 0.563684 0.745264
vt 0.536458 0.854167
vt 0.581230 0.740063
vt 0.552083 0.833333
vt 0.595519 0.745280
vt 0.554688 0.854167
vt 0.613714 0.740080
vt 0.572917 0.833333
vt 0.625000 0.750000
vt 0.562500 0.875000
vt 0.634706 0.115847
vt 0.659267 0.091549
vt 0.707572 0.164828
vt 0.653654 0.186751
vt 0.675347 0.076132
vt 0.711697 0.163780
vt 0.748047 0.251429
vt 0.725518 0.250774
vt 0.690762 0.250486
vt 0.585899 0.043486
vt 0.587674 0.039847
vt 0.563574 0.097041
vt 0.500060 0.060261
vt 0.500019 0.025778
vt 0.500000 0.003563
vt 0.414179 0.043564
vt 0.412326 0.039847
vt 0.436597 0.097138
vt 0.365531 0.115968
vt 0.340887 0.091666
vt 0.324653 0.076132
vt 0.292655 0.164906
vt 0.288303 0.163780
vt 0.346705 0.186848
vt 0.309587 0.250489
vt 0.274744 0.250775
vt 0.251954 0.251429
vt 0.292412 0.336767
vt 0.288255 0.339126
vt 0.346425 0.314002
vt 0.365173 0.385358
vt 0.340522 0.410246
vt 0.324557 0.426823
vt 0.413935 0.458580
vt 0.412278 0.463162
vt 0.436317 0.404251
vt 0.500056 0.441402
vt 0.500018 0.476478
vt 0.500000 0.499502
vt 0.586136 0.458652
vt 0.587722 0.463162
vt 0.563847 0.404340
vt 0.635055 0.385469
vt 0.659623 0.410354
vt 0.675443 0.426822
vt 0.707809 0.336838
vt 0.711745 0.339126
vt 0.653926 0.314092
vt 0.500149 0.250426
vt 0.252022 0.504043
vt 0.283032 0.504079
vt 0.336829 0.627040
vt 0.313511 0.627022
vt 0.314043 0.504115
vt 0.360143 0.627049
vt 0.345027 0.504079
vt 0.383451 0.627040
vt 0.376011 0.504043
vt 0.406756 0.627018
vt 0.407000 0.503975
vt 0.430062 0.626988
vt 0.437988 0.503907
vt 0.453371 0.626953
vt 0.468994 0.503839
vt 0.476685 0.626920
vt 0.500000 0.503771
vt 0.500001 0.626890
vt 0.531018 0.503742
vt 0.523321 0.626871
vt 0.562036 0.503713
vt 0.546642 0.626864
vt 0.593047 0.503742
vt 0.569961 0.626871
vt 0.624057 0.503771
vt 0.593276 0.626890
vt 0.655046 0.503839
vt 0.616585 0.626920
vt 0.686035 0.503907
vt 0.639890 0.626954
vt 0.717007 0.503975
vt 0.663191 0.626988
vt 0.747978 0.504043
vt 0.686489 0.627022
s 1
usemtl pasted__lambert2
f 1720/1992/1751 1769/1993/1752 1792/1994/1753 1771/1995/1754
f 1721/1996/1755 1770/1997/1756 1792/1994/1753 1769/1993/1752
f 1719/1998/1757 1771/1995/1754 1792/1994/1753 1770/1997/1756
f 1721/1996/1755 1772/1999/1758 1793/2000/1759 1770/1997/1756
f 1722/2001/1760 1773/2002/1761 1793/2000/1759 1772/1999/1758
f 1719/1998/1757 1770/1997/1756 1793/2000/1759 1773/2002/1761
f 1722/2001/1760 1774/2003/1762 1794/2004/1763 1773/2002/1761
f 1723/2005/1764 1775/2006/1765 1794/2004/1763 1774/2003/1762
f 1719/1998/1757 1773/2002/1761 1794/2004/1763 1775/2006/1765
f 1723/2005/1764 1776/2007/1766 1795/2008/1767 1775/2006/1765
f 1724/2009/1768 1777/2010/1769 1795/2008/1767 1776/2007/1766
f 1719/1998/1757 1775/2006/1765 1795/2008/1767 1777/2010/1769
f 1724/2009/1768 1778/2011/1770 1796/2012/1771 1777/2010/1769
f 1725/2013/1772 1779/2014/1773 1796/2012/1771 1778/2011/1770
f 1719/1998/1757 1777/2010/1769 1796/2012/1771 1779/2014/1773
f 1725/2013/1772 1780/2015/1774 1797/2016/1775 1779/2014/1773
f 1726/2017/1776 1781/2018/1777 1797/2016/1775 1780/2015/1774
f 1719/1998/1757 1779/2014/1773 1797/2016/1775 1781/2018/1777
f 1726/2017/1776 1782/2019/1778 1798/2020/1779 1781/2018/1777
f 1727/2021/1780 1783/2022/1781 1798/2020/1779 1782/2019/1778
f 1719/1998/1757 1781/2018/1777 1798/2020/1779 1783/2022/1781
f 1727/2021/1780 1784/2023/1782 1799/2024/1783 1783/2022/1781
f 1720/2025/1751 1771/2026/1754 1799/2024/1783 1784/2023/1782
f 1719/1998/1757 1783/2022/1781 1799/2024/1783 1771/2026/1754
f 1728/2027/1784 1785/2028/1785 1800/2029/1786 1788/2030/1787
f 1785/2028/1785 1729/2031/1788 1786/2032/1789 1800/2029/1786
f 1800/2029/1786 1786/2032/1789 1743/2033/1790 1787/2034/1791
f 1788/2030/1787 1800/2029/1786 1787/2034/1791 1742/2035/1792
f 1729/2031/1788 1785/2028/1785 1801/2036/1793 1791/2037/1794
f 1785/2028/1785 1728/2027/1784 1789/2038/1795 1801/2036/1793
f 1801/2036/1793 1789/2038/1795 1730/2039/1796 1790/2040/1797
f 1791/2037/1794 1801/2036/1793 1790/2040/1797 1731/2041/1798
f 1731/2041/1798 1790/2040/1797 1802/2042/1799 1746/2043/1800
f 1790/2040/1797 1730/2039/1796 1744/2044/1801 1802/2042/1799
f 1802/2042/1799 1744/2044/1801 1732/2045/1802 1745/2046/1803
f 1746/2043/1800 1802/2042/1799 1745/2046/1803 1733/2047/1804
f 1733/2047/1804 1745/2046/1803 1803/2048/1805 1749/2049/1806
f 1745/2046/1803 1732/2045/1802 1747/2050/1807 1803/2048/1805
f 1803/2048/1805 1747/2050/1807 1734/2051/1808 1748/2052/1809
f 1749/2049/1806 1803/2048/1805 1748/2052/1809 1735/2053/1810
f 1735/2053/1810 1748/2052/1809 1804/2054/1811 1752/2055/1812
f 1748/2052/1809 1734/2051/1808 1750/2056/1813 1804/2054/1811
f 1804/2054/1811 1750/2056/1813 1736/2057/1814 1751/2058/1815
f 1752/2055/1812 1804/2054/1811 1751/2058/1815 1737/2059/1816
f 1737/2059/1816 1751/2058/1815 1805/2060/1817 1755/2061/1818
f 1751/2058/1815 1736/2057/1814 1753/2062/1819 1805/2060/1817
f 1805/2060/1817 1753/2062/1819 1738/2063/1820 1754/2064/1821
f 1755/2061/1818 1805/2060/1817 1754/2064/1821 1739/2065/1822
f 1739/2065/1822 1754/2064/1821 1806/2066/1823 1758/2067/1824
f 1754/2064/1821 1738/2063/1820 1756/2068/1825 1806/2066/1823
f 1806/2066/1823 1756/2068/1825 1740/2069/1826 1757/2070/1827
f 1758/2067/1824 1806/2066/1823 1757/2070/1827 1741/2071/1828
f 1741/2071/1828 1757/2070/1827 1807/2072/1829 1760/2073/1830
f 1757/2070/1827 1740/2069/1826 1759/2074/1831 1807/2072/1829
f 1807/2072/1829 1759/2074/1831 1742/2035/1792 1787/2034/1791
f 1760/2073/1830 1807/2072/1829 1787/2034/1791 1743/2033/1790
f 1728/2027/1784 1788/2030/1787 1808/2075/1832 1789/2038/1795
f 1742/2035/1792 1759/2074/1831 1808/2075/1832 1788/2030/1787
f 1740/2069/1826 1756/2068/1825 1808/2075/1832 1759/2074/1831
f 1738/2063/1820 1753/2062/1819 1808/2075/1832 1756/2068/1825
f 1736/2057/1814 1750/2056/1813 1808/2075/1832 1753/2062/1819
f 1734/2051/1808 1747/2050/1807 1808/2075/1832 1750/2056/1813
f 1732/2045/1802 1744/2044/1801 1808/2075/1832 1747/2050/1807
f 1730/2039/1796 1789/2038/1795 1808/2075/1832 1744/2044/1801
f 1729/2076/1788 1791/2077/1794 1809/2078/1833 1762/2079/1834
f 1791/2077/1794 1731/2080/1798 1761/2081/1835 1809/2078/1833
f 1809/2078/1833 1761/2081/1835 1721/1996/1755 1769/1993/1752
f 1762/2079/1834 1809/2078/1833 1769/1993/1752 1720/1992/1751
f 1731/2080/1798 1746/2082/1800 1810/2083/1836 1761/2081/1835
f 1746/2082/1800 1733/2084/1804 1763/2085/1837 1810/2083/1836
f 1810/2083/1836 1763/2085/1837 1722/2001/1760 1772/1999/1758
f 1761/2081/1835 1810/2083/1836 1772/1999/1758 1721/1996/1755
f 1733/2084/1804 1749/2086/1806 1811/2087/1838 1763/2085/1837
f 1749/2086/1806 1735/2088/1810 1764/2089/1839 1811/2087/1838
f 1811/2087/1838 1764/2089/1839 1723/2005/1764 1774/2003/1762
f 1763/2085/1837 1811/2087/1838 1774/2003/1762 1722/2001/1760
f 1735/2088/1810 1752/2090/1812 1812/2091/1840 1764/2089/1839
f 1752/2090/1812 1737/2092/1816 1765/2093/1841 1812/2091/1840
f 1812/2091/1840 1765/2093/1841 1724/2009/1768 1776/2007/1766
f 1764/2089/1839 1812/2091/1840 1776/2007/1766 1723/2005/1764
f 1737/2092/1816 1755/2094/1818 1813/2095/1842 1765/2093/1841
f 1755/2094/1818 1739/2096/1822 1766/2097/1843 1813/2095/1842
f 1813/2095/1842 1766/2097/1843 1725/2013/1772 1778/2011/1770
f 1765/2093/1841 1813/2095/1842 1778/2011/1770 1724/2009/1768
f 1739/2096/1822 1758/2098/1824 1814/2099/1844 1766/2097/1843
f 1758/2098/1824 1741/2100/1828 1767/2101/1845 1814/2099/1844
f 1814/2099/1844 1767/2101/1845 1726/2017/1776 1780/2015/1774
f 1766/2097/1843 1814/2099/1844 1780/2015/1774 1725/2013/1772
f 1741/2100/1828 1760/2102/1830 1815/2103/1846 1767/2101/1845
f 1760/2102/1830 1743/2104/1790 1768/2105/1847 1815/2103/1846
f 1815/2103/1846 1768/2105/1847 1727/2021/1780 1782/2019/1778
f 1767/2101/1845 1815/2103/1846 1782/2019/1778 1726/2017/1776
f 1743/2104/1790 1786/2106/1789 1816/2107/1848 1768/2105/1847
f 1786/2106/1789 1729/2108/1788 1762/2109/1834 1816/2107/1848
f 1816/2107/1848 1762/2109/1834 1720/2025/1751 1784/2023/1782
f 1768/2105/1847 1816/2107/1848 1784/2023/1782 1727/2021/1780
o pasted__pCone1
v -0.038921 0.065895 0.041303
v -0.029288 0.058258 0.034762
v -0.031138 0.056826 0.034562
v -0.031893 0.055153 0.035901
v -0.031427 0.054359 0.037997
v -0.029910 0.054865 0.039621
v -0.028203 0.056361 0.039822
v -0.027305 0.057971 0.038482
v -0.027742 0.058751 0.036386
v -0.019399 0.048262 0.025351
v -0.020751 0.050164 0.025992
v -0.022410 0.045959 0.025030
v -0.024717 0.047827 0.025630
v -0.023606 0.043246 0.027193
v -0.025491 0.044514 0.028065
v -0.022852 0.041958 0.030578
v -0.024523 0.043012 0.031876
v -0.020402 0.042772 0.033208
v -0.021760 0.043928 0.034832
v -0.017636 0.045193 0.033537
v -0.018649 0.046650 0.035198
v -0.016181 0.047801 0.031366
v -0.017015 0.049583 0.032758
v -0.016893 0.049062 0.027973
v -0.017816 0.051007 0.028944
v -0.022762 0.044612 0.026277
v -0.024388 0.042906 0.026848
v -0.025453 0.046121 0.026566
v -0.023002 0.042738 0.028894
v -0.023440 0.041358 0.030851
v -0.025217 0.043465 0.029936
v -0.021515 0.042523 0.031734
v -0.020541 0.042319 0.033960
v -0.023297 0.043190 0.033586
v -0.019052 0.044049 0.033134
v -0.017270 0.045182 0.034347
v -0.020129 0.045153 0.035378
v -0.017057 0.046426 0.032264
v -0.015551 0.048266 0.031781
v -0.017569 0.048204 0.034260
v -0.016707 0.048253 0.029634
v -0.017119 0.050555 0.030886
v -0.027485 0.051785 0.029722
v -0.024408 0.053723 0.030016
v -0.028229 0.049168 0.031686
v -0.027472 0.047969 0.034759
v -0.025246 0.048709 0.037140
v -0.022740 0.050902 0.037434
v -0.021424 0.053265 0.035469
v -0.022067 0.054412 0.032396
v -0.030035 0.057405 0.034309
v -0.035262 0.061667 0.038141
v -0.034294 0.062515 0.038255
v -0.031471 0.055692 0.034937
v -0.035772 0.060754 0.038901
v -0.031611 0.054323 0.036831
v -0.035524 0.060312 0.040090
v -0.030533 0.054171 0.038883
v -0.034665 0.060599 0.041011
v -0.028756 0.055275 0.039889
v -0.033697 0.061447 0.041125
v -0.027319 0.056987 0.039261
v -0.033187 0.062360 0.040365
v -0.027065 0.058306 0.037366
v -0.033435 0.062802 0.039176
v -0.028142 0.058457 0.035315
v -0.019412 0.048839 0.024670
v -0.019042 0.050826 0.027235
v -0.016393 0.049759 0.027770
v -0.018204 0.048458 0.026794
v -0.020778 0.046978 0.025407
v -0.023246 0.046237 0.024290
v -0.022896 0.049170 0.025448
v -0.033865 0.061259 0.037473
v -0.034787 0.060161 0.037875
v -0.034950 0.059316 0.039090
v -0.034259 0.059219 0.040406
v -0.033120 0.059927 0.041051
v -0.032198 0.061025 0.040649
v -0.032035 0.061870 0.039434
v -0.032726 0.061967 0.038118
v -0.017682 0.049567 0.025975
v -0.021466 0.047705 0.024099
v -0.024150 0.044505 0.025274
v -0.024168 0.041835 0.028812
v -0.022155 0.041545 0.032649
v -0.018826 0.043607 0.034536
v -0.016133 0.046816 0.033361
v -0.015660 0.049286 0.029811
v -0.019836 0.045470 0.029252
v -0.026065 0.052889 0.029576
v -0.028127 0.050431 0.030477
v -0.028033 0.048334 0.033194
v -0.026485 0.048113 0.036137
v -0.023932 0.049696 0.037580
v -0.021870 0.052154 0.036679
v -0.021507 0.054048 0.033960
v -0.023055 0.054267 0.031018
vn 0.0101 0.7003 -0.7138
vn -0.2825 0.5219 -0.8049
vn -0.2566 0.4376 -0.8618
vn 0.0108 0.6742 -0.7385
vn -0.5915 0.2140 -0.7774
vn -0.5437 0.1549 -0.8248
vn -0.6714 0.6753 0.3053
vn -0.8236 -0.1224 -0.5538
vn -0.7528 -0.1519 -0.6404
vn -0.8786 -0.3697 -0.3023
vn -0.8606 -0.3647 -0.3555
vn -0.8494 -0.5278 0.0033
vn -0.8375 -0.5460 -0.0200
vn -0.7123 -0.6134 0.3410
vn -0.7497 -0.5541 0.3619
vn -0.4806 -0.5920 0.6469
vn -0.5121 -0.5536 0.6567
vn -0.2003 -0.4544 0.8680
vn -0.2998 -0.3253 0.8968
vn 0.1092 -0.2472 0.9628
vn 0.0379 -0.1725 0.9843
vn 0.3656 0.0344 0.9301
vn 0.2182 0.1695 0.9611
vn 0.5735 0.3062 0.7598
vn 0.4958 0.3733 0.7841
vn 0.6584 0.5692 0.4925
vn 0.5268 0.6601 0.5354
vn 0.6443 0.7489 0.1551
vn 0.6051 0.7781 0.1683
vn 0.5072 0.8402 -0.1921
vn 0.4512 0.8774 -0.1631
vn 0.2769 0.8207 -0.4997
vn 0.2932 0.8033 -0.5184
vn 0.6001 -0.6537 -0.4611
vn 0.2416 0.4064 -0.8812
vn 0.5248 0.5121 -0.6799
vn 0.6317 -0.6581 -0.4097
vn -0.0074 0.7314 -0.6819
vn 0.2568 0.8269 -0.5004
vn 0.5091 0.8331 -0.2162
vn 0.7663 0.5123 -0.3877
vn 0.6549 -0.6460 -0.3920
vn -0.0264 0.2266 -0.9736
vn -0.2779 0.5664 -0.7758
vn 0.5845 -0.6596 -0.4724
vn 0.5435 -0.6502 -0.5308
vn -0.3182 -0.0716 -0.9453
vn -0.6260 0.2470 -0.7397
vn -0.5162 -0.4284 -0.7416
vn -0.8558 -0.1444 -0.4968
vn 0.5811 -0.6641 -0.4705
vn 0.5829 -0.6744 -0.4533
vn -0.5814 -0.6553 -0.4822
vn -0.8967 -0.3678 -0.2464
vn -0.5571 -0.8086 -0.1893
vn -0.8564 -0.5162 0.0052
vn 0.6116 -0.6821 -0.4008
vn 0.6119 -0.6974 -0.3732
vn -0.4158 -0.9003 0.1289
vn -0.7131 -0.6248 0.3180
vn -0.1696 -0.8949 0.4129
vn -0.4627 -0.6351 0.6186
vn 0.6243 -0.6887 -0.3687
vn 0.6297 -0.6911 -0.3548
vn 0.1199 -0.7813 0.6125
vn -0.1525 -0.5293 0.8346
vn 0.4193 -0.5829 0.6959
vn 0.1699 -0.3242 0.9306
vn 0.6382 -0.6800 -0.3611
vn 0.6491 -0.6740 -0.3528
vn 0.6769 -0.3263 0.6598
vn 0.4507 -0.0514 0.8912
vn 0.8628 -0.0535 0.5026
vn 0.6470 0.2448 0.7222
vn 0.6493 -0.6668 -0.3659
vn 0.6595 -0.6555 -0.3679
vn 0.9457 0.2048 0.2524
vn 0.7264 0.5190 0.4505
vn 0.9145 0.4002 -0.0603
vn 0.6778 0.7254 0.1201
vn 0.6515 -0.6563 -0.3805
vn 0.6268 -0.6711 -0.3960
vn -0.2907 0.5727 -0.7665
vn -0.0104 0.7353 -0.6777
vn -0.6359 0.2677 -0.7238
vn -0.8635 -0.1163 -0.4908
vn -0.9027 -0.3540 -0.2447
vn -0.8583 -0.5129 0.0137
vn -0.7133 -0.6159 0.3346
vn -0.4685 -0.6156 0.6337
vn -0.1638 -0.5021 0.8491
vn 0.1489 -0.2948 0.9439
vn 0.4251 -0.0248 0.9048
vn 0.6199 0.2667 0.7380
vn 0.7041 0.5325 0.4698
vn 0.6641 0.7347 0.1386
vn 0.5069 0.8387 -0.1989
vn 0.2600 0.8312 -0.4915
vt 0.375000 0.750000
vt 0.386290 0.740093
vt 0.427083 0.833333
vt 0.437500 0.875000
vt 0.404489 0.745304
vt 0.445312 0.854167
vt 0.500000 1.000000
vt 0.418779 0.740093
vt 0.447917 0.833333
vt 0.436324 0.745296
vt 0.463542 0.854167
vt 0.451266 0.740080
vt 0.468750 0.833333
vt 0.468161 0.745280
vt 0.481771 0.854167
vt 0.483755 0.740063
vt 0.489583 0.833333
vt 0.500000 0.745264
vt 0.500000 0.854167
vt 0.516247 0.740051
vt 0.510417 0.833333
vt 0.531843 0.745258
vt 0.518229 0.854167
vt 0.548740 0.740051
vt 0.531250 0.833333
vt 0.563684 0.745264
vt 0.536458 0.854167
vt 0.581230 0.740063
vt 0.552083 0.833333
vt 0.595519 0.745280
vt 0.554688 0.854167
vt 0.613714 0.740080
vt 0.572917 0.833333
vt 0.625000 0.750000
vt 0.562500 0.875000
vt 0.634706 0.115847
vt 0.659267 0.091549
vt 0.707572 0.164828
vt 0.653654 0.186751
vt 0.675347 0.076132
vt 0.711697 0.163780
vt 0.748047 0.251429
vt 0.725518 0.250774
vt 0.690762 0.250486
vt 0.585899 0.043486
vt 0.587674 0.039847
vt 0.563574 0.097041
vt 0.500060 0.060261
vt 0.500019 0.025778
vt 0.500000 0.003563
vt 0.414179 0.043564
vt 0.412326 0.039847
vt 0.436597 0.097138
vt 0.365531 0.115968
vt 0.340887 0.091666
vt 0.324653 0.076132
vt 0.292655 0.164906
vt 0.288303 0.163780
vt 0.346705 0.186848
vt 0.309587 0.250489
vt 0.274744 0.250775
vt 0.251954 0.251429
vt 0.292412 0.336767
vt 0.288255 0.339126
vt 0.346425 0.314002
vt 0.365173 0.385358
vt 0.340522 0.410246
vt 0.324557 0.426823
vt 0.413935 0.458580
vt 0.412278 0.463162
vt 0.436317 0.404251
vt 0.500056 0.441402
vt 0.500018 0.476478
vt 0.500000 0.499502
vt 0.586136 0.458652
vt 0.587722 0.463162
vt 0.563847 0.404340
vt 0.635055 0.385469
vt 0.659623 0.410354
vt 0.675443 0.426822
vt 0.707809 0.336838
vt 0.711745 0.339126
vt 0.653926 0.314092
vt 0.500149 0.250426
vt 0.252022 0.504043
vt 0.283032 0.504079
vt 0.336829 0.627040
vt 0.313511 0.627022
vt 0.314043 0.504115
vt 0.360143 0.627049
vt 0.345027 0.504079
vt 0.383451 0.627040
vt 0.376011 0.504043
vt 0.406756 0.627018
vt 0.407000 0.503975
vt 0.430062 0.626988
vt 0.437988 0.503907
vt 0.453371 0.626953
vt 0.468994 0.503839
vt 0.476685 0.626920
vt 0.500000 0.503771
vt 0.500001 0.626890
vt 0.531018 0.503742
vt 0.523321 0.626871
vt 0.562036 0.503713
vt 0.546642 0.626864
vt 0.593047 0.503742
vt 0.569961 0.626871
vt 0.624057 0.503771
vt 0.593276 0.626890
vt 0.655046 0.503839
vt 0.616585 0.626920
vt 0.686035 0.503907
vt 0.639890 0.626954
vt 0.717007 0.503975
vt 0.663191 0.626988
vt 0.747978 0.504043
vt 0.686489 0.627022
s 1
usemtl pasted__lambert2
f 1818/2110/1849 1867/2111/1850 1890/2112/1851 1869/2113/1852
f 1819/2114/1853 1868/2115/1854 1890/2112/1851 1867/2111/1850
f 1817/2116/1855 1869/2113/1852 1890/2112/1851 1868/2115/1854
f 1819/2114/1853 1870/2117/1856 1891/2118/1857 1868/2115/1854
f 1820/2119/1858 1871/2120/1859 1891/2118/1857 1870/2117/1856
f 1817/2116/1855 1868/2115/1854 1891/2118/1857 1871/2120/1859
f 1820/2119/1858 1872/2121/1860 1892/2122/1861 1871/2120/1859
f 1821/2123/1862 1873/2124/1863 1892/2122/1861 1872/2121/1860
f 1817/2116/1855 1871/2120/1859 1892/2122/1861 1873/2124/1863
f 1821/2123/1862 1874/2125/1864 1893/2126/1865 1873/2124/1863
f 1822/2127/1866 1875/2128/1867 1893/2126/1865 1874/2125/1864
f 1817/2116/1855 1873/2124/1863 1893/2126/1865 1875/2128/1867
f 1822/2127/1866 1876/2129/1868 1894/2130/1869 1875/2128/1867
f 1823/2131/1870 1877/2132/1871 1894/2130/1869 1876/2129/1868
f 1817/2116/1855 1875/2128/1867 1894/2130/1869 1877/2132/1871
f 1823/2131/1870 1878/2133/1872 1895/2134/1873 1877/2132/1871
f 1824/2135/1874 1879/2136/1875 1895/2134/1873 1878/2133/1872
f 1817/2116/1855 1877/2132/1871 1895/2134/1873 1879/2136/1875
f 1824/2135/1874 1880/2137/1876 1896/2138/1877 1879/2136/1875
f 1825/2139/1878 1881/2140/1879 1896/2138/1877 1880/2137/1876
f 1817/2116/1855 1879/2136/1875 1896/2138/1877 1881/2140/1879
f 1825/2139/1878 1882/2141/1880 1897/2142/1881 1881/2140/1879
f 1818/2143/1849 1869/2144/1852 1897/2142/1881 1882/2141/1880
f 1817/2116/1855 1881/2140/1879 1897/2142/1881 1869/2144/1852
f 1826/2145/1882 1883/2146/1883 1898/2147/1884 1886/2148/1885
f 1883/2146/1883 1827/2149/1886 1884/2150/1887 1898/2147/1884
f 1898/2147/1884 1884/2150/1887 1841/2151/1888 1885/2152/1889
f 1886/2148/1885 1898/2147/1884 1885/2152/1889 1840/2153/1890
f 1827/2149/1886 1883/2146/1883 1899/2154/1891 1889/2155/1892
f 1883/2146/1883 1826/2145/1882 1887/2156/1893 1899/2154/1891
f 1899/2154/1891 1887/2156/1893 1828/2157/1894 1888/2158/1895
f 1889/2155/1892 1899/2154/1891 1888/2158/1895 1829/2159/1896
f 1829/2159/1896 1888/2158/1895 1900/2160/1897 1844/2161/1898
f 1888/2158/1895 1828/2157/1894 1842/2162/1899 1900/2160/1897
f 1900/2160/1897 1842/2162/1899 1830/2163/1900 1843/2164/1901
f 1844/2161/1898 1900/2160/1897 1843/2164/1901 1831/2165/1902
f 1831/2165/1902 1843/2164/1901 1901/2166/1903 1847/2167/1904
f 1843/2164/1901 1830/2163/1900 1845/2168/1905 1901/2166/1903
f 1901/2166/1903 1845/2168/1905 1832/2169/1906 1846/2170/1907
f 1847/2167/1904 1901/2166/1903 1846/2170/1907 1833/2171/1908
f 1833/2171/1908 1846/2170/1907 1902/2172/1909 1850/2173/1910
f 1846/2170/1907 1832/2169/1906 1848/2174/1911 1902/2172/1909
f 1902/2172/1909 1848/2174/1911 1834/2175/1912 1849/2176/1913
f 1850/2173/1910 1902/2172/1909 1849/2176/1913 1835/2177/1914
f 1835/2177/1914 1849/2176/1913 1903/2178/1915 1853/2179/1916
f 1849/2176/1913 1834/2175/1912 1851/2180/1917 1903/2178/1915
f 1903/2178/1915 1851/2180/1917 1836/2181/1918 1852/2182/1919
f 1853/2179/1916 1903/2178/1915 1852/2182/1919 1837/2183/1920
f 1837/2183/1920 1852/2182/1919 1904/2184/1921 1856/2185/1922
f 1852/2182/1919 1836/2181/1918 1854/2186/1923 1904/2184/1921
f 1904/2184/1921 1854/2186/1923 1838/2187/1924 1855/2188/1925
f 1856/2185/1922 1904/2184/1921 1855/2188/1925 1839/2189/1926
f 1839/2189/1926 1855/2188/1925 1905/2190/1927 1858/2191/1928
f 1855/2188/1925 1838/2187/1924 1857/2192/1929 1905/2190/1927
f 1905/2190/1927 1857/2192/1929 1840/2153/1890 1885/2152/1889
f 1858/2191/1928 1905/2190/1927 1885/2152/1889 1841/2151/1888
f 1826/2145/1882 1886/2148/1885 1906/2193/1930 1887/2156/1893
f 1840/2153/1890 1857/2192/1929 1906/2193/1930 1886/2148/1885
f 1838/2187/1924 1854/2186/1923 1906/2193/1930 1857/2192/1929
f 1836/2181/1918 1851/2180/1917 1906/2193/1930 1854/2186/1923
f 1834/2175/1912 1848/2174/1911 1906/2193/1930 1851/2180/1917
f 1832/2169/1906 1845/2168/1905 1906/2193/1930 1848/2174/1911
f 1830/2163/1900 1842/2162/1899 1906/2193/1930 1845/2168/1905
f 1828/2157/1894 1887/2156/1893 1906/2193/1930 1842/2162/1899
f 1827/2194/1886 1889/2195/1892 1907/2196/1931 1860/2197/1932
f 1889/2195/1892 1829/2198/1896 1859/2199/1933 1907/2196/1931
f 1907/2196/1931 1859/2199/1933 1819/2114/1853 1867/2111/1850
f 1860/2197/1932 1907/2196/1931 1867/2111/1850 1818/2110/1849
f 1829/2198/1896 1844/2200/1898 1908/2201/1934 1859/2199/1933
f 1844/2200/1898 1831/2202/1902 1861/2203/1935 1908/2201/1934
f 1908/2201/1934 1861/2203/1935 1820/2119/1858 1870/2117/1856
f 1859/2199/1933 1908/2201/1934 1870/2117/1856 1819/2114/1853
f 1831/2202/1902 1847/2204/1904 1909/2205/1936 1861/2203/1935
f 1847/2204/1904 1833/2206/1908 1862/2207/1937 1909/2205/1936
f 1909/2205/1936 1862/2207/1937 1821/2123/1862 1872/2121/1860
f 1861/2203/1935 1909/2205/1936 1872/2121/1860 1820/2119/1858
f 1833/2206/1908 1850/2208/1910 1910/2209/1938 1862/2207/1937
f 1850/2208/1910 1835/2210/1914 1863/2211/1939 1910/2209/1938
f 1910/2209/1938 1863/2211/1939 1822/2127/1866 1874/2125/1864
f 1862/2207/1937 1910/2209/1938 1874/2125/1864 1821/2123/1862
f 1835/2210/1914 1853/2212/1916 1911/2213/1940 1863/2211/1939
f 1853/2212/1916 1837/2214/1920 1864/2215/1941 1911/2213/1940
f 1911/2213/1940 1864/2215/1941 1823/2131/1870 1876/2129/1868
f 1863/2211/1939 1911/2213/1940 1876/2129/1868 1822/2127/1866
f 1837/2214/1920 1856/2216/1922 1912/2217/1942 1864/2215/1941
f 1856/2216/1922 1839/2218/1926 1865/2219/1943 1912/2217/1942
f 1912/2217/1942 1865/2219/1943 1824/2135/1874 1878/2133/1872
f 1864/2215/1941 1912/2217/1942 1878/2133/1872 1823/2131/1870
f 1839/2218/1926 1858/2220/1928 1913/2221/1944 1865/2219/1943
f 1858/2220/1928 1841/2222/1888 1866/2223/1945 1913/2221/1944
f 1913/2221/1944 1866/2223/1945 1825/2139/1878 1880/2137/1876
f 1865/2219/1943 1913/2221/1944 1880/2137/1876 1824/2135/1874
f 1841/2222/1888 1884/2224/1887 1914/2225/1946 1866/2223/1945
f 1884/2224/1887 1827/2226/1886 1860/2227/1932 1914/2225/1946
f 1914/2225/1946 1860/2227/1932 1818/2143/1849 1882/2141/1880
f 1866/2223/1945 1914/2225/1946 1882/2141/1880 1825/2139/1878
o pasted__polySurface2
v 0.004381 0.171460 0.044252
v 0.002940 0.170276 0.044296
v 0.002466 0.168473 0.044244
v 0.003140 0.166738 0.044117
v 0.004706 0.165735 0.043962
v 0.006564 0.165846 0.043839
v 0.008005 0.167030 0.043795
v 0.008479 0.168833 0.043847
v 0.007805 0.170568 0.043974
v 0.006240 0.171571 0.044129
v 0.003535 0.173821 0.045843
v 0.000847 0.171614 0.045926
v -0.000037 0.168251 0.045830
v 0.001221 0.165016 0.045592
v 0.004140 0.163145 0.045303
v 0.007605 0.163353 0.045074
v 0.010293 0.165560 0.044992
v 0.011177 0.168923 0.045088
v 0.009919 0.172158 0.045325
v 0.007000 0.174029 0.045614
v 0.002922 0.175688 0.048205
v -0.000777 0.172650 0.048319
v -0.001994 0.168021 0.048186
v -0.000263 0.163568 0.047859
v 0.003754 0.160993 0.047462
v 0.008524 0.161279 0.047147
v 0.012223 0.164317 0.047033
v 0.013440 0.168947 0.047165
v 0.011709 0.173399 0.047493
v 0.007691 0.175974 0.047890
v 0.002623 0.176822 0.051092
v -0.001726 0.173251 0.051225
v -0.003156 0.167809 0.051070
v -0.001121 0.162575 0.050685
v 0.003601 0.159548 0.050218
v 0.009208 0.159884 0.049847
v 0.013557 0.163455 0.049714
v 0.014987 0.168897 0.049870
v 0.012952 0.174132 0.050254
v 0.008230 0.177159 0.050721
v 0.002667 0.177114 0.054221
v -0.001906 0.173359 0.054361
v -0.003410 0.167637 0.054198
v -0.001270 0.162133 0.053793
v 0.003696 0.158950 0.053302
v 0.009591 0.159304 0.052912
v 0.014164 0.163059 0.052772
v 0.015668 0.168781 0.052936
v 0.013528 0.174284 0.053340
v 0.008562 0.177467 0.053831
v 0.003050 0.176533 0.057286
v -0.001299 0.172962 0.057419
v -0.002729 0.167520 0.057264
v -0.000694 0.162286 0.056879
v 0.004028 0.159259 0.056412
v 0.009635 0.159595 0.056041
v 0.013984 0.163166 0.055908
v 0.015414 0.168608 0.056064
v 0.013380 0.173843 0.056448
v 0.008657 0.176870 0.056915
v 0.003735 0.175138 0.059987
v 0.000035 0.172100 0.060100
v -0.001182 0.167471 0.059968
v 0.000549 0.163019 0.059641
v 0.004567 0.160444 0.059244
v 0.009336 0.160730 0.058928
v 0.013035 0.163767 0.058815
v 0.014252 0.168397 0.058947
v 0.012521 0.172849 0.059274
v 0.008504 0.175424 0.059671
v 0.004653 0.173065 0.062059
v 0.001965 0.170857 0.062142
v 0.001081 0.167494 0.062046
v 0.002339 0.164259 0.061808
v 0.005258 0.162388 0.061519
v 0.008723 0.162596 0.061290
v 0.011411 0.164803 0.061208
v 0.012295 0.168167 0.061304
v 0.011037 0.171402 0.061541
v 0.008118 0.173272 0.061830
v 0.005694 0.170571 0.063294
v 0.004253 0.169388 0.063338
v 0.003779 0.167584 0.063287
v 0.004453 0.165849 0.063159
v 0.006019 0.164846 0.063005
v 0.007877 0.164957 0.062882
v 0.009318 0.166141 0.062838
v 0.009792 0.167945 0.062889
v 0.009118 0.169680 0.063016
v 0.007553 0.170683 0.063171
v 0.005435 0.168678 0.043503
v 0.006823 0.167739 0.063630
v -0.001698 0.173222 0.055919
v 0.000601 0.175083 0.057387
v 0.002818 0.176930 0.055781
v -0.003183 0.167571 0.055758
v -0.002433 0.170350 0.057375
v -0.001070 0.162135 0.055358
v -0.002116 0.164745 0.057092
v 0.003834 0.158992 0.054873
v 0.001433 0.160407 0.056645
v 0.009656 0.159341 0.054488
v 0.006856 0.158994 0.056205
v 0.014172 0.163049 0.054350
v 0.012084 0.161046 0.055940
v 0.015658 0.168701 0.054511
v 0.015118 0.165778 0.055952
v 0.013545 0.174136 0.054911
v 0.014801 0.171384 0.056235
v 0.008640 0.177279 0.055395
v 0.011253 0.175722 0.056683
v 0.005829 0.177135 0.057122
v -0.000716 0.172585 0.058824
v 0.001652 0.173904 0.060073
v 0.003358 0.175930 0.058699
v -0.002056 0.167487 0.058679
v -0.000930 0.169878 0.060063
v -0.000149 0.162583 0.058318
v -0.000660 0.165110 0.059822
v 0.004275 0.159748 0.057881
v 0.002359 0.161420 0.059442
v 0.009527 0.160063 0.057533
v 0.006972 0.160218 0.059067
v 0.013601 0.163408 0.057409
v 0.011419 0.161963 0.058842
v 0.014941 0.168506 0.057554
v 0.014000 0.165989 0.058852
v 0.013035 0.173409 0.057914
v 0.013730 0.170758 0.059093
v 0.008611 0.176245 0.058352
v 0.010712 0.174448 0.059474
v 0.006098 0.175650 0.059848
v 0.000937 0.171519 0.061215
v 0.003140 0.172168 0.062122
v 0.004170 0.174174 0.061115
v -0.000127 0.167474 0.061099
v 0.001264 0.169243 0.062115
v 0.001386 0.163582 0.060813
v 0.001461 0.165779 0.061939
v 0.004897 0.161332 0.060466
v 0.003654 0.163098 0.061663
v 0.009065 0.161582 0.060190
v 0.007006 0.162225 0.061391
v 0.012299 0.164237 0.060091
v 0.010236 0.163493 0.061228
v 0.013362 0.168283 0.060207
v 0.012112 0.166417 0.061235
v 0.011849 0.172174 0.060493
v 0.011916 0.169882 0.061410
v 0.008338 0.174424 0.060840
v 0.009723 0.172563 0.061686
v 0.006371 0.173436 0.061958
v 0.003097 0.170130 0.062856
v 0.004841 0.170142 0.063323
v 0.005173 0.171835 0.062793
v 0.002415 0.167532 0.062782
v 0.003813 0.168539 0.063319
v 0.003386 0.165034 0.062599
v 0.003921 0.166641 0.063223
v 0.005640 0.163589 0.062376
v 0.005122 0.165172 0.063071
v 0.008316 0.163750 0.062199
v 0.006959 0.164693 0.062922
v 0.010392 0.165454 0.062135
v 0.008729 0.165388 0.062833
v 0.011075 0.168052 0.062209
v 0.009757 0.166991 0.062837
v 0.010104 0.170550 0.062393
v 0.009649 0.168889 0.062933
v 0.007849 0.171995 0.062616
v 0.008448 0.170358 0.063084
v 0.006611 0.170836 0.063233
v 0.004822 0.170282 0.043829
v 0.003994 0.169602 0.043854
v 0.003721 0.168565 0.043824
v 0.004109 0.167568 0.043751
v 0.005009 0.166991 0.043662
v 0.006077 0.167055 0.043592
v 0.006905 0.167736 0.043566
v 0.007178 0.168772 0.043596
v 0.006790 0.169770 0.043669
v 0.005890 0.170346 0.043758
v 0.005353 0.168682 0.063567
v 0.006181 0.169362 0.063542
v 0.005080 0.167645 0.063538
v 0.005468 0.166648 0.063464
v 0.006368 0.166071 0.063375
v 0.007436 0.166135 0.063305
v 0.008264 0.166816 0.063279
v 0.008537 0.167852 0.063309
v 0.008149 0.168850 0.063382
v 0.007250 0.169426 0.063471
v 0.003529 0.171029 0.044301
v 0.001866 0.170963 0.044998
v 0.002022 0.172925 0.045906
v 0.003942 0.172668 0.044935
v 0.002502 0.169427 0.044297
v 0.001183 0.168366 0.044924
v 0.000146 0.170000 0.045899
v 0.002609 0.167528 0.044201
v 0.002154 0.165867 0.044741
v 0.000342 0.166535 0.045723
v 0.003811 0.166060 0.044049
v 0.004409 0.164423 0.044518
v 0.002535 0.163855 0.045447
v 0.005647 0.165581 0.043901
v 0.007085 0.164583 0.044341
v 0.005887 0.162981 0.045175
v 0.007417 0.166276 0.043811
v 0.009161 0.166288 0.044277
v 0.009118 0.164249 0.045012
v 0.008445 0.167879 0.043815
v 0.009843 0.168885 0.044351
v 0.010994 0.167174 0.045019
v 0.008337 0.169777 0.043911
v 0.008872 0.171384 0.044535
v 0.010797 0.170639 0.045194
v 0.007136 0.171246 0.044062
v 0.006618 0.172828 0.044758
v 0.008605 0.173320 0.045470
v 0.005299 0.171724 0.044211
v 0.005252 0.174193 0.045742
v -0.000041 0.172181 0.047042
v 0.000839 0.174454 0.048291
v 0.003193 0.174836 0.046943
v -0.001104 0.168135 0.046927
v -0.001742 0.170428 0.048281
v 0.000409 0.164244 0.046641
v -0.001472 0.165660 0.048040
v 0.003920 0.161993 0.046294
v 0.001546 0.161970 0.047660
v 0.008088 0.162243 0.046018
v 0.006160 0.160768 0.047286
v 0.011321 0.164898 0.045919
v 0.010607 0.162513 0.047060
v 0.012385 0.168944 0.046034
v 0.013188 0.166539 0.047070
v 0.010872 0.172835 0.046320
v 0.012918 0.171308 0.047312
v 0.007361 0.175086 0.046667
v 0.009900 0.174998 0.047692
v 0.005286 0.176199 0.048066
v -0.001343 0.173009 0.049725
v 0.000174 0.175372 0.051193
v 0.002731 0.176355 0.049600
v -0.002683 0.167911 0.049579
v -0.002860 0.170639 0.051182
v -0.000777 0.163008 0.049219
v -0.002543 0.165034 0.050898
v 0.003647 0.160172 0.048782
v 0.001005 0.160696 0.050451
v 0.008900 0.160487 0.048434
v 0.006429 0.159283 0.050011
v 0.012974 0.163833 0.048309
v 0.011657 0.161335 0.049746
v 0.014314 0.168931 0.048455
v 0.014691 0.166067 0.049758
v 0.012407 0.173834 0.048815
v 0.014374 0.171673 0.050041
v 0.007983 0.176670 0.049253
v 0.010825 0.176011 0.050489
v 0.005402 0.177424 0.050928
v -0.001914 0.173368 0.052784
v 0.000092 0.175589 0.054327
v 0.002602 0.177077 0.052645
v -0.003400 0.167717 0.052622
v -0.003098 0.170612 0.054315
v -0.001286 0.162282 0.052223
v -0.002764 0.164718 0.054017
v 0.003618 0.159138 0.051738
v 0.000966 0.160157 0.053547
v 0.009440 0.159487 0.051353
v 0.006669 0.158672 0.053084
v 0.013956 0.163196 0.051215
v 0.012166 0.160829 0.052806
v 0.015441 0.168847 0.051376
v 0.015356 0.165805 0.052818
v 0.013328 0.174282 0.051775
v 0.015023 0.171699 0.053116
v 0.008424 0.177426 0.052260
v 0.011292 0.176260 0.053586
v 0.005589 0.177746 0.054049
v 0.002773 0.171976 0.044983
v 0.001325 0.169717 0.044977
v 0.001476 0.167041 0.044842
v 0.003170 0.164970 0.044629
v 0.005759 0.164296 0.044419
v 0.008254 0.165275 0.044292
v 0.009702 0.167534 0.044298
v 0.009551 0.170210 0.044433
v 0.007857 0.172281 0.044647
v 0.005268 0.172955 0.044857
v 0.001372 0.173757 0.047018
v -0.000884 0.170239 0.047010
v -0.000648 0.166071 0.046799
v 0.001990 0.162847 0.046467
v 0.006022 0.161796 0.046140
v 0.009909 0.163322 0.045943
v 0.012165 0.166840 0.045951
v 0.011929 0.171007 0.046162
v 0.009291 0.174232 0.046495
v 0.005259 0.175283 0.046822
v 0.000437 0.174996 0.049695
v -0.002406 0.170563 0.049684
v -0.002108 0.165311 0.049418
v 0.001216 0.161248 0.049000
v 0.006297 0.159924 0.048587
v 0.011194 0.161846 0.048339
v 0.014036 0.166280 0.048350
v 0.013739 0.171531 0.048616
v 0.010415 0.175595 0.049035
v 0.005334 0.176918 0.049447
v 0.000059 0.175570 0.052750
v -0.003092 0.170656 0.052738
v -0.002762 0.164835 0.052444
v 0.000922 0.160330 0.051980
v 0.006554 0.158863 0.051523
v 0.011983 0.160994 0.051248
v 0.015134 0.165908 0.051260
v 0.014804 0.171729 0.051554
v 0.011120 0.176234 0.052019
v 0.005488 0.177701 0.052475
v 0.000275 0.175424 0.055886
v -0.002876 0.170510 0.055874
v -0.002546 0.164688 0.055579
v 0.001138 0.160184 0.055115
v 0.006771 0.158717 0.054658
v 0.012199 0.160847 0.054383
v 0.015350 0.165762 0.054395
v 0.015020 0.171583 0.054690
v 0.011336 0.176087 0.055154
v 0.005704 0.177555 0.055611
v 0.001065 0.174571 0.058794
v -0.001778 0.170138 0.058783
v -0.001481 0.164887 0.058518
v 0.001843 0.160823 0.058099
v 0.006924 0.159499 0.057687
v 0.011821 0.161421 0.057439
v 0.014664 0.165855 0.057450
v 0.014366 0.171106 0.057715
v 0.011042 0.175170 0.058134
v 0.005962 0.176493 0.058546
v 0.002349 0.173096 0.061191
v 0.000093 0.169578 0.061182
v 0.000329 0.165410 0.060971
v 0.002967 0.162185 0.060639
v 0.007000 0.161135 0.060312
v 0.010886 0.162660 0.060115
v 0.013142 0.166178 0.060124
v 0.012906 0.170346 0.060334
v 0.010268 0.173571 0.060667
v 0.006236 0.174621 0.060994
v 0.004004 0.171142 0.062841
v 0.002556 0.168883 0.062835
v 0.002707 0.166208 0.062700
v 0.004401 0.164137 0.062487
v 0.006990 0.163463 0.062277
v 0.009485 0.164442 0.062150
v 0.010934 0.166701 0.062156
v 0.010782 0.169377 0.062291
v 0.009088 0.171447 0.062505
v 0.006500 0.172121 0.062715
v 0.004193 0.170206 0.043910
v 0.003528 0.169168 0.043908
v 0.003597 0.167939 0.043845
v 0.004376 0.166988 0.043747
v 0.005565 0.166678 0.043651
v 0.006711 0.167128 0.043593
v 0.007377 0.168166 0.043595
v 0.007307 0.169395 0.043658
v 0.006529 0.170346 0.043756
v 0.005340 0.170656 0.043852
v 0.005547 0.169290 0.063540
v 0.004881 0.168252 0.063538
v 0.004951 0.167023 0.063476
v 0.005729 0.166071 0.063378
v 0.006918 0.165762 0.063281
v 0.008065 0.166212 0.063223
v 0.008730 0.167249 0.063226
v 0.008661 0.168479 0.063288
v 0.007883 0.169430 0.063386
v 0.006693 0.169740 0.063482
vn -0.1958 0.3823 -0.9030
vn -0.2955 0.3264 -0.8979
vn -0.3723 0.4226 -0.8263
vn -0.2389 0.5014 -0.8316
vn -0.3699 0.2394 -0.8977
vn -0.4756 0.3070 -0.8244
vn -0.5729 0.3692 -0.7318
vn -0.4445 0.5140 -0.7337
vn -0.2776 0.6117 -0.7408
vn -0.4179 0.1355 -0.8983
vn -0.5375 0.1649 -0.8270
vn -0.4271 0.0215 -0.9039
vn -0.5534 0.0108 -0.8328
vn -0.6701 -0.0004 -0.7423
vn -0.6509 0.1920 -0.7345
vn -0.4051 -0.0906 -0.9098
vn -0.5202 -0.1403 -0.8424
vn -0.3457 -0.1880 -0.9193
vn -0.4427 -0.2741 -0.8537
vn -0.5319 -0.3558 -0.7684
vn -0.6293 -0.1893 -0.7537
vn -0.2620 -0.2656 -0.9278
vn -0.3270 -0.3765 -0.8668
vn -0.1566 -0.3092 -0.9380
vn -0.1856 -0.4389 -0.8792
vn -0.2112 -0.5614 -0.8001
vn -0.3880 -0.4843 -0.7842
vn -0.0432 -0.3226 -0.9455
vn -0.0317 -0.4534 -0.8907
vn 0.0678 -0.2957 -0.9529
vn 0.1195 -0.4206 -0.8994
vn 0.1696 -0.5386 -0.8253
vn -0.0190 -0.5804 -0.8141
vn 0.1677 -0.2399 -0.9562
vn 0.2529 -0.3417 -0.9051
vn 0.2419 -0.1528 -0.9582
vn 0.3563 -0.2262 -0.9066
vn 0.4649 -0.2961 -0.8344
vn 0.3365 -0.4409 -0.8321
vn 0.2901 -0.0490 -0.9558
vn 0.4181 -0.0841 -0.9045
vn 0.2992 0.0651 -0.9520
vn 0.4341 0.0700 -0.8982
vn 0.5621 0.0735 -0.8238
vn 0.5429 -0.1190 -0.8313
vn 0.2773 0.1772 -0.9443
vn 0.4008 0.2212 -0.8891
vn 0.2177 0.2746 -0.9366
vn 0.3233 0.3549 -0.8772
vn 0.4239 0.4289 -0.7977
vn 0.5214 0.2624 -0.8120
vn 0.1341 0.3522 -0.9263
vn 0.2076 0.4573 -0.8647
vn 0.0287 0.3958 -0.9179
vn 0.0663 0.5197 -0.8518
vn 0.1032 0.6345 -0.7660
vn 0.2800 0.5574 -0.7816
vn -0.0846 0.4091 -0.9085
vn -0.0877 0.5343 -0.8408
vn -0.0889 0.6535 -0.7517
vn -0.5090 0.5968 -0.6203
vn -0.3115 0.7125 -0.6288
vn -0.6611 0.4254 -0.6181
vn -0.7328 0.4711 -0.4910
vn -0.5609 0.6647 -0.4935
vn -0.3377 0.7955 -0.5031
vn -0.7533 0.2157 -0.6212
vn -0.7760 -0.0121 -0.6306
vn -0.8627 -0.0233 -0.5051
vn -0.8370 0.2341 -0.4945
vn -0.7278 -0.2356 -0.6441
vn -0.6125 -0.4328 -0.6615
vn -0.6779 -0.4988 -0.5401
vn -0.8081 -0.2759 -0.5204
vn -0.4421 -0.5849 -0.6801
vn -0.2328 -0.6761 -0.6990
vn -0.2488 -0.7738 -0.5825
vn -0.4853 -0.6706 -0.5611
vn -0.0054 -0.6986 -0.7155
vn 0.2178 -0.6491 -0.7289
vn 0.2605 -0.7433 -0.6161
vn 0.0082 -0.7991 -0.6011
vn 0.4154 -0.5334 -0.7368
vn 0.5674 -0.3620 -0.7396
vn 0.6556 -0.4189 -0.6283
vn 0.4838 -0.6125 -0.6251
vn 0.6598 -0.1524 -0.7359
vn 0.6824 0.0754 -0.7270
vn 0.7856 0.0755 -0.6141
vn 0.7599 -0.1819 -0.6241
vn 0.6342 0.2990 -0.7130
vn 0.5188 0.4962 -0.6962
vn 0.6007 0.5511 -0.5792
vn 0.7310 0.3281 -0.5983
vn 0.3485 0.6482 -0.6770
vn 0.1392 0.7395 -0.6586
vn 0.1717 0.8261 -0.5368
vn 0.4082 0.7228 -0.5576
vn -0.0881 0.7619 -0.6416
vn -0.0853 0.8514 -0.5176
vn -0.5993 0.7165 -0.3572
vn -0.3558 0.8592 -0.3676
vn -0.7868 0.5054 -0.3544
vn -0.8226 0.5280 -0.2112
vn -0.6238 0.7517 -0.2143
vn -0.3658 0.9030 -0.2251
vn -0.9004 0.2469 -0.3583
vn -0.9285 -0.0339 -0.3698
vn -0.9728 -0.0436 -0.2275
vn -0.9429 0.2540 -0.2155
vn -0.8689 -0.3094 -0.3865
vn -0.7269 -0.5525 -0.4079
vn -0.7591 -0.5933 -0.2679
vn -0.9095 -0.3356 -0.2453
vn -0.5168 -0.7398 -0.4308
vn -0.2589 -0.8525 -0.4541
vn -0.2631 -0.9112 -0.3170
vn -0.5364 -0.7917 -0.2923
vn 0.0214 -0.8800 -0.4745
vn 0.2966 -0.8192 -0.4909
vn 0.3258 -0.8759 -0.3559
vn 0.0340 -0.9403 -0.3386
vn 0.5401 -0.6764 -0.5007
vn 0.7276 -0.4653 -0.5041
vn 0.7825 -0.5009 -0.3698
vn 0.5837 -0.7246 -0.3664
vn 0.8412 -0.2068 -0.4996
vn 0.8693 0.0739 -0.4887
vn 0.9327 0.0707 -0.3535
vn 0.9029 -0.2269 -0.3652
vn 0.8097 0.3494 -0.4714
vn 0.6677 0.5926 -0.4506
vn 0.7190 0.6204 -0.3131
vn 0.8695 0.3627 -0.3354
vn 0.4576 0.7799 -0.4271
vn 0.1997 0.8925 -0.4044
vn 0.2230 0.9384 -0.2641
vn 0.4963 0.8188 -0.2884
vn -0.0805 0.9200 -0.3835
vn -0.0740 0.9674 -0.2420
vn -0.6344 0.7700 -0.0677
vn -0.3677 0.9266 -0.0791
vn -0.8400 0.5388 -0.0646
vn -0.8390 0.5378 0.0830
vn -0.6311 0.7716 0.0795
vn -0.3615 0.9299 0.0683
vn -0.9644 0.2554 -0.0691
vn -0.9953 -0.0522 -0.0814
vn -0.9960 -0.0597 0.0659
vn -0.9647 0.2513 0.0783
vn -0.9298 -0.3541 -0.0999
vn -0.7743 -0.6207 -0.1232
vn -0.7726 -0.6344 0.0237
vn -0.9298 -0.3649 0.0471
vn -0.5440 -0.8258 -0.1485
vn -0.2614 -0.9494 -0.1740
vn -0.2541 -0.9668 -0.0276
vn -0.5398 -0.8418 -0.0021
vn 0.0458 -0.9795 -0.1963
vn 0.3475 -0.9129 -0.2142
vn 0.3615 -0.9299 -0.0683
vn 0.0565 -0.9971 -0.0504
vn 0.6142 -0.7564 -0.2252
vn 0.8198 -0.5251 -0.2287
vn 0.8390 -0.5378 -0.0829
vn 0.6311 -0.7716 -0.0795
vn 0.9442 -0.2418 -0.2239
vn 0.9751 0.0659 -0.2117
vn 0.9960 0.0597 -0.0659
vn 0.9647 -0.2513 -0.0782
vn 0.9096 0.3678 -0.1932
vn 0.7541 0.6344 -0.1700
vn 0.7726 0.6344 -0.0237
vn 0.9298 0.3649 -0.0471
vn 0.5238 0.8395 -0.1444
vn 0.2412 0.9631 -0.1194
vn 0.2541 0.9668 0.0276
vn 0.5398 0.8418 0.0021
vn -0.0659 0.9931 -0.0965
vn -0.0565 0.9971 0.0504
vn -0.6142 0.7564 0.2252
vn -0.3474 0.9129 0.2142
vn -0.8198 0.5251 0.2286
vn -0.7825 0.5008 0.3699
vn -0.5838 0.7246 0.3664
vn -0.3258 0.8759 0.3559
vn -0.9442 0.2417 0.2239
vn -0.9751 -0.0659 0.2118
vn -0.9327 -0.0707 0.3535
vn -0.9029 0.2269 0.3652
vn -0.9097 -0.3678 0.1930
vn -0.7541 -0.6344 0.1700
vn -0.7190 -0.6204 0.3131
vn -0.8695 -0.3627 0.3354
vn -0.5238 -0.8395 0.1444
vn -0.2412 -0.9631 0.1194
vn -0.2230 -0.9383 0.2642
vn -0.4963 -0.8189 0.2883
vn 0.0660 -0.9931 0.0965
vn 0.3677 -0.9266 0.0790
vn 0.3658 -0.9030 0.2251
vn 0.0740 -0.9674 0.2421
vn 0.6344 -0.7700 0.0678
vn 0.8400 -0.5388 0.0645
vn 0.8226 -0.5280 0.2112
vn 0.6238 -0.7517 0.2143
vn 0.9644 -0.2554 0.0691
vn 0.9953 0.0522 0.0814
vn 0.9728 0.0436 0.2275
vn 0.9429 -0.2540 0.2155
vn 0.9298 0.3541 0.0999
vn 0.7743 0.6207 0.1231
vn 0.7591 0.5933 0.2679
vn 0.9095 0.3356 0.2452
vn 0.5440 0.8258 0.1486
vn 0.2614 0.9494 0.1739
vn 0.2631 0.9112 0.3169
vn 0.5364 0.7917 0.2923
vn -0.0458 0.9795 0.1964
vn -0.0340 0.9403 0.3386
vn -0.5401 0.6764 0.5008
vn -0.2966 0.8192 0.4909
vn -0.7276 0.4653 0.5041
vn -0.6556 0.4189 0.6282
vn -0.4838 0.6125 0.6251
vn -0.2605 0.7433 0.6162
vn -0.8412 0.2068 0.4996
vn -0.8693 -0.0739 0.4887
vn -0.7856 -0.0756 0.6142
vn -0.7599 0.1819 0.6241
vn -0.8097 -0.3494 0.4714
vn -0.6677 -0.5926 0.4506
vn -0.6007 -0.5511 0.5792
vn -0.7310 -0.3282 0.5983
vn -0.4576 -0.7799 0.4271
vn -0.1997 -0.8925 0.4043
vn -0.1717 -0.8261 0.5368
vn -0.4082 -0.7228 0.5576
vn 0.0805 -0.9201 0.3834
vn 0.3558 -0.8592 0.3676
vn 0.3377 -0.7955 0.5031
vn 0.0853 -0.8513 0.5176
vn 0.5993 -0.7165 0.3572
vn 0.7868 -0.5054 0.3544
vn 0.7328 -0.4711 0.4910
vn 0.5609 -0.6647 0.4935
vn 0.9004 -0.2469 0.3583
vn 0.9285 0.0339 0.3698
vn 0.8627 0.0233 0.5051
vn 0.8370 -0.2341 0.4946
vn 0.8689 0.3094 0.3864
vn 0.7269 0.5525 0.4079
vn 0.6779 0.4988 0.5400
vn 0.8081 0.2759 0.5203
vn 0.5168 0.7398 0.4308
vn 0.2589 0.8525 0.4541
vn 0.2488 0.7738 0.5825
vn 0.4853 0.6706 0.5610
vn -0.0214 0.8800 0.4745
vn -0.0082 0.7991 0.6011
vn -0.4154 0.5334 0.7368
vn -0.2178 0.6491 0.7289
vn -0.5675 0.3620 0.7395
vn -0.4649 0.2961 0.8344
vn -0.3365 0.4408 0.8321
vn -0.1696 0.5386 0.8253
vn -0.6598 0.1524 0.7359
vn -0.6824 -0.0754 0.7271
vn -0.5620 -0.0735 0.8238
vn -0.5429 0.1190 0.8313
vn -0.6342 -0.2989 0.7130
vn -0.5189 -0.4962 0.6961
vn -0.4239 -0.4289 0.7977
vn -0.5214 -0.2623 0.8120
vn -0.3485 -0.6482 0.6770
vn -0.1392 -0.7395 0.6586
vn -0.1032 -0.6345 0.7660
vn -0.2800 -0.5574 0.7816
vn 0.0881 -0.7619 0.6416
vn 0.3115 -0.7125 0.6288
vn 0.2776 -0.6117 0.7408
vn 0.0889 -0.6535 0.7517
vn 0.5090 -0.5968 0.6203
vn 0.6611 -0.4254 0.6181
vn 0.5729 -0.3692 0.7318
vn 0.4445 -0.5139 0.7337
vn 0.7533 -0.2157 0.6213
vn 0.7760 0.0121 0.6306
vn 0.6700 0.0004 0.7423
vn 0.6509 -0.1920 0.7345
vn 0.7278 0.2356 0.6441
vn 0.6125 0.4328 0.6615
vn 0.5319 0.3558 0.7684
vn 0.6293 0.1893 0.7538
vn 0.4421 0.5849 0.6801
vn 0.2328 0.6761 0.6990
vn 0.2111 0.5614 0.8001
vn 0.3880 0.4843 0.7842
vn 0.0054 0.6986 0.7155
vn 0.0191 0.5804 0.8141
vn -0.2529 0.3417 0.9051
vn -0.1195 0.4206 0.8994
vn -0.3563 0.2262 0.9066
vn -0.2419 0.1528 0.9582
vn -0.1677 0.2398 0.9562
vn -0.0678 0.2957 0.9529
vn -0.4181 0.0841 0.9045
vn -0.4341 -0.0700 0.8982
vn -0.2992 -0.0651 0.9520
vn -0.2901 0.0490 0.9558
vn -0.4008 -0.2211 0.8891
vn -0.3233 -0.3549 0.8772
vn -0.2177 -0.2746 0.9366
vn -0.2773 -0.1772 0.9443
vn -0.2076 -0.4573 0.8647
vn -0.0663 -0.5196 0.8518
vn -0.0286 -0.3958 0.9179
vn -0.1341 -0.3522 0.9263
vn 0.0877 -0.5343 0.8408
vn 0.2389 -0.5013 0.8316
vn 0.1958 -0.3823 0.9030
vn 0.0846 -0.4091 0.9085
vn 0.3723 -0.4226 0.8263
vn 0.4756 -0.3070 0.8244
vn 0.3699 -0.2394 0.8977
vn 0.2955 -0.3264 0.8979
vn 0.5375 -0.1649 0.8270
vn 0.5534 -0.0108 0.8328
vn 0.4272 -0.0215 0.9039
vn 0.4179 -0.1355 0.8983
vn 0.5202 0.1403 0.8424
vn 0.4427 0.2741 0.8538
vn 0.3457 0.1880 0.9193
vn 0.4051 0.0906 0.9098
vn 0.3270 0.3765 0.8668
vn 0.1856 0.4389 0.8792
vn 0.1566 0.3092 0.9380
vn 0.2620 0.2656 0.9278
vn 0.0317 0.4534 0.8907
vn 0.0432 0.3226 0.9455
vn -0.2007 0.2087 -0.9572
vn -0.2140 0.1396 -0.9668
vn -0.1307 0.2080 -0.9694
vn -0.0687 0.0465 -0.9966
vn -0.2713 0.0986 -0.9574
vn -0.2414 0.0354 -0.9698
vn -0.2639 -0.0318 -0.9640
vn -0.2024 -0.0649 -0.9772
vn -0.1814 -0.1326 -0.9744
vn -0.1120 -0.1228 -0.9861
vn -0.0552 -0.1656 -0.9847
vn -0.0046 -0.1164 -0.9932
vn 0.0664 -0.1178 -0.9908
vn 0.0787 -0.0480 -0.9957
vn 0.1369 -0.0077 -0.9905
vn 0.1060 0.0562 -0.9928
vn 0.1296 0.1227 -0.9840
vn 0.0671 0.1564 -0.9854
vn 0.0471 0.2236 -0.9735
vn -0.0233 0.2144 -0.9765
vn -0.0791 0.2564 -0.9633
vn -0.0664 0.1178 0.9908
vn 0.0046 0.1164 0.9932
vn -0.0787 0.0480 0.9957
vn 0.0687 -0.0465 0.9966
vn -0.1370 0.0077 0.9905
vn -0.1061 -0.0562 0.9928
vn -0.1296 -0.1227 0.9840
vn -0.0671 -0.1564 0.9854
vn -0.0470 -0.2236 0.9736
vn 0.0233 -0.2144 0.9765
vn 0.0791 -0.2564 0.9633
vn 0.1307 -0.2080 0.9694
vn 0.2007 -0.2087 0.9572
vn 0.2140 -0.1396 0.9668
vn 0.2713 -0.0986 0.9574
vn 0.2414 -0.0354 0.9698
vn 0.2639 0.0318 0.9640
vn 0.2024 0.0649 0.9772
vn 0.1814 0.1327 0.9744
vn 0.1120 0.1228 0.9861
vn 0.0552 0.1655 0.9847
vt 0.000000 0.100000
vt 0.050000 0.104167
vt 0.050000 0.150000
vt 0.000000 0.150000
vt 0.100000 0.100000
vt 0.100000 0.150000
vt 0.100000 0.200000
vt 0.050000 0.200000
vt 0.000000 0.200000
vt 0.150000 0.104167
vt 0.150000 0.150000
vt 0.200000 0.100000
vt 0.200000 0.150000
vt 0.200000 0.200000
vt 0.150000 0.200000
vt 0.250000 0.104167
vt 0.250000 0.150000
vt 0.300000 0.100000
vt 0.300000 0.150000
vt 0.300000 0.200000
vt 0.250000 0.200000
vt 0.350000 0.104167
vt 0.350000 0.150000
vt 0.400000 0.100000
vt 0.400000 0.150000
vt 0.400000 0.200000
vt 0.350000 0.200000
vt 0.450000 0.104167
vt 0.450000 0.150000
vt 0.500000 0.100000
vt 0.500000 0.150000
vt 0.500000 0.200000
vt 0.450000 0.200000
vt 0.550000 0.104167
vt 0.550000 0.150000
vt 0.600000 0.100000
vt 0.600000 0.150000
vt 0.600000 0.200000
vt 0.550000 0.200000
vt 0.650000 0.104167
vt 0.650000 0.150000
vt 0.700000 0.100000
vt 0.700000 0.150000
vt 0.700000 0.200000
vt 0.650000 0.200000
vt 0.750000 0.104167
vt 0.750000 0.150000
vt 0.800000 0.100000
vt 0.800000 0.150000
vt 0.800000 0.200000
vt 0.750000 0.200000
vt 0.850000 0.104167
vt 0.850000 0.150000
vt 0.900000 0.100000
vt 0.900000 0.150000
vt 0.900000 0.200000
vt 0.850000 0.200000
vt 0.950000 0.104167
vt 0.950000 0.150000
vt 1.000000 0.100000
vt 1.000000 0.150000
vt 1.000000 0.200000
vt 0.950000 0.200000
vt 0.050000 0.250000
vt 0.000000 0.250000
vt 0.100000 0.250000
vt 0.100000 0.300000
vt 0.050000 0.300000
vt 0.000000 0.300000
vt 0.150000 0.250000
vt 0.200000 0.250000
vt 0.200000 0.300000
vt 0.150000 0.300000
vt 0.250000 0.250000
vt 0.300000 0.250000
vt 0.300000 0.300000
vt 0.250000 0.300000
vt 0.350000 0.250000
vt 0.400000 0.250000
vt 0.400000 0.300000
vt 0.350000 0.300000
vt 0.450000 0.250000
vt 0.500000 0.250000
vt 0.500000 0.300000
vt 0.450000 0.300000
vt 0.550000 0.250000
vt 0.600000 0.250000
vt 0.600000 0.300000
vt 0.550000 0.300000
vt 0.650000 0.250000
vt 0.700000 0.250000
vt 0.700000 0.300000
vt 0.650000 0.300000
vt 0.750000 0.250000
vt 0.800000 0.250000
vt 0.800000 0.300000
vt 0.750000 0.300000
vt 0.850000 0.250000
vt 0.900000 0.250000
vt 0.900000 0.300000
vt 0.850000 0.300000
vt 0.950000 0.250000
vt 1.000000 0.250000
vt 1.000000 0.300000
vt 0.950000 0.300000
vt 0.050000 0.350000
vt 0.000000 0.350000
vt 0.100000 0.350000
vt 0.100000 0.400000
vt 0.050000 0.400000
vt 0.000000 0.400000
vt 0.150000 0.350000
vt 0.200000 0.350000
vt 0.200000 0.400000
vt 0.150000 0.400000
vt 0.250000 0.350000
vt 0.300000 0.350000
vt 0.300000 0.400000
vt 0.250000 0.400000
vt 0.350000 0.350000
vt 0.400000 0.350000
vt 0.400000 0.400000
vt 0.350000 0.400000
vt 0.450000 0.350000
vt 0.500000 0.350000
vt 0.500000 0.400000
vt 0.450000 0.400000
vt 0.550000 0.350000
vt 0.600000 0.350000
vt 0.600000 0.400000
vt 0.550000 0.400000
vt 0.650000 0.350000
vt 0.700000 0.350000
vt 0.700000 0.400000
vt 0.650000 0.400000
vt 0.750000 0.350000
vt 0.800000 0.350000
vt 0.800000 0.400000
vt 0.750000 0.400000
vt 0.850000 0.350000
vt 0.900000 0.350000
vt 0.900000 0.400000
vt 0.850000 0.400000
vt 0.950000 0.350000
vt 1.000000 0.350000
vt 1.000000 0.400000
vt 0.950000 0.400000
vt 0.050000 0.450000
vt 0.000000 0.450000
vt 0.100000 0.450000
vt 0.100000 0.500000
vt 0.050000 0.500000
vt 0.000000 0.500000
vt 0.150000 0.450000
vt 0.200000 0.450000
vt 0.200000 0.500000
vt 0.150000 0.500000
vt 0.250000 0.450000
vt 0.300000 0.450000
vt 0.300000 0.500000
vt 0.250000 0.500000
vt 0.350000 0.450000
vt 0.400000 0.450000
vt 0.400000 0.500000
vt 0.350000 0.500000
vt 0.450000 0.450000
vt 0.500000 0.450000
vt 0.500000 0.500000
vt 0.450000 0.500000
vt 0.550000 0.450000
vt 0.600000 0.450000
vt 0.600000 0.500000
vt 0.550000 0.500000
vt 0.650000 0.450000
vt 0.700000 0.450000
vt 0.700000 0.500000
vt 0.650000 0.500000
vt 0.750000 0.450000
vt 0.800000 0.450000
vt 0.800000 0.500000
vt 0.750000 0.500000
vt 0.850000 0.450000
vt 0.900000 0.450000
vt 0.900000 0.500000
vt 0.850000 0.500000
vt 0.950000 0.450000
vt 1.000000 0.450000
vt 1.000000 0.500000
vt 0.950000 0.500000
vt 0.050000 0.550000
vt 0.000000 0.550000
vt 0.100000 0.550000
vt 0.100000 0.600000
vt 0.050000 0.600000
vt 0.000000 0.600000
vt 0.150000 0.550000
vt 0.200000 0.550000
vt 0.200000 0.600000
vt 0.150000 0.600000
vt 0.250000 0.550000
vt 0.300000 0.550000
vt 0.300000 0.600000
vt 0.250000 0.600000
vt 0.350000 0.550000
vt 0.400000 0.550000
vt 0.400000 0.600000
vt 0.350000 0.600000
vt 0.450000 0.550000
vt 0.500000 0.550000
vt 0.500000 0.600000
vt 0.450000 0.600000
vt 0.550000 0.550000
vt 0.600000 0.550000
vt 0.600000 0.600000
vt 0.550000 0.600000
vt 0.650000 0.550000
vt 0.700000 0.550000
vt 0.700000 0.600000
vt 0.650000 0.600000
vt 0.750000 0.550000
vt 0.800000 0.550000
vt 0.800000 0.600000
vt 0.750000 0.600000
vt 0.850000 0.550000
vt 0.900000 0.550000
vt 0.900000 0.600000
vt 0.850000 0.600000
vt 0.950000 0.550000
vt 1.000000 0.550000
vt 1.000000 0.600000
vt 0.950000 0.600000
vt 0.050000 0.650000
vt 0.000000 0.650000
vt 0.100000 0.650000
vt 0.100000 0.700000
vt 0.050000 0.700000
vt 0.000000 0.700000
vt 0.150000 0.650000
vt 0.200000 0.650000
vt 0.200000 0.700000
vt 0.150000 0.700000
vt 0.250000 0.650000
vt 0.300000 0.650000
vt 0.300000 0.700000
vt 0.250000 0.700000
vt 0.350000 0.650000
vt 0.400000 0.650000
vt 0.400000 0.700000
vt 0.350000 0.700000
vt 0.450000 0.650000
vt 0.500000 0.650000
vt 0.500000 0.700000
vt 0.450000 0.700000
vt 0.550000 0.650000
vt 0.600000 0.650000
vt 0.600000 0.700000
vt 0.550000 0.700000
vt 0.650000 0.650000
vt 0.700000 0.650000
vt 0.700000 0.700000
vt 0.650000 0.700000
vt 0.750000 0.650000
vt 0.800000 0.650000
vt 0.800000 0.700000
vt 0.750000 0.700000
vt 0.850000 0.650000
vt 0.900000 0.650000
vt 0.900000 0.700000
vt 0.850000 0.700000
vt 0.950000 0.650000
vt 1.000000 0.650000
vt 1.000000 0.700000
vt 0.950000 0.700000
vt 0.050000 0.750000
vt 0.000000 0.750000
vt 0.100000 0.750000
vt 0.100000 0.800000
vt 0.050000 0.800000
vt 0.000000 0.800000
vt 0.150000 0.750000
vt 0.200000 0.750000
vt 0.200000 0.800000
vt 0.150000 0.800000
vt 0.250000 0.750000
vt 0.300000 0.750000
vt 0.300000 0.800000
vt 0.250000 0.800000
vt 0.350000 0.750000
vt 0.400000 0.750000
vt 0.400000 0.800000
vt 0.350000 0.800000
vt 0.450000 0.750000
vt 0.500000 0.750000
vt 0.500000 0.800000
vt 0.450000 0.800000
vt 0.550000 0.750000
vt 0.600000 0.750000
vt 0.600000 0.800000
vt 0.550000 0.800000
vt 0.650000 0.750000
vt 0.700000 0.750000
vt 0.700000 0.800000
vt 0.650000 0.800000
vt 0.750000 0.750000
vt 0.800000 0.750000
vt 0.800000 0.800000
vt 0.750000 0.800000
vt 0.850000 0.750000
vt 0.900000 0.750000
vt 0.900000 0.800000
vt 0.850000 0.800000
vt 0.950000 0.750000
vt 1.000000 0.750000
vt 1.000000 0.800000
vt 0.950000 0.800000
vt 0.050000 0.850000
vt 0.000000 0.850000
vt 0.100000 0.850000
vt 0.100000 0.900000
vt 0.050000 0.895833
vt 0.000000 0.900000
vt 0.150000 0.850000
vt 0.200000 0.850000
vt 0.200000 0.900000
vt 0.150000 0.895833
vt 0.250000 0.850000
vt 0.300000 0.850000
vt 0.300000 0.900000
vt 0.250000 0.895833
vt 0.350000 0.850000
vt 0.400000 0.850000
vt 0.400000 0.900000
vt 0.350000 0.895833
vt 0.450000 0.850000
vt 0.500000 0.850000
vt 0.500000 0.900000
vt 0.450000 0.895833
vt 0.550000 0.850000
vt 0.600000 0.850000
vt 0.600000 0.900000
vt 0.550000 0.895833
vt 0.650000 0.850000
vt 0.700000 0.850000
vt 0.700000 0.900000
vt 0.650000 0.895833
vt 0.750000 0.850000
vt 0.800000 0.850000
vt 0.800000 0.900000
vt 0.750000 0.895833
vt 0.850000 0.850000
vt 0.900000 0.850000
vt 0.900000 0.900000
vt 0.850000 0.895833
vt 0.950000 0.850000
vt 1.000000 0.850000
vt 1.000000 0.900000
vt 0.950000 0.895833
vt 0.050000 0.066667
vt 0.075000 0.050000
vt 0.025000 0.050000
vt 0.050000 0.000000
vt 0.150000 0.066667
vt 0.175000 0.050000
vt 0.125000 0.050000
vt 0.150000 0.000000
vt 0.250000 0.066667
vt 0.275000 0.050000
vt 0.225000 0.050000
vt 0.250000 0.000000
vt 0.350000 0.066667
vt 0.375000 0.050000
vt 0.325000 0.050000
vt 0.350000 0.000000
vt 0.450000 0.066667
vt 0.475000 0.050000
vt 0.425000 0.050000
vt 0.450000 0.000000
vt 0.550000 0.066667
vt 0.575000 0.050000
vt 0.525000 0.050000
vt 0.550000 0.000000
vt 0.650000 0.066667
vt 0.675000 0.050000
vt 0.625000 0.050000
vt 0.650000 0.000000
vt 0.750000 0.066667
vt 0.775000 0.050000
vt 0.725000 0.050000
vt 0.750000 0.000000
vt 0.850000 0.066667
vt 0.875000 0.050000
vt 0.825000 0.050000
vt 0.850000 0.000000
vt 0.950000 0.066667
vt 0.975000 0.050000
vt 0.925000 0.050000
vt 0.950000 0.000000
vt 0.050000 0.933333
vt 0.025000 0.950000
vt 0.075000 0.950000
vt 0.050000 1.000000
vt 0.150000 0.933333
vt 0.125000 0.950000
vt 0.175000 0.950000
vt 0.150000 1.000000
vt 0.250000 0.933333
vt 0.225000 0.950000
vt 0.275000 0.950000
vt 0.250000 1.000000
vt 0.350000 0.933333
vt 0.325000 0.950000
vt 0.375000 0.950000
vt 0.350000 1.000000
vt 0.450000 0.933333
vt 0.425000 0.950000
vt 0.475000 0.950000
vt 0.450000 1.000000
vt 0.550000 0.933333
vt 0.525000 0.950000
vt 0.575000 0.950000
vt 0.550000 1.000000
vt 0.650000 0.933333
vt 0.625000 0.950000
vt 0.675000 0.950000
vt 0.650000 1.000000
vt 0.750000 0.933333
vt 0.725000 0.950000
vt 0.775000 0.950000
vt 0.750000 1.000000
vt 0.850000 0.933333
vt 0.825000 0.950000
vt 0.875000 0.950000
vt 0.850000 1.000000
vt 0.950000 0.933333
vt 0.925000 0.950000
vt 0.975000 0.950000
vt 0.950000 1.000000
s 1
usemtl pasted__lambert13
f 1915/2228/1947 2107/2229/1948 2197/2230/1949 2110/2231/1950
f 2107/2229/1948 1916/2232/1951 2108/2233/1952 2197/2230/1949
f 2197/2230/1949 2108/2233/1952 1926/2234/1953 2109/2235/1954
f 2110/2231/1950 2197/2230/1949 2109/2235/1954 1925/2236/1955
f 1916/2232/1951 2111/2237/1956 2198/2238/1957 2108/2233/1952
f 2111/2237/1956 1917/2239/1958 2112/2240/1959 2198/2238/1957
f 2198/2238/1957 2112/2240/1959 1927/2241/1960 2113/2242/1961
f 2108/2233/1952 2198/2238/1957 2113/2242/1961 1926/2234/1953
f 1917/2239/1958 2114/2243/1962 2199/2244/1963 2112/2240/1959
f 2114/2243/1962 1918/2245/1964 2115/2246/1965 2199/2244/1963
f 2199/2244/1963 2115/2246/1965 1928/2247/1966 2116/2248/1967
f 2112/2240/1959 2199/2244/1963 2116/2248/1967 1927/2241/1960
f 1918/2245/1964 2117/2249/1968 2200/2250/1969 2115/2246/1965
f 2117/2249/1968 1919/2251/1970 2118/2252/1971 2200/2250/1969
f 2200/2250/1969 2118/2252/1971 1929/2253/1972 2119/2254/1973
f 2115/2246/1965 2200/2250/1969 2119/2254/1973 1928/2247/1966
f 1919/2251/1970 2120/2255/1974 2201/2256/1975 2118/2252/1971
f 2120/2255/1974 1920/2257/1976 2121/2258/1977 2201/2256/1975
f 2201/2256/1975 2121/2258/1977 1930/2259/1978 2122/2260/1979
f 2118/2252/1971 2201/2256/1975 2122/2260/1979 1929/2253/1972
f 1920/2257/1976 2123/2261/1980 2202/2262/1981 2121/2258/1977
f 2123/2261/1980 1921/2263/1982 2124/2264/1983 2202/2262/1981
f 2202/2262/1981 2124/2264/1983 1931/2265/1984 2125/2266/1985
f 2121/2258/1977 2202/2262/1981 2125/2266/1985 1930/2259/1978
f 1921/2263/1982 2126/2267/1986 2203/2268/1987 2124/2264/1983
f 2126/2267/1986 1922/2269/1988 2127/2270/1989 2203/2268/1987
f 2203/2268/1987 2127/2270/1989 1932/2271/1990 2128/2272/1991
f 2124/2264/1983 2203/2268/1987 2128/2272/1991 1931/2265/1984
f 1922/2269/1988 2129/2273/1992 2204/2274/1993 2127/2270/1989
f 2129/2273/1992 1923/2275/1994 2130/2276/1995 2204/2274/1993
f 2204/2274/1993 2130/2276/1995 1933/2277/1996 2131/2278/1997
f 2127/2270/1989 2204/2274/1993 2131/2278/1997 1932/2271/1990
f 1923/2275/1994 2132/2279/1998 2205/2280/1999 2130/2276/1995
f 2132/2279/1998 1924/2281/2000 2133/2282/2001 2205/2280/1999
f 2205/2280/1999 2133/2282/2001 1934/2283/2002 2134/2284/2003
f 2130/2276/1995 2205/2280/1999 2134/2284/2003 1933/2277/1996
f 1924/2281/2000 2135/2285/2004 2206/2286/2005 2133/2282/2001
f 2135/2285/2004 1915/2287/1947 2110/2288/1950 2206/2286/2005
f 2206/2286/2005 2110/2288/1950 1925/2289/1955 2136/2290/2006
f 2133/2282/2001 2206/2286/2005 2136/2290/2006 1934/2283/2002
f 1925/2236/1955 2109/2235/1954 2207/2291/2007 2139/2292/2008
f 2109/2235/1954 1926/2234/1953 2137/2293/2009 2207/2291/2007
f 2207/2291/2007 2137/2293/2009 1936/2294/2010 2138/2295/2011
f 2139/2292/2008 2207/2291/2007 2138/2295/2011 1935/2296/2012
f 1926/2234/1953 2113/2242/1961 2208/2297/2013 2137/2293/2009
f 2113/2242/1961 1927/2241/1960 2140/2298/2014 2208/2297/2013
f 2208/2297/2013 2140/2298/2014 1937/2299/2015 2141/2300/2016
f 2137/2293/2009 2208/2297/2013 2141/2300/2016 1936/2294/2010
f 1927/2241/1960 2116/2248/1967 2209/2301/2017 2140/2298/2014
f 2116/2248/1967 1928/2247/1966 2142/2302/2018 2209/2301/2017
f 2209/2301/2017 2142/2302/2018 1938/2303/2019 2143/2304/2020
f 2140/2298/2014 2209/2301/2017 2143/2304/2020 1937/2299/2015
f 1928/2247/1966 2119/2254/1973 2210/2305/2021 2142/2302/2018
f 2119/2254/1973 1929/2253/1972 2144/2306/2022 2210/2305/2021
f 2210/2305/2021 2144/2306/2022 1939/2307/2023 2145/2308/2024
f 2142/2302/2018 2210/2305/2021 2145/2308/2024 1938/2303/2019
f 1929/2253/1972 2122/2260/1979 2211/2309/2025 2144/2306/2022
f 2122/2260/1979 1930/2259/1978 2146/2310/2026 2211/2309/2025
f 2211/2309/2025 2146/2310/2026 1940/2311/2027 2147/2312/2028
f 2144/2306/2022 2211/2309/2025 2147/2312/2028 1939/2307/2023
f 1930/2259/1978 2125/2266/1985 2212/2313/2029 2146/2310/2026
f 2125/2266/1985 1931/2265/1984 2148/2314/2030 2212/2313/2029
f 2212/2313/2029 2148/2314/2030 1941/2315/2031 2149/2316/2032
f 2146/2310/2026 2212/2313/2029 2149/2316/2032 1940/2311/2027
f 1931/2265/1984 2128/2272/1991 2213/2317/2033 2148/2314/2030
f 2128/2272/1991 1932/2271/1990 2150/2318/2034 2213/2317/2033
f 2213/2317/2033 2150/2318/2034 1942/2319/2035 2151/2320/2036
f 2148/2314/2030 2213/2317/2033 2151/2320/2036 1941/2315/2031
f 1932/2271/1990 2131/2278/1997 2214/2321/2037 2150/2318/2034
f 2131/2278/1997 1933/2277/1996 2152/2322/2038 2214/2321/2037
f 2214/2321/2037 2152/2322/2038 1943/2323/2039 2153/2324/2040
f 2150/2318/2034 2214/2321/2037 2153/2324/2040 1942/2319/2035
f 1933/2277/1996 2134/2284/2003 2215/2325/2041 2152/2322/2038
f 2134/2284/2003 1934/2283/2002 2154/2326/2042 2215/2325/2041
f 2215/2325/2041 2154/2326/2042 1944/2327/2043 2155/2328/2044
f 2152/2322/2038 2215/2325/2041 2155/2328/2044 1943/2323/2039
f 1934/2283/2002 2136/2290/2006 2216/2329/2045 2154/2326/2042
f 2136/2290/2006 1925/2289/1955 2139/2330/2008 2216/2329/2045
f 2216/2329/2045 2139/2330/2008 1935/2331/2012 2156/2332/2046
f 2154/2326/2042 2216/2329/2045 2156/2332/2046 1944/2327/2043
f 1935/2296/2012 2138/2295/2011 2217/2333/2047 2159/2334/2048
f 2138/2295/2011 1936/2294/2010 2157/2335/2049 2217/2333/2047
f 2217/2333/2047 2157/2335/2049 1946/2336/2050 2158/2337/2051
f 2159/2334/2048 2217/2333/2047 2158/2337/2051 1945/2338/2052
f 1936/2294/2010 2141/2300/2016 2218/2339/2053 2157/2335/2049
f 2141/2300/2016 1937/2299/2015 2160/2340/2054 2218/2339/2053
f 2218/2339/2053 2160/2340/2054 1947/2341/2055 2161/2342/2056
f 2157/2335/2049 2218/2339/2053 2161/2342/2056 1946/2336/2050
f 1937/2299/2015 2143/2304/2020 2219/2343/2057 2160/2340/2054
f 2143/2304/2020 1938/2303/2019 2162/2344/2058 2219/2343/2057
f 2219/2343/2057 2162/2344/2058 1948/2345/2059 2163/2346/2060
f 2160/2340/2054 2219/2343/2057 2163/2346/2060 1947/2341/2055
f 1938/2303/2019 2145/2308/2024 2220/2347/2061 2162/2344/2058
f 2145/2308/2024 1939/2307/2023 2164/2348/2062 2220/2347/2061
f 2220/2347/2061 2164/2348/2062 1949/2349/2063 2165/2350/2064
f 2162/2344/2058 2220/2347/2061 2165/2350/2064 1948/2345/2059
f 1939/2307/2023 2147/2312/2028 2221/2351/2065 2164/2348/2062
f 2147/2312/2028 1940/2311/2027 2166/2352/2066 2221/2351/2065
f 2221/2351/2065 2166/2352/2066 1950/2353/2067 2167/2354/2068
f 2164/2348/2062 2221/2351/2065 2167/2354/2068 1949/2349/2063
f 1940/2311/2027 2149/2316/2032 2222/2355/2069 2166/2352/2066
f 2149/2316/2032 1941/2315/2031 2168/2356/2070 2222/2355/2069
f 2222/2355/2069 2168/2356/2070 1951/2357/2071 2169/2358/2072
f 2166/2352/2066 2222/2355/2069 2169/2358/2072 1950/2353/2067
f 1941/2315/2031 2151/2320/2036 2223/2359/2073 2168/2356/2070
f 2151/2320/2036 1942/2319/2035 2170/2360/2074 2223/2359/2073
f 2223/2359/2073 2170/2360/2074 1952/2361/2075 2171/2362/2076
f 2168/2356/2070 2223/2359/2073 2171/2362/2076 1951/2357/2071
f 1942/2319/2035 2153/2324/2040 2224/2363/2077 2170/2360/2074
f 2153/2324/2040 1943/2323/2039 2172/2364/2078 2224/2363/2077
f 2224/2363/2077 2172/2364/2078 1953/2365/2079 2173/2366/2080
f 2170/2360/2074 2224/2363/2077 2173/2366/2080 1952/2361/2075
f 1943/2323/2039 2155/2328/2044 2225/2367/2081 2172/2364/2078
f 2155/2328/2044 1944/2327/2043 2174/2368/2082 2225/2367/2081
f 2225/2367/2081 2174/2368/2082 1954/2369/2083 2175/2370/2084
f 2172/2364/2078 2225/2367/2081 2175/2370/2084 1953/2365/2079
f 1944/2327/2043 2156/2332/2046 2226/2371/2085 2174/2368/2082
f 2156/2332/2046 1935/2331/2012 2159/2372/2048 2226/2371/2085
f 2226/2371/2085 2159/2372/2048 1945/2373/2052 2176/2374/2086
f 2174/2368/2082 2226/2371/2085 2176/2374/2086 1954/2369/2083
f 1945/2338/2052 2158/2337/2051 2227/2375/2087 2179/2376/2088
f 2158/2337/2051 1946/2336/2050 2177/2377/2089 2227/2375/2087
f 2227/2375/2087 2177/2377/2089 1956/2378/2090 2178/2379/2091
f 2179/2376/2088 2227/2375/2087 2178/2379/2091 1955/2380/2092
f 1946/2336/2050 2161/2342/2056 2228/2381/2093 2177/2377/2089
f 2161/2342/2056 1947/2341/2055 2180/2382/2094 2228/2381/2093
f 2228/2381/2093 2180/2382/2094 1957/2383/2095 2181/2384/2096
f 2177/2377/2089 2228/2381/2093 2181/2384/2096 1956/2378/2090
f 1947/2341/2055 2163/2346/2060 2229/2385/2097 2180/2382/2094
f 2163/2346/2060 1948/2345/2059 2182/2386/2098 2229/2385/2097
f 2229/2385/2097 2182/2386/2098 1958/2387/2099 2183/2388/2100
f 2180/2382/2094 2229/2385/2097 2183/2388/2100 1957/2383/2095
f 1948/2345/2059 2165/2350/2064 2230/2389/2101 2182/2386/2098
f 2165/2350/2064 1949/2349/2063 2184/2390/2102 2230/2389/2101
f 2230/2389/2101 2184/2390/2102 1959/2391/2103 2185/2392/2104
f 2182/2386/2098 2230/2389/2101 2185/2392/2104 1958/2387/2099
f 1949/2349/2063 2167/2354/2068 2231/2393/2105 2184/2390/2102
f 2167/2354/2068 1950/2353/2067 2186/2394/2106 2231/2393/2105
f 2231/2393/2105 2186/2394/2106 1960/2395/2107 2187/2396/2108
f 2184/2390/2102 2231/2393/2105 2187/2396/2108 1959/2391/2103
f 1950/2353/2067 2169/2358/2072 2232/2397/2109 2186/2394/2106
f 2169/2358/2072 1951/2357/2071 2188/2398/2110 2232/2397/2109
f 2232/2397/2109 2188/2398/2110 1961/2399/2111 2189/2400/2112
f 2186/2394/2106 2232/2397/2109 2189/2400/2112 1960/2395/2107
f 1951/2357/2071 2171/2362/2076 2233/2401/2113 2188/2398/2110
f 2171/2362/2076 1952/2361/2075 2190/2402/2114 2233/2401/2113
f 2233/2401/2113 2190/2402/2114 1962/2403/2115 2191/2404/2116
f 2188/2398/2110 2233/2401/2113 2191/2404/2116 1961/2399/2111
f 1952/2361/2075 2173/2366/2080 2234/2405/2117 2190/2402/2114
f 2173/2366/2080 1953/2365/2079 2192/2406/2118 2234/2405/2117
f 2234/2405/2117 2192/2406/2118 1963/2407/2119 2193/2408/2120
f 2190/2402/2114 2234/2405/2117 2193/2408/2120 1962/2403/2115
f 1953/2365/2079 2175/2370/2084 2235/2409/2121 2192/2406/2118
f 2175/2370/2084 1954/2369/2083 2194/2410/2122 2235/2409/2121
f 2235/2409/2121 2194/2410/2122 1964/2411/2123 2195/2412/2124
f 2192/2406/2118 2235/2409/2121 2195/2412/2124 1963/2407/2119
f 1954/2369/2083 2176/2374/2086 2236/2413/2125 2194/2410/2122
f 2176/2374/2086 1945/2373/2052 2179/2414/2088 2236/2413/2125
f 2236/2413/2125 2179/2414/2088 1955/2415/2092 2196/2416/2126
f 2194/2410/2122 2236/2413/2125 2196/2416/2126 1964/2411/2123
f 1955/2380/2092 2178/2379/2091 2237/2417/2127 2009/2418/2128
f 2178/2379/2091 1956/2378/2090 2007/2419/2129 2237/2417/2127
f 2237/2417/2127 2007/2419/2129 1966/2420/2130 2008/2421/2131
f 2009/2418/2128 2237/2417/2127 2008/2421/2131 1965/2422/2132
f 1956/2378/2090 2181/2384/2096 2238/2423/2133 2007/2419/2129
f 2181/2384/2096 1957/2383/2095 2010/2424/2134 2238/2423/2133
f 2238/2423/2133 2010/2424/2134 1967/2425/2135 2011/2426/2136
f 2007/2419/2129 2238/2423/2133 2011/2426/2136 1966/2420/2130
f 1957/2383/2095 2183/2388/2100 2239/2427/2137 2010/2424/2134
f 2183/2388/2100 1958/2387/2099 2012/2428/2138 2239/2427/2137
f 2239/2427/2137 2012/2428/2138 1968/2429/2139 2013/2430/2140
f 2010/2424/2134 2239/2427/2137 2013/2430/2140 1967/2425/2135
f 1958/2387/2099 2185/2392/2104 2240/2431/2141 2012/2428/2138
f 2185/2392/2104 1959/2391/2103 2014/2432/2142 2240/2431/2141
f 2240/2431/2141 2014/2432/2142 1969/2433/2143 2015/2434/2144
f 2012/2428/2138 2240/2431/2141 2015/2434/2144 1968/2429/2139
f 1959/2391/2103 2187/2396/2108 2241/2435/2145 2014/2432/2142
f 2187/2396/2108 1960/2395/2107 2016/2436/2146 2241/2435/2145
f 2241/2435/2145 2016/2436/2146 1970/2437/2147 2017/2438/2148
f 2014/2432/2142 2241/2435/2145 2017/2438/2148 1969/2433/2143
f 1960/2395/2107 2189/2400/2112 2242/2439/2149 2016/2436/2146
f 2189/2400/2112 1961/2399/2111 2018/2440/2150 2242/2439/2149
f 2242/2439/2149 2018/2440/2150 1971/2441/2151 2019/2442/2152
f 2016/2436/2146 2242/2439/2149 2019/2442/2152 1970/2437/2147
f 1961/2399/2111 2191/2404/2116 2243/2443/2153 2018/2440/2150
f 2191/2404/2116 1962/2403/2115 2020/2444/2154 2243/2443/2153
f 2243/2443/2153 2020/2444/2154 1972/2445/2155 2021/2446/2156
f 2018/2440/2150 2243/2443/2153 2021/2446/2156 1971/2441/2151
f 1962/2403/2115 2193/2408/2120 2244/2447/2157 2020/2444/2154
f 2193/2408/2120 1963/2407/2119 2022/2448/2158 2244/2447/2157
f 2244/2447/2157 2022/2448/2158 1973/2449/2159 2023/2450/2160
f 2020/2444/2154 2244/2447/2157 2023/2450/2160 1972/2445/2155
f 1963/2407/2119 2195/2412/2124 2245/2451/2161 2022/2448/2158
f 2195/2412/2124 1964/2411/2123 2024/2452/2162 2245/2451/2161
f 2245/2451/2161 2024/2452/2162 1974/2453/2163 2025/2454/2164
f 2022/2448/2158 2245/2451/2161 2025/2454/2164 1973/2449/2159
f 1964/2411/2123 2196/2416/2126 2246/2455/2165 2024/2452/2162
f 2196/2416/2126 1955/2415/2092 2009/2456/2128 2246/2455/2165
f 2246/2455/2165 2009/2456/2128 1965/2457/2132 2026/2458/2166
f 2024/2452/2162 2246/2455/2165 2026/2458/2166 1974/2453/2163
f 1965/2422/2132 2008/2421/2131 2247/2459/2167 2029/2460/2168
f 2008/2421/2131 1966/2420/2130 2027/2461/2169 2247/2459/2167
f 2247/2459/2167 2027/2461/2169 1976/2462/2170 2028/2463/2171
f 2029/2460/2168 2247/2459/2167 2028/2463/2171 1975/2464/2172
f 1966/2420/2130 2011/2426/2136 2248/2465/2173 2027/2461/2169
f 2011/2426/2136 1967/2425/2135 2030/2466/2174 2248/2465/2173
f 2248/2465/2173 2030/2466/2174 1977/2467/2175 2031/2468/2176
f 2027/2461/2169 2248/2465/2173 2031/2468/2176 1976/2462/2170
f 1967/2425/2135 2013/2430/2140 2249/2469/2177 2030/2466/2174
f 2013/2430/2140 1968/2429/2139 2032/2470/2178 2249/2469/2177
f 2249/2469/2177 2032/2470/2178 1978/2471/2179 2033/2472/2180
f 2030/2466/2174 2249/2469/2177 2033/2472/2180 1977/2467/2175
f 1968/2429/2139 2015/2434/2144 2250/2473/2181 2032/2470/2178
f 2015/2434/2144 1969/2433/2143 2034/2474/2182 2250/2473/2181
f 2250/2473/2181 2034/2474/2182 1979/2475/2183 2035/2476/2184
f 2032/2470/2178 2250/2473/2181 2035/2476/2184 1978/2471/2179
f 1969/2433/2143 2017/2438/2148 2251/2477/2185 2034/2474/2182
f 2017/2438/2148 1970/2437/2147 2036/2478/2186 2251/2477/2185
f 2251/2477/2185 2036/2478/2186 1980/2479/2187 2037/2480/2188
f 2034/2474/2182 2251/2477/2185 2037/2480/2188 1979/2475/2183
f 1970/2437/2147 2019/2442/2152 2252/2481/2189 2036/2478/2186
f 2019/2442/2152 1971/2441/2151 2038/2482/2190 2252/2481/2189
f 2252/2481/2189 2038/2482/2190 1981/2483/2191 2039/2484/2192
f 2036/2478/2186 2252/2481/2189 2039/2484/2192 1980/2479/2187
f 1971/2441/2151 2021/2446/2156 2253/2485/2193 2038/2482/2190
f 2021/2446/2156 1972/2445/2155 2040/2486/2194 2253/2485/2193
f 2253/2485/2193 2040/2486/2194 1982/2487/2195 2041/2488/2196
f 2038/2482/2190 2253/2485/2193 2041/2488/2196 1981/2483/2191
f 1972/2445/2155 2023/2450/2160 2254/2489/2197 2040/2486/2194
f 2023/2450/2160 1973/2449/2159 2042/2490/2198 2254/2489/2197
f 2254/2489/2197 2042/2490/2198 1983/2491/2199 2043/2492/2200
f 2040/2486/2194 2254/2489/2197 2043/2492/2200 1982/2487/2195
f 1973/2449/2159 2025/2454/2164 2255/2493/2201 2042/2490/2198
f 2025/2454/2164 1974/2453/2163 2044/2494/2202 2255/2493/2201
f 2255/2493/2201 2044/2494/2202 1984/2495/2203 2045/2496/2204
f 2042/2490/2198 2255/2493/2201 2045/2496/2204 1983/2491/2199
f 1974/2453/2163 2026/2458/2166 2256/2497/2205 2044/2494/2202
f 2026/2458/2166 1965/2457/2132 2029/2498/2168 2256/2497/2205
f 2256/2497/2205 2029/2498/2168 1975/2499/2172 2046/2500/2206
f 2044/2494/2202 2256/2497/2205 2046/2500/2206 1984/2495/2203
f 1975/2464/2172 2028/2463/2171 2257/2501/2207 2049/2502/2208
f 2028/2463/2171 1976/2462/2170 2047/2503/2209 2257/2501/2207
f 2257/2501/2207 2047/2503/2209 1986/2504/2210 2048/2505/2211
f 2049/2502/2208 2257/2501/2207 2048/2505/2211 1985/2506/2212
f 1976/2462/2170 2031/2468/2176 2258/2507/2213 2047/2503/2209
f 2031/2468/2176 1977/2467/2175 2050/2508/2214 2258/2507/2213
f 2258/2507/2213 2050/2508/2214 1987/2509/2215 2051/2510/2216
f 2047/2503/2209 2258/2507/2213 2051/2510/2216 1986/2504/2210
f 1977/2467/2175 2033/2472/2180 2259/2511/2217 2050/2508/2214
f 2033/2472/2180 1978/2471/2179 2052/2512/2218 2259/2511/2217
f 2259/2511/2217 2052/2512/2218 1988/2513/2219 2053/2514/2220
f 2050/2508/2214 2259/2511/2217 2053/2514/2220 1987/2509/2215
f 1978/2471/2179 2035/2476/2184 2260/2515/2221 2052/2512/2218
f 2035/2476/2184 1979/2475/2183 2054/2516/2222 2260/2515/2221
f 2260/2515/2221 2054/2516/2222 1989/2517/2223 2055/2518/2224
f 2052/2512/2218 2260/2515/2221 2055/2518/2224 1988/2513/2219
f 1979/2475/2183 2037/2480/2188 2261/2519/2225 2054/2516/2222
f 2037/2480/2188 1980/2479/2187 2056/2520/2226 2261/2519/2225
f 2261/2519/2225 2056/2520/2226 1990/2521/2227 2057/2522/2228
f 2054/2516/2222 2261/2519/2225 2057/2522/2228 1989/2517/2223
f 1980/2479/2187 2039/2484/2192 2262/2523/2229 2056/2520/2226
f 2039/2484/2192 1981/2483/2191 2058/2524/2230 2262/2523/2229
f 2262/2523/2229 2058/2524/2230 1991/2525/2231 2059/2526/2232
f 2056/2520/2226 2262/2523/2229 2059/2526/2232 1990/2521/2227
f 1981/2483/2191 2041/2488/2196 2263/2527/2233 2058/2524/2230
f 2041/2488/2196 1982/2487/2195 2060/2528/2234 2263/2527/2233
f 2263/2527/2233 2060/2528/2234 1992/2529/2235 2061/2530/2236
f 2058/2524/2230 2263/2527/2233 2061/2530/2236 1991/2525/2231
f 1982/2487/2195 2043/2492/2200 2264/2531/2237 2060/2528/2234
f 2043/2492/2200 1983/2491/2199 2062/2532/2238 2264/2531/2237
f 2264/2531/2237 2062/2532/2238 1993/2533/2239 2063/2534/2240
f 2060/2528/2234 2264/2531/2237 2063/2534/2240 1992/2529/2235
f 1983/2491/2199 2045/2496/2204 2265/2535/2241 2062/2532/2238
f 2045/2496/2204 1984/2495/2203 2064/2536/2242 2265/2535/2241
f 2265/2535/2241 2064/2536/2242 1994/2537/2243 2065/2538/2244
f 2062/2532/2238 2265/2535/2241 2065/2538/2244 1993/2533/2239
f 1984/2495/2203 2046/2500/2206 2266/2539/2245 2064/2536/2242
f 2046/2500/2206 1975/2499/2172 2049/2540/2208 2266/2539/2245
f 2266/2539/2245 2049/2540/2208 1985/2541/2212 2066/2542/2246
f 2064/2536/2242 2266/2539/2245 2066/2542/2246 1994/2537/2243
f 1985/2506/2212 2048/2505/2211 2267/2543/2247 2069/2544/2248
f 2048/2505/2211 1986/2504/2210 2067/2545/2249 2267/2543/2247
f 2267/2543/2247 2067/2545/2249 1996/2546/2250 2068/2547/2251
f 2069/2544/2248 2267/2543/2247 2068/2547/2251 1995/2548/2252
f 1986/2504/2210 2051/2510/2216 2268/2549/2253 2067/2545/2249
f 2051/2510/2216 1987/2509/2215 2070/2550/2254 2268/2549/2253
f 2268/2549/2253 2070/2550/2254 1997/2551/2255 2071/2552/2256
f 2067/2545/2249 2268/2549/2253 2071/2552/2256 1996/2546/2250
f 1987/2509/2215 2053/2514/2220 2269/2553/2257 2070/2550/2254
f 2053/2514/2220 1988/2513/2219 2072/2554/2258 2269/2553/2257
f 2269/2553/2257 2072/2554/2258 1998/2555/2259 2073/2556/2260
f 2070/2550/2254 2269/2553/2257 2073/2556/2260 1997/2551/2255
f 1988/2513/2219 2055/2518/2224 2270/2557/2261 2072/2554/2258
f 2055/2518/2224 1989/2517/2223 2074/2558/2262 2270/2557/2261
f 2270/2557/2261 2074/2558/2262 1999/2559/2263 2075/2560/2264
f 2072/2554/2258 2270/2557/2261 2075/2560/2264 1998/2555/2259
f 1989/2517/2223 2057/2522/2228 2271/2561/2265 2074/2558/2262
f 2057/2522/2228 1990/2521/2227 2076/2562/2266 2271/2561/2265
f 2271/2561/2265 2076/2562/2266 2000/2563/2267 2077/2564/2268
f 2074/2558/2262 2271/2561/2265 2077/2564/2268 1999/2559/2263
f 1990/2521/2227 2059/2526/2232 2272/2565/2269 2076/2562/2266
f 2059/2526/2232 1991/2525/2231 2078/2566/2270 2272/2565/2269
f 2272/2565/2269 2078/2566/2270 2001/2567/2271 2079/2568/2272
f 2076/2562/2266 2272/2565/2269 2079/2568/2272 2000/2563/2267
f 1991/2525/2231 2061/2530/2236 2273/2569/2273 2078/2566/2270
f 2061/2530/2236 1992/2529/2235 2080/2570/2274 2273/2569/2273
f 2273/2569/2273 2080/2570/2274 2002/2571/2275 2081/2572/2276
f 2078/2566/2270 2273/2569/2273 2081/2572/2276 2001/2567/2271
f 1992/2529/2235 2063/2534/2240 2274/2573/2277 2080/2570/2274
f 2063/2534/2240 1993/2533/2239 2082/2574/2278 2274/2573/2277
f 2274/2573/2277 2082/2574/2278 2003/2575/2279 2083/2576/2280
f 2080/2570/2274 2274/2573/2277 2083/2576/2280 2002/2571/2275
f 1993/2533/2239 2065/2538/2244 2275/2577/2281 2082/2574/2278
f 2065/2538/2244 1994/2537/2243 2084/2578/2282 2275/2577/2281
f 2275/2577/2281 2084/2578/2282 2004/2579/2283 2085/2580/2284
f 2082/2574/2278 2275/2577/2281 2085/2580/2284 2003/2575/2279
f 1994/2537/2243 2066/2542/2246 2276/2581/2285 2084/2578/2282
f 2066/2542/2246 1985/2541/2212 2069/2582/2248 2276/2581/2285
f 2276/2581/2285 2069/2582/2248 1995/2583/2252 2086/2584/2286
f 2084/2578/2282 2276/2581/2285 2086/2584/2286 2004/2579/2283
f 1916/2232/1951 2107/2229/1948 2277/2585/2287 2088/2586/2288
f 1915/2228/1947 2087/2587/2289 2277/2585/2287 2107/2229/1948
f 2005/2588/2290 2088/2586/2288 2277/2585/2287 2087/2587/2289
f 1917/2239/1958 2111/2237/1956 2278/2589/2291 2089/2590/2292
f 1916/2232/1951 2088/2591/2288 2278/2589/2291 2111/2237/1956
f 2005/2592/2290 2089/2590/2292 2278/2589/2291 2088/2591/2288
f 1918/2245/1964 2114/2243/1962 2279/2593/2293 2090/2594/2294
f 1917/2239/1958 2089/2595/2292 2279/2593/2293 2114/2243/1962
f 2005/2596/2290 2090/2594/2294 2279/2593/2293 2089/2595/2292
f 1919/2251/1970 2117/2249/1968 2280/2597/2295 2091/2598/2296
f 1918/2245/1964 2090/2599/2294 2280/2597/2295 2117/2249/1968
f 2005/2600/2290 2091/2598/2296 2280/2597/2295 2090/2599/2294
f 1920/2257/1976 2120/2255/1974 2281/2601/2297 2092/2602/2298
f 1919/2251/1970 2091/2603/2296 2281/2601/2297 2120/2255/1974
f 2005/2604/2290 2092/2602/2298 2281/2601/2297 2091/2603/2296
f 1921/2263/1982 2123/2261/1980 2282/2605/2299 2093/2606/2300
f 1920/2257/1976 2092/2607/2298 2282/2605/2299 2123/2261/1980
f 2005/2608/2290 2093/2606/2300 2282/2605/2299 2092/2607/2298
f 1922/2269/1988 2126/2267/1986 2283/2609/2301 2094/2610/2302
f 1921/2263/1982 2093/2611/2300 2283/2609/2301 2126/2267/1986
f 2005/2612/2290 2094/2610/2302 2283/2609/2301 2093/2611/2300
f 1923/2275/1994 2129/2273/1992 2284/2613/2303 2095/2614/2304
f 1922/2269/1988 2094/2615/2302 2284/2613/2303 2129/2273/1992
f 2005/2616/2290 2095/2614/2304 2284/2613/2303 2094/2615/2302
f 1924/2281/2000 2132/2279/1998 2285/2617/2305 2096/2618/2306
f 1923/2275/1994 2095/2619/2304 2285/2617/2305 2132/2279/1998
f 2005/2620/2290 2096/2618/2306 2285/2617/2305 2095/2619/2304
f 1915/2287/1947 2135/2285/2004 2286/2621/2307 2087/2622/2289
f 1924/2281/2000 2096/2623/2306 2286/2621/2307 2135/2285/2004
f 2005/2624/2290 2087/2622/2289 2286/2621/2307 2096/2623/2306
f 1995/2548/2252 2068/2547/2251 2287/2625/2308 2098/2626/2309
f 1996/2546/2250 2097/2627/2310 2287/2625/2308 2068/2547/2251
f 2006/2628/2311 2098/2626/2309 2287/2625/2308 2097/2627/2310
f 1996/2546/2250 2071/2552/2256 2288/2629/2312 2097/2630/2310
f 1997/2551/2255 2099/2631/2313 2288/2629/2312 2071/2552/2256
f 2006/2632/2311 2097/2630/2310 2288/2629/2312 2099/2631/2313
f 1997/2551/2255 2073/2556/2260 2289/2633/2314 2099/2634/2313
f 1998/2555/2259 2100/2635/2315 2289/2633/2314 2073/2556/2260
f 2006/2636/2311 2099/2634/2313 2289/2633/2314 2100/2635/2315
f 1998/2555/2259 2075/2560/2264 2290/2637/2316 2100/2638/2315
f 1999/2559/2263 2101/2639/2317 2290/2637/2316 2075/2560/2264
f 2006/2640/2311 2100/2638/2315 2290/2637/2316 2101/2639/2317
f 1999/2559/2263 2077/2564/2268 2291/2641/2318 2101/2642/2317
f 2000/2563/2267 2102/2643/2319 2291/2641/2318 2077/2564/2268
f 2006/2644/2311 2101/2642/2317 2291/2641/2318 2102/2643/2319
f 2000/2563/2267 2079/2568/2272 2292/2645/2320 2102/2646/2319
f 2001/2567/2271 2103/2647/2321 2292/2645/2320 2079/2568/2272
f 2006/2648/2311 2102/2646/2319 2292/2645/2320 2103/2647/2321
f 2001/2567/2271 2081/2572/2276 2293/2649/2322 2103/2650/2321
f 2002/2571/2275 2104/2651/2323 2293/2649/2322 2081/2572/2276
f 2006/2652/2311 2103/2650/2321 2293/2649/2322 2104/2651/2323
f 2002/2571/2275 2083/2576/2280 2294/2653/2324 2104/2654/2323
f 2003/2575/2279 2105/2655/2325 2294/2653/2324 2083/2576/2280
f 2006/2656/2311 2104/2654/2323 2294/2653/2324 2105/2655/2325
f 2003/2575/2279 2085/2580/2284 2295/2657/2326 2105/2658/2325
f 2004/2579/2283 2106/2659/2327 2295/2657/2326 2085/2580/2284
f 2006/2660/2311 2105/2658/2325 2295/2657/2326 2106/2659/2327
f 2004/2579/2283 2086/2584/2286 2296/2661/2328 2106/2662/2327
f 1995/2583/2252 2098/2663/2309 2296/2661/2328 2086/2584/2286
f 2006/2664/2311 2106/2662/2327 2296/2661/2328 2098/2663/2309
o pasted__polySurface3
v -0.005544 0.168778 0.053663
v 0.004785 0.170626 0.062819
v -0.000703 0.176997 0.049904
v 0.002423 0.179043 0.055003
v 0.001198 0.178711 0.044462
v 0.004755 0.186645 0.035232
v 0.004672 0.169387 0.043574
v 0.014267 0.173277 0.054234
v 0.001229 0.171694 0.060053
v 0.006049 0.175880 0.057522
v 0.003134 0.175245 0.061236
v 0.004527 0.172103 0.063504
v 0.006784 0.173080 0.061247
v 0.003022 0.170793 0.062425
v 0.007574 0.173090 0.047481
v 0.005916 0.179421 0.046282
v 0.005713 0.175830 0.051311
v 0.005994 0.168334 0.045209
v 0.003474 0.173536 0.044117
v 0.001752 0.167718 0.047234
v 0.002357 0.184087 0.038865
v 0.004448 0.183390 0.046189
v 0.005497 0.184111 0.039873
v 0.005461 0.185311 0.020276
v 0.002303 0.185199 0.019409
v 0.005487 0.186800 0.019221
v 0.010675 0.175075 0.051888
v 0.012042 0.173625 0.049470
v 0.011367 0.177352 0.049665
v 0.012666 0.174647 0.054604
v 0.014104 0.172862 0.051725
v 0.014411 0.175469 0.053025
v 0.006776 0.173592 0.000797
v 0.003563 0.173455 -0.000084
v 0.006911 0.175522 -0.000107
v 0.004636 0.158596 -0.010622
v 0.000940 0.158391 -0.011490
v 0.004800 0.161903 -0.014689
v 0.005554 0.143830 -0.015623
v -0.001341 0.143632 -0.016530
v 0.005915 0.148195 -0.022116
v 0.014829 0.096550 -0.015347
v -0.008294 0.094343 -0.020023
v 0.013514 0.093983 -0.038934
v 0.010091 0.123833 -0.018598
v -0.000127 0.123455 -0.020196
v 0.010645 0.128358 -0.029058
v -0.023194 0.076810 -0.020294
v -0.002315 0.082131 -0.040763
v 0.021792 0.079122 -0.054505
v 0.024437 0.081762 -0.033834
v 0.001088 0.077024 -0.055058
v -0.025773 0.070969 -0.036935
v 0.023305 0.084861 -0.014114
v 0.032917 0.073142 -0.030250
v 0.026575 0.068416 -0.062698
v 0.004255 0.067278 -0.065722
v -0.018972 0.064158 -0.054782
v 0.010020 0.088137 -0.005136
v -0.009338 0.084660 -0.006065
v -0.024290 0.074095 -0.003981
v 0.022784 0.081464 -0.004794
v 0.034671 0.071891 -0.013361
v 0.007660 0.079336 0.005305
v -0.009780 0.075876 0.004773
v -0.023138 0.070255 0.005502
v 0.022302 0.076021 0.003580
v 0.034094 0.068675 -0.002440
v -0.033754 0.067063 -0.014419
v -0.036836 0.062143 -0.033974
v 0.031963 0.057258 -0.067244
v 0.041747 0.062601 -0.031223
v 0.005116 0.055853 -0.071884
v -0.025321 0.054770 -0.059376
v -0.032757 0.065885 0.002577
v 0.043546 0.061853 -0.010256
v 0.009522 0.069869 0.014184
v -0.011181 0.067097 0.014318
v -0.029114 0.063319 0.013568
v 0.026580 0.065458 0.011163
v 0.041127 0.059495 0.003387
v -0.041059 0.057387 -0.015214
v -0.042143 0.052303 -0.037970
v 0.036751 0.047270 -0.071540
v 0.047170 0.053661 -0.031261
v 0.006346 0.045400 -0.078122
v -0.027953 0.044375 -0.066259
v -0.039542 0.057134 0.003407
v 0.047856 0.053366 -0.006809
v -0.047310 0.047218 -0.019970
v -0.044015 0.041511 -0.043098
v 0.039713 0.036831 -0.073086
v 0.050439 0.042271 -0.038466
v 0.007092 0.033873 -0.084759
v -0.029209 0.033053 -0.072941
v -0.046323 0.046962 0.001185
v 0.051358 0.041903 -0.015465
v -0.038596 0.045757 0.025080
v 0.050123 0.039571 0.001747
v -0.047680 0.035122 -0.018640
v -0.043735 0.028994 -0.041602
v 0.040003 0.020031 -0.078280
v 0.050530 0.029075 -0.037832
v 0.007238 0.019697 -0.088609
v -0.029021 0.018242 -0.075630
v -0.047025 0.034636 0.001601
v 0.051675 0.029228 -0.015079
v -0.039962 0.032381 0.018170
v 0.050560 0.027588 0.002325
v -0.043793 0.025402 -0.017836
v -0.039968 0.017757 -0.039610
v 0.036188 0.010322 -0.077140
v 0.047012 0.017056 -0.035627
v 0.006241 0.003427 -0.086382
v -0.026487 0.009258 -0.075326
v -0.043342 0.025611 0.000633
v 0.048919 0.018967 -0.014577
v -0.037291 0.024155 0.016614
v 0.046854 0.019430 0.002029
v -0.035973 0.010843 -0.014789
v -0.031844 0.004257 -0.033398
v 0.026769 0.002523 -0.056433
v 0.037531 0.006459 -0.030698
v 0.002905 0.000386 -0.064985
v -0.021214 0.001870 -0.056653
v -0.035975 0.014394 0.000069
v 0.038913 0.009996 -0.014637
v -0.031586 0.017517 0.016676
v 0.037541 0.013122 0.000939
v 0.003500 0.003704 -0.002532
v 0.044682 0.043150 0.022525
v -0.035952 0.043228 0.034810
v -0.034087 0.036516 0.035033
v 0.044283 0.034697 0.030239
v -0.030050 0.030370 0.040376
v 0.040548 0.028210 0.034014
v -0.021371 0.025222 0.048683
v 0.031036 0.023262 0.042555
v 0.004124 0.022603 0.048192
v 0.007643 0.051833 0.030034
v -0.007720 0.052281 0.031384
v -0.023787 0.050912 0.033544
v 0.020280 0.049208 0.028799
v 0.030149 0.046753 0.031533
v -0.025606 0.048133 0.048040
v 0.034664 0.046721 0.044647
v -0.024889 0.047339 0.052430
v -0.023451 0.045844 0.057815
v 0.033968 0.044310 0.052518
v -0.019488 0.044252 0.062321
v 0.031688 0.042625 0.060154
v -0.010916 0.040336 0.064052
v 0.020276 0.040724 0.062797
v 0.003882 0.038332 0.065485
v -0.016750 0.005577 -0.009070
v -0.014998 0.003524 -0.018393
v 0.015635 0.001935 -0.030042
v 0.021544 0.004383 -0.016890
v 0.003024 0.000802 -0.034535
v -0.009472 0.000696 -0.030266
v -0.016673 0.007105 -0.001188
v 0.022258 0.005200 -0.008443
v -0.012923 0.008670 0.008379
v 0.020127 0.007159 -0.000018
v 0.003884 0.010226 0.017752
v -0.001246 0.166765 0.059510
v -0.004309 0.171792 0.051826
v -0.002196 0.168590 0.051613
v 0.008007 0.060071 0.028553
v 0.007868 0.058292 0.029906
v -0.009062 0.058875 0.029860
v -0.008653 0.057382 0.031281
v -0.029466 0.055218 0.031563
v -0.028001 0.054566 0.033340
v 0.022489 0.056062 0.027175
v 0.021854 0.054672 0.028650
v 0.037567 0.050847 0.028878
v 0.035947 0.050196 0.030938
v -0.033180 0.052677 0.043712
v -0.031333 0.052855 0.046940
v 0.040201 0.046277 0.039385
v 0.038687 0.046586 0.042447
v -0.032693 0.049604 0.052157
v -0.030870 0.050313 0.055271
v -0.030668 0.045590 0.058199
v -0.029081 0.046920 0.061408
v 0.038674 0.043381 0.052890
v 0.037159 0.044729 0.055638
v -0.026729 0.039652 0.063788
v -0.025242 0.041623 0.066662
v 0.033275 0.037415 0.058998
v 0.032036 0.039515 0.062151
v -0.016740 0.032824 0.067289
v -0.015350 0.034955 0.068933
v 0.024055 0.032537 0.063118
v 0.022518 0.034962 0.065220
v 0.003620 0.030619 0.066354
v 0.003566 0.032768 0.068231
v 0.008806 0.064986 0.019376
v 0.008472 0.063534 0.021582
v -0.010675 0.063064 0.020074
v -0.010275 0.061875 0.022461
v -0.032552 0.055860 0.022866
v -0.032615 0.057159 0.020038
v -0.037145 0.055504 0.018204
v -0.036991 0.053332 0.022706
v 0.025139 0.059619 0.017173
v 0.024296 0.058302 0.019646
v 0.040410 0.051441 0.018725
v 0.043832 0.048906 0.018216
v 0.045457 0.048257 0.012580
v 0.044943 0.051115 0.010817
v 0.041203 0.052652 0.014651
v 0.026945 0.003728 -0.109556
v 0.007560 0.003450 -0.111943
v 0.025219 0.001881 -0.109391
v 0.007121 0.000271 -0.111793
v -0.015283 0.002975 -0.108636
v -0.014176 0.001280 -0.109352
v 0.036188 0.001170 -0.129967
v 0.009333 0.000545 -0.142213
v 0.034510 0.000691 -0.129806
v 0.008727 0.000117 -0.142090
v -0.023108 0.000791 -0.129627
v -0.022179 0.000364 -0.130017
v -0.004540 0.167306 0.057095
v -0.001265 0.168603 0.059307
v -0.002057 0.167403 0.056330
v -0.003552 0.167971 0.058007
v -0.035317 0.013765 -0.055698
v -0.012954 0.000674 -0.137044
v -0.012091 0.000197 -0.137342
v -0.029186 0.000664 -0.130124
v -0.044189 0.026257 -0.008238
v -0.045540 0.030062 0.001223
v 0.050922 0.023868 -0.014561
v 0.048645 0.018498 -0.023152
v -0.040818 0.024404 0.008257
v -0.038868 0.027780 0.016959
v 0.049219 0.023100 0.002517
v 0.048388 0.018669 -0.007362
v -0.036835 0.010267 -0.037471
v -0.034484 0.007456 -0.023334
v -0.040987 0.017874 -0.016681
v 0.043158 0.011063 -0.034019
v 0.033746 0.004414 -0.044005
v 0.031919 0.006180 -0.066145
v 0.021503 0.005305 -0.084658
v 0.015858 0.001057 -0.063117
v 0.004518 0.002166 -0.076194
v -0.024513 0.005479 -0.065600
v -0.027926 0.002696 -0.045651
v -0.010102 0.004752 -0.083551
v -0.010194 0.000879 -0.062964
v -0.036438 0.012971 -0.007094
v -0.040785 0.019971 0.000364
v 0.044918 0.014153 -0.015049
v 0.038867 0.008382 -0.021375
v -0.034676 0.015667 0.007018
v -0.035753 0.020943 0.017018
v 0.043331 0.016135 0.001276
v 0.038824 0.011111 -0.009085
v -0.016589 0.004710 -0.013597
v -0.006870 0.003648 -0.010996
v -0.007776 0.004555 -0.005768
v 0.019778 0.003192 -0.024167
v 0.013911 0.004006 -0.010131
v 0.010513 0.002568 -0.017488
v 0.009963 0.001159 -0.034210
v 0.003378 0.001837 -0.020086
v -0.013350 0.001918 -0.025117
v -0.003686 0.001702 -0.017624
v -0.003942 0.000390 -0.034199
v -0.017357 0.006428 -0.005198
v -0.007700 0.005271 -0.001243
v 0.022634 0.004902 -0.012223
v 0.014368 0.004263 -0.005252
v -0.016310 0.007840 0.003026
v -0.005307 0.005992 0.004108
v 0.022634 0.005914 -0.005620
v 0.012868 0.005295 -0.000568
v 0.044315 0.049248 0.016081
v 0.044106 0.047011 0.019762
v 0.047692 0.040872 0.011909
v -0.036716 0.033518 0.025838
v -0.035613 0.040035 0.033438
v -0.037200 0.043599 0.030276
v 0.044817 0.038858 0.026542
v 0.047789 0.030292 0.015630
v -0.033440 0.026378 0.027680
v -0.032289 0.033312 0.037189
v 0.042847 0.031224 0.032043
v 0.044119 0.023079 0.017131
v -0.025750 0.020666 0.031968
v -0.027205 0.027640 0.045067
v 0.037425 0.025425 0.038211
v 0.034002 0.017422 0.021095
v -0.006335 0.010221 0.016426
v 0.003868 0.006697 0.008458
v 0.014109 0.009357 0.011359
v 0.028375 0.010301 0.001699
v 0.018942 0.022117 0.044969
v 0.003903 0.016105 0.030844
v -0.022126 0.013246 0.014094
v -0.010168 0.023215 0.048649
v -0.027017 0.010126 -0.000600
v -0.027021 0.007209 -0.012165
v -0.023944 0.002869 -0.026449
v -0.015757 0.000514 -0.044076
v 0.002637 0.000125 -0.050300
v 0.021198 0.001514 -0.043711
v 0.029872 0.004716 -0.024367
v 0.030900 0.007061 -0.012003
v -0.000659 0.168260 0.057112
v -0.001083 0.167348 0.059988
v -0.002126 0.169031 0.059037
v 0.000158 0.169160 0.049976
v -0.002138 0.174194 0.050758
v 0.007916 0.059359 0.029795
v 0.014835 0.056855 0.029102
v 0.022136 0.055575 0.028523
v 0.015172 0.058508 0.027717
v 0.000138 0.060036 0.029335
v -0.008824 0.058247 0.031173
v 0.000218 0.058312 0.030716
v -0.020219 0.057063 0.029923
v -0.028752 0.055159 0.033185
v -0.019284 0.055968 0.031351
v -0.032934 0.053960 0.036817
v -0.032301 0.053536 0.046593
v -0.031133 0.053669 0.039663
v 0.029657 0.052410 0.028898
v 0.036918 0.050756 0.030726
v 0.030819 0.053449 0.027274
v 0.038426 0.048154 0.035862
v 0.039418 0.046614 0.041996
v 0.040138 0.048435 0.032854
v -0.033115 0.051231 0.048562
v -0.031887 0.050729 0.055549
v -0.031254 0.051704 0.051789
v 0.038320 0.045790 0.049473
v 0.037754 0.044721 0.056056
v 0.039831 0.044934 0.046602
v -0.031865 0.047780 0.055292
v -0.030054 0.047044 0.061833
v -0.030153 0.048780 0.058442
v -0.029138 0.042866 0.061111
v -0.026204 0.041150 0.067227
v -0.027630 0.044551 0.064274
v 0.035038 0.042361 0.059642
v 0.032144 0.038903 0.062425
v 0.036377 0.040596 0.056633
v -0.022892 0.035988 0.065986
v -0.016083 0.034041 0.069610
v -0.021357 0.038089 0.068195
v 0.028233 0.037017 0.063834
v 0.022918 0.033983 0.065525
v 0.029702 0.034679 0.061154
v -0.007387 0.031108 0.067279
v 0.003520 0.031811 0.068580
v -0.006593 0.033226 0.068937
v 0.013783 0.033446 0.066838
v 0.014731 0.031139 0.064909
v 0.043138 0.049929 0.019078
v 0.039115 0.050928 0.023693
v 0.042112 0.045131 0.031935
v -0.034656 0.046259 0.042338
v -0.035396 0.050079 0.035603
v -0.032042 0.041311 0.047543
v 0.041048 0.039550 0.043471
v -0.027912 0.035427 0.053625
v 0.036505 0.033420 0.048749
v -0.018435 0.029580 0.060385
v 0.027241 0.028632 0.056012
v 0.003925 0.027495 0.059793
v -0.008246 0.055168 0.031344
v 0.000361 0.052323 0.030844
v 0.007768 0.055495 0.029980
v -0.026165 0.052985 0.033453
v -0.016744 0.051832 0.031369
v 0.014269 0.050684 0.029240
v 0.021168 0.052306 0.028735
v 0.025717 0.047736 0.029053
v 0.033434 0.048707 0.031218
v -0.028848 0.050830 0.047449
v -0.025924 0.049453 0.040653
v 0.033148 0.046749 0.037771
v 0.036932 0.046634 0.043418
v -0.028274 0.049040 0.054079
v -0.025282 0.047631 0.051051
v -0.026635 0.046465 0.059886
v -0.024361 0.046646 0.054924
v 0.034648 0.045666 0.049041
v 0.035764 0.044563 0.054307
v -0.022748 0.042769 0.064812
v -0.021910 0.045226 0.060380
v 0.033494 0.043380 0.056642
v 0.031876 0.040881 0.061298
v -0.013430 0.037290 0.066845
v -0.015938 0.042381 0.063340
v 0.027013 0.041791 0.061798
v 0.021541 0.037463 0.064189
v 0.003702 0.035185 0.067063
v -0.004080 0.038837 0.065072
v 0.012283 0.039265 0.064376
v -0.036154 0.054426 0.023923
v -0.037571 0.051316 0.023297
v -0.031189 0.055193 0.027051
v -0.037418 0.054254 0.020451
v 0.008584 0.064245 0.020239
v 0.016337 0.061536 0.020630
v 0.024679 0.058786 0.018206
v 0.017000 0.062968 0.018394
v -0.000283 0.064878 0.019873
v -0.010512 0.062479 0.021029
v -0.000176 0.063545 0.022168
v -0.022778 0.059962 0.020170
v -0.033006 0.056194 0.021279
v -0.022496 0.058828 0.022537
v 0.033225 0.054585 0.018963
v 0.040918 0.051670 0.016825
v 0.034065 0.055732 0.015961
v -0.011056 0.064501 0.017784
v 0.009374 0.066804 0.017316
v 0.026280 0.061783 0.014611
v -0.009669 0.060379 0.026180
v 0.008236 0.061803 0.025084
v 0.023388 0.057183 0.023425
v 0.030373 0.010291 -0.095276
v 0.019116 0.003741 -0.111092
v 0.007246 0.010749 -0.097991
v 0.028380 0.005958 -0.095278
v 0.028665 0.002974 -0.108981
v 0.006843 0.002129 -0.098005
v 0.017555 0.000851 -0.110811
v -0.005338 0.003294 -0.110465
v -0.018833 0.009145 -0.093166
v -0.017525 0.005048 -0.094031
v -0.004633 0.000525 -0.110889
v -0.017978 0.002201 -0.108433
v 0.033810 0.001442 -0.121669
v 0.008503 0.000817 -0.128659
v 0.031526 0.000622 -0.121458
v 0.007874 -0.000151 -0.128474
v -0.021866 0.000927 -0.121151
v -0.020415 0.000203 -0.121825
v 0.000018 0.170694 0.057833
v -0.001436 0.168176 0.053687
v -0.003985 0.170505 0.055410
v -0.005732 0.168003 0.055248
v 0.001040 0.172904 0.060872
v 0.002204 0.171530 0.061544
v 0.003124 0.171155 0.063332
v 0.003909 0.173576 0.062906
v 0.003039 0.183454 0.043987
v 0.004743 0.185329 0.041107
v 0.003422 0.185983 0.035802
v 0.014593 0.174114 0.051838
v 0.014727 0.173985 0.054160
v 0.014458 0.172464 0.053262
v 0.003762 0.172907 0.057748
v 0.006740 0.174787 0.059891
v 0.004995 0.171965 0.061463
v 0.006245 0.173047 0.062357
v 0.005366 0.176850 0.058441
v 0.003469 0.168217 0.044558
v 0.001628 0.171126 0.045921
v 0.004529 0.171571 0.043076
v 0.013138 0.173439 0.053148
v 0.013546 0.173615 0.055099
v 0.013397 0.175600 0.054233
v -0.004574 0.167504 0.057418
v -0.002681 0.166805 0.058626
v -0.002206 0.166858 0.059421
v 0.005972 0.171314 0.062172
v 0.004667 0.170746 0.063438
v 0.003758 0.170073 0.062817
v 0.005300 0.183125 0.045520
v 0.005503 0.186004 0.036367
v 0.005863 0.168278 0.043464
v 0.003770 0.167067 0.047693
v 0.005348 0.172280 0.043834
v -0.003642 0.167204 0.056418
v -0.001460 0.166870 0.058337
v -0.003089 0.170907 0.050370
v -0.004595 0.168367 0.052956
v -0.005826 0.169922 0.052970
v 0.004926 0.175806 0.053559
v 0.005470 0.178554 0.049623
v 0.005062 0.180689 0.045383
v 0.003733 0.181115 0.051870
v 0.002521 0.177187 0.058087
v 0.002139 0.180674 0.043614
v 0.003977 0.182891 0.038499
v 0.006731 0.176713 0.045683
v 0.005753 0.171338 0.047072
v 0.002011 0.176500 0.044549
v 0.000622 0.178045 0.053084
v -0.000031 0.177869 0.046545
v 0.002270 0.185645 0.028928
v 0.003561 0.184946 0.019966
v 0.005265 0.185715 0.029746
v 0.004963 0.187444 0.027458
v 0.003582 0.186137 0.019123
v 0.006108 0.186226 0.019816
v 0.008113 0.175474 0.050987
v 0.010817 0.176731 0.051038
v 0.008458 0.178318 0.047824
v 0.006078 0.172958 0.050447
v 0.009890 0.173704 0.048368
v 0.011357 0.173750 0.050882
v 0.011910 0.175571 0.049103
v 0.011951 0.174967 0.053314
v 0.013321 0.176497 0.051463
v 0.013373 0.173297 0.050525
v 0.003101 0.178813 0.006646
v 0.004821 0.173123 0.000449
v 0.006314 0.178939 0.007529
v 0.006449 0.180498 0.006996
v 0.004929 0.174668 -0.000274
v 0.007500 0.174777 0.000431
v 0.002587 0.166227 -0.006403
v 0.002386 0.157811 -0.010329
v 0.005800 0.166398 -0.005528
v 0.005935 0.168990 -0.007868
v 0.002517 0.160457 -0.013583
v 0.005473 0.160621 -0.012889
v -0.000610 0.151206 -0.014525
v 0.001344 0.142839 -0.014869
v 0.004533 0.151422 -0.013660
v 0.004784 0.155263 -0.018968
v 0.001633 0.146330 -0.020063
v 0.007149 0.146489 -0.019338
v 0.003849 0.122701 -0.017465
v -0.002090 0.109375 -0.021234
v 0.001930 0.098014 -0.015258
v 0.011475 0.110601 -0.018261
v 0.004292 0.126321 -0.025833
v 0.012123 0.111995 -0.032443
v 0.000641 0.095673 -0.030449
v 0.012467 0.126624 -0.024555
v 0.016947 0.097153 -0.029385
v -0.000529 0.134628 -0.018524
v 0.007762 0.134771 -0.017494
v 0.008222 0.139826 -0.025548
v 0.004974 0.085826 -0.041536
v -0.011669 0.080360 -0.032540
v -0.015373 0.084558 -0.020485
v 0.021068 0.087298 -0.025854
v 0.024460 0.080247 -0.043859
v 0.018343 0.085257 -0.047137
v 0.013378 0.078309 -0.058059
v -0.000720 0.080123 -0.047588
v -0.013206 0.074481 -0.046039
v -0.025274 0.073738 -0.028552
v 0.019945 0.089379 -0.013758
v 0.027248 0.080529 -0.019719
v 0.027600 0.078001 -0.032829
v 0.031535 0.070098 -0.048610
v 0.024318 0.073680 -0.059424
v 0.016879 0.067848 -0.067427
v 0.002879 0.072588 -0.061075
v -0.009487 0.065589 -0.060507
v -0.023317 0.067178 -0.047000
v -0.009803 0.088371 -0.012368
v 0.000573 0.087657 -0.005848
v 0.011534 0.091941 -0.009498
v -0.024436 0.075903 -0.010837
v -0.017673 0.079592 -0.005612
v 0.016963 0.085653 -0.004105
v 0.022903 0.083922 -0.009564
v 0.028864 0.076831 -0.009245
v 0.034352 0.072773 -0.020206
v -0.009349 0.080435 -0.000440
v -0.000947 0.078291 0.005018
v 0.008451 0.083934 0.000011
v -0.024182 0.071747 0.001801
v -0.018042 0.072563 0.005193
v 0.015249 0.078539 0.005010
v 0.022154 0.079199 -0.000460
v 0.029303 0.071901 0.000462
v 0.034684 0.070022 -0.007063
v -0.032882 0.066775 -0.033680
v -0.035969 0.065300 -0.023485
v -0.029845 0.071354 -0.016184
v 0.037935 0.067194 -0.031958
v 0.038580 0.060029 -0.050310
v 0.029219 0.062813 -0.065128
v 0.020162 0.056284 -0.073122
v 0.004817 0.061557 -0.069083
v -0.022687 0.059971 -0.056730
v -0.033571 0.057940 -0.047074
v -0.011235 0.054711 -0.067474
v -0.032973 0.067084 -0.005587
v -0.029053 0.069810 -0.000666
v 0.039671 0.066778 -0.013043
v 0.043197 0.062981 -0.018891
v -0.010573 0.071159 0.009837
v -0.000601 0.069121 0.014372
v 0.008484 0.074347 0.010105
v -0.032234 0.063985 0.009641
v -0.026320 0.066936 0.009300
v -0.021391 0.064759 0.014589
v 0.018361 0.068377 0.013190
v 0.024515 0.070822 0.007470
v 0.037876 0.064325 -0.000408
v 0.043407 0.059897 -0.002263
v 0.034843 0.061923 0.007879
v -0.039937 0.057315 -0.035519
v -0.042471 0.055529 -0.025682
v -0.037462 0.062323 -0.014088
v 0.044768 0.058260 -0.030511
v 0.043999 0.050575 -0.052545
v 0.034521 0.052140 -0.069579
v 0.023404 0.045982 -0.078626
v 0.005705 0.050598 -0.074849
v -0.026948 0.049614 -0.062602
v -0.037647 0.047828 -0.052814
v -0.012030 0.044215 -0.074347
v -0.040335 0.057755 -0.005830
v -0.036200 0.061464 0.003994
v 0.045977 0.057476 -0.006964
v 0.048287 0.054292 -0.017308
v -0.037927 0.056021 0.013437
v -0.036210 0.056238 0.019555
v -0.031440 0.059721 0.016893
v 0.041901 0.055398 0.008917
v 0.043977 0.051726 0.013138
v 0.046383 0.051782 0.004109
v -0.043413 0.047121 -0.040985
v -0.046459 0.045098 -0.030675
v -0.044636 0.052507 -0.017820
v 0.049128 0.048297 -0.034915
v 0.047286 0.039768 -0.056415
v 0.038514 0.042459 -0.072533
v 0.025403 0.035067 -0.082218
v 0.006807 0.039869 -0.081845
v -0.028721 0.038922 -0.070201
v -0.038993 0.036752 -0.058637
v -0.012480 0.032647 -0.081658
v -0.047551 0.047578 -0.009581
v -0.043162 0.052490 0.002523
v 0.049651 0.048163 -0.010359
v 0.051491 0.042734 -0.025501
v 0.044915 0.049703 0.012676
v 0.047474 0.045509 0.007543
v 0.050959 0.040523 -0.006302
v -0.044216 0.035219 -0.042843
v -0.046479 0.032804 -0.029236
v -0.048201 0.041054 -0.019729
v 0.050900 0.035687 -0.038910
v 0.047459 0.025691 -0.056692
v 0.040253 0.029509 -0.073724
v 0.024625 0.019936 -0.086799
v 0.007211 0.027277 -0.085606
v -0.029372 0.026564 -0.072993
v -0.038707 0.024129 -0.057357
v -0.011301 0.018814 -0.085147
v -0.048081 0.035509 -0.008194
v -0.047449 0.040640 0.001233
v 0.051926 0.035415 -0.016210
v 0.051630 0.029947 -0.024659
v -0.042767 0.046154 0.013022
v -0.043859 0.033174 0.010239
v -0.040050 0.038518 0.020362
v 0.051006 0.033338 0.001038
v 0.051587 0.027838 -0.006998
v -0.042293 0.023586 -0.040755
v -0.042590 0.022102 -0.027641
v -0.046118 0.030528 -0.018249
v 0.049352 0.022962 -0.036818
v 0.043466 0.014435 -0.054546
v 0.040592 0.014923 -0.077146
v 0.029032 0.000901 -0.137349
v 0.040955 0.001032 -0.130194
v 0.027019 0.000384 -0.137117
v 0.009311 0.000330 -0.146680
v -0.030542 0.013576 -0.074971
v 0.002320 0.172106 0.062692
v 0.003830 0.185129 0.040762
v 0.014870 0.173326 0.053066
v 0.004585 0.173075 0.060280
v 0.005948 0.174712 0.061369
v 0.003223 0.170338 0.044313
v 0.013690 0.172956 0.054006
v 0.013959 0.174477 0.054904
v -0.003101 0.166851 0.058774
v 0.005883 0.171602 0.062771
v 0.004974 0.170930 0.062149
v 0.003669 0.170362 0.063415
v 0.005311 0.185136 0.041164
v 0.004557 0.167045 0.044702
v 0.005617 0.170399 0.043219
v -0.002504 0.166861 0.057906
v -0.004831 0.169681 0.051997
v 0.004871 0.179713 0.052206
v 0.004622 0.177545 0.043510
v 0.001753 0.181055 0.047679
v 0.003529 0.185327 0.029713
v 0.003286 0.186711 0.027882
v 0.005683 0.186766 0.028537
v 0.007964 0.177535 0.049613
v 0.009110 0.173844 0.050048
v 0.009386 0.176118 0.047518
v 0.012489 0.176219 0.052761
v 0.012530 0.173659 0.052011
v 0.013626 0.174883 0.050530
v 0.004359 0.178551 0.007106
v 0.004467 0.179799 0.006679
v 0.007038 0.179900 0.007386
v 0.003845 0.165777 -0.005585
v 0.003953 0.167851 -0.007457
v 0.006524 0.167987 -0.006758
v 0.001397 0.150525 -0.013118
v 0.001598 0.153597 -0.017364
v 0.005712 0.153770 -0.016671
v 0.003207 0.109587 -0.017208
v 0.003725 0.110702 -0.028554
v 0.014577 0.111683 -0.026176
v 0.002695 0.133674 -0.016502
v 0.003064 0.137718 -0.022944
v 0.009696 0.137833 -0.022121
v -0.005676 0.086049 -0.030857
v 0.020499 0.087177 -0.036584
v 0.010628 0.082868 -0.050676
v -0.013776 0.077138 -0.038261
v 0.024023 0.084293 -0.021784
v 0.028055 0.074858 -0.047294
v 0.015317 0.073288 -0.063468
v -0.011168 0.070490 -0.053895
v 0.001183 0.091661 -0.011141
v -0.018166 0.082377 -0.012266
v 0.017989 0.088903 -0.008351
v 0.028630 0.078371 -0.015003
v -0.000294 0.083130 -0.000370
v -0.017508 0.076286 0.000068
v 0.015678 0.082414 0.000438
v 0.028646 0.074920 -0.004053
v -0.031952 0.069751 -0.024319
v 0.035145 0.065058 -0.049529
v 0.018497 0.062036 -0.070460
v -0.030057 0.062838 -0.045461
v -0.009987 0.060206 -0.064555
v -0.029142 0.071171 -0.008081
v 0.039247 0.067646 -0.020711
v -0.000917 0.073353 0.010039
v -0.028784 0.067882 0.005405
v -0.019645 0.068524 0.010184
v 0.016792 0.073380 0.009345
v 0.039797 0.064954 -0.006213
v 0.032163 0.067043 0.004186
v -0.039490 0.060508 -0.023975
v 0.041535 0.055300 -0.051212
v 0.021861 0.051029 -0.075967
v -0.036042 0.052955 -0.049634
v -0.011799 0.049477 -0.070700
v -0.036617 0.062549 -0.004945
v 0.046084 0.058768 -0.017120
v -0.035455 0.059351 0.013266
v 0.044938 0.055033 0.004032
v -0.044874 0.050518 -0.028502
v 0.045964 0.045555 -0.054616
v 0.024600 0.040854 -0.080728
v -0.038564 0.042503 -0.056286
v -0.012283 0.038635 -0.078528
v -0.044387 0.052897 -0.007921
v 0.050183 0.048840 -0.021366
v 0.048056 0.047246 0.001717
v -0.046988 0.038890 -0.030442
v 0.047820 0.032741 -0.056929
v 0.025764 0.028040 -0.083041
v -0.039136 0.030346 -0.058459
v -0.012545 0.026163 -0.082150
v -0.048606 0.041404 -0.009176
v 0.051926 0.036298 -0.025922
v -0.043978 0.039460 0.011516
v 0.051926 0.033881 -0.008017
v -0.044953 0.027748 -0.028493
v 0.046092 0.019836 -0.056238
v 0.029836 0.000640 -0.141054
v -0.037420 0.018941 -0.056941
v -0.013978 0.000452 -0.141014
v -0.046506 0.031025 -0.008120
v 0.050740 0.024096 -0.023744
v -0.042641 0.028462 0.009111
v 0.050568 0.022910 -0.006813
v -0.039569 0.014245 -0.026111
v 0.039328 0.008750 -0.050598
v 0.019601 0.003566 -0.074214
v -0.032439 0.007583 -0.052116
v -0.011190 0.003238 -0.073474
v -0.041440 0.019510 -0.007828
v 0.044735 0.012906 -0.022855
v -0.038883 0.020080 0.007807
v 0.044564 0.014684 -0.008542
v -0.009144 0.004342 -0.009156
v 0.014043 0.003312 -0.015817
v 0.007762 0.001903 -0.022253
v -0.007159 0.002453 -0.016422
v -0.001137 0.001251 -0.022238
v -0.009554 0.005106 -0.003882
v 0.015871 0.004290 -0.008160
v -0.008839 0.005890 0.001495
v 0.015871 0.004772 -0.003933
v 0.046027 0.045753 0.013671
v -0.037523 0.038466 0.026458
v 0.048246 0.035431 0.013340
v -0.035281 0.029575 0.026184
v 0.046418 0.026318 0.016448
v -0.031416 0.023667 0.030509
v 0.040878 0.020145 0.019016
v -0.002127 0.006957 0.008844
v 0.009871 0.006539 0.005525
v 0.020801 0.014813 0.022357
v -0.012983 0.016597 0.029350
v -0.026037 0.011343 0.005145
v -0.027365 0.008830 -0.006243
v -0.025930 0.005013 -0.018743
v -0.020918 0.001404 -0.035755
v -0.007369 0.000098 -0.048824
v 0.012654 0.000566 -0.048807
v 0.026787 0.003061 -0.034379
v 0.030900 0.005990 -0.017229
v 0.030900 0.008107 -0.007724
v -0.001226 0.167295 0.058996
v -0.001822 0.167285 0.059863
v -0.000679 0.173170 0.047484
v 0.014949 0.057875 0.028984
v 0.000194 0.059313 0.030608
v -0.019744 0.056667 0.031245
v -0.032034 0.054306 0.039356
v 0.030322 0.053172 0.028761
v 0.039337 0.048417 0.035446
v -0.032261 0.052281 0.051728
v 0.039000 0.045806 0.049450
v -0.031149 0.049070 0.058841
v -0.028604 0.044393 0.064757
v 0.035353 0.042087 0.060062
v -0.022256 0.037351 0.068855
v 0.028475 0.036167 0.064099
v -0.007007 0.032267 0.069460
v 0.014047 0.032457 0.067143
v 0.042102 0.048313 0.025476
v -0.035246 0.048095 0.039527
v -0.033540 0.043954 0.044937
v 0.041891 0.042322 0.038298
v -0.030304 0.038458 0.050377
v 0.039188 0.036479 0.046366
v -0.024452 0.032249 0.057475
v 0.033192 0.030684 0.052390
v -0.008371 0.028071 0.060817
v 0.016640 0.027626 0.058335
v 0.000280 0.055716 0.030789
v -0.018176 0.054174 0.031379
v 0.014586 0.054183 0.029181
v 0.027948 0.050388 0.028987
v -0.028869 0.051855 0.040120
v 0.036133 0.047540 0.036708
v -0.028664 0.049960 0.051506
v -0.027637 0.047868 0.056956
v 0.036716 0.045737 0.049305
v -0.025147 0.044852 0.062619
v 0.034358 0.042824 0.058358
v -0.019010 0.039954 0.066121
v 0.027696 0.039096 0.062966
v -0.005505 0.035662 0.067286
v 0.013130 0.035972 0.065792
v -0.035191 0.052825 0.029664
v -0.039993 0.052089 0.014838
v 0.016598 0.062170 0.019270
v -0.000236 0.064250 0.020783
v -0.022895 0.059227 0.021103
v 0.033695 0.054855 0.017377
v -0.000397 0.066399 0.017693
v -0.022356 0.061856 0.017958
v 0.018009 0.064972 0.016287
v 0.034963 0.058120 0.012299
v -0.000018 0.061793 0.025770
v -0.021371 0.057945 0.026248
v 0.015748 0.060022 0.024189
v 0.032026 0.054018 0.023135
v -0.036468 0.055079 0.021830
v 0.043615 0.050527 0.016595
v 0.020927 0.010916 -0.097098
v 0.032485 0.008433 -0.094685
v 0.019181 0.003487 -0.097009
v -0.007568 0.010234 -0.095794
v -0.006674 0.002994 -0.096394
v -0.021865 0.007257 -0.092766
v 0.023638 0.001169 -0.125936
v 0.036027 0.001158 -0.120161
v 0.021546 0.000136 -0.125608
v -0.008604 0.000864 -0.125538
v -0.007707 -0.000093 -0.125919
v -0.025469 0.000625 -0.120074
v 0.002550 0.170108 0.053016
v -0.000932 0.173235 0.057250
v -0.005611 0.168862 0.055130
v -0.004268 0.167624 0.054599
vn -0.3726 0.7252 0.5790
vn -0.7732 0.3473 0.5307
vn -0.6505 0.2203 0.7268
vn -0.1436 0.5971 0.7892
vn 0.0345 -0.9414 0.3356
vn -0.0569 -0.9801 -0.1903
vn -0.2885 -0.7914 -0.5390
vn -0.4877 -0.0401 0.8721
vn 0.1296 0.2882 0.9488
vn -0.9632 -0.1925 -0.1878
vn -0.7859 0.5938 0.1724
vn -0.5587 0.8005 0.2171
vn -0.6110 0.7825 0.1199
vn -0.1112 0.9176 0.3817
vn -0.0766 0.9537 0.2910
vn -0.0248 0.9920 0.1237
vn 0.2690 -0.8706 -0.4119
vn 0.9202 0.1149 -0.3741
vn 0.9911 -0.1113 -0.0723
vn 0.1786 -0.9830 -0.0423
vn 0.7854 0.6174 0.0446
vn 0.9178 0.1926 0.3471
vn 0.6029 -0.5141 0.6101
vn 0.7289 -0.6846 -0.0112
vn 0.4637 -0.7760 -0.4276
vn 0.9674 -0.2224 -0.1209
vn 0.9448 -0.2421 -0.2210
vn 0.8360 -0.3730 -0.4025
vn 0.1734 -0.6366 -0.7514
vn 0.5852 0.3376 0.7373
vn 0.3604 0.7087 0.6065
vn 0.4392 0.8193 0.3687
vn -0.3959 -0.2492 -0.8838
vn -0.6370 -0.4743 -0.6077
vn -0.7087 -0.1250 -0.6943
vn -0.3726 0.1262 -0.9193
vn -0.6577 -0.7428 -0.1250
vn -0.7431 -0.2260 -0.6298
vn -0.4912 -0.0819 -0.8672
vn -0.7658 -0.0467 0.6414
vn -0.6804 -0.7212 0.1305
vn -0.5676 -0.7894 0.2339
vn -0.4268 -0.4537 0.7823
vn 0.1111 0.7946 0.5969
vn 0.4602 0.4085 0.7883
vn -0.6831 0.4208 0.5969
vn -0.6962 0.3577 0.6224
vn -0.6577 -0.1592 0.7363
vn -0.6543 -0.1136 0.7476
vn -0.5106 -0.8582 0.0527
vn -0.1163 -0.9928 -0.0278
vn 0.4587 -0.8644 0.2061
vn 0.5195 -0.8492 0.0954
vn 0.6768 -0.6329 -0.3761
vn 0.6959 -0.1453 0.7033
vn 0.3439 -0.2551 0.9037
vn 0.1162 -0.6504 -0.7507
vn -0.1564 -0.8547 -0.4950
vn -0.2360 -0.4697 0.8507
vn 0.9779 0.1637 0.1299
vn 0.8652 0.4717 0.1699
vn 0.9371 -0.3189 -0.1422
vn 0.9783 0.2026 0.0443
vn 0.7409 -0.4443 -0.5036
vn 0.0824 -0.9524 -0.2934
vn 0.9274 -0.2855 0.2417
vn 0.5356 -0.7195 0.4420
vn 0.9219 0.1709 -0.3477
vn 0.8274 0.0989 -0.5529
vn -0.0403 -0.9763 -0.2128
vn -0.0021 -0.9803 -0.1976
vn 0.3471 -0.9212 -0.1758
vn 0.4948 -0.8358 -0.2379
vn -0.7957 0.6057 0.0085
vn -0.6138 -0.2199 -0.7582
vn -0.5573 -0.3210 -0.7658
vn -0.8642 0.5008 0.0485
vn -0.0597 -0.8612 -0.5048
vn -0.2596 -0.8185 -0.5126
vn -0.7531 -0.5575 -0.3493
vn 0.8075 0.5021 0.3096
vn -0.4238 0.7707 0.4758
vn 0.9700 -0.2172 0.1097
vn 0.7616 -0.0148 0.6478
vn 0.7556 0.5496 0.3563
vn 0.8193 0.5195 -0.2424
vn 0.9895 -0.0715 -0.1257
vn -0.1982 0.8934 0.4031
vn -0.4523 0.7680 0.4534
vn -0.7559 0.1115 -0.6451
vn -0.9269 -0.0915 -0.3640
vn 0.4595 -0.3042 -0.8345
vn -0.5440 -0.1343 -0.8283
vn 0.1518 -0.9041 -0.3995
vn 0.6253 -0.0653 -0.7777
vn 0.6497 -0.6114 -0.4518
vn 0.9383 -0.3297 0.1047
vn -0.8994 0.4366 0.0216
vn -0.7706 0.5857 0.2513
vn -0.7422 0.6548 0.1428
vn -0.9109 0.2897 -0.2937
vn 0.0199 -0.9945 -0.1031
vn 0.6650 -0.7445 -0.0589
vn -0.9899 -0.1409 0.0168
vn -0.9994 0.0170 -0.0308
vn -0.0456 -0.9562 0.2893
vn 0.4713 -0.8392 0.2713
vn -0.5480 0.8364 -0.0023
vn -0.0196 0.9997 -0.0134
vn 0.0574 0.9462 -0.3185
vn -0.4385 0.8412 -0.3163
vn 0.9840 0.1674 0.0616
vn 0.9944 0.0769 0.0731
vn 0.1265 0.7763 0.6176
vn 0.5224 0.8092 -0.2689
vn -0.0043 0.0789 0.9969
vn -0.5080 -0.1002 0.8555
vn -0.1552 0.7670 0.6226
vn 0.4711 0.8408 -0.2668
vn 0.6759 -0.5652 0.4729
vn 0.0521 -0.8622 0.5038
vn 0.4278 -0.6754 -0.6007
vn 0.3672 -0.6733 -0.6417
vn -0.2894 -0.8914 0.3488
vn 0.5450 0.0428 -0.8373
vn 0.6044 0.1550 -0.7814
vn -0.1816 0.8409 0.5098
vn 0.5875 0.7917 -0.1674
vn -0.7866 -0.0738 0.6130
vn -0.5116 -0.8268 0.2336
vn 0.3814 -0.7256 -0.5727
vn 0.7623 0.2078 -0.6129
vn -0.1159 -0.8505 0.5131
vn 0.3852 -0.7812 0.4913
vn -0.9941 0.0457 -0.0986
vn -0.9920 0.1256 -0.0116
vn -0.1428 -0.6986 0.7012
vn 0.5279 -0.6406 0.5576
vn -0.3941 0.7784 -0.4886
vn 0.0898 0.8657 -0.4925
vn 0.1758 0.7655 -0.6189
vn -0.4695 0.6882 -0.5531
vn 0.9970 -0.0141 0.0762
vn 0.9991 -0.0429 0.0027
vn -0.1665 -0.5551 0.8150
vn 0.6827 -0.5063 0.5269
vn -0.9839 0.1675 0.0621
vn -0.9826 0.1782 0.0524
vn -0.1787 -0.3969 0.9003
vn 0.7470 -0.3491 0.5658
vn -0.6558 0.5727 -0.4919
vn 0.1766 0.6900 -0.7020
vn 0.1145 0.6133 -0.7815
vn -0.7382 0.4523 -0.5004
vn 0.9956 -0.0765 -0.0536
vn 0.9992 -0.0348 -0.0172
vn -0.1593 -0.2527 0.9543
vn 0.7035 -0.1647 0.6913
vn -0.9926 0.1201 -0.0189
vn -0.9940 -0.0057 -0.1093
vn -0.1443 -0.2026 0.9686
vn 0.6408 -0.0396 0.7667
vn -0.7218 0.3152 -0.6162
vn 0.0882 0.4850 -0.8700
vn 0.0789 0.4051 -0.9109
vn -0.6794 0.1844 -0.7103
vn 0.9939 0.0799 0.0755
vn 0.9688 0.1899 0.1593
vn 0.6580 0.0638 0.7503
vn -0.1632 -0.0141 0.9865
vn -0.2086 0.1531 0.9659
vn 0.6616 0.1698 0.7304
vn -0.9906 0.0864 -0.1065
vn -0.9579 0.2769 -0.0756
vn -0.8051 0.5802 -0.1232
vn -0.2428 0.4238 0.8726
vn 0.6819 0.4679 0.5622
vn -0.6321 0.1374 -0.7626
vn -0.6203 0.2104 -0.7557
vn 0.1491 0.2666 -0.9522
vn 0.1327 0.2933 -0.9468
vn 0.0461 0.6144 -0.7876
vn -0.6093 0.3742 -0.6991
vn 0.9842 0.1650 0.0645
vn 0.9834 0.1809 0.0109
vn 0.9424 0.3265 -0.0721
vn -0.1347 -0.1349 0.9817
vn 0.6411 0.0300 0.7669
vn -0.9903 -0.0311 -0.1356
vn -0.6515 0.1259 -0.7482
vn 0.0987 0.3504 -0.9314
vn 0.9655 0.2178 0.1425
vn -0.5923 0.5961 -0.5421
vn -0.6939 0.6687 -0.2671
vn -0.4155 0.6832 -0.6004
vn -0.4474 0.7973 -0.4051
vn -0.5279 0.7716 -0.3550
vn -0.6205 0.7675 -0.1609
vn 0.8010 0.5724 -0.1754
vn 0.3062 0.8035 -0.5105
vn 0.8616 0.5076 0.0028
vn 0.7998 0.5940 -0.0866
vn 0.7468 0.6372 -0.1907
vn 0.4590 0.7581 -0.4633
vn -0.1865 0.8072 -0.5600
vn -0.3812 0.8281 -0.4110
vn -0.0510 0.7864 -0.6157
vn -0.3468 0.7710 -0.5341
vn -0.4550 0.8390 -0.2984
vn -0.5269 0.8238 -0.2090
vn -0.4587 0.7849 -0.4165
vn -0.5258 0.7830 -0.3324
vn 0.7717 0.6334 -0.0573
vn 0.7535 0.6465 -0.1199
vn 0.7372 0.6554 0.1643
vn 0.7746 0.6220 0.1146
vn 0.7484 0.6625 -0.0328
vn 0.7412 0.6597 -0.1244
vn 0.7497 0.6269 -0.2121
vn 0.5448 0.6623 -0.5143
vn 0.7544 0.6106 -0.2409
vn 0.5901 0.5837 -0.5577
vn 0.0258 0.6743 -0.7380
vn -0.3064 0.6712 -0.6750
vn 0.0788 0.5499 -0.8315
vn -0.2543 0.5580 -0.7900
vn -0.4501 0.6952 -0.5605
vn -0.5197 0.7137 -0.4697
vn -0.4005 0.6065 -0.6869
vn -0.4816 0.6511 -0.5866
vn -0.2220 0.7323 0.6438
vn 0.1023 0.7316 0.6740
vn -0.5141 0.7485 0.4189
vn -0.3541 0.7813 0.5141
vn -0.1862 0.7895 0.5849
vn 0.0122 0.7747 0.6322
vn -0.6549 0.7358 0.1722
vn -0.6627 0.7425 0.0975
vn -0.5641 0.7731 0.2899
vn -0.5048 0.7627 0.4044
vn 0.4833 0.6959 0.5312
vn 0.7230 0.6290 0.2858
vn 0.3599 0.7227 0.5901
vn 0.6434 0.6575 0.3921
vn 0.7415 0.6654 0.0864
vn 0.7305 0.6827 -0.0158
vn 0.7144 0.6630 0.2238
vn 0.7093 0.6928 0.1300
vn -0.1695 0.7640 0.6225
vn -0.0033 0.7673 0.6413
vn -0.2938 0.7598 0.5799
vn -0.2410 0.7419 0.6257
vn -0.1572 0.7277 0.6676
vn -0.0092 0.7247 0.6890
vn -0.3952 0.7717 0.4984
vn -0.4422 0.8052 0.3952
vn -0.3348 0.8093 0.4826
vn -0.2920 0.7732 0.5630
vn 0.2671 0.7404 0.6168
vn 0.5471 0.6845 0.4819
vn 0.2319 0.7045 0.6707
vn 0.4846 0.6748 0.5566
vn 0.6702 0.6640 0.3316
vn 0.6830 0.6884 0.2442
vn 0.6163 0.6676 0.4177
vn 0.6534 0.6848 0.3226
vn -0.6621 0.7438 -0.0917
vn -0.6708 0.7415 0.0103
vn -0.6540 0.7045 -0.2755
vn -0.7518 0.6073 -0.2568
vn -0.7753 0.6307 -0.0323
vn -0.7547 0.6532 0.0617
vn 0.7646 0.5839 -0.2728
vn 0.6077 0.5462 -0.5765
vn 0.7627 0.6264 -0.1612
vn 0.8013 0.5739 -0.1691
vn 0.7791 0.5557 -0.2902
vn 0.6051 0.5501 -0.5755
vn 0.1131 0.4756 -0.8724
vn -0.2103 0.4674 -0.8587
vn 0.1239 0.4870 -0.8645
vn -0.1814 0.4619 -0.8682
vn -0.6102 0.6537 -0.4476
vn -0.5078 0.5969 -0.6212
vn -0.5140 0.5617 -0.6484
vn -0.6629 0.5876 -0.4640
vn -0.3641 0.5247 -0.7695
vn -0.3427 0.5105 -0.7886
vn -0.6671 0.7382 0.1004
vn -0.5944 0.7750 0.2147
vn -0.7348 0.6715 0.0951
vn -0.6947 0.6965 0.1799
vn 0.7510 0.6581 -0.0532
vn 0.7284 0.6773 0.1029
vn 0.7889 0.6051 0.1070
vn 0.8045 0.5921 -0.0467
vn -0.1287 0.7073 0.6951
vn 0.0257 0.6868 0.7264
vn -0.1922 0.7396 0.6451
vn -0.1624 0.7586 0.6310
vn -0.0996 0.7305 0.6756
vn 0.0744 0.6924 0.7177
vn -0.4755 0.8090 0.3455
vn -0.3068 0.8109 0.4983
vn -0.5898 0.7357 0.3331
vn -0.3282 0.7730 0.5430
vn -0.2250 0.7784 0.5860
vn -0.2027 0.7759 0.5974
vn 0.2621 0.6611 0.7030
vn 0.4716 0.6487 0.5973
vn 0.2997 0.6423 0.7054
vn 0.4560 0.6301 0.6285
vn 0.6915 0.6869 0.2237
vn 0.6354 0.6879 0.3507
vn 0.6280 0.6696 0.3965
vn 0.7494 0.6187 0.2357
vn 0.5801 0.6628 0.4735
vn 0.5455 0.6607 0.5157
vn -0.8271 0.5610 -0.0339
vn -0.8021 0.5946 0.0555
vn -0.7988 0.5422 -0.2608
vn -0.8394 0.4643 -0.2826
vn -0.8585 0.5074 -0.0741
vn -0.8179 0.5749 0.0246
vn 0.8024 0.5217 -0.2900
vn 0.6082 0.5415 -0.5804
vn 0.8450 0.5101 -0.1608
vn 0.8824 0.4462 -0.1492
vn 0.8337 0.4704 -0.2892
vn 0.6405 0.4727 -0.6053
vn 0.1334 0.5098 -0.8499
vn -0.1549 0.5009 -0.8516
vn 0.1684 0.4753 -0.8635
vn -0.1233 0.5241 -0.8427
vn -0.6903 0.5435 -0.4776
vn -0.5029 0.5533 -0.6641
vn -0.4960 0.5478 -0.6737
vn -0.7222 0.4872 -0.4911
vn -0.3114 0.5351 -0.7853
vn -0.2854 0.5614 -0.7768
vn -0.7859 0.6125 0.0845
vn -0.7685 0.6191 0.1615
vn -0.7956 0.6011 0.0756
vn -0.7972 0.5829 0.1570
vn 0.8669 0.4978 -0.0251
vn 0.8683 0.4792 0.1279
vn 0.9357 0.3300 0.1244
vn 0.9232 0.3843 -0.0092
vn -0.6717 0.6780 0.2986
vn -0.3294 0.7799 0.5322
vn -0.8018 0.5625 0.2019
vn -0.8110 0.5517 0.1946
vn -0.5146 0.7756 0.3656
vn -0.2886 0.8106 0.5096
vn 0.8051 0.5327 0.2609
vn 0.5586 0.7060 0.4353
vn 0.4739 0.7602 0.4444
vn 0.6780 0.6540 0.3356
vn 0.9194 0.3195 0.2295
vn 0.9293 0.3169 0.1895
vn -0.9027 0.4065 -0.1411
vn -0.8593 0.5107 -0.0302
vn -0.8912 0.3346 -0.3062
vn -0.9472 0.1273 -0.2943
vn -0.9654 0.1908 -0.1776
vn -0.9556 0.2851 -0.0741
vn 0.8805 0.3632 -0.3046
vn 0.6972 0.3393 -0.6315
vn 0.9206 0.3594 -0.1528
vn 0.9699 0.1880 -0.1548
vn 0.9306 0.1837 -0.3167
vn 0.7429 0.1796 -0.6448
vn 0.2377 0.3696 -0.8983
vn -0.0813 0.4651 -0.8815
vn 0.3092 0.2067 -0.9283
vn -0.0385 0.2554 -0.9661
vn -0.7841 0.3703 -0.4980
vn -0.5359 0.4604 -0.7077
vn -0.6181 0.1975 -0.7609
vn -0.8647 0.1417 -0.4819
vn -0.2825 0.5012 -0.8179
vn -0.3055 0.2510 -0.9185
vn -0.8370 0.5437 0.0623
vn -0.8500 0.4920 0.1880
vn -0.9443 0.3264 0.0430
vn -0.9324 0.2954 0.2082
vn 0.9548 0.2964 -0.0248
vn 0.9650 0.2444 0.0950
vn 0.9861 0.1585 0.0507
vn 0.9852 0.1656 -0.0440
vn 0.9565 0.2496 0.1507
vn 0.9254 0.3133 0.2133
vn 0.9254 0.3218 0.2003
vn 0.9459 0.2662 0.1858
vn 0.9700 0.1805 0.1630
vn 0.9782 0.1804 0.1026
vn -0.9869 -0.0158 -0.1604
vn -0.9971 0.0232 -0.0727
vn -0.9658 -0.0453 -0.2551
vn -0.9601 -0.1914 -0.2041
vn -0.9746 -0.1925 -0.1146
vn -0.9805 -0.1905 -0.0485
vn 0.9540 0.0446 -0.2965
vn 0.7750 0.1519 -0.6134
vn 0.9907 0.0088 -0.1360
vn 0.9847 -0.1317 -0.1145
vn 0.9665 -0.0682 -0.2473
vn 0.7456 0.2602 -0.6135
vn 0.3297 0.2693 -0.9048
vn -0.0337 0.2606 -0.9649
vn 0.2267 0.5987 -0.7682
vn -0.0499 0.6052 -0.7945
vn -0.9025 -0.0224 -0.4302
vn -0.6866 0.0859 -0.7220
vn -0.6700 0.2974 -0.6802
vn -0.9246 -0.0973 -0.3684
vn -0.3382 0.2064 -0.9182
vn -0.2760 0.5908 -0.7582
vn -0.9980 0.0505 0.0372
vn -0.9744 0.0538 0.2181
vn -0.9826 -0.1830 0.0325
vn -0.9641 -0.1700 0.2042
vn 0.9988 0.0114 -0.0475
vn 0.9995 0.0290 0.0123
vn 0.9953 -0.0970 -0.0078
vn 0.9927 -0.1092 -0.0507
vn -0.9458 0.1385 0.2938
vn -0.9262 0.2064 0.3156
vn -0.9366 0.0024 0.3504
vn -0.9248 -0.0669 0.3746
vn -0.9164 -0.1884 0.3531
vn -0.8886 -0.2214 0.4017
vn 0.9976 0.0355 0.0586
vn 0.9862 0.0427 0.1599
vn 0.9730 -0.1373 0.1854
vn 0.9907 -0.1212 0.0616
vn -0.9369 -0.3453 -0.0551
vn -0.9315 -0.3636 -0.0130
vn -0.9302 -0.3377 -0.1435
vn -0.9041 -0.4098 -0.1209
vn -0.9244 -0.3796 -0.0365
vn -0.9241 -0.3821 0.0035
vn 0.9267 -0.3409 -0.1579
vn 0.9023 -0.3544 -0.2455
vn 0.9481 -0.3030 -0.0969
vn 0.8655 -0.4950 -0.0769
vn 0.7834 -0.6119 -0.1088
vn 0.5541 -0.8275 -0.0906
vn -0.0061 0.9994 -0.0328
vn -0.0054 0.9993 -0.0382
vn 0.3258 -0.7026 -0.6327
vn 0.0215 -0.1437 -0.9894
vn 0.0110 0.9994 -0.0339
vn 0.2858 -0.9578 -0.0318
vn 0.0546 -0.9985 0.0035
vn 0.0320 -0.9993 -0.0194
vn 0.0052 -0.9995 -0.0296
vn -0.9155 -0.3088 -0.2578
vn -0.8962 -0.2618 -0.3582
vn -0.5251 -0.8381 -0.1481
vn -0.8230 -0.5343 -0.1930
vn -0.0133 0.9997 -0.0212
vn -0.0041 0.9996 -0.0283
vn -0.3477 0.3673 -0.8627
vn -0.5019 -0.8502 -0.1592
vn -0.0194 -0.9994 -0.0297
vn -0.0390 -0.9991 -0.0185
vn -0.9256 -0.3779 0.0214
vn -0.9130 -0.3782 0.1528
vn -0.9150 -0.4025 0.0282
vn -0.8961 -0.4232 0.1336
vn 0.9629 -0.2645 -0.0534
vn 0.9635 -0.2675 -0.0064
vn 0.8567 -0.5152 0.0232
vn 0.8791 -0.4758 -0.0282
vn -0.8743 -0.3732 0.3103
vn -0.8547 -0.3518 0.3817
vn -0.8623 -0.4208 0.2819
vn -0.8549 -0.3764 0.3570
vn 0.9364 -0.3410 0.0825
vn 0.8901 -0.4006 0.2175
vn 0.7426 -0.6281 0.2322
vn 0.7917 -0.6003 0.1133
vn -0.8737 -0.4865 0.0001
vn -0.8852 -0.4631 0.0431
vn -0.8266 -0.5553 -0.0910
vn -0.5356 -0.8440 0.0276
vn -0.6204 -0.7734 0.1304
vn -0.6513 -0.7410 0.1634
vn 0.6430 -0.7597 -0.0968
vn 0.4713 -0.8708 -0.1402
vn 0.7240 -0.6888 -0.0382
vn 0.4684 -0.8824 0.0433
vn 0.4152 -0.9095 -0.0208
vn 0.2986 -0.9510 -0.0795
vn 0.0216 -0.9997 0.0076
vn 0.2210 -0.9753 -0.0013
vn 0.2241 -0.9627 -0.1514
vn 0.0076 -0.9878 -0.1554
vn 0.1413 -0.9848 -0.1007
vn 0.0061 -0.9941 -0.1081
vn -0.7153 -0.6737 -0.1858
vn -0.4896 -0.8402 -0.2333
vn -0.2829 -0.9489 -0.1396
vn -0.4369 -0.8963 -0.0763
vn -0.1671 -0.9859 -0.0128
vn -0.2075 -0.9568 -0.2034
vn -0.1230 -0.9834 -0.1331
vn -0.8706 -0.4869 0.0712
vn -0.8338 -0.5288 0.1586
vn -0.6316 -0.7577 0.1641
vn -0.5821 -0.7865 0.2063
vn 0.7313 -0.6810 0.0387
vn 0.6840 -0.7234 0.0941
vn 0.4851 -0.8575 0.1713
vn 0.4975 -0.8588 0.1223
vn -0.7667 -0.5789 0.2778
vn -0.7003 -0.6235 0.3477
vn -0.4951 -0.8216 0.2825
vn -0.3881 -0.8615 0.3273
vn 0.5982 -0.7864 0.1540
vn 0.5349 -0.8104 0.2389
vn 0.3455 -0.9023 0.2578
vn 0.4281 -0.8788 0.2109
vn -0.1974 -0.9590 0.2032
vn -0.1652 -0.9630 0.2130
vn -0.1469 -0.9756 0.1634
vn -0.1377 -0.9784 0.1543
vn -0.1447 -0.9702 0.1944
vn -0.1539 -0.9697 0.1896
vn 0.0201 -0.9810 0.1930
vn 0.1111 -0.9903 0.0838
vn 0.1465 -0.9829 0.1112
vn 0.1447 -0.9819 0.1227
vn 0.1014 -0.9889 0.1091
vn 0.1565 -0.9810 0.1144
vn 0.1201 -0.9874 0.1028
vn 0.0452 -0.9979 0.0471
vn 0.0631 -0.9963 0.0590
vn 0.0657 -0.9943 0.0837
vn 0.0612 -0.9938 0.0927
vn -0.1197 -0.9829 0.1400
vn -0.1600 -0.9693 0.1867
vn -0.0664 -0.9950 0.0747
vn -0.0449 -0.9896 0.1370
vn 0.0088 -0.9992 0.0401
vn 0.0402 -0.9959 0.0813
vn -0.2421 -0.9481 0.2061
vn -0.2274 -0.9517 0.2061
vn -0.1684 -0.9704 0.1732
vn -0.1424 -0.9744 0.1739
vn 0.1827 -0.9764 0.1152
vn 0.1092 -0.9920 0.0638
vn 0.2307 -0.9593 0.1625
vn 0.1068 -0.9842 0.1414
vn -0.2193 -0.9210 0.3219
vn -0.2480 -0.9323 0.2633
vn -0.1696 -0.9618 0.2150
vn -0.1185 -0.9583 0.2601
vn 0.2782 -0.9194 0.2779
vn 0.1872 -0.9446 0.2696
vn 0.2601 -0.9161 0.3052
vn 0.1646 -0.9467 0.2770
vn 0.9397 0.2660 0.2151
vn 0.9590 0.1910 0.2092
vn 0.9179 0.3253 0.2273
vn 0.9112 0.3330 0.2426
vn 0.9267 0.3042 0.2205
vn 0.9467 0.2466 0.2072
vn -0.9303 -0.1516 0.3341
vn -0.9668 -0.0217 0.2548
vn -0.8965 -0.2455 0.3689
vn -0.9136 -0.2783 0.2965
vn -0.9329 -0.2247 0.2813
vn -0.9598 -0.1452 0.2403
vn 0.9730 0.0809 0.2160
vn 0.9623 -0.1114 0.2480
vn 0.9682 0.1319 0.2124
vn 0.9605 -0.0876 0.2643
vn -0.8728 -0.3200 0.3686
vn -0.8743 -0.3318 0.3543
vn -0.8770 -0.3594 0.3189
vn -0.8940 -0.3262 0.3072
vn 0.8764 -0.3847 0.2897
vn 0.7653 -0.5723 0.2945
vn 0.8776 -0.3506 0.3270
vn 0.8101 -0.4778 0.3396
vn -0.6843 -0.6329 0.3621
vn -0.3193 -0.8858 0.3367
vn -0.2978 -0.8829 0.3631
vn -0.6745 -0.6432 0.3626
vn 0.5638 -0.7739 0.2883
vn 0.2977 -0.9107 0.2862
vn 0.6156 -0.7049 0.3523
vn 0.2880 -0.8917 0.3491
vn 0.0511 -0.9179 0.3935
vn -0.1331 -0.9183 0.3727
vn -0.0811 -0.9465 0.3124
vn 0.0471 -0.9477 0.3155
vn 0.1525 -0.9428 0.2964
vn 0.2016 -0.9183 0.3406
vn 0.1706 -0.9321 0.3194
vn 0.0226 -0.9342 0.3560
vn 0.2717 -0.9200 0.2826
vn 0.1157 -0.9314 0.3452
vn 0.0144 -0.9350 0.3544
vn -0.2657 -0.9073 0.3258
vn -0.1481 -0.9258 0.3479
vn -0.1002 -0.9305 0.3523
vn -0.3240 -0.9034 0.2807
vn -0.3460 -0.9107 0.2257
vn -0.3468 -0.9123 0.2177
vn -0.3328 -0.9132 0.2352
vn -0.2876 -0.9309 0.2252
vn -0.2209 -0.9633 0.1527
vn -0.1692 -0.9836 0.0616
vn -0.1098 -0.9939 -0.0025
vn -0.0389 -0.9991 -0.0148
vn 0.0215 -0.9998 -0.0022
vn 0.0799 -0.9968 0.0091
vn 0.1543 -0.9875 0.0310
vn 0.2101 -0.9750 0.0721
vn 0.2423 -0.9639 0.1102
vn 0.2904 -0.9448 0.1515
vn 0.3332 -0.9233 0.1910
vn 0.3331 -0.9081 0.2539
vn 0.7509 -0.6354 0.1801
vn 0.9691 -0.2451 -0.0275
vn 0.6841 0.0284 0.7288
vn 0.7024 0.0774 0.7076
vn -0.5291 0.4386 0.7264
vn -0.5034 0.1129 0.8566
vn -0.7915 -0.1130 -0.6006
vn -0.4036 -0.8742 -0.2701
vn -0.8815 0.4722 -0.0075
vn 0.1359 0.8808 0.4535
vn 0.1413 0.6262 0.7667
vn 0.2359 0.6193 0.7489
vn 0.2876 0.8611 0.4192
vn 0.1147 0.0471 0.9923
vn 0.1034 0.0442 0.9937
vn 0.0340 0.0622 0.9975
vn 0.2267 0.6744 0.7027
vn 0.3154 0.8858 0.3403
vn 0.0166 0.6473 0.7620
vn 0.0816 0.0547 0.9952
vn -0.0359 0.8954 0.4438
vn -0.1312 0.9112 0.3904
vn -0.0703 0.6866 0.7236
vn 0.0272 0.0570 0.9980
vn -0.0767 0.8097 0.5818
vn 0.0920 0.1532 0.9839
vn -0.1760 0.9453 0.2747
vn -0.2813 0.9524 0.1174
vn -0.0476 0.9657 0.2552
vn 0.4324 0.6122 0.6620
vn -0.2151 0.9639 0.1568
vn 0.5725 0.7872 0.2293
vn -0.6873 0.7198 0.0970
vn -0.8953 0.4272 0.1261
vn -0.3935 0.9017 0.1791
vn 0.5813 0.8027 0.1330
vn 0.1861 0.8102 0.5558
vn 0.3206 0.9176 0.2350
vn -0.1049 0.2353 0.9663
vn -0.2384 0.6876 0.6858
vn 0.2630 0.9004 0.3466
vn 0.4463 0.8785 0.1704
vn 0.4372 0.8522 0.2874
vn 0.7572 0.6265 0.1848
vn -0.1680 0.9266 0.3364
vn -0.0243 0.9855 0.1681
vn 0.5731 0.7992 0.1810
vn 0.8907 0.4254 0.1601
vn -0.6798 0.6738 0.2895
vn 0.5385 0.8162 0.2094
vn -0.9672 0.1891 0.1694
vn -0.9761 -0.0417 0.2131
vn -0.8434 0.3951 0.3642
vn 0.4878 0.8300 0.2703
vn 0.8124 0.5388 0.2227
vn 0.9599 0.2051 0.1910
vn -0.0448 0.9887 0.1430
vn -0.1802 0.9477 0.2634
vn 0.9008 0.0444 0.4319
vn 0.9416 -0.1329 0.3095
vn -0.9009 0.1648 0.4016
vn 0.4353 0.8427 0.3168
vn -0.9534 -0.1921 0.2325
vn -0.9339 -0.2680 0.2365
vn -0.9069 0.0169 0.4211
vn 0.3462 0.8401 0.4175
vn -0.8627 -0.1481 0.4836
vn 0.2388 0.7830 0.5744
vn -0.8957 -0.3602 0.2608
vn -0.8148 -0.4828 0.3208
vn -0.7366 -0.3077 0.6022
vn 0.2074 0.6574 0.7244
vn 0.8074 -0.2730 0.5230
vn 0.8439 -0.3657 0.3925
vn -0.1154 0.8244 0.5542
vn 0.0880 0.5256 0.8462
vn 0.6956 -0.4021 0.5954
vn 0.7671 -0.4599 0.4472
vn -0.5164 -0.4588 0.7230
vn 0.1989 0.5760 0.7929
vn -0.6310 -0.6565 0.4133
vn -0.3065 -0.8319 0.4627
vn -0.2262 -0.5864 0.7778
vn 0.1422 0.5556 0.8192
vn 0.5037 -0.4952 0.7078
vn 0.5963 -0.6061 0.5264
vn 0.0986 0.3988 0.9117
vn 0.0968 0.3828 0.9187
vn 0.2940 -0.5751 0.7634
vn 0.3102 -0.7784 0.5458
vn -0.0305 -0.6380 0.7695
vn 0.0864 0.5101 0.8558
vn -0.0744 -0.8909 0.4480
vn 0.0410 -0.8898 0.4545
vn 0.0804 -0.6536 0.7526
vn 0.0839 0.4269 0.9004
vn 0.1739 -0.6213 0.7640
vn 0.1403 -0.8556 0.4983
vn 0.1001 0.3867 0.9167
vn 0.7982 0.5659 0.2063
vn 0.9257 0.3307 0.1835
vn 0.6710 0.6920 0.2664
vn 0.4266 0.8733 0.2352
vn 0.4400 0.8756 0.1995
vn -0.9749 0.1217 0.1865
vn -0.9398 0.2922 0.1772
vn -0.9723 -0.0816 0.2192
vn -0.9431 -0.2266 0.2434
vn -0.9237 -0.2901 0.2503
vn 0.9651 0.1764 0.1935
vn 0.9558 -0.0961 0.2779
vn -0.8976 -0.3528 0.2642
vn -0.8480 -0.4339 0.3043
vn 0.8670 -0.3439 0.3607
vn 0.8125 -0.4259 0.3982
vn -0.6617 -0.6428 0.3859
vn -0.2998 -0.8577 0.4177
vn 0.6418 -0.6174 0.4548
vn 0.3005 -0.8351 0.4607
vn -0.0787 -0.9124 0.4016
vn 0.0242 -0.9140 0.4050
vn 0.1164 -0.8956 0.4293
vn 0.0857 0.0237 0.9960
vn 0.1137 0.0172 0.9934
vn 0.0323 0.0205 0.9993
vn 0.0365 0.0146 0.9992
vn 0.0881 0.0180 0.9960
vn 0.1144 0.0116 0.9934
vn 0.1022 0.1082 0.9889
vn 0.4620 0.5684 0.6808
vn 0.4414 0.5146 0.7351
vn 0.0730 0.0721 0.9947
vn 0.0968 0.0128 0.9952
vn 0.0238 0.0280 0.9993
vn 0.0951 0.0069 0.9954
vn 0.0234 0.0214 0.9995
vn -0.1407 0.2166 0.9661
vn -0.3087 0.7164 0.6256
vn -0.1221 0.1722 0.9775
vn -0.3390 0.6779 0.6523
vn 0.6005 0.7673 0.2249
vn 0.6078 0.7849 0.1203
vn 0.6114 0.7837 0.1100
vn 0.6078 0.7659 0.2097
vn -0.2074 0.9484 0.2399
vn -0.0370 0.9908 0.1300
vn -0.2293 0.9569 0.1782
vn -0.0282 0.9905 0.1345
vn 0.5717 0.8042 0.1628
vn 0.5109 0.8327 0.2136
vn 0.5081 0.8439 0.1722
vn 0.5751 0.8083 0.1259
vn 0.4460 0.8610 0.2443
vn 0.3356 0.8895 0.3101
vn 0.3110 0.9196 0.2399
vn 0.4400 0.8751 0.2014
vn -0.0642 0.9815 0.1803
vn -0.2074 0.9502 0.2326
vn -0.0700 0.9743 0.2141
vn -0.2137 0.9455 0.2458
vn 0.2133 0.8561 0.4707
vn 0.1941 0.7173 0.6692
vn 0.1690 0.7395 0.6516
vn 0.1631 0.9014 0.4012
vn -0.0681 0.8923 0.4463
vn 0.1348 0.5866 0.7986
vn -0.1156 0.9383 0.3259
vn 0.2385 0.6400 0.7304
vn 0.1945 0.6166 0.7629
vn 0.1233 0.5961 0.7934
vn 0.0958 0.6106 0.7861
vn 0.1774 0.6311 0.7552
vn 0.0983 0.4312 0.8969
vn 0.0883 0.4116 0.9071
vn 0.1086 0.4386 0.8921
vn 0.0885 0.4168 0.9047
vn 0.0572 0.5485 0.8342
vn 0.0630 0.4616 0.8848
vn 0.0510 0.4672 0.8827
vn 0.0335 0.5551 0.8311
vn 0.0923 0.4174 0.9040
vn 0.0892 0.4230 0.9017
vn -0.2737 0.9206 0.2786
vn -0.5678 0.7664 0.3003
vn -0.7830 0.5962 0.1773
vn -0.2864 0.9369 0.2007
vn -0.8948 0.3489 0.2787
vn -0.9118 0.3124 0.2665
vn -0.8719 0.4179 0.2553
vn -0.8759 0.4036 0.2642
vn 0.1221 0.7392 0.6624
vn 0.1457 0.8208 0.5523
vn 0.3273 0.7587 0.5632
vn 0.3041 0.6420 0.7038
vn 0.1485 0.8832 0.4449
vn 0.3263 0.8501 0.4133
vn 0.3749 0.8633 0.3379
vn 0.3859 0.7684 0.5106
vn 0.3834 0.6472 0.6589
vn -0.0598 0.8606 0.5058
vn -0.0557 0.8999 0.4324
vn -0.0666 0.8076 0.5859
vn -0.1661 0.8064 0.5675
vn -0.1827 0.8655 0.4664
vn -0.1767 0.9079 0.3802
vn -0.2371 0.8670 0.4383
vn -0.2357 0.9206 0.3112
vn -0.2177 0.7884 0.5754
vn -0.2529 0.8789 0.4045
vn 0.3982 0.8143 0.4223
vn 0.4258 0.7172 0.5516
vn 0.3831 0.8872 0.2573
vn 0.4133 0.8377 0.3568
vn -0.0800 0.7788 0.6222
vn 0.1056 0.7191 0.6869
vn -0.1592 0.7878 0.5949
vn -0.2080 0.7745 0.5974
vn 0.3076 0.6366 0.7072
vn 0.4173 0.6330 0.6521
vn 0.4825 0.6837 0.5475
vn -0.0469 0.9022 0.4287
vn 0.1420 0.8873 0.4388
vn -0.1555 0.9137 0.3754
vn -0.2106 0.9360 0.2820
vn 0.3076 0.8612 0.4046
vn 0.3467 0.8790 0.3272
vn 0.3558 0.9043 0.2361
vn -0.5118 0.7827 0.3541
vn 0.6385 0.7046 0.3097
vn 0.1037 0.8114 -0.5752
vn -0.0435 0.8234 -0.5658
vn 0.3744 0.7137 -0.5919
vn 0.1349 0.9430 -0.3042
vn 0.0301 0.9522 -0.3041
vn -0.0245 0.9553 -0.2945
vn 0.8660 -0.4200 -0.2712
vn 0.3201 -0.9394 0.1224
vn 0.1451 -0.9759 0.1627
vn 0.7593 -0.6439 0.0937
vn 0.1425 -0.9788 0.1470
vn 0.0204 -0.9904 0.1365
vn 0.0132 -0.9962 0.0858
vn 0.0672 -0.9915 0.1110
vn -0.1636 0.8178 -0.5517
vn -0.3385 0.7609 -0.5536
vn -0.0696 0.9542 -0.2911
vn -0.1361 0.9499 -0.2814
vn -0.0874 -0.9862 0.1408
vn -0.2353 -0.9640 0.1242
vn -0.0896 -0.9863 0.1382
vn -0.0336 -0.9944 0.1002
vn -0.8859 -0.2793 -0.3704
vn -0.8223 -0.5683 0.0300
vn -0.0007 0.9958 -0.0912
vn -0.0101 0.9967 -0.0811
vn 0.0475 0.9956 -0.0813
vn 0.4637 -0.8502 0.2494
vn 0.0720 -0.9943 0.0790
vn 0.0335 -0.9992 0.0237
vn 0.0075 -1.0000 0.0048
vn -0.0179 0.9963 -0.0835
vn -0.0499 0.9963 -0.0707
vn -0.0153 -0.9998 0.0142
vn -0.0452 -0.9976 0.0516
vn -0.4939 -0.8406 0.2225
vn 0.6686 -0.7013 0.2473
vn 0.5122 -0.6096 0.6050
vn 0.3122 -0.9385 -0.1473
vn -0.6995 0.6010 0.3867
vn -0.7587 0.5103 0.4049
vn -0.6992 -0.7125 -0.0592
vn -0.7553 0.5028 0.4204
vn -0.0923 -0.9566 -0.2764
vt 0.624442 0.103516
vt 0.546317 0.071987
vt 0.578125 0.046875
vt 0.625000 0.070312
vt 0.500000 0.000000
vt 0.531250 0.000000
vt 0.562500 0.000000
vt 0.592448 0.032552
vt 0.625000 0.047526
vt 0.517976 0.496726
vt 0.552083 0.427083
vt 0.583333 0.458333
vt 0.567708 0.489583
vt 0.625000 0.375000
vt 0.625000 0.437500
vt 0.625000 0.500000
vt 0.601237 0.747966
vt 0.608724 0.733724
vt 0.614583 0.739583
vt 0.611979 0.748698
vt 0.625000 0.718750
vt 0.625000 0.734375
vt 0.625000 0.750000
vt 0.500000 1.000000
vt 0.545573 0.928385
vt 0.578125 0.953125
vt 0.531250 1.000000
vt 0.625000 0.875000
vt 0.625000 0.906250
vt 0.625000 0.937500
vt 0.592448 0.967448
vt 0.562500 1.000000
vt 0.657552 0.032552
vt 0.671875 0.046875
vt 0.687500 0.000000
vt 0.718750 0.000000
vt 0.750000 0.000000
vt 0.701451 0.076451
vt 0.125000 0.000000
vt 0.187500 0.000000
vt 0.166667 0.041667
vt 0.125000 0.062500
vt 0.250000 0.000000
vt 0.200521 0.072917
vt 0.125000 0.125000
vt 0.625000 0.765625
vt 0.608724 0.758138
vt 0.614583 0.755208
vt 0.625000 0.757812
vt 0.875000 0.031250
vt 0.866862 0.016276
vt 0.869792 0.010417
vt 0.875000 0.015625
vt 0.859375 0.000000
vt 0.867188 0.000000
vt 0.875000 0.000000
vt 0.416527 0.051851
vt 0.404948 0.032552
vt 0.416667 0.020833
vt 0.424479 0.026042
vt 0.406250 0.000000
vt 0.421875 0.000000
vt 0.437500 0.000000
vt 0.625000 0.000000
vt 0.656250 0.000000
vt 0.645833 0.020833
vt 0.625000 0.026042
vt 0.604167 0.979167
vt 0.593750 1.000000
vt 0.625000 0.968750
vt 0.625000 1.000000
vt 0.604167 0.020833
vt 0.593750 0.000000
vt 0.750000 0.250000
vt 0.804316 0.200149
vt 0.833333 0.229167
vt 0.812500 0.250000
vt 0.875000 0.187500
vt 0.875000 0.218750
vt 0.875000 0.250000
vt 0.375000 0.750000
vt 0.401042 0.750000
vt 0.395833 0.791667
vt 0.375000 0.812500
vt 0.430432 0.750093
vt 0.421875 0.825521
vt 0.375000 0.875000
vt 0.375000 0.625000
vt 0.424851 0.674851
vt 0.395833 0.708333
vt 0.375000 0.687500
vt 0.406250 1.000000
vt 0.404948 0.983724
vt 0.416667 0.989583
vt 0.421875 1.000000
vt 0.416341 0.970540
vt 0.424479 0.986979
vt 0.437500 1.000000
vt 0.372256 0.102632
vt 0.325521 0.072917
vt 0.354167 0.041667
vt 0.373698 0.053385
vt 0.312500 0.000000
vt 0.343750 0.000000
vt 0.375000 0.000000
vt 0.758929 0.133929
vt 0.622768 0.156250
vt 0.781250 0.000000
vt 0.812500 0.000000
vt 0.824498 0.076451
vt 0.875000 0.125000
vt 0.875000 0.156250
vt 0.687500 0.250000
vt 0.625000 0.250000
vt 0.375000 0.500000
vt 0.466518 0.497768
vt 0.491071 0.616071
vt 0.375000 0.562500
vt 0.544643 0.552455
vt 0.625000 0.562500
vt 0.625000 0.593750
vt 0.625000 0.625000
vt 0.548549 0.673549
vt 0.523530 0.744722
vt 0.476935 0.750372
vt 0.375000 0.250000
vt 0.495536 0.247768
vt 0.500000 0.375000
vt 0.375000 0.375000
vt 0.625000 0.312500
vt 0.562500 0.531250
vt 0.609375 0.546875
vt 0.531250 0.507812
vt 0.562500 0.500000
vt 0.609375 0.507812
vt 0.625000 0.531250
vt 0.851562 0.046875
vt 0.875000 0.093750
vt 0.828125 0.000000
vt 0.843750 0.000000
vt 0.858398 0.033203
vt 0.875000 0.062500
vt 0.625000 0.812500
vt 0.545573 0.805339
vt 0.578125 0.773438
vt 0.625000 0.796875
vt 0.554688 0.744141
vt 0.575195 0.745850
vt 0.591797 0.766602
vt 0.625000 0.781250
vt 0.578125 0.703125
vt 0.625000 0.656250
vt 0.625000 0.687500
vt 0.591797 0.716797
vt 0.863281 0.023438
vt 0.875000 0.046875
vt 0.851562 0.000000
vt 0.601562 0.761719
vt 0.625000 0.773438
vt 0.589844 0.747070
vt 0.601562 0.726562
vt 0.625000 0.703125
vt 0.500000 0.500000
vt 0.000000 0.000000
vt 0.000000 0.500000
vt 1.000000 0.000000
vt 1.000000 0.500000
vt 1.000000 1.000000
vt 0.000000 1.000000
vt 0.403759 0.590983
vt 0.000000 0.477459
vt 1.000000 0.500000
vt 1.000000 1.000000
vt 0.509398 1.000000
vt 0.018796 1.000000
vt 0.106961 0.882802
vt 0.000000 0.954917
vt 0.597219 0.596001
vt 0.000000 0.500000
vt 1.000000 0.490002
vt 1.000000 0.980004
vt 0.892118 0.892287
vt 0.986095 0.999999
vt 0.493048 0.999999
vt 0.000000 0.999999
vt 0.000000 0.000000
vt 0.493048 0.000000
vt 0.597219 0.402662
vt 0.000000 0.500000
vt 0.986095 0.000000
vt 0.993047 0.006656
vt 1.000000 0.013312
vt 1.000000 0.506656
vt 0.500000 0.125000
vt 0.777778 0.222222
vt 0.875000 0.500000
vt 0.777778 0.777778
vt 0.500000 0.875000
vt 0.222222 0.222222
vt 0.125000 0.500000
vt 0.222222 0.777778
vt 0.197828 0.562351
vt 0.450002 0.538920
vt 0.430438 0.749802
vt 0.296743 0.843527
vt 0.697828 0.562351
vt 0.546743 0.843527
vt 0.395657 1.124703
vt 0.263238 0.504765
vt 0.512686 0.483733
vt 0.517651 0.673020
vt 0.394857 0.757148
vt 0.763238 0.504765
vt 0.644857 0.757148
vt 0.526476 1.009530
vt 0.299837 0.539610
vt 0.547760 0.517126
vt 0.566449 0.719480
vt 0.449755 0.809415
vt 0.799837 0.539610
vt 0.699755 0.809415
vt 0.599674 1.079220
vt 0.238629 0.566086
vt 0.489103 0.542499
vt 0.484839 0.754782
vt 0.357944 0.849129
vt 0.738629 0.566086
vt 0.607944 0.849129
vt 0.477258 1.132172
vt 0.284537 0.558404
vt 0.533098 0.535137
vt 0.546049 0.744539
vt 0.426805 0.837606
vt 0.784537 0.558404
vt 0.676805 0.837606
vt 0.569074 1.116808
vt 0.172304 0.555432
vt 0.425541 0.532289
vt 0.396405 0.740576
vt 0.258455 0.833148
vt 0.672304 0.555432
vt 0.508455 0.833148
vt 0.344607 1.110865
vt 0.282466 0.500201
vt 0.531113 0.479359
vt 0.543288 0.666934
vt 0.423698 0.750301
vt 0.782466 0.500201
vt 0.673698 0.750301
vt 0.564931 1.000401
vt 0.196397 0.536661
vt 0.448630 0.514300
vt 0.428529 0.715548
vt 0.294595 0.804991
vt 0.696397 0.536661
vt 0.544595 0.804991
vt 0.392794 1.073321
vt 0.264247 0.499999
vt 0.513653 0.479166
vt 0.518996 0.666666
vt 0.396370 0.749999
vt 0.764247 0.499999
vt 0.646370 0.749999
vt 0.528494 0.999999
vt 0.493344 0.000000
vt 0.486551 0.260121
vt 0.986688 0.000001
vt 0.973103 0.020242
vt 0.959517 0.040483
vt 0.479758 0.520242
vt 0.708333 0.291667
vt 0.833333 0.166667
vt 1.000000 0.250000
vt 0.166667 0.166667
vt 0.000000 0.250000
vt 0.291667 0.291667
vt 0.000000 0.750000
vt 1.000000 0.750000
vt 0.473198 0.268330
vt 0.098198 0.268330
vt 0.848198 0.268330
vt 0.461152 0.277716
vt 0.086152 0.277716
vt 0.836152 0.277716
vt 0.473914 0.281176
vt 0.098914 0.281176
vt 0.848914 0.281176
vt 0.494315 0.283043
vt 0.119315 0.283043
vt 0.869315 0.283043
vt 0.517268 0.279202
vt 0.142268 0.279202
vt 0.892268 0.279202
vt 0.524918 0.269805
vt 0.149918 0.269805
vt 0.899918 0.269805
vt 0.506619 0.252383
vt 0.131619 0.252383
vt 0.881619 0.252383
vt 0.516233 0.250100
vt 0.141233 0.250100
vt 0.891233 0.250100
vt 0.507123 0.250000
vt 0.132123 0.250000
vt 0.882123 0.250000
vt 0.447917 0.960938
vt 0.437500 0.989583
vt 0.468750 1.000000
vt 0.453125 1.000000
vt 0.468750 0.000000
vt 0.448661 0.049851
vt 0.437500 0.020833
vt 0.453125 0.000000
vt 0.260417 0.125000
vt 0.125000 0.187500
vt 0.281250 0.000000
vt 0.373140 0.154018
vt 0.250000 0.250000
vt 0.125000 0.250000
vt 1.000000 0.971559
vt 0.997847 0.985780
vt 0.498923 0.984569
vt 0.499731 0.856363
vt 0.995693 1.000000
vt 0.497847 1.000000
vt 0.000000 0.983358
vt 0.000000 0.966716
vt 0.001609 0.998391
vt 0.000805 0.984975
vt 0.500402 0.985553
vt 0.500804 0.999195
vt 0.000000 0.971559
vt 0.500101 0.858129
vt 1.000000 0.972262
vt 1.000000 0.986131
vt 0.001124 1.000000
vt 0.000562 0.986131
vt 0.498590 0.981454
vt 0.497180 0.996619
vt 0.000000 0.972262
vt 0.499647 0.853918
vt 1.000000 0.960316
vt 0.996619 0.976777
vt 0.993237 0.993237
vt 0.000000 0.980158
vt 0.499102 0.985960
vt 0.498204 1.000000
vt 0.000000 0.960316
vt 0.476604 0.831660
vt 1.000000 0.983523
vt 0.998204 0.991762
vt 0.996408 1.000000
vt 1.000000 0.966716
vt 0.998682 0.983358
vt 0.504967 0.983986
vt 0.501242 0.855207
vt 0.997363 1.000000
vt 0.509934 1.000000
vt 0.022505 1.000000
vt 0.011252 0.984613
vt 0.000000 0.969227
vt 1.000000 0.969227
vt 1.000000 0.984613
vt 0.500887 0.987094
vt 0.523197 0.833025
vt 0.501773 0.999654
vt 0.003547 0.999308
vt 0.001773 0.989574
vt 0.000000 0.979841
vt 0.033520 0.998210
vt 0.016760 0.990866
vt 0.508380 0.990595
vt 0.516760 0.996821
vt 0.000000 0.983522
vt 0.502095 0.862879
vt 1.000000 0.985214
vt 1.000000 0.990323
vt 1.000000 0.995432
vt 1.000000 0.979841
vt 0.987496 0.983758
vt 0.498520 0.982850
vt 0.499630 0.856851
vt 0.974992 0.987676
vt 0.497040 0.987879
vt 0.019088 0.988083
vt 0.009544 0.981942
vt 0.000000 0.975801
vt 0.037191 0.993585
vt 0.018596 0.989400
vt 0.509298 0.987078
vt 0.518596 0.990770
vt 0.000000 0.985214
vt 0.502324 0.861386
vt 1.000000 0.981559
vt 1.000000 0.984757
vt 1.000000 0.987955
vt 0.035302 0.987726
vt 0.017651 0.984643
vt 0.508825 0.987624
vt 0.517651 0.991060
vt 0.000000 0.981559
vt 0.502206 0.862024
vt 0.999999 0.986818
vt 1.000000 0.990606
vt 1.000000 0.994393
vt 1.000000 0.975801
vt 0.995337 0.978415
vt 0.506436 0.982763
vt 0.501609 0.857604
vt 0.990675 0.981028
vt 0.512872 0.986465
vt 0.035068 0.991902
vt 0.017534 0.987111
vt 0.000000 0.982320
vt 0.015053 0.996709
vt 0.007526 0.991763
vt 0.503268 0.990523
vt 0.506537 0.996922
vt 0.000000 0.986818
vt 0.500817 0.862708
vt 1.000000 0.981428
vt 0.999010 0.989282
vt 0.998020 0.997135
vt 1.000000 0.982320
vt 0.994018 0.985178
vt 0.497009 0.989048
vt 0.499252 0.862311
vt 0.988036 0.988036
vt 0.494018 0.994018
vt 0.000000 0.992918
vt 0.000000 0.985836
vt 0.007003 0.993352
vt 0.003502 0.987390
vt 0.501531 0.989184
vt 0.503062 0.996277
vt 0.000000 0.981428
vt 0.500383 0.861102
vt 1.000000 0.982752
vt 0.999560 0.990977
vt 0.999121 0.999203
vt 1.000000 0.985836
vt 0.997663 0.992872
vt 0.499581 0.992049
vt 0.499895 0.863196
vt 0.995327 0.999909
vt 0.499163 0.999804
vt 0.002999 0.999699
vt 0.001500 0.991225
vt 0.000000 0.982752
vt 0.000000 0.000000
vt 0.479759 0.000000
vt 0.591903 0.395940
vt 0.000000 0.489920
vt 0.959517 0.000000
vt 0.979758 0.015317
vt 1.000000 0.030634
vt 1.000000 0.499930
vt 0.500000 0.000000
vt 0.500000 0.492184
vt 0.000000 0.491761
vt 1.000000 0.000000
vt 1.000000 0.492607
vt 0.000000 0.000001
vt 0.500000 0.000000
vt 0.500000 0.491693
vt 0.000000 0.492607
vt 1.000000 0.490779
vt 0.500000 0.000000
vt 0.500000 0.488911
vt 0.000000 0.487901
vt 1.000000 0.000000
vt 1.000000 0.489920
vt 0.500000 0.000000
vt 0.500000 0.492094
vt 0.000000 0.490779
vt 1.000000 0.000000
vt 1.000000 0.493409
vt 0.000000 0.000000
vt 0.500000 0.000000
vt 0.500000 0.489530
vt 0.000000 0.491160
vt 1.000000 0.487901
vt 0.500000 0.000000
vt 0.500000 0.492062
vt 0.000000 0.493409
vt 1.000000 0.000000
vt 1.000000 0.490714
vt 0.000000 0.000000
vt 0.500000 0.000000
vt 0.500000 0.492039
vt 0.000000 0.492918
vt 1.000000 0.000000
vt 1.000000 0.491160
vt 0.000000 0.000000
vt 0.500000 0.000000
vt 0.500000 0.491045
vt 0.000000 0.490714
vt 1.000000 0.491376
vt 0.500000 0.000000
vt 0.500000 0.492147
vt 0.000000 0.491376
vt 1.000000 0.000000
vt 1.000000 0.492918
vt 0.001265 0.034842
vt 0.500632 0.040190
vt 0.500316 0.520095
vt 0.000632 0.517421
vt 1.000000 0.045537
vt 1.000000 0.522769
vt 0.500000 1.000000
vt 0.000000 0.999999
vt 0.000000 0.045537
vt 0.500000 0.048847
vt 0.500000 0.524423
vt 0.000000 0.522769
vt 1.000000 0.052157
vt 1.000000 0.526078
vt 0.999999 0.999999
vt 0.500000 1.000000
vt 0.000000 0.045928
vt 0.500000 0.040901
vt 0.500000 0.520450
vt 0.000000 0.522964
vt 1.000000 0.035874
vt 1.000000 0.517937
vt 1.000000 0.999999
vt 0.000000 0.037771
vt 0.500000 0.041850
vt 0.500000 0.520925
vt 0.000000 0.518886
vt 1.000000 0.045928
vt 1.000000 0.522964
vt 0.000000 0.052159
vt 0.500000 0.047123
vt 0.500000 0.523562
vt 0.000000 0.526079
vt 1.000000 0.042087
vt 1.000000 0.521044
vt 0.500000 1.000000
vt 0.000000 1.000000
vt 0.000000 0.076091
vt 0.500000 0.056931
vt 0.500000 0.528466
vt 0.000000 0.538045
vt 1.000000 0.037771
vt 1.000000 0.518886
vt 0.000000 1.000000
vt 0.000000 0.042088
vt 0.500000 0.045225
vt 0.500000 0.522613
vt 0.000000 0.521044
vt 1.000000 0.048362
vt 1.000000 0.524181
vt 0.000000 0.048362
vt 0.500000 0.057875
vt 0.500000 0.528937
vt 0.000000 0.524181
vt 1.000000 0.067387
vt 1.000000 0.533693
vt 1.000000 1.000000
vt 0.007827 0.060199
vt 0.503914 0.068145
vt 0.501957 0.534073
vt 0.003914 0.530099
vt 1.000000 0.076092
vt 1.000000 0.538046
vt 0.000001 0.067386
vt 0.500000 0.059831
vt 0.500000 0.529915
vt 0.000001 0.533693
vt 1.000000 0.052276
vt 1.000000 0.526138
vt 1.000000 1.000000
vt 0.500000 1.000000
vt 0.000001 1.000000
vt 0.000000 0.099989
vt 0.500000 0.086530
vt 0.500000 0.543265
vt 0.000000 0.549994
vt 1.000000 0.073071
vt 1.000000 0.536535
vt 0.500000 1.000000
vt 0.000000 0.999999
vt 0.000000 0.052276
vt 0.500000 0.048562
vt 0.500000 0.524281
vt 0.000000 0.526138
vt 1.000000 0.044848
vt 1.000000 0.522424
vt 1.000000 1.000000
vt 0.000000 1.000000
vt 0.000000 0.039466
vt 0.500000 0.069728
vt 0.500000 0.534864
vt 0.000000 0.519733
vt 1.000000 0.099989
vt 1.000000 0.549995
vt 0.000000 0.044848
vt 0.500000 0.053119
vt 0.500000 0.526559
vt 0.000000 0.522424
vt 1.000000 0.061389
vt 1.000000 0.530695
vt 0.000000 0.061389
vt 0.500000 0.050428
vt 0.500000 0.525214
vt 0.000000 0.530695
vt 1.000000 0.039467
vt 1.000000 0.519734
vt 0.000000 0.040365
vt 0.018287 0.020182
vt 0.407315 0.396841
vt 0.000000 0.500340
vt 0.036574 0.000000
vt 0.518287 0.000000
vt 1.000000 0.491762
vt 0.000000 0.036574
vt 0.009398 0.018287
vt 0.403759 0.407315
vt 0.000000 0.518287
vt 0.018796 0.000000
vt 0.509398 0.000000
vt 1.000000 0.000000
vt 1.000000 0.951913
vt 0.999571 0.975957
vt 0.499785 0.975479
vt 0.499946 0.838219
vt 0.999141 1.000000
vt 0.499571 1.000000
vt 0.000000 0.975002
vt 0.000000 0.950005
vt 0.000000 0.975957
vt 0.500000 0.976855
vt 0.000000 0.951913
vt 0.500000 0.840282
vt 1.000000 0.955506
vt 1.000000 0.977753
vt 0.002959 0.997041
vt 0.001480 0.976273
vt 0.497005 0.976866
vt 0.494009 0.998520
vt 0.000000 0.955506
vt 0.499251 0.841224
vt 1.000000 0.954917
vt 0.992530 0.977458
vt 0.985059 1.000000
vt 1.000000 0.950005
vt 0.999547 0.975002
vt 0.501954 0.980322
vt 0.500488 0.848209
vt 0.999093 1.000000
vt 0.503907 0.995639
vt 0.008721 0.991279
vt 0.004361 0.985642
vt 0.000000 0.980005
vt 0.500000 0.476855
vt 0.000000 0.475957
vt 1.000000 0.477753
vt 0.500000 0.477606
vt 0.000000 0.477753
vt 1.000000 0.477458
vt 0.500000 0.475480
vt 0.000000 0.475002
vt 1.000000 0.475957
vt 0.500000 0.482502
vt 0.000000 0.490002
vt 1.000000 0.475002
vt 0.000000 0.035122
vt 0.500000 0.034374
vt 0.500000 0.503142
vt 0.000000 0.503341
vt 1.000000 0.033626
vt 1.000000 0.502944
vt 0.000000 0.033626
vt 0.500000 0.036995
vt 0.500000 0.501642
vt 0.000000 0.502944
vt 0.999999 0.040364
vt 1.000000 0.500340
vt 0.000000 0.037029
vt 0.500000 0.036076
vt 0.500000 0.502607
vt 0.000000 0.501872
vt 1.000000 0.035122
vt 1.000000 0.503341
vt 0.000000 0.030633
vt 0.500000 0.033831
vt 0.500000 0.500901
vt 0.000000 0.499930
vt 1.000000 0.037029
vt 1.000000 0.501873
vt 0.000000 0.986305
vt 0.000000 0.970611
vt 0.005289 0.985306
vt 0.001180 0.993153
vt 0.010578 1.000000
vt 0.002361 1.000000
vt 1.000000 0.985714
vt 0.987726 0.992857
vt 0.985158 0.993144
vt 1.000000 0.982859
vt 0.975452 1.000000
vt 0.969847 1.000000
vt 0.964243 1.000000
vt 0.975169 1.000000
vt 0.875000 0.875000
vt 0.125000 0.875000
vt 0.479167 0.885417
vt 0.375000 0.906250
vt 0.625000 0.843750
vt 0.484375 1.000000
vt 0.412760 0.942057
vt 0.375000 0.937500
vt 0.413504 0.087612
vt 0.482143 0.116071
vt 0.484375 0.000000
vt 0.390625 0.000000
vt 0.390625 0.046875
vt 0.390625 0.976562
vt 0.375000 0.968750
vt 0.390625 1.000000
vt 0.375000 1.000000
s 1
usemtl pasted__lambert10
f 2307/2665/2329 2747/2666/2330 2975/2667/2331 2750/2668/2332
f 2747/2666/2330 2305/2669/2333 2748/2670/2334 2975/2667/2331
f 2975/2667/2331 2748/2670/2334 2310/2671/2335 2749/2672/2336
f 2750/2668/2332 2975/2667/2331 2749/2672/2336 2308/2673/2337
f 2327/2681/2345 2754/2682/2346 2977/2683/2347 2756/2684/2348
f 2328/2685/2349 2755/2686/2350 2977/2683/2347 2754/2682/2346
f 2304/2687/2351 2756/2684/2348 2977/2683/2347 2755/2686/2350
f 2305/2688/2333 2757/2689/2352 2978/2690/2353 2748/2691/2334
f 2757/2689/2352 2306/2692/2354 2758/2693/2355 2978/2690/2353
f 2978/2690/2353 2758/2693/2355 2309/2694/2356 2759/2695/2357
f 2748/2691/2334 2978/2690/2353 2759/2695/2357 2310/2696/2335
f 2308/2673/2337 2760/2697/2358 2979/2698/2359 2750/2668/2332
f 2760/2697/2358 2309/2699/2356 2758/2700/2355 2979/2698/2359
f 2979/2698/2359 2758/2700/2355 2306/2701/2354 2761/2702/2360
f 2750/2668/2332 2979/2698/2359 2761/2702/2360 2307/2665/2329
f 2303/2703/2361 2762/2704/2362 2980/2705/2363 2764/2706/2364
f 2316/2707/2365 2763/2708/2366 2980/2705/2363 2762/2704/2362
f 2315/2709/2367 2764/2706/2364 2980/2705/2363 2763/2708/2366
f 2326/2710/2368 2765/2711/2369 2981/2712/2370 2766/2713/2371
f 2327/2681/2345 2756/2684/2348 2981/2712/2370 2765/2711/2369
f 2304/2687/2351 2766/2713/2371 2981/2712/2370 2756/2684/2348
f 2328/2714/2349 2767/2715/2372 2982/2716/2373 2755/2717/2350
f 2326/2718/2368 2766/2719/2371 2982/2716/2373 2767/2715/2372
f 2304/2720/2351 2755/2717/2350 2982/2716/2373 2766/2719/2371
f 2525/2721/2374 2768/2722/2375 2983/2723/2376 2770/2724/2377
f 2522/2725/2378 2769/2726/2379 2983/2723/2376 2768/2722/2375
f 2462/2727/2380 2770/2724/2377 2983/2723/2376 2769/2726/2379
f 2298/2728/2381 2771/2729/2382 2984/2730/2383 2772/2731/2384
f 2309/2699/2356 2760/2697/2358 2984/2730/2383 2771/2729/2382
f 2308/2673/2337 2772/2731/2384 2984/2730/2383 2760/2697/2358
f 2310/2696/2335 2759/2695/2357 2985/2732/2385 2773/2733/2386
f 2309/2694/2356 2771/2734/2382 2985/2732/2385 2759/2695/2357
f 2298/2735/2381 2773/2733/2386 2985/2732/2385 2771/2734/2382
f 2308/2673/2337 2749/2672/2336 2986/2736/2387 2772/2731/2384
f 2310/2671/2335 2773/2737/2386 2986/2736/2387 2749/2672/2336
f 2298/2728/2381 2772/2731/2384 2986/2736/2387 2773/2737/2386
f 2303/2745/2361 2776/2746/2392 2988/2747/2393 2762/2748/2362
f 2314/2749/2394 2777/2750/2395 2988/2747/2393 2776/2746/2392
f 2316/2751/2365 2762/2748/2362 2988/2747/2393 2777/2750/2395
f 2315/2752/2367 2778/2753/2396 2989/2754/2397 2764/2755/2364
f 2314/2749/2394 2776/2746/2392 2989/2754/2397 2778/2753/2396
f 2303/2745/2361 2764/2755/2364 2989/2754/2397 2776/2746/2392
f 2522/2756/2378 2779/2757/2398 2990/2758/2399 2769/2759/2379
f 2524/2760/2400 2780/2761/2401 2990/2758/2399 2779/2757/2398
f 2462/2762/2380 2769/2759/2379 2990/2758/2399 2780/2761/2401
f 2463/2763/2402 2781/2764/2403 2991/2765/2404 2783/2766/2405
f 2464/2767/2406 2782/2768/2407 2991/2765/2404 2781/2764/2403
f 2297/2769/2408 2783/2766/2405 2991/2765/2404 2782/2768/2407
f 2307/2665/2329 2761/2702/2360 2992/2770/2409 2788/2771/2410
f 2306/2701/2354 2784/2772/2411 2992/2770/2409 2761/2702/2360
f 2313/2773/2412 2785/2774/2413 2992/2770/2409 2784/2772/2411
f 2312/2775/2414 2786/2776/2415 2992/2770/2409 2785/2774/2413
f 2319/2742/2390 2774/2739/2388 2992/2770/2409 2786/2776/2415
f 2318/2738/2342 2787/2777/2416 2992/2770/2409 2774/2739/2388
f 2300/2778/2417 2788/2771/2410 2992/2770/2409 2787/2777/2416
f 2301/2779/2418 2789/2780/2419 2993/2781/2420 2793/2782/2421
f 2317/2674/2338 2790/2783/2422 2993/2781/2420 2789/2780/2419
f 2319/2784/2390 2786/2785/2415 2993/2781/2420 2790/2783/2422
f 2312/2786/2414 2791/2787/2423 2993/2781/2420 2786/2785/2415
f 2311/2788/2424 2792/2789/2425 2993/2781/2420 2791/2787/2423
f 2314/2749/2394 2778/2753/2396 2993/2781/2420 2792/2789/2425
f 2315/2752/2367 2793/2782/2421 2993/2781/2420 2778/2753/2396
f 2299/2790/2426 2794/2791/2427 2994/2792/2428 2795/2793/2429
f 2300/2778/2417 2787/2794/2416 2994/2792/2428 2794/2791/2427
f 2318/2678/2342 2751/2675/2339 2994/2792/2428 2787/2794/2416
f 2317/2674/2338 2789/2780/2419 2994/2792/2428 2751/2675/2339
f 2301/2779/2418 2795/2793/2429 2994/2792/2428 2789/2780/2419
f 2312/2775/2414 2785/2774/2413 2998/2801/2442 2804/2802/2443
f 2785/2774/2413 2313/2773/2412 2802/2803/2444 2998/2801/2442
f 2998/2801/2442 2802/2803/2444 2323/2804/2445 2803/2805/2446
f 2804/2802/2443 2998/2801/2442 2803/2805/2446 2325/2806/2447
f 2313/2807/2412 2805/2808/2448 2999/2809/2449 2802/2810/2444
f 2805/2808/2448 2311/2788/2424 2806/2811/2450 2999/2809/2449
f 2999/2809/2449 2806/2811/2450 2324/2812/2451 2807/2813/2452
f 2802/2810/2444 2999/2809/2449 2807/2813/2452 2323/2814/2445
f 2311/2788/2424 2791/2787/2423 3000/2815/2453 2806/2811/2450
f 2791/2787/2423 2312/2786/2414 2804/2816/2443 3000/2815/2453
f 3000/2815/2453 2804/2816/2443 2325/2817/2447 2808/2818/2454
f 2806/2811/2450 3000/2815/2453 2808/2818/2454 2324/2812/2451
f 2325/2806/2447 2803/2805/2446 3001/2819/2455 2810/2820/2456
f 2803/2805/2446 2323/2804/2445 2809/2821/2457 3001/2819/2455
f 3001/2819/2455 2809/2821/2457 2326/2718/2368 2767/2715/2372
f 2810/2820/2456 3001/2819/2455 2767/2715/2372 2328/2714/2349
f 2323/2814/2445 2807/2813/2452 3002/2822/2458 2809/2823/2457
f 2807/2813/2452 2324/2812/2451 2811/2824/2459 3002/2822/2458
f 3002/2822/2458 2811/2824/2459 2327/2681/2345 2765/2711/2369
f 2809/2823/2457 3002/2822/2458 2765/2711/2369 2326/2710/2368
f 2324/2812/2451 2808/2818/2454 3003/2825/2460 2811/2824/2459
f 2808/2818/2454 2325/2817/2447 2810/2826/2456 3003/2825/2460
f 3003/2825/2460 2810/2826/2456 2328/2685/2349 2754/2682/2346
f 2811/2824/2459 3003/2825/2460 2754/2682/2346 2327/2681/2345
f 2524/2760/2400 2610/2970/2955 3121/2971/2956 2780/2761/2401
f 2523/2972/2957 2611/2973/2958 3121/2971/2956 2610/2970/2955
f 2462/2762/2380 2780/2761/2401 3121/2971/2956 2611/2973/2958
f 2523/2974/2957 2612/2975/2959 3122/2976/2960 2611/2977/2958
f 2525/2721/2374 2770/2724/2377 3122/2976/2960 2612/2975/2959
f 2462/2727/2380 2611/2977/2958 3122/2976/2960 2770/2724/2377
f 2315/2709/2367 2763/2708/2366 3123/2978/2961 2793/2979/2421
f 2316/2707/2365 2613/2980/2962 3123/2978/2961 2763/2708/2366
f 2464/2767/2406 2781/2764/2403 3123/2978/2961 2613/2980/2962
f 2463/2763/2402 2614/2981/2963 3123/2978/2961 2781/2764/2403
f 2299/2790/2426 2795/2982/2429 3123/2978/2961 2614/2981/2963
f 2301/2983/2418 2793/2979/2421 3123/2978/2961 2795/2982/2429
f 2316/2751/2365 2777/2750/2395 3192/3372/3220 2613/3373/2962
f 2314/2749/2394 2792/2789/2425 3192/3372/3220 2777/2750/2395
f 2311/2788/2424 2805/2808/2448 3192/3372/3220 2792/2789/2425
f 2313/2807/2412 2784/3374/2411 3192/3372/3220 2805/2808/2448
f 2306/2692/2354 2757/2689/2352 3192/3372/3220 2784/3374/2411
f 2305/2688/2333 2743/3375/3221 3192/3372/3220 2757/2689/2352
f 2523/2972/2957 2610/2970/2955 3192/3372/3220 2743/3375/3221
f 2524/2760/2400 2744/3376/3222 3192/3372/3220 2610/2970/2955
f 2464/3377/2406 2613/3373/2962 3192/3372/3220 2744/3376/3222
f 2463/2763/2402 2745/3378/3223 3193/3379/3224 2614/2981/2963
f 2525/2721/2374 2612/2975/2959 3193/3379/3224 2745/3378/3223
f 2523/2974/2957 2743/3380/3221 3193/3379/3224 2612/2975/2959
f 2305/2669/2333 2747/2666/2330 3193/3379/3224 2743/3380/3221
f 2307/2665/2329 2788/2771/2410 3193/3379/3224 2747/2666/2330
f 2300/2778/2417 2794/2791/2427 3193/3379/3224 2788/2771/2410
f 2299/2790/2426 2614/2981/2963 3193/3379/3224 2794/2791/2427
f 2297/2769/2408 2746/3381/3225 3194/3382/3226 2783/2766/2405
f 2746/3381/3225 2522/2725/2378 2768/2722/2375 3194/3382/3226
f 3194/3382/3226 2768/2722/2375 2525/2721/2374 2745/3378/3223
f 2783/2766/2405 3194/3382/3226 2745/3378/3223 2463/2763/2402
f 2464/3377/2406 2744/3376/3222 3195/3383/3227 2782/3384/2407
f 2744/3376/3222 2524/2760/2400 2779/2757/2398 3195/3383/3227
f 3195/3383/3227 2779/2757/2398 2522/2756/2378 2746/3385/3225
f 2782/3384/2407 3195/3383/3227 2746/3385/3225 2297/3386/2408
usemtl pasted__lambert12
f 2317/2674/2338 2751/2675/2339 2976/2676/2340 2753/2677/2341
f 2318/2678/2342 2752/2679/2343 2976/2676/2340 2751/2675/2339
f 2302/2680/2344 2753/2677/2341 2976/2676/2340 2752/2679/2343
f 2318/2738/2342 2774/2739/2388 2987/2740/2389 2752/2741/2343
f 2319/2742/2390 2775/2743/2391 2987/2740/2389 2774/2739/2388
f 2302/2744/2344 2752/2741/2343 2987/2740/2389 2775/2743/2391
f 2319/2784/2390 2790/2783/2422 2995/2795/2430 2798/2796/2431
f 2790/2783/2422 2317/2674/2338 2796/2797/2432 2995/2795/2430
f 2995/2795/2430 2796/2797/2432 2321/2797/2433 2797/2795/2434
f 2798/2796/2431 2995/2795/2430 2797/2795/2434 2320/2796/2435
f 2317/2674/2338 2753/2677/2341 2996/2798/2436 2796/2797/2432
f 2753/2677/2341 2302/2680/2344 2799/2799/2437 2996/2798/2436
f 2996/2798/2436 2799/2799/2437 2322/2799/2438 2800/2798/2439
f 2796/2797/2432 2996/2798/2436 2800/2798/2439 2321/2797/2433
f 2302/2680/2344 2775/2800/2391 2997/2800/2440 2799/2799/2437
f 2775/2800/2391 2319/2784/2390 2798/2796/2431 2997/2800/2440
f 2997/2800/2440 2798/2796/2431 2320/2796/2435 2801/2800/2441
f 2799/2799/2437 2997/2800/2440 2801/2800/2441 2322/2799/2438
f 2320/2796/2435 2797/2795/2434 3004/2795/2461 2814/2796/2462
f 2797/2795/2434 2321/2797/2433 2812/2797/2463 3004/2795/2461
f 3004/2795/2461 2812/2797/2463 2330/2797/2464 2813/2795/2465
f 2814/2796/2462 3004/2795/2461 2813/2795/2465 2329/2796/2466
f 2321/2797/2433 2800/2798/2439 3005/2798/2467 2812/2797/2463
f 2800/2798/2439 2322/2799/2438 2815/2799/2468 3005/2798/2467
f 3005/2798/2467 2815/2799/2468 2331/2799/2469 2816/2798/2470
f 2812/2797/2463 3005/2798/2467 2816/2798/2470 2330/2797/2464
f 2322/2799/2438 2801/2800/2441 3006/2800/2471 2815/2799/2468
f 2801/2800/2441 2320/2796/2435 2814/2796/2462 3006/2800/2471
f 3006/2800/2471 2814/2796/2462 2329/2796/2466 2817/2800/2472
f 2815/2799/2468 3006/2800/2471 2817/2800/2472 2331/2799/2469
f 2329/2796/2466 2813/2795/2465 3007/2795/2473 2820/2796/2474
f 2813/2795/2465 2330/2797/2464 2818/2797/2475 3007/2795/2473
f 3007/2795/2473 2818/2797/2475 2333/2797/2476 2819/2795/2477
f 2820/2796/2474 3007/2795/2473 2819/2795/2477 2332/2796/2478
f 2330/2797/2464 2816/2798/2470 3008/2798/2479 2818/2797/2475
f 2816/2798/2470 2331/2799/2469 2821/2799/2480 3008/2798/2479
f 3008/2798/2479 2821/2799/2480 2334/2799/2481 2822/2798/2482
f 2818/2797/2475 3008/2798/2479 2822/2798/2482 2333/2797/2476
f 2331/2799/2469 2817/2800/2472 3009/2800/2483 2821/2799/2480
f 2817/2800/2472 2329/2796/2466 2820/2796/2474 3009/2800/2483
f 3009/2800/2483 2820/2796/2474 2332/2796/2478 2823/2800/2484
f 2821/2799/2480 3009/2800/2483 2823/2800/2484 2334/2799/2481
f 2332/2796/2478 2819/2795/2477 3010/2795/2485 2826/2796/2486
f 2819/2795/2477 2333/2797/2476 2824/2797/2487 3010/2795/2485
f 3010/2795/2485 2824/2797/2487 2336/2797/2488 2825/2795/2489
f 2826/2796/2486 3010/2795/2485 2825/2795/2489 2335/2796/2490
f 2333/2797/2476 2822/2798/2482 3011/2798/2491 2824/2797/2487
f 2822/2798/2482 2334/2799/2481 2827/2799/2492 3011/2798/2491
f 3011/2798/2491 2827/2799/2492 2337/2799/2493 2828/2798/2494
f 2824/2797/2487 3011/2798/2491 2828/2798/2494 2336/2797/2488
f 2334/2799/2481 2823/2800/2484 3012/2800/2495 2827/2799/2492
f 2823/2800/2484 2332/2796/2478 2826/2796/2486 3012/2800/2495
f 3012/2800/2495 2826/2796/2486 2335/2796/2490 2829/2800/2496
f 2827/2799/2492 3012/2800/2495 2829/2800/2496 2337/2799/2493
f 2341/2796/2497 2830/2795/2498 3013/2795/2499 2833/2796/2500
f 2830/2795/2498 2342/2797/2501 2831/2797/2502 3013/2795/2499
f 3013/2795/2499 2831/2797/2502 2339/2827/2503 2832/2795/2504
f 2833/2796/2500 3013/2795/2499 2832/2795/2504 2338/2784/2505
f 2342/2797/2501 2834/2798/2506 3014/2798/2507 2831/2797/2502
f 2834/2798/2506 2343/2799/2508 2835/2799/2509 3014/2798/2507
f 3014/2798/2507 2835/2799/2509 2340/2680/2510 2836/2798/2511
f 2831/2797/2502 3014/2798/2507 2836/2798/2511 2339/2827/2503
f 2343/2799/2508 2837/2800/2512 3015/2800/2513 2835/2799/2509
f 2837/2800/2512 2341/2796/2497 2833/2796/2500 3015/2800/2513
f 3015/2800/2513 2833/2796/2500 2338/2784/2505 2838/2800/2514
f 2835/2799/2509 3015/2800/2513 2838/2800/2514 2340/2680/2510
f 2335/2796/2490 2825/2795/2489 3016/2795/2515 2840/2796/2516
f 2825/2795/2489 2336/2797/2488 2839/2797/2517 3016/2795/2515
f 3016/2795/2515 2839/2797/2517 2342/2797/2501 2830/2795/2498
f 2840/2796/2516 3016/2795/2515 2830/2795/2498 2341/2796/2497
f 2336/2797/2488 2828/2798/2494 3017/2798/2518 2839/2797/2517
f 2828/2798/2494 2337/2799/2493 2841/2799/2519 3017/2798/2518
f 3017/2798/2518 2841/2799/2519 2343/2799/2508 2834/2798/2506
f 2839/2797/2517 3017/2798/2518 2834/2798/2506 2342/2797/2501
f 2337/2799/2493 2829/2800/2496 3018/2800/2520 2841/2799/2519
f 2829/2800/2496 2335/2796/2490 2840/2796/2516 3018/2800/2520
f 3018/2800/2520 2840/2796/2516 2341/2796/2497 2837/2800/2512
f 2841/2799/2519 3018/2800/2520 2837/2800/2512 2343/2799/2508
f 2339/2828/2503 2836/2669/2511 3019/2827/2521 2844/2829/2522
f 2836/2669/2511 2340/2830/2510 2842/2831/2523 3019/2827/2521
f 3019/2827/2521 2842/2831/2523 2345/2832/2524 2843/2688/2525
f 2844/2829/2522 3019/2827/2521 2843/2688/2525 2344/2833/2526
f 2340/2828/2510 2838/2669/2514 3020/2827/2527 2847/2829/2528
f 2838/2669/2514 2338/2830/2505 2845/2831/2529 3020/2827/2527
f 3020/2827/2527 2845/2831/2529 2347/2832/2530 2846/2688/2531
f 2847/2829/2528 3020/2827/2527 2846/2688/2531 2346/2833/2532
f 2345/2828/2524 2842/2669/2523 3021/2827/2533 2849/2829/2534
f 2842/2669/2523 2340/2830/2510 2847/2831/2528 3021/2827/2533
f 3021/2827/2533 2847/2831/2528 2346/2832/2532 2848/2688/2535
f 2849/2829/2534 3021/2827/2533 2848/2688/2535 2348/2833/2536
f 2344/2828/2526 2843/2669/2525 3022/2827/2537 2851/2829/2538
f 2843/2669/2525 2345/2830/2524 2849/2831/2534 3022/2827/2537
f 3022/2827/2537 2849/2831/2534 2348/2832/2536 2850/2688/2539
f 2851/2829/2538 3022/2827/2537 2850/2688/2539 2349/2833/2540
f 2347/2828/2530 2845/2669/2529 3023/2827/2541 2854/2829/2542
f 2845/2669/2529 2338/2830/2505 2852/2831/2543 3023/2827/2541
f 3023/2827/2541 2852/2831/2543 2350/2832/2544 2853/2688/2545
f 2854/2829/2542 3023/2827/2541 2853/2688/2545 2351/2833/2546
f 2346/2828/2532 2846/2669/2531 3024/2827/2547 2856/2829/2548
f 2846/2669/2531 2347/2830/2530 2854/2831/2542 3024/2827/2547
f 3024/2827/2547 2854/2831/2542 2351/2832/2546 2855/2688/2549
f 2856/2829/2548 3024/2827/2547 2855/2688/2549 2352/2833/2550
f 2348/2828/2536 2848/2669/2535 3025/2827/2551 2858/2829/2552
f 2848/2669/2535 2346/2830/2532 2856/2831/2548 3025/2827/2551
f 3025/2827/2551 2856/2831/2548 2352/2832/2550 2857/2688/2553
f 2858/2829/2552 3025/2827/2551 2857/2688/2553 2353/2833/2554
f 2349/2828/2540 2850/2669/2539 3026/2827/2555 2860/2829/2556
f 2850/2669/2539 2348/2830/2536 2858/2831/2552 3026/2827/2555
f 3026/2827/2555 2858/2831/2552 2353/2832/2554 2859/2688/2557
f 2860/2829/2556 3026/2827/2555 2859/2688/2557 2354/2833/2558
f 2338/2828/2505 2832/2669/2504 3027/2827/2559 2863/2829/2560
f 2832/2669/2504 2339/2830/2503 2861/2831/2561 3027/2827/2559
f 3027/2827/2559 2861/2831/2561 2356/2832/2562 2862/2688/2563
f 2863/2829/2560 3027/2827/2559 2862/2688/2563 2355/2833/2564
f 2339/2828/2503 2844/2669/2522 3028/2827/2565 2861/2829/2561
f 2844/2669/2522 2344/2830/2526 2864/2831/2566 3028/2827/2565
f 3028/2827/2565 2864/2831/2566 2357/2832/2567 2865/2688/2568
f 2861/2829/2561 3028/2827/2565 2865/2688/2568 2356/2833/2562
f 2350/2828/2544 2852/2669/2543 3029/2827/2569 2867/2829/2570
f 2852/2669/2543 2338/2830/2505 2863/2831/2560 3029/2827/2569
f 3029/2827/2569 2863/2831/2560 2355/2832/2564 2866/2688/2571
f 2867/2829/2570 3029/2827/2569 2866/2688/2571 2358/2833/2572
f 2351/2828/2546 2853/2669/2545 3030/2827/2573 2869/2829/2574
f 2853/2669/2545 2350/2830/2544 2867/2831/2570 3030/2827/2573
f 3030/2827/2573 2867/2831/2570 2358/2832/2572 2868/2688/2575
f 2869/2829/2574 3030/2827/2573 2868/2688/2575 2359/2833/2576
f 2355/2828/2564 2862/2669/2563 3031/2827/2577 2872/2829/2578
f 2862/2669/2563 2356/2830/2562 2870/2831/2579 3031/2827/2577
f 3031/2827/2577 2870/2831/2579 2361/2832/2580 2871/2688/2581
f 2872/2829/2578 3031/2827/2577 2871/2688/2581 2360/2833/2582
f 2356/2828/2562 2865/2669/2568 3032/2827/2583 2870/2829/2579
f 2865/2669/2568 2357/2830/2567 2873/2831/2584 3032/2827/2583
f 3032/2827/2583 2873/2831/2584 2362/2832/2585 2874/2688/2586
f 2870/2829/2579 3032/2827/2583 2874/2688/2586 2361/2833/2580
f 2358/2828/2572 2866/2669/2571 3033/2827/2587 2876/2829/2588
f 2866/2669/2571 2355/2830/2564 2872/2831/2578 3033/2827/2587
f 3033/2827/2587 2872/2831/2578 2360/2832/2582 2875/2688/2589
f 2876/2829/2588 3033/2827/2587 2875/2688/2589 2363/2833/2590
f 2359/2828/2576 2868/2669/2575 3034/2827/2591 2878/2829/2592
f 2868/2669/2575 2358/2830/2572 2876/2831/2588 3034/2827/2591
f 3034/2827/2591 2876/2831/2588 2363/2832/2590 2877/2688/2593
f 2878/2829/2592 3034/2827/2591 2877/2688/2593 2364/2833/2594
f 2344/2828/2526 2851/2669/2538 3035/2827/2595 2881/2829/2596
f 2851/2669/2538 2349/2830/2540 2879/2831/2597 3035/2827/2595
f 3035/2827/2595 2879/2831/2597 2366/2832/2598 2880/2688/2599
f 2881/2829/2596 3035/2827/2595 2880/2688/2599 2365/2833/2600
f 2352/2828/2550 2855/2669/2549 3036/2827/2601 2884/2829/2602
f 2855/2669/2549 2351/2830/2546 2882/2831/2603 3036/2827/2601
f 3036/2827/2601 2882/2831/2603 2368/2832/2604 2883/2688/2605
f 2884/2829/2602 3036/2827/2601 2883/2688/2605 2367/2833/2606
f 2353/2828/2554 2857/2669/2553 3037/2827/2607 2886/2829/2608
f 2857/2669/2553 2352/2830/2550 2884/2831/2602 3037/2827/2607
f 3037/2827/2607 2884/2831/2602 2367/2832/2606 2885/2688/2609
f 2886/2829/2608 3037/2827/2607 2885/2688/2609 2369/2833/2610
f 2349/2828/2540 2860/2669/2556 3038/2827/2611 2879/2829/2597
f 2860/2669/2556 2354/2830/2558 2887/2831/2612 3038/2827/2611
f 3038/2827/2611 2887/2831/2612 2370/2832/2613 2888/2688/2614
f 2879/2829/2597 3038/2827/2611 2888/2688/2614 2366/2833/2598
f 2354/2828/2558 2859/2669/2557 3039/2827/2615 2887/2829/2612
f 2859/2669/2557 2353/2830/2554 2886/2831/2608 3039/2827/2615
f 3039/2827/2615 2886/2831/2608 2369/2832/2610 2889/2688/2616
f 2887/2829/2612 3039/2827/2615 2889/2688/2616 2370/2833/2613
f 2357/2828/2567 2864/2669/2566 3040/2827/2617 2891/2829/2618
f 2864/2669/2566 2344/2830/2526 2881/2831/2596 3040/2827/2617
f 3040/2827/2617 2881/2831/2596 2365/2832/2600 2890/2688/2619
f 2891/2829/2618 3040/2827/2617 2890/2688/2619 2371/2833/2620
f 2351/2828/2546 2869/2669/2574 3041/2827/2621 2882/2829/2603
f 2869/2669/2574 2359/2830/2576 2892/2831/2622 3041/2827/2621
f 3041/2827/2621 2892/2831/2622 2372/2832/2623 2893/2688/2624
f 2882/2829/2603 3041/2827/2621 2893/2688/2624 2368/2833/2604
f 2360/2828/2582 2871/2669/2581 3042/2827/2625 2896/2829/2626
f 2871/2669/2581 2361/2830/2580 2894/2831/2627 3042/2827/2625
f 3042/2827/2625 2894/2831/2627 2374/2832/2628 2895/2688/2629
f 2896/2829/2626 3042/2827/2625 2895/2688/2629 2373/2833/2630
f 2362/2828/2585 2873/2669/2584 3043/2827/2631 2898/2829/2632
f 2873/2669/2584 2357/2830/2567 2891/2831/2618 3043/2827/2631
f 3043/2827/2631 2891/2831/2618 2371/2832/2620 2897/2688/2633
f 2898/2829/2632 3043/2827/2631 2897/2688/2633 2375/2833/2634
f 2361/2828/2580 2874/2669/2586 3044/2827/2635 2894/2829/2627
f 2874/2669/2586 2362/2830/2585 2898/2831/2632 3044/2827/2635
f 3044/2827/2635 2898/2831/2632 2375/2832/2634 2899/2688/2636
f 2894/2829/2627 3044/2827/2635 2899/2688/2636 2374/2833/2628
f 2363/2828/2590 2875/2669/2589 3045/2827/2637 2901/2829/2638
f 2875/2669/2589 2360/2830/2582 2896/2831/2626 3045/2827/2637
f 3045/2827/2637 2896/2831/2626 2373/2832/2630 2900/2688/2639
f 2901/2829/2638 3045/2827/2637 2900/2688/2639 2376/2833/2640
f 2359/2828/2576 2878/2669/2592 3046/2827/2641 2892/2829/2622
f 2878/2669/2592 2364/2830/2594 2902/2831/2642 3046/2827/2641
f 3046/2827/2641 2902/2831/2642 2377/2832/2643 2903/2688/2644
f 2892/2829/2622 3046/2827/2641 2903/2688/2644 2372/2833/2623
f 2364/2828/2594 2877/2669/2593 3047/2827/2645 2902/2829/2642
f 2877/2669/2593 2363/2830/2590 2901/2831/2638 3047/2827/2645
f 3047/2827/2645 2901/2831/2638 2376/2832/2640 2904/2688/2646
f 2902/2829/2642 3047/2827/2645 2904/2688/2646 2377/2833/2643
f 2365/2828/2600 2880/2669/2599 3048/2827/2647 2907/2829/2648
f 2880/2669/2599 2366/2830/2598 2905/2831/2649 3048/2827/2647
f 3048/2827/2647 2905/2831/2649 2379/2832/2650 2906/2688/2651
f 2907/2829/2648 3048/2827/2647 2906/2688/2651 2378/2833/2652
f 2367/2828/2606 2883/2669/2605 3049/2827/2653 2910/2829/2654
f 2883/2669/2605 2368/2830/2604 2908/2831/2655 3049/2827/2653
f 3049/2827/2653 2908/2831/2655 2381/2832/2656 2909/2688/2657
f 2910/2829/2654 3049/2827/2653 2909/2688/2657 2380/2833/2658
f 2369/2828/2610 2885/2669/2609 3050/2827/2659 2912/2829/2660
f 2885/2669/2609 2367/2830/2606 2910/2831/2654 3050/2827/2659
f 3050/2827/2659 2910/2831/2654 2380/2832/2658 2911/2688/2661
f 2912/2829/2660 3050/2827/2659 2911/2688/2661 2382/2833/2662
f 2366/2828/2598 2888/2669/2614 3051/2827/2663 2905/2829/2649
f 2888/2669/2614 2370/2830/2613 2913/2831/2664 3051/2827/2663
f 3051/2827/2663 2913/2831/2664 2383/2832/2665 2914/2688/2666
f 2905/2829/2649 3051/2827/2663 2914/2688/2666 2379/2833/2650
f 2370/2828/2613 2889/2669/2616 3052/2827/2667 2913/2829/2664
f 2889/2669/2616 2369/2830/2610 2912/2831/2660 3052/2827/2667
f 3052/2827/2667 2912/2831/2660 2382/2832/2662 2915/2688/2668
f 2913/2829/2664 3052/2827/2667 2915/2688/2668 2383/2833/2665
f 2371/2828/2620 2890/2669/2619 3053/2827/2669 2917/2829/2670
f 2890/2669/2619 2365/2830/2600 2907/2831/2648 3053/2827/2669
f 3053/2827/2669 2907/2831/2648 2378/2832/2652 2916/2688/2671
f 2917/2829/2670 3053/2827/2669 2916/2688/2671 2384/2833/2672
f 2368/2828/2604 2893/2669/2624 3054/2827/2673 2908/2829/2655
f 2893/2669/2624 2372/2830/2623 2918/2831/2674 3054/2827/2673
f 3054/2827/2673 2918/2831/2674 2385/2832/2675 2919/2688/2676
f 2908/2829/2655 3054/2827/2673 2919/2688/2676 2381/2833/2656
f 2375/2828/2634 2897/2669/2633 3055/2834/2677 2922/2835/2678
f 2371/2830/2620 2917/2836/2670 3055/2834/2677 2897/2669/2633
f 2384/2837/2672 2920/2838/2679 3055/2834/2677 2917/2836/2670
f 2501/2839/2680 2921/2840/2681 3055/2834/2677 2920/2838/2679
f 2500/2841/2682 2922/2835/2678 3055/2834/2677 2921/2840/2681
f 2372/2828/2623 2903/2669/2644 3056/2842/2683 2918/2843/2674
f 2377/2830/2643 2923/2844/2684 3056/2842/2683 2903/2669/2644
f 2509/2845/2685 2924/2846/2686 3056/2842/2683 2923/2844/2684
f 2508/2847/2687 2925/2848/2688 3056/2842/2683 2924/2846/2686
f 2385/2849/2675 2918/2843/2674 3056/2842/2683 2925/2848/2688
f 2378/2828/2652 2906/2669/2651 3057/2827/2689 2928/2829/2690
f 2906/2669/2651 2379/2830/2650 2926/2831/2691 3057/2827/2689
f 3057/2827/2689 2926/2831/2691 2387/2832/2692 2927/2688/2693
f 2928/2829/2690 3057/2827/2689 2927/2688/2693 2386/2833/2694
f 2380/2828/2658 2909/2669/2657 3058/2827/2695 2931/2829/2696
f 2909/2669/2657 2381/2830/2656 2929/2831/2697 3058/2827/2695
f 3058/2827/2695 2929/2831/2697 2389/2832/2698 2930/2688/2699
f 2931/2829/2696 3058/2827/2695 2930/2688/2699 2388/2833/2700
f 2382/2828/2662 2911/2669/2661 3059/2827/2701 2933/2829/2702
f 2911/2669/2661 2380/2830/2658 2931/2831/2696 3059/2827/2701
f 3059/2827/2701 2931/2831/2696 2388/2832/2700 2932/2688/2703
f 2933/2829/2702 3059/2827/2701 2932/2688/2703 2390/2833/2704
f 2379/2828/2650 2914/2669/2666 3060/2827/2705 2926/2829/2691
f 2914/2669/2666 2383/2830/2665 2934/2831/2706 3060/2827/2705
f 3060/2827/2705 2934/2831/2706 2391/2832/2707 2935/2688/2708
f 2926/2829/2691 3060/2827/2705 2935/2688/2708 2387/2833/2692
f 2383/2828/2665 2915/2669/2668 3061/2827/2709 2934/2829/2706
f 2915/2669/2668 2382/2830/2662 2933/2831/2702 3061/2827/2709
f 3061/2827/2709 2933/2831/2702 2390/2832/2704 2936/2688/2710
f 2934/2829/2706 3061/2827/2709 2936/2688/2710 2391/2833/2707
f 2384/2828/2672 2916/2669/2671 3062/2827/2711 2938/2829/2712
f 2916/2669/2671 2378/2830/2652 2928/2831/2690 3062/2827/2711
f 3062/2827/2711 2928/2831/2690 2386/2832/2694 2937/2688/2713
f 2938/2829/2712 3062/2827/2711 2937/2688/2713 2392/2833/2714
f 2381/2828/2656 2919/2669/2676 3063/2827/2715 2929/2829/2697
f 2919/2669/2676 2385/2830/2675 2939/2831/2716 3063/2827/2715
f 3063/2827/2715 2939/2831/2716 2393/2832/2717 2940/2688/2718
f 2929/2829/2697 3063/2827/2715 2940/2688/2718 2389/2833/2698
f 2385/2850/2675 2925/2851/2688 3064/2852/2719 2939/2853/2716
f 2508/2854/2687 2941/2855/2720 3064/2852/2719 2925/2851/2688
f 2507/2856/2721 2942/2857/2722 3064/2852/2719 2941/2855/2720
f 2395/2832/2723 2943/2688/2724 3064/2852/2719 2942/2857/2722
f 2393/2833/2717 2939/2853/2716 3064/2852/2719 2943/2688/2724
f 2386/2828/2694 2927/2669/2693 3065/2827/2725 2946/2829/2726
f 2927/2669/2693 2387/2830/2692 2944/2831/2727 3065/2827/2725
f 3065/2827/2725 2944/2831/2727 2397/2832/2728 2945/2688/2729
f 2946/2829/2726 3065/2827/2725 2945/2688/2729 2396/2833/2730
f 2388/2828/2700 2930/2669/2699 3066/2827/2731 2949/2829/2732
f 2930/2669/2699 2389/2830/2698 2947/2831/2733 3066/2827/2731
f 3066/2827/2731 2947/2831/2733 2399/2832/2734 2948/2688/2735
f 2949/2829/2732 3066/2827/2731 2948/2688/2735 2398/2833/2736
f 2390/2828/2704 2932/2669/2703 3067/2827/2737 2951/2829/2738
f 2932/2669/2703 2388/2830/2700 2949/2831/2732 3067/2827/2737
f 3067/2827/2737 2949/2831/2732 2398/2832/2736 2950/2688/2739
f 2951/2829/2738 3067/2827/2737 2950/2688/2739 2400/2833/2740
f 2387/2828/2692 2935/2669/2708 3068/2827/2741 2944/2829/2727
f 2935/2669/2708 2391/2830/2707 2952/2831/2742 3068/2827/2741
f 3068/2827/2741 2952/2831/2742 2401/2832/2743 2953/2688/2744
f 2944/2829/2727 3068/2827/2741 2953/2688/2744 2397/2833/2728
f 2391/2828/2707 2936/2669/2710 3069/2827/2745 2952/2829/2742
f 2936/2669/2710 2390/2830/2704 2951/2831/2738 3069/2827/2745
f 3069/2827/2745 2951/2831/2738 2400/2832/2740 2954/2688/2746
f 2952/2829/2742 3069/2827/2745 2954/2688/2746 2401/2833/2743
f 2392/2828/2714 2937/2669/2713 3070/2827/2747 2956/2829/2748
f 2937/2669/2713 2386/2830/2694 2946/2831/2726 3070/2827/2747
f 3070/2827/2747 2946/2831/2726 2396/2832/2730 2955/2688/2749
f 2956/2829/2748 3070/2827/2747 2955/2688/2749 2402/2833/2750
f 2389/2828/2698 2940/2669/2718 3071/2827/2751 2947/2829/2733
f 2940/2669/2718 2393/2830/2717 2957/2831/2752 3071/2827/2751
f 3071/2827/2751 2957/2831/2752 2403/2832/2753 2958/2688/2754
f 2947/2829/2733 3071/2827/2751 2958/2688/2754 2399/2833/2734
f 2394/2828/2755 2959/2669/2756 3072/2827/2757 2961/2829/2758
f 2959/2669/2756 2392/2830/2714 2956/2831/2748 3072/2827/2757
f 3072/2827/2757 2956/2831/2748 2402/2832/2750 2960/2688/2759
f 2961/2829/2758 3072/2827/2757 2960/2688/2759 2404/2833/2760
f 2393/2828/2717 2943/2669/2724 3073/2827/2761 2957/2829/2752
f 2943/2669/2724 2395/2830/2723 2962/2831/2762 3073/2827/2761
f 3073/2827/2761 2962/2831/2762 2405/2832/2763 2963/2688/2764
f 2957/2829/2752 3073/2827/2761 2963/2688/2764 2403/2833/2753
f 2396/2828/2730 2945/2669/2729 3074/2827/2765 2966/2829/2766
f 2945/2669/2729 2397/2830/2728 2964/2831/2767 3074/2827/2765
f 3074/2827/2765 2964/2831/2767 2407/2832/2768 2965/2688/2769
f 2966/2829/2766 3074/2827/2765 2965/2688/2769 2406/2833/2770
f 2398/2828/2736 2948/2669/2735 3075/2827/2771 2969/2829/2772
f 2948/2669/2735 2399/2830/2734 2967/2831/2773 3075/2827/2771
f 3075/2827/2771 2967/2831/2773 2409/2832/2774 2968/2688/2775
f 2969/2829/2772 3075/2827/2771 2968/2688/2775 2408/2833/2776
f 2517/2828/2777 2970/2858/2778 3076/2827/2779 2973/2829/2780
f 2970/2858/2778 2516/2859/2781 2971/2860/2782 3076/2827/2779
f 3076/2827/2779 2971/2860/2782 2518/2861/2783 2972/2862/2784
f 2973/2829/2780 3076/2827/2779 2972/2862/2784 2519/2833/2785
f 2397/2828/2728 2953/2669/2744 3077/2827/2786 2964/2829/2767
f 2953/2669/2744 2401/2830/2743 2974/2831/2787 3077/2827/2786
f 3077/2827/2786 2974/2831/2787 2411/2832/2788 2526/2688/2789
f 2964/2829/2767 3077/2827/2786 2526/2688/2789 2407/2833/2768
f 2520/2863/2790 2527/2858/2791 3078/2827/2792 2529/2864/2793
f 2527/2858/2791 2517/2830/2777 2973/2831/2780 3078/2827/2792
f 3078/2827/2792 2973/2831/2780 2519/2832/2785 2528/2862/2794
f 2529/2864/2793 3078/2827/2792 2528/2862/2794 2521/2865/2795
f 2402/2828/2750 2955/2669/2749 3079/2827/2796 2531/2829/2797
f 2955/2669/2749 2396/2830/2730 2966/2831/2766 3079/2827/2796
f 3079/2827/2796 2966/2831/2766 2406/2832/2770 2530/2688/2798
f 2531/2829/2797 3079/2827/2796 2530/2688/2798 2412/2833/2799
f 2399/2828/2734 2958/2669/2754 3080/2827/2800 2967/2829/2773
f 2958/2669/2754 2403/2830/2753 2532/2831/2801 3080/2827/2800
f 3080/2827/2800 2532/2831/2801 2413/2832/2802 2533/2688/2803
f 2967/2829/2773 3080/2827/2800 2533/2688/2803 2409/2833/2774
f 2404/2828/2760 2960/2669/2759 3081/2827/2804 2535/2829/2805
f 2960/2669/2759 2402/2830/2750 2531/2831/2797 3081/2827/2804
f 3081/2827/2804 2531/2831/2797 2412/2832/2799 2534/2688/2806
f 2535/2829/2805 3081/2827/2804 2534/2688/2806 2414/2833/2807
f 2403/2828/2753 2963/2669/2764 3082/2827/2808 2532/2829/2801
f 2963/2669/2764 2405/2830/2763 2536/2831/2809 3082/2827/2808
f 3082/2827/2808 2536/2831/2809 2415/2832/2810 2537/2688/2811
f 2532/2829/2801 3082/2827/2808 2537/2688/2811 2413/2833/2802
f 2406/2828/2770 2965/2669/2769 3083/2827/2812 2540/2829/2813
f 2965/2669/2769 2407/2830/2768 2538/2831/2814 3083/2827/2812
f 3083/2827/2812 2538/2831/2814 2417/2832/2815 2539/2688/2816
f 2540/2829/2813 3083/2827/2812 2539/2688/2816 2416/2833/2817
f 2408/2828/2776 2968/2669/2775 3084/2827/2818 2543/2829/2819
f 2968/2669/2775 2409/2830/2774 2541/2831/2820 3084/2827/2818
f 3084/2827/2818 2541/2831/2820 2419/2832/2821 2542/2688/2822
f 2543/2829/2819 3084/2827/2818 2542/2688/2822 2418/2833/2823
f 2410/2828/2824 2544/2669/2825 3085/2827/2826 2546/2829/2827
f 2544/2669/2825 2408/2830/2776 2543/2831/2819 3085/2827/2826
f 3085/2827/2826 2543/2831/2819 2418/2832/2823 2545/2688/2828
f 2546/2829/2827 3085/2827/2826 2545/2688/2828 2420/2833/2829
f 2407/2828/2768 2526/2669/2789 3086/2827/2830 2538/2829/2814
f 2526/2669/2789 2411/2830/2788 2547/2831/2831 3086/2827/2830
f 3086/2827/2830 2547/2831/2831 2421/2832/2832 2548/2688/2833
f 2538/2829/2814 3086/2827/2830 2548/2688/2833 2417/2833/2815
f 2411/2828/2788 2549/2669/2834 3087/2827/2835 2547/2829/2831
f 2549/2669/2834 2410/2830/2824 2546/2831/2827 3087/2827/2835
f 3087/2827/2835 2546/2831/2827 2420/2832/2829 2550/2688/2836
f 2547/2829/2831 3087/2827/2835 2550/2688/2836 2421/2833/2832
f 2412/2828/2799 2530/2669/2798 3088/2827/2837 2552/2829/2838
f 2530/2669/2798 2406/2830/2770 2540/2831/2813 3088/2827/2837
f 3088/2827/2837 2540/2831/2813 2416/2832/2817 2551/2688/2839
f 2552/2829/2838 3088/2827/2837 2551/2688/2839 2422/2833/2840
f 2409/2828/2774 2533/2669/2803 3089/2827/2841 2541/2829/2820
f 2533/2669/2803 2413/2830/2802 2553/2831/2842 3089/2827/2841
f 3089/2827/2841 2553/2831/2842 2423/2832/2843 2554/2688/2844
f 2541/2829/2820 3089/2827/2841 2554/2688/2844 2419/2833/2821
f 2414/2828/2807 2534/2669/2806 3090/2827/2845 2556/2829/2846
f 2534/2669/2806 2412/2830/2799 2552/2831/2838 3090/2827/2845
f 3090/2827/2845 2552/2831/2838 2422/2832/2840 2555/2688/2847
f 2556/2829/2846 3090/2827/2845 2555/2688/2847 2424/2833/2848
f 2413/2828/2802 2537/2669/2811 3091/2827/2849 2553/2829/2842
f 2537/2669/2811 2415/2830/2810 2557/2831/2850 3091/2827/2849
f 3091/2827/2849 2557/2831/2850 2425/2832/2851 2558/2688/2852
f 2553/2829/2842 3091/2827/2849 2558/2688/2852 2423/2833/2843
f 2451/2866/2853 2559/2867/2854 3092/2868/2855 2561/2869/2856
f 2452/2870/2857 2560/2871/2858 3092/2868/2855 2559/2867/2854
f 2426/2872/2859 2561/2869/2856 3092/2868/2855 2560/2871/2858
f 2453/2873/2860 2562/2874/2861 3093/2875/2862 2564/2876/2863
f 2454/2877/2864 2563/2878/2865 3093/2875/2862 2562/2874/2861
f 2426/2879/2859 2564/2876/2863 3093/2875/2862 2563/2878/2865
f 2455/2880/2866 2565/2881/2867 3094/2882/2868 2566/2883/2869
f 2453/2884/2860 2564/2885/2863 3094/2882/2868 2565/2881/2867
f 2426/2886/2859 2566/2883/2869 3094/2882/2868 2564/2885/2863
f 2452/2887/2857 2567/2888/2870 3095/2889/2871 2560/2890/2858
f 2456/2891/2872 2568/2892/2873 3095/2889/2871 2567/2888/2870
f 2426/2893/2859 2560/2890/2858 3095/2889/2871 2568/2892/2873
f 2456/2894/2872 2569/2895/2874 3096/2896/2875 2568/2897/2873
f 2455/2898/2866 2566/2899/2869 3096/2896/2875 2569/2895/2874
f 2426/2900/2859 2568/2897/2873 3096/2896/2875 2566/2899/2869
f 2457/2901/2876 2570/2902/2877 3097/2903/2878 2571/2904/2879
f 2451/2905/2853 2561/2906/2856 3097/2903/2878 2570/2902/2877
f 2426/2907/2859 2571/2904/2879 3097/2903/2878 2561/2906/2856
f 2454/2908/2864 2572/2909/2880 3098/2910/2881 2563/2911/2865
f 2458/2912/2882 2573/2913/2883 3098/2910/2881 2572/2909/2880
f 2426/2914/2859 2563/2911/2865 3098/2910/2881 2573/2913/2883
f 2459/2915/2884 2574/2916/2885 3099/2917/2886 2575/2918/2887
f 2457/2919/2876 2571/2920/2879 3099/2917/2886 2574/2916/2885
f 2426/2921/2859 2575/2918/2887 3099/2917/2886 2571/2920/2879
f 2458/2922/2882 2576/2923/2888 3100/2924/2889 2573/2925/2883
f 2460/2926/2890 2577/2927/2891 3100/2924/2889 2576/2923/2888
f 2426/2928/2859 2573/2925/2883 3100/2924/2889 2577/2927/2891
f 2395/2828/2723 2942/2929/2722 3101/2930/2892 2580/2829/2893
f 2942/2929/2722 2507/2931/2721 2578/2932/2894 3101/2930/2892
f 3101/2930/2892 2578/2932/2894 2506/2933/2895 2579/2934/2896
f 2580/2829/2893 3101/2930/2892 2579/2934/2896 2427/2833/2897
f 2394/2828/2755 2961/2669/2758 3102/2827/2898 2583/2829/2899
f 2961/2669/2758 2404/2830/2760 2581/2831/2900 3102/2827/2898
f 3102/2827/2898 2581/2831/2900 2429/2832/2901 2582/2688/2902
f 2583/2829/2899 3102/2827/2898 2582/2688/2902 2428/2833/2903
f 2405/2828/2763 2962/2669/2762 3103/2827/2904 2585/2829/2905
f 2962/2669/2762 2395/2830/2723 2580/2831/2893 3103/2827/2904
f 3103/2827/2904 2580/2831/2893 2427/2832/2897 2584/2688/2906
f 2585/2829/2905 3103/2827/2904 2584/2688/2906 2430/2833/2907
f 2404/2828/2760 2535/2669/2805 3104/2827/2908 2581/2829/2900
f 2535/2669/2805 2414/2830/2807 2586/2831/2909 3104/2827/2908
f 3104/2827/2908 2586/2831/2909 2431/2832/2910 2587/2688/2911
f 2581/2829/2900 3104/2827/2908 2587/2688/2911 2429/2833/2901
f 2415/2828/2810 2536/2669/2809 3105/2827/2912 2589/2829/2913
f 2536/2669/2809 2405/2830/2763 2585/2831/2905 3105/2827/2912
f 3105/2827/2912 2585/2831/2905 2430/2832/2907 2588/2688/2914
f 2589/2829/2913 3105/2827/2912 2588/2688/2914 2432/2833/2915
f 2414/2828/2807 2556/2669/2846 3106/2827/2916 2586/2829/2909
f 2556/2669/2846 2424/2830/2848 2590/2831/2917 3106/2827/2916
f 3106/2827/2916 2590/2831/2917 2433/2832/2918 2591/2688/2919
f 2586/2829/2909 3106/2827/2916 2591/2688/2919 2431/2833/2910
f 2425/2828/2851 2557/2669/2850 3107/2827/2920 2593/2829/2921
f 2557/2669/2850 2415/2830/2810 2589/2831/2913 3107/2827/2920
f 3107/2827/2920 2589/2831/2913 2432/2832/2915 2592/2688/2922
f 2593/2829/2921 3107/2827/2920 2592/2688/2922 2434/2833/2923
f 2461/2831/2924 2594/2935/2925 3108/2936/2926 2595/2937/2927
f 2459/2669/2884 2575/2701/2887 3108/2936/2926 2594/2935/2925
f 2426/2830/2859 2595/2937/2927 3108/2936/2926 2575/2701/2887
f 2426/2828/2859 2577/2707/2891 3109/2938/2928 2595/2939/2927
f 2460/2669/2890 2596/2940/2929 3109/2938/2928 2577/2707/2891
f 2461/2829/2924 2595/2939/2927 3109/2938/2928 2596/2940/2929
f 2461/2829/2924 2596/2940/2929 3110/2827/2930 2599/2941/2931
f 2460/2669/2890 2597/2701/2932 3110/2827/2930 2596/2940/2929
f 2425/2830/2851 2593/2831/2921 3110/2827/2930 2597/2701/2932
f 2434/2832/2923 2598/2688/2933 3110/2827/2930 2593/2831/2921
f 2435/2833/2934 2599/2941/2931 3110/2827/2930 2598/2688/2933
f 2424/2828/2848 2600/2707/2935 3111/2827/2936 2590/2829/2917
f 2459/2669/2884 2594/2935/2925 3111/2827/2936 2600/2707/2935
f 2461/2831/2924 2599/2942/2931 3111/2827/2936 2594/2935/2925
f 2435/2832/2934 2601/2688/2937 3111/2827/2936 2599/2942/2931
f 2433/2833/2918 2590/2829/2917 3111/2827/2936 2601/2688/2937
f 2424/2828/2848 2555/2669/2847 3112/2943/2938 2600/2944/2935
f 2555/2669/2847 2422/2830/2840 2602/2945/2939 3112/2943/2938
f 3112/2943/2938 2602/2945/2939 2457/2919/2876 2574/2916/2885
f 2600/2944/2935 3112/2943/2938 2574/2916/2885 2459/2915/2884
f 2422/2828/2840 2551/2669/2839 3113/2946/2940 2602/2947/2939
f 2551/2669/2839 2416/2830/2817 2603/2948/2941 3113/2946/2940
f 3113/2946/2940 2603/2948/2941 2451/2905/2853 2570/2902/2877
f 2602/2947/2939 3113/2946/2940 2570/2902/2877 2457/2901/2876
f 2416/2828/2817 2539/2669/2816 3114/2949/2942 2603/2950/2941
f 2539/2669/2816 2417/2830/2815 2604/2951/2943 3114/2949/2942
f 3114/2949/2942 2604/2951/2943 2452/2870/2857 2559/2867/2854
f 2603/2950/2941 3114/2949/2942 2559/2867/2854 2451/2866/2853
f 2417/2828/2815 2548/2669/2833 3115/2952/2944 2604/2953/2943
f 2548/2669/2833 2421/2830/2832 2605/2954/2945 3115/2952/2944
f 3115/2952/2944 2605/2954/2945 2456/2891/2872 2567/2888/2870
f 2604/2953/2943 3115/2952/2944 2567/2888/2870 2452/2887/2857
f 2421/2828/2832 2550/2669/2836 3116/2955/2946 2605/2956/2945
f 2550/2669/2836 2420/2830/2829 2606/2957/2947 3116/2955/2946
f 3116/2955/2946 2606/2957/2947 2455/2898/2866 2569/2895/2874
f 2605/2956/2945 3116/2955/2946 2569/2895/2874 2456/2894/2872
f 2420/2828/2829 2545/2669/2828 3117/2958/2948 2606/2959/2947
f 2545/2669/2828 2418/2830/2823 2607/2960/2949 3117/2958/2948
f 3117/2958/2948 2607/2960/2949 2453/2884/2860 2565/2881/2867
f 2606/2959/2947 3117/2958/2948 2565/2881/2867 2455/2880/2866
f 2418/2828/2823 2542/2669/2822 3118/2961/2950 2607/2962/2949
f 2542/2669/2822 2419/2830/2821 2608/2963/2951 3118/2961/2950
f 3118/2961/2950 2608/2963/2951 2454/2877/2864 2562/2874/2861
f 2607/2962/2949 3118/2961/2950 2562/2874/2861 2453/2873/2860
f 2419/2828/2821 2554/2669/2844 3119/2964/2952 2608/2965/2951
f 2554/2669/2844 2423/2830/2843 2609/2966/2953 3119/2964/2952
f 3119/2964/2952 2609/2966/2953 2458/2912/2882 2572/2909/2880
f 2608/2965/2951 3119/2964/2952 2572/2909/2880 2454/2908/2864
f 2423/2828/2843 2558/2669/2852 3120/2967/2954 2609/2968/2953
f 2558/2669/2852 2425/2830/2851 2597/2969/2932 3120/2967/2954
f 3120/2967/2954 2597/2969/2932 2460/2926/2890 2576/2923/2888
f 2609/2968/2953 3120/2967/2954 2576/2923/2888 2458/2922/2882
f 2465/2984/2964 2615/2985/2965 3124/2986/2966 2618/2987/2967
f 2615/2985/2965 2466/2988/2968 2616/2989/2969 3124/2986/2966
f 3124/2986/2966 2616/2989/2969 2472/2833/2970 2617/2990/2971
f 2618/2987/2967 3124/2986/2966 2617/2990/2971 2471/2991/2972
f 2466/2992/2968 2615/2993/2965 3125/2994/2973 2621/2995/2974
f 2615/2993/2965 2465/2996/2964 2619/2997/2975 3125/2994/2973
f 3125/2994/2973 2619/2997/2975 2467/2998/2976 2620/2999/2977
f 2621/2995/2974 3125/2994/2973 2620/2999/2977 2468/2832/2978
f 2468/3000/2978 2620/3001/2977 3126/3002/2979 2624/3003/2980
f 2620/3001/2977 2467/3004/2976 2622/3005/2981 3126/3002/2979
f 3126/3002/2979 2622/3005/2981 2469/3006/2982 2623/3007/2983
f 2624/3003/2980 3126/3002/2979 2623/3007/2983 2470/3008/2984
f 2470/2833/2984 2623/3009/2983 3127/3010/2985 2627/3011/2986
f 2623/3009/2983 2469/3012/2982 2625/3013/2987 3127/3010/2985
f 3127/3010/2985 2625/3013/2987 2475/3014/2988 2626/3015/2989
f 2627/3011/2986 3127/3010/2985 2626/3015/2989 2476/3016/2990
f 2471/3017/2972 2617/3018/2971 3128/3019/2991 2630/3020/2992
f 2617/3018/2971 2472/3021/2970 2628/3022/2993 3128/3019/2991
f 3128/3019/2991 2628/3022/2993 2474/3023/2994 2629/3024/2995
f 2630/3020/2992 3128/3019/2991 2629/3024/2995 2473/3025/2996
f 2473/3026/2996 2629/3027/2995 3129/3028/2997 2633/3029/2998
f 2629/3027/2995 2474/2832/2994 2631/3030/2999 3129/3028/2997
f 3129/3028/2997 2631/3030/2999 2478/3031/3000 2632/3032/3001
f 2633/3029/2998 3129/3028/2997 2632/3032/3001 2477/3033/3002
f 2476/3034/2990 2626/3035/2989 3130/3036/3003 2636/3037/3004
f 2626/3035/2989 2475/3038/2988 2634/3039/3005 3130/3036/3003
f 3130/3036/3003 2634/3039/3005 2479/3040/3006 2635/3041/3007
f 2636/3037/3004 3130/3036/3003 2635/3041/3007 2480/3042/3008
f 2477/3043/3002 2632/3044/3001 3131/3045/3009 2639/3046/3010
f 2632/3044/3001 2478/3047/3000 2637/3048/3011 3131/3045/3009
f 3131/3045/3009 2637/3048/3011 2484/3049/3012 2638/3050/3013
f 2639/3046/3010 3131/3045/3009 2638/3050/3013 2483/3051/3014
f 2480/3052/3008 2635/3053/3007 3132/3054/3015 2642/3055/3016
f 2635/3053/3007 2479/3056/3006 2640/3057/3017 3132/3054/3015
f 3132/3054/3015 2640/3057/3017 2481/3058/3018 2641/3059/3019
f 2642/3055/3016 3132/3054/3015 2641/3059/3019 2482/3060/3020
f 2482/3061/3020 2641/3062/3019 3133/3063/3021 2645/3064/3022
f 2641/3062/3019 2481/3065/3018 2643/3066/3023 3133/3063/3021
f 3133/3063/3021 2643/3066/3023 2485/3067/3024 2644/3068/3025
f 2645/3064/3022 3133/3063/3021 2644/3068/3025 2486/3069/3026
f 2483/3070/3014 2638/3071/3013 3134/3072/3027 2648/3073/3028
f 2638/3071/3013 2484/3074/3012 2646/3075/3029 3134/3072/3027
f 3134/3072/3027 2646/3075/3029 2488/3076/3030 2647/3077/3031
f 2648/3073/3028 3134/3072/3027 2647/3077/3031 2487/3078/3032
f 2486/3079/3026 2644/3080/3025 3135/3081/3033 2651/3082/3034
f 2644/3080/3025 2485/3083/3024 2649/3084/3035 3135/3081/3033
f 3135/3081/3033 2649/3084/3035 2489/3085/3036 2650/3086/3037
f 2651/3082/3034 3135/3081/3033 2650/3086/3037 2490/3087/3038
f 2487/3088/3032 2647/3089/3031 3136/3090/3039 2654/3091/3040
f 2647/3089/3031 2488/3092/3030 2652/3093/3041 3136/3090/3039
f 3136/3090/3039 2652/3093/3041 2492/2833/3042 2653/3094/3043
f 2654/3091/3040 3136/3090/3039 2653/3094/3043 2491/3095/3044
f 2490/3096/3038 2650/3097/3037 3137/3098/3045 2657/3099/3046
f 2650/3097/3037 2489/3100/3036 2655/3101/3047 3137/3098/3045
f 3137/3098/3045 2655/3101/3047 2493/3102/3048 2656/3103/3049
f 2657/3099/3046 3137/3098/3045 2656/3103/3049 2494/3104/3050
f 2491/3105/3044 2653/3106/3043 3138/3107/3051 2659/3108/3052
f 2653/3106/3043 2492/3109/3042 2658/3110/3053 3138/3107/3051
f 3138/3107/3051 2658/3110/3053 2494/3111/3050 2656/3112/3049
f 2659/3108/3052 3138/3107/3051 2656/3112/3049 2493/3113/3048
f 2427/3114/2897 2579/3115/2896 3139/3116/3054 2662/3117/3055
f 2506/3118/2895 2660/3119/3056 3139/3116/3054 2579/3115/2896
f 2505/3120/3057 2661/3121/3058 3139/3116/3054 2660/3119/3056
f 2473/3026/2996 2633/3029/2998 3139/3116/3054 2661/3121/3058
f 2477/3033/3002 2662/3117/3055 3139/3116/3054 2633/3029/2998
f 2394/2828/2755 2583/3122/2899 3140/3123/3059 2664/3124/3060
f 2583/3122/2899 2428/3125/2903 2663/3126/3061 3140/3123/3059
f 3140/3123/3059 2663/3126/3061 2479/3040/3006 2634/3039/3005
f 2664/3124/3060 3140/3123/3059 2634/3039/3005 2475/3038/2988
f 2428/3127/2903 2582/3128/2902 3141/3129/3062 2663/3130/3061
f 2582/3128/2902 2429/2830/2901 2665/3131/3063 3141/3129/3062
f 3141/3129/3062 2665/3131/3063 2481/3058/3018 2640/3057/3017
f 2663/3130/3061 3141/3129/3062 2640/3057/3017 2479/3056/3006
f 2430/2828/2907 2584/3132/2906 3142/3133/3064 2666/3134/3065
f 2584/3132/2906 2427/3135/2897 2662/3136/3055 3142/3133/3064
f 3142/3133/3064 2662/3136/3055 2477/3043/3002 2639/3046/3010
f 2666/3134/3065 3142/3133/3064 2639/3046/3010 2483/3051/3014
f 2429/2828/2901 2587/3137/2911 3143/3138/3066 2665/3139/3063
f 2587/3137/2911 2431/3140/2910 2667/3141/3067 3143/3138/3066
f 3143/3138/3066 2667/3141/3067 2485/3067/3024 2643/3066/3023
f 2665/3139/3063 3143/3138/3066 2643/3066/3023 2481/3065/3018
f 2432/3142/2915 2588/3143/2914 3144/3144/3068 2668/3145/3069
f 2588/3143/2914 2430/2830/2907 2666/3146/3065 3144/3144/3068
f 3144/3144/3068 2666/3146/3065 2483/3070/3014 2648/3073/3028
f 2668/3145/3069 3144/3144/3068 2648/3073/3028 2487/3078/3032
f 2431/2828/2910 2591/3147/2919 3145/3148/3070 2667/3149/3067
f 2591/3147/2919 2433/3150/2918 2669/3151/3071 3145/3148/3070
f 3145/3148/3070 2669/3151/3071 2489/3085/3036 2649/3084/3035
f 2667/3149/3067 3145/3148/3070 2649/3084/3035 2485/3083/3024
f 2434/3152/2923 2592/3153/2922 3146/3154/3072 2670/3155/3073
f 2592/3153/2922 2432/3156/2915 2668/3157/3069 3146/3154/3072
f 3146/3154/3072 2668/3157/3069 2487/3088/3032 2654/3091/3040
f 2670/3155/3073 3146/3154/3072 2654/3091/3040 2491/3095/3044
f 2433/3158/2918 2601/3159/2937 3147/3160/3074 2669/3161/3071
f 2601/3159/2937 2435/2830/2934 2671/3162/3075 3147/3160/3074
f 3147/3160/3074 2671/3162/3075 2493/3102/3048 2655/3101/3047
f 2669/3161/3071 3147/3160/3074 2655/3101/3047 2489/3100/3036
f 2435/2828/2934 2598/3163/2933 3148/3164/3076 2671/3165/3075
f 2598/3163/2933 2434/3166/2923 2670/3167/3073 3148/3164/3076
f 3148/3164/3076 2670/3167/3073 2491/3105/3044 2659/3108/3052
f 2671/3165/3075 3148/3164/3076 2659/3108/3052 2493/3113/3048
f 2499/3274/3137 2702/3275/3138 3164/3276/3139 2704/3277/3140
f 2502/3278/3141 2703/3279/3142 3164/3276/3139 2702/3275/3138
f 2394/2830/2755 2664/3280/3060 3164/3276/3139 2703/3279/3142
f 2475/3014/2988 2625/3013/2987 3164/3276/3139 2664/3280/3060
f 2469/3012/2982 2704/3277/3140 3164/3276/3139 2625/3013/2987
f 2502/3281/3141 2705/3282/3143 3165/3283/3144 2703/3284/3142
f 2501/3285/2680 2920/3286/2679 3165/3283/3144 2705/3282/3143
f 2384/3287/2672 2938/2831/2712 3165/3283/3144 2920/3286/2679
f 2392/2832/2714 2959/2688/2756 3165/3283/3144 2938/2831/2712
f 2394/2833/2755 2703/3284/3142 3165/3283/3144 2959/2688/2756
f 2495/3288/3145 2706/3289/3146 3166/3290/3147 2709/3291/3148
f 2706/3289/3146 2496/3292/3149 2707/3293/3150 3166/3290/3147
f 3166/3290/3147 2707/3293/3150 2504/2833/3151 2708/3294/3152
f 2709/3291/3148 3166/3290/3147 2708/3294/3152 2503/3295/3153
f 2496/2833/3149 2706/3296/3146 3167/3297/3154 2712/2688/3155
f 2706/3296/3146 2495/3298/3145 2710/3299/3156 3167/3297/3154
f 3167/3297/3154 2710/3299/3156 2497/3300/3157 2711/3301/3158
f 2712/2688/3155 3167/3297/3154 2711/3301/3158 2498/2832/3159
f 2498/3302/3159 2711/3303/3158 3168/3304/3160 2715/3305/3161
f 2711/3303/3158 2497/3306/3157 2713/3307/3162 3168/3304/3160
f 3168/3304/3160 2713/3307/3162 2500/3308/2682 2714/3309/3163
f 2715/3305/3161 3168/3304/3160 2714/3309/3163 2499/3310/3137
f 2503/3311/3153 2708/3312/3152 3169/3313/3164 2718/3314/3165
f 2708/3312/3152 2504/3315/3151 2716/3316/3166 3169/3313/3164
f 3169/3313/3164 2716/3316/3166 2505/3317/3057 2717/3318/3167
f 2718/3314/3165 3169/3313/3164 2717/3318/3167 2509/3319/2685
f 2373/2828/2630 2895/2669/2629 3170/3320/3168 2720/3321/3169
f 2895/2669/2629 2374/2830/2628 2719/3322/3170 3170/3320/3168
f 3170/3320/3168 2719/3322/3170 2497/3300/3157 2710/3299/3156
f 2720/3321/3169 3170/3320/3168 2710/3299/3156 2495/3298/3145
f 2374/2828/2628 2899/2669/2636 3171/3323/3171 2719/3324/3170
f 2899/2669/2636 2375/2830/2634 2922/3325/2678 3171/3323/3171
f 3171/3323/3171 2922/3325/2678 2500/3308/2682 2713/3307/3162
f 2719/3324/3170 3171/3323/3171 2713/3307/3162 2497/3306/3157
f 2376/2828/2640 2900/2669/2639 3172/3326/3172 2721/3327/3173
f 2900/2669/2639 2373/2830/2630 2720/3328/3169 3172/3326/3172
f 3172/3326/3172 2720/3328/3169 2495/3288/3145 2709/3291/3148
f 2721/3327/3173 3172/3326/3172 2709/3291/3148 2503/3295/3153
f 2377/2828/2643 2904/2669/2646 3173/3329/3174 2923/3330/2684
f 2904/2669/2646 2376/2830/2640 2721/3331/3173 3173/3329/3174
f 3173/3329/3174 2721/3331/3173 2503/3311/3153 2718/3314/3165
f 2923/3330/2684 3173/3329/3174 2718/3314/3165 2509/3319/2685
f 2496/3332/3149 2712/3333/3155 3174/3334/3175 2723/3335/3176
f 2712/3333/3155 2498/3336/3159 2722/3337/3177 3174/3334/3175
f 3174/3334/3175 2722/3337/3177 2467/2998/2976 2619/2997/2975
f 2723/3335/3176 3174/3334/3175 2619/2997/2975 2465/2996/2964
f 2498/3338/3159 2715/3339/3161 3175/3340/3178 2722/3341/3177
f 2715/3339/3161 2499/3342/3137 2704/3343/3140 3175/3340/3178
f 3175/3340/3178 2704/3343/3140 2469/3006/2982 2622/3005/2981
f 2722/3341/3177 3175/3340/3178 2622/3005/2981 2467/3004/2976
f 2504/3344/3151 2707/3345/3150 3176/3346/3179 2724/3347/3180
f 2707/3345/3150 2496/3348/3149 2723/3349/3176 3176/3346/3179
f 3176/3346/3179 2723/3349/3176 2465/2984/2964 2618/2987/2967
f 2724/3347/3180 3176/3346/3179 2618/2987/2967 2471/2991/2972
f 2505/3350/3057 2716/3351/3166 3177/3352/3181 2661/3353/3058
f 2716/3351/3166 2504/3354/3151 2724/3355/3180 3177/3352/3181
f 3177/3352/3181 2724/3355/3180 2471/3017/2972 2630/3020/2992
f 2661/3353/3058 3177/3352/3181 2630/3020/2992 2473/3025/2996
f 2499/3356/3137 2714/3357/3163 3178/3358/3182 2702/3359/3138
f 2714/3357/3163 2500/2841/2682 2921/2840/2681 3178/3358/3182
f 3178/3358/3182 2921/2840/2681 2501/2839/2680 2705/3360/3143
f 2702/3359/3138 3178/3358/3182 2705/3360/3143 2502/3361/3141
f 2505/3362/3057 2660/3363/3056 3179/3364/3183 2717/3365/3167
f 2506/3366/2895 2578/3367/2894 3179/3364/3183 2660/3363/3056
f 2507/3368/2721 2941/3369/2720 3179/3364/3183 2578/3367/2894
f 2508/2847/2687 2924/2846/2686 3179/3364/3183 2941/3369/2720
f 2509/2845/2685 2717/3365/3167 3179/3364/3183 2924/2846/2686
f 2400/2828/2740 2950/2669/2739 3180/2669/3184 2727/2828/3185
f 2950/2669/2739 2398/2830/2736 2725/2775/3186 3180/2669/3184
f 3180/2669/3184 2725/2775/3186 2510/2775/3187 2726/2669/3188
f 2727/2828/3185 3180/2669/3184 2726/2669/3188 2511/2828/3189
f 2398/2830/2736 2969/2831/2772 3181/2831/3190 2725/2775/3186
f 2969/2831/2772 2408/2832/2776 2728/3370/3191 3181/2831/3190
f 3181/2831/3190 2728/3370/3191 2512/3370/3192 2729/2831/3193
f 2725/2775/3186 3181/2831/3190 2729/2831/3193 2510/2775/3187
f 2408/2832/2776 2544/2688/2825 3182/2688/3194 2728/3370/3191
f 2544/2688/2825 2410/2833/2824 2730/2833/3195 3182/2688/3194
f 3182/2688/3194 2730/2833/3195 2513/2833/3196 2731/2688/3197
f 2728/3370/3191 3182/2688/3194 2731/2688/3197 2512/3370/3192
f 2401/2828/2743 2954/2669/2746 3183/2669/3198 2733/2709/3199
f 2954/2669/2746 2400/2830/2740 2727/2830/3185 3183/2669/3198
f 3183/2669/3198 2727/2830/3185 2511/2830/3189 2732/2669/3200
f 2733/2709/3199 3183/2669/3198 2732/2669/3200 2514/2709/3201
f 2410/2832/2824 2549/2688/2834 3184/2688/3202 2730/2832/3195
f 2549/2688/2834 2411/2833/2788 2734/3371/3203 3184/2688/3202
f 3184/2688/3202 2734/3371/3203 2515/3371/3204 2735/2688/3205
f 2730/2832/3195 3184/2688/3202 2735/2688/3205 2513/2832/3196
f 2411/2833/2788 2974/2829/2787 3185/2829/3206 2734/3371/3203
f 2974/2829/2787 2401/2828/2743 2733/2709/3199 3185/2829/3206
f 3185/2829/3206 2733/2709/3199 2514/2709/3201 2736/2829/3207
f 2734/3371/3203 3185/2829/3206 2736/2829/3207 2515/3371/3204
f 2511/2828/3189 2726/2669/3188 3186/2669/3208 2738/2828/3209
f 2726/2669/3188 2510/2775/3187 2737/2775/3210 3186/2669/3208
f 3186/2669/3208 2737/2775/3210 2516/2859/2781 2970/2858/2778
f 2738/2828/3209 3186/2669/3208 2970/2858/2778 2517/2828/2777
f 2510/2775/3187 2729/2831/3193 3187/2831/3211 2737/2775/3210
f 2729/2831/3193 2512/3370/3192 2739/3370/3212 3187/2831/3211
f 3187/2831/3211 2739/3370/3212 2518/2861/2783 2971/2860/2782
f 2737/2775/3210 3187/2831/3211 2971/2860/2782 2516/2859/2781
f 2512/3370/3192 2731/2688/3197 3188/2688/3213 2739/3370/3212
f 2731/2688/3197 2513/2833/3196 2740/2833/3214 3188/2688/3213
f 3188/2688/3213 2740/2833/3214 2519/2833/2785 2972/2862/2784
f 2739/3370/3212 3188/2688/3213 2972/2862/2784 2518/2861/2783
f 2514/2709/3201 2732/2669/3200 3189/2669/3215 2741/2709/3216
f 2732/2669/3200 2511/2830/3189 2738/2830/3209 3189/2669/3215
f 3189/2669/3215 2738/2830/3209 2517/2830/2777 2527/2858/2791
f 2741/2709/3216 3189/2669/3215 2527/2858/2791 2520/2863/2790
f 2513/2832/3196 2735/2688/3205 3190/2688/3217 2740/2832/3214
f 2735/2688/3205 2515/3371/3204 2742/3371/3218 3190/2688/3217
f 3190/2688/3217 2742/3371/3218 2521/2865/2795 2528/2862/2794
f 2740/2832/3214 3190/2688/3217 2528/2862/2794 2519/2832/2785
f 2515/3371/3204 2736/2829/3207 3191/2829/3219 2742/3371/3218
f 2736/2829/3207 2514/2709/3201 2741/2709/3216 3191/2829/3219
f 3191/2829/3219 2741/2709/3216 2520/2863/2790 2529/2864/2793
f 2742/3371/3218 3191/2829/3219 2529/2864/2793 2521/2865/2795
usemtl pasted__lambert8
f 2466/3168/2968 2621/3169/2974 3149/3170/3077 2674/3171/3078
f 2621/3169/2974 2468/3172/2978 2672/3173/3079 3149/3170/3077
f 3149/3170/3077 2672/3173/3079 2437/2832/3080 2673/3174/3081
f 2674/3171/3078 3149/3170/3077 2673/3174/3081 2436/3175/3082
f 2468/3176/2978 2624/3177/2980 3150/3178/3083 2672/3179/3079
f 2624/3177/2980 2470/3180/2984 2675/3181/3084 3150/3178/3083
f 3150/3178/3083 2675/3181/3084 2438/3182/3085 2676/3183/3086
f 2672/3179/3079 3150/3178/3083 2676/3183/3086 2437/2833/3080
f 2472/3184/2970 2616/3185/2969 3151/3186/3087 2678/3187/3088
f 2616/3185/2969 2466/3188/2968 2674/3189/3078 3151/3186/3087
f 3151/3186/3087 2674/3189/3078 2436/3190/3082 2677/3174/3089
f 2678/3187/3088 3151/3186/3087 2677/3174/3089 2439/2833/3090
f 2474/3191/2994 2628/3192/2993 3152/3193/3091 2680/3194/3092
f 2628/3192/2993 2472/3195/2970 2678/3196/3088 3152/3193/3091
f 3152/3193/3091 2678/3196/3088 2439/2832/3090 2679/2688/3093
f 2680/3194/3092 3152/3193/3091 2679/2688/3093 2440/2833/3094
f 2470/3197/2984 2627/3198/2986 3153/3199/3095 2675/3200/3084
f 2627/3198/2986 2476/3201/2990 2681/3202/3096 3153/3199/3095
f 3153/3199/3095 2681/3202/3096 2441/2832/3097 2682/3203/3098
f 2675/3200/3084 3153/3199/3095 2682/3203/3098 2438/3204/3085
f 2478/3205/3000 2631/3206/2999 3154/3207/3099 2684/3208/3100
f 2631/3206/2999 2474/3209/2994 2680/3210/3092 3154/3207/3099
f 3154/3207/3099 2680/3210/3092 2440/2832/3094 2683/3203/3101
f 2684/3208/3100 3154/3207/3099 2683/3203/3101 2442/3211/3102
f 2476/3212/2990 2636/3213/3004 3155/3214/3103 2681/3215/3096
f 2636/3213/3004 2480/3216/3008 2685/3217/3104 3155/3214/3103
f 3155/3214/3103 2685/3217/3104 2443/2832/3105 2686/2688/3106
f 2681/3215/3096 3155/3214/3103 2686/2688/3106 2441/2833/3097
f 2480/3218/3008 2642/3219/3016 3156/3220/3107 2685/3221/3104
f 2642/3219/3016 2482/3222/3020 2687/3223/3108 3156/3220/3107
f 3156/3220/3107 2687/3223/3108 2444/3224/3109 2688/3203/3110
f 2685/3221/3104 3156/3220/3107 2688/3203/3110 2443/2833/3105
f 2484/3225/3012 2637/3226/3011 3157/3227/3111 2690/3228/3112
f 2637/3226/3011 2478/3229/3000 2684/3230/3100 3157/3227/3111
f 3157/3227/3111 2684/3230/3100 2442/3224/3102 2689/3203/3113
f 2690/3228/3112 3157/3227/3111 2689/3203/3113 2445/2833/3114
f 2482/3231/3020 2645/3232/3022 3158/3233/3115 2687/3234/3108
f 2645/3232/3022 2486/3235/3026 2691/3236/3116 3158/3233/3115
f 3158/3233/3115 2691/3236/3116 2446/3237/3117 2692/3238/3118
f 2687/3234/3108 3158/3233/3115 2692/3238/3118 2444/3239/3109
f 2488/3240/3030 2646/3241/3029 3159/3242/3119 2694/3243/3120
f 2646/3241/3029 2484/3244/3012 2690/3245/3112 3159/3242/3119
f 3159/3242/3119 2690/3245/3112 2445/2832/3114 2693/3246/3121
f 2694/3243/3120 3159/3242/3119 2693/3246/3121 2447/3247/3122
f 2486/3248/3026 2651/3249/3034 3160/3250/3123 2691/3251/3116
f 2651/3249/3034 2490/3252/3038 2695/3253/3124 3160/3250/3123
f 3160/3250/3123 2695/3253/3124 2448/3254/3125 2696/3203/3126
f 2691/3251/3116 3160/3250/3123 2696/3203/3126 2446/3255/3117
f 2492/3256/3042 2652/3257/3041 3161/3258/3127 2698/3259/3128
f 2652/3257/3041 2488/3260/3030 2694/3261/3120 3161/3258/3127
f 3161/3258/3127 2694/3261/3120 2447/2832/3122 2697/2688/3129
f 2698/3259/3128 3161/3258/3127 2697/2688/3129 2449/2833/3130
f 2490/3262/3038 2657/3263/3046 3162/3264/3131 2695/3265/3124
f 2657/3263/3046 2494/3266/3050 2699/3267/3132 3162/3264/3131
f 3162/3264/3131 2699/3267/3132 2450/2832/3133 2700/2688/3134
f 2695/3265/3124 3162/3264/3131 2700/2688/3134 2448/2833/3125
f 2494/3268/3050 2658/3269/3053 3163/3270/3135 2699/3271/3132
f 2658/3269/3053 2492/3272/3042 2698/3273/3128 3163/3270/3135
f 3163/3270/3135 2698/3273/3128 2449/2832/3130 2701/2688/3136
f 2699/3271/3132 3163/3270/3135 2701/2688/3136 2450/2833/3133
o pasted__pasted__pCone3.001
v 0.007145 0.049421 -0.071026
v 0.006356 0.048665 -0.071182
v 0.005255 0.048663 -0.071119
v 0.004486 0.049414 -0.070874
v 0.004500 0.050480 -0.070591
v 0.005288 0.051236 -0.070436
v 0.006389 0.051239 -0.070498
v 0.007158 0.050487 -0.070743
v 0.005666 0.053187 -0.094039
v 0.006591 0.051206 -0.078840
v 0.005962 0.050603 -0.078964
v 0.005083 0.050601 -0.078914
v 0.004469 0.051201 -0.078719
v 0.004479 0.052052 -0.078493
v 0.005109 0.052655 -0.078369
v 0.005988 0.052657 -0.078419
v 0.006601 0.052057 -0.078614
v 0.005822 0.053193 -0.086447
v 0.005440 0.052827 -0.086522
v 0.004907 0.052826 -0.086492
v 0.004535 0.053190 -0.086374
v 0.004542 0.053706 -0.086237
v 0.004923 0.054072 -0.086161
v 0.005456 0.054073 -0.086192
v 0.005828 0.053709 -0.086310
v 0.005656 0.053499 -0.090949
v 0.005464 0.053315 -0.090987
v 0.005196 0.053315 -0.090972
v 0.005009 0.053498 -0.090912
v 0.005012 0.053757 -0.090843
v 0.005204 0.053941 -0.090805
v 0.005472 0.053942 -0.090821
v 0.005659 0.053759 -0.090880
v 0.004349 0.051106 -0.073513
v 0.004390 0.051626 -0.078601
v 0.005168 0.051891 -0.073351
v 0.004735 0.052410 -0.078412
v 0.006313 0.051894 -0.073417
v 0.005549 0.052737 -0.078372
v 0.007113 0.051112 -0.073671
v 0.006355 0.052414 -0.078504
v 0.006680 0.051632 -0.078732
v 0.005655 0.051877 -0.083130
v 0.005667 0.052976 -0.086496
v 0.006145 0.052347 -0.083033
v 0.004970 0.051875 -0.083091
v 0.005173 0.052778 -0.086520
v 0.004492 0.052343 -0.082939
v 0.004685 0.052973 -0.086440
v 0.004501 0.053005 -0.082763
v 0.004488 0.053448 -0.086302
v 0.004991 0.053475 -0.082666
v 0.004697 0.053923 -0.086188
v 0.005675 0.053477 -0.082705
v 0.005190 0.054121 -0.086163
v 0.006153 0.053010 -0.082857
v 0.005679 0.053926 -0.086244
v 0.005876 0.053451 -0.086381
v 0.005398 0.053241 -0.089040
v 0.005681 0.053512 -0.088985
v 0.005004 0.053240 -0.089018
v 0.004728 0.053509 -0.088930
v 0.004733 0.053891 -0.088829
v 0.005015 0.054162 -0.088773
v 0.005410 0.054163 -0.088795
v 0.005686 0.053894 -0.088883
v 0.007172 0.049743 -0.069858
v 0.006798 0.050642 -0.069597
v 0.005873 0.051012 -0.069445
v 0.004938 0.050637 -0.069491
v 0.004541 0.049736 -0.069708
v 0.004915 0.048837 -0.069969
v 0.005840 0.048466 -0.070121
v 0.006775 0.048841 -0.070075
v 0.005574 0.053398 -0.090896
v 0.005573 0.053249 -0.092666
v 0.005682 0.053354 -0.092644
v 0.005320 0.053296 -0.090909
v 0.005422 0.053249 -0.092657
v 0.005069 0.053397 -0.090868
v 0.005316 0.053353 -0.092624
v 0.004968 0.053641 -0.090797
v 0.005317 0.053500 -0.092585
v 0.005076 0.053885 -0.090738
v 0.005426 0.053604 -0.092563
v 0.005329 0.053987 -0.090725
v 0.005578 0.053604 -0.092572
v 0.005580 0.053887 -0.090767
v 0.005684 0.053501 -0.092605
v 0.005682 0.053643 -0.090837
v 0.006279 0.049218 -0.074127
v 0.006335 0.050847 -0.078921
v 0.007099 0.050004 -0.073965
v 0.005134 0.049215 -0.074062
v 0.005521 0.050521 -0.078961
v 0.004335 0.049997 -0.073808
v 0.004716 0.050843 -0.078828
v 0.005901 0.049467 -0.068464
v 0.005622 0.053324 -0.092349
v 0.005460 0.053259 -0.092357
v 0.005299 0.053323 -0.092330
v 0.005234 0.053479 -0.092285
v 0.005303 0.053636 -0.092247
v 0.005465 0.053701 -0.092239
v 0.005626 0.053637 -0.092266
v 0.005691 0.053480 -0.092311
v 0.006765 0.049537 -0.074070
v 0.005706 0.049111 -0.074122
v 0.004656 0.049531 -0.073950
v 0.004232 0.050551 -0.073654
v 0.004682 0.051573 -0.073408
v 0.005742 0.051998 -0.073356
v 0.006791 0.051578 -0.073528
v 0.007215 0.050558 -0.073824
v 0.005946 0.052067 -0.083096
v 0.005312 0.051813 -0.083127
v 0.004685 0.052064 -0.083024
v 0.004431 0.052674 -0.082847
v 0.004700 0.053285 -0.082700
v 0.005334 0.053539 -0.082669
v 0.005961 0.053288 -0.082772
v 0.006215 0.052678 -0.082949
v 0.005566 0.053351 -0.089021
v 0.005201 0.053204 -0.089039
v 0.004839 0.053349 -0.088979
v 0.004693 0.053700 -0.088877
v 0.004848 0.054052 -0.088793
v 0.005213 0.054199 -0.088775
v 0.005575 0.054054 -0.088834
v 0.005721 0.053703 -0.088936
vn 0.9175 -0.3970 -0.0243
vn 0.9158 -0.1137 0.3852
vn 0.0467 -0.2353 0.9708
vn 0.6400 -0.7217 0.2636
vn 0.9279 0.3493 0.1301
vn 0.6727 0.5158 0.5304
vn 0.3947 0.8817 0.2585
vn 0.0330 0.7893 0.6132
vn -0.3691 0.8846 0.2849
vn -0.6202 0.5271 0.5810
vn -0.9140 0.3564 0.1941
vn -0.8844 -0.1092 0.4538
vn -0.9191 -0.3921 0.0392
vn -0.6125 -0.7272 0.3100
vn -0.3836 -0.9193 -0.0883
vn 0.0156 -0.9724 0.2329
vn 0.3749 -0.9200 -0.1142
vn 0.9127 -0.4082 0.0176
vn 0.6898 -0.7240 0.0047
vn 0.6842 -0.7264 0.0656
vn 0.9134 -0.4054 0.0364
vn 0.3718 -0.9282 0.0167
vn 0.3691 -0.9272 0.0634
vn 0.0202 0.0718 -0.9972
vn 0.0033 -0.9996 -0.0291
vn 0.0038 -0.9995 0.0322
vn -0.3760 -0.9255 -0.0458
vn -0.3800 -0.9246 -0.0273
vn -0.7085 -0.6989 -0.0980
vn -0.7107 -0.6993 -0.0761
vn -0.9260 -0.3532 -0.1334
vn -0.9269 -0.3250 -0.1879
vn -0.9867 0.0520 -0.1541
vn -0.9797 0.0650 -0.1897
vn -0.8859 0.4267 -0.1819
vn -0.8470 0.4449 -0.2909
vn -0.6663 0.7282 -0.1604
vn -0.6491 0.7253 -0.2295
vn -0.3596 0.9170 -0.1727
vn -0.3429 0.8908 -0.2981
vn -0.0099 0.9917 -0.1281
vn -0.0144 0.9800 -0.1983
vn 0.3578 0.9260 -0.1207
vn 0.3265 0.9160 -0.2332
vn 0.6864 0.7236 -0.0718
vn 0.6755 0.7294 -0.1082
vn 0.9206 0.3881 -0.0425
vn 0.9064 0.4109 -0.0977
vn 0.9998 -0.0131 -0.0140
vn 0.9999 -0.0127 0.0080
vn 0.6989 -0.6876 -0.1969
vn 0.9181 -0.3716 -0.1379
vn 0.3722 -0.8990 -0.2306
vn 0.3691 -0.8845 -0.2855
vn 0.6946 -0.6742 -0.2510
vn 0.9141 -0.3592 -0.1882
vn -0.0113 -0.9727 -0.2318
vn -0.3919 -0.8975 -0.2023
vn -0.3934 -0.8840 -0.2525
vn -0.0129 -0.9582 -0.2858
vn -0.7157 -0.6833 -0.1445
vn -0.9278 -0.3666 -0.0696
vn -0.9277 -0.3572 -0.1083
vn -0.7147 -0.6731 -0.1900
vn -0.9999 0.0103 0.0137
vn -0.9197 0.3823 0.0898
vn -0.9197 0.3876 0.0623
vn -0.9997 0.0154 -0.0195
vn -0.6991 0.6992 0.1495
vn -0.3740 0.9093 0.1823
vn -0.3745 0.9134 0.1596
vn -0.7001 0.7029 0.1255
vn 0.0075 0.9828 0.1843
vn 0.3898 0.9079 0.1542
vn 0.3885 0.9127 0.1267
vn 0.0077 0.9870 0.1603
vn 0.7105 0.6969 0.0978
vn 0.9258 0.3774 0.0216
vn 0.9226 0.3854 -0.0175
vn 0.7097 0.7015 0.0646
vn 0.9982 0.0047 -0.0602
vn 0.9943 0.0130 -0.1059
vn 0.6954 -0.6730 -0.2519
vn 0.9151 -0.3572 -0.1870
vn 0.3690 -0.8839 -0.2873
vn 0.3722 -0.8989 -0.2311
vn 0.6995 -0.6860 -0.2004
vn 0.9190 -0.3651 -0.1487
vn -0.0142 -0.9579 -0.2869
vn -0.3956 -0.8833 -0.2515
vn -0.3962 -0.8930 -0.2134
vn -0.0126 -0.9718 -0.2355
vn -0.7168 -0.6720 -0.1859
vn -0.9290 -0.3561 -0.1008
vn -0.9304 -0.3513 -0.1048
vn -0.7185 -0.6751 -0.1673
vn -0.9998 0.0155 -0.0086
vn -0.9191 0.3866 0.0761
vn -0.9163 0.3993 0.0308
vn -0.9991 0.0258 -0.0350
vn -0.6994 0.7007 0.1411
vn -0.3742 0.9105 0.1759
vn -0.3749 0.9202 0.1129
vn -0.6971 0.7122 0.0827
vn 0.0074 0.9844 0.1758
vn 0.3875 0.9111 0.1404
vn 0.3806 0.9199 0.0946
vn 0.0027 0.9931 0.1171
vn 0.7088 0.7014 0.0754
vn 0.9221 0.3869 -0.0097
vn 0.9201 0.3915 -0.0138
vn 0.7034 0.7092 0.0488
vn 0.9947 0.0150 -0.1017
vn 0.9965 0.0134 -0.0829
vn 0.6977 -0.7107 -0.0899
vn 0.9194 -0.3872 -0.0690
vn 0.3749 -0.9206 -0.1096
vn -0.0036 -0.9922 -0.1244
vn -0.3879 -0.9120 -0.1334
vn -0.7131 -0.6885 -0.1321
vn -0.9282 -0.3516 -0.1213
vn -0.9941 0.0397 -0.1010
vn -0.9065 0.4152 -0.0765
vn -0.6854 0.7263 -0.0521
vn -0.3710 0.9281 -0.0314
vn -0.0041 0.9998 -0.0186
vn 0.3716 0.9283 -0.0136
vn 0.6958 0.7180 -0.0179
vn 0.9202 0.3903 -0.0303
vn 0.9989 -0.0013 -0.0479
vt 0.676777 0.073223
vt 0.713388 0.161612
vt 0.500000 0.250000
vt 0.588388 0.036612
vt 0.750000 0.250000
vt 0.713388 0.338388
vt 0.676777 0.426777
vt 0.588388 0.463388
vt 0.500000 0.500000
vt 0.411612 0.463388
vt 0.323223 0.426777
vt 0.286612 0.338388
vt 0.250000 0.250000
vt 0.286612 0.161612
vt 0.323223 0.073223
vt 0.411612 0.036612
vt 0.500000 0.000000
vt 0.468750 0.937500
vt 0.471517 0.934896
vt 0.481771 0.958333
vt 0.484375 0.968750
vt 0.476074 0.936198
vt 0.486328 0.963542
vt 0.500000 1.000000
vt 0.479655 0.934896
vt 0.486979 0.958333
vt 0.484049 0.936198
vt 0.490885 0.963542
vt 0.487793 0.934896
vt 0.492188 0.958333
vt 0.492025 0.936198
vt 0.495443 0.963542
vt 0.495931 0.934896
vt 0.497396 0.958333
vt 0.500000 0.936198
vt 0.500000 0.963542
vt 0.504069 0.934896
vt 0.502604 0.958333
vt 0.507975 0.936198
vt 0.504557 0.963542
vt 0.512207 0.934896
vt 0.507812 0.958333
vt 0.515951 0.936198
vt 0.509115 0.963542
vt 0.520345 0.934896
vt 0.513021 0.958333
vt 0.523926 0.936198
vt 0.513672 0.963542
vt 0.528483 0.934896
vt 0.518229 0.958333
vt 0.531250 0.937500
vt 0.515625 0.968750
vt 0.250000 0.500000
vt 0.281250 0.500000
vt 0.335938 0.625000
vt 0.312500 0.625000
vt 0.312500 0.500000
vt 0.359375 0.625000
vt 0.400391 0.734375
vt 0.383789 0.734375
vt 0.375000 0.750000
vt 0.343750 0.500000
vt 0.382812 0.625000
vt 0.375000 0.500000
vt 0.406250 0.625000
vt 0.433594 0.734375
vt 0.416992 0.734375
vt 0.406250 0.500000
vt 0.429688 0.625000
vt 0.437500 0.500000
vt 0.453125 0.625000
vt 0.466797 0.734375
vt 0.450195 0.734375
vt 0.468750 0.500000
vt 0.476562 0.625000
vt 0.500000 0.625000
vt 0.500000 0.734375
vt 0.483398 0.734375
vt 0.531250 0.500000
vt 0.523438 0.625000
vt 0.562500 0.500000
vt 0.546875 0.625000
vt 0.533203 0.734375
vt 0.516602 0.734375
vt 0.593750 0.500000
vt 0.570312 0.625000
vt 0.625000 0.500000
vt 0.593750 0.625000
vt 0.566406 0.734375
vt 0.549805 0.734375
vt 0.656250 0.500000
vt 0.617188 0.625000
vt 0.687500 0.500000
vt 0.640625 0.625000
vt 0.599609 0.734375
vt 0.583008 0.734375
vt 0.718750 0.500000
vt 0.664062 0.625000
vt 0.750000 0.500000
vt 0.687500 0.625000
vt 0.625000 0.750000
vt 0.616211 0.734375
vt 0.417969 0.812500
vt 0.406250 0.812500
vt 0.429688 0.812500
vt 0.450195 0.867188
vt 0.441895 0.867188
vt 0.437500 0.875000
vt 0.441406 0.812500
vt 0.453125 0.812500
vt 0.466797 0.867188
vt 0.458496 0.867188
vt 0.464844 0.812500
vt 0.476562 0.812500
vt 0.483398 0.867188
vt 0.475098 0.867188
vt 0.488281 0.812500
vt 0.500000 0.812500
vt 0.500000 0.867188
vt 0.491699 0.867188
vt 0.511719 0.812500
vt 0.523438 0.812500
vt 0.516602 0.867188
vt 0.508301 0.867188
vt 0.535156 0.812500
vt 0.546875 0.812500
vt 0.533203 0.867188
vt 0.524902 0.867188
vt 0.558594 0.812500
vt 0.570312 0.812500
vt 0.549805 0.867188
vt 0.541504 0.867188
vt 0.582031 0.812500
vt 0.593750 0.812500
vt 0.562500 0.875000
vt 0.558105 0.867188
vt 0.458984 0.906250
vt 0.453125 0.906250
vt 0.464844 0.906250
vt 0.470703 0.906250
vt 0.476562 0.906250
vt 0.482422 0.906250
vt 0.488281 0.906250
vt 0.494141 0.906250
vt 0.500000 0.906250
vt 0.505859 0.906250
vt 0.511719 0.906250
vt 0.517578 0.906250
vt 0.523438 0.906250
vt 0.529297 0.906250
vt 0.535156 0.906250
vt 0.541016 0.906250
vt 0.546875 0.906250
s 1
usemtl pasted__lambert6
f 3196/3387/3228 3262/3388/3229 3293/3389/3230 3269/3390/3231
f 3203/3391/3232 3263/3392/3233 3293/3389/3230 3262/3388/3229
f 3202/3393/3234 3264/3394/3235 3293/3389/3230 3263/3392/3233
f 3201/3395/3236 3265/3396/3237 3293/3389/3230 3264/3394/3235
f 3200/3397/3238 3266/3398/3239 3293/3389/3230 3265/3396/3237
f 3199/3399/3240 3267/3400/3241 3293/3389/3230 3266/3398/3239
f 3198/3401/3242 3268/3402/3243 3293/3389/3230 3267/3400/3241
f 3197/3403/3244 3269/3390/3231 3293/3389/3230 3268/3402/3243
f 3221/3404/3245 3270/3405/3246 3294/3406/3247 3272/3407/3248
f 3222/3408/3249 3271/3409/3250 3294/3406/3247 3270/3405/3246
f 3204/3410/3251 3272/3407/3248 3294/3406/3247 3271/3409/3250
f 3222/3408/3249 3273/3411/3252 3295/3412/3253 3271/3409/3250
f 3223/3413/3254 3274/3414/3255 3295/3412/3253 3273/3411/3252
f 3204/3410/3251 3271/3409/3250 3295/3412/3253 3274/3414/3255
f 3223/3413/3254 3275/3415/3256 3296/3416/3257 3274/3414/3255
f 3224/3417/3258 3276/3418/3259 3296/3416/3257 3275/3415/3256
f 3204/3410/3251 3274/3414/3255 3296/3416/3257 3276/3418/3259
f 3224/3417/3258 3277/3419/3260 3297/3420/3261 3276/3418/3259
f 3225/3421/3262 3278/3422/3263 3297/3420/3261 3277/3419/3260
f 3204/3410/3251 3276/3418/3259 3297/3420/3261 3278/3422/3263
f 3225/3421/3262 3279/3423/3264 3298/3424/3265 3278/3422/3263
f 3226/3425/3266 3280/3426/3267 3298/3424/3265 3279/3423/3264
f 3204/3410/3251 3278/3422/3263 3298/3424/3265 3280/3426/3267
f 3226/3425/3266 3281/3427/3268 3299/3428/3269 3280/3426/3267
f 3227/3429/3270 3282/3430/3271 3299/3428/3269 3281/3427/3268
f 3204/3410/3251 3280/3426/3267 3299/3428/3269 3282/3430/3271
f 3227/3429/3270 3283/3431/3272 3300/3432/3273 3282/3430/3271
f 3228/3433/3274 3284/3434/3275 3300/3432/3273 3283/3431/3272
f 3204/3410/3251 3282/3430/3271 3300/3432/3273 3284/3434/3275
f 3228/3433/3274 3285/3435/3276 3301/3436/3277 3284/3434/3275
f 3221/3437/3245 3272/3438/3248 3301/3436/3277 3285/3435/3276
f 3204/3410/3251 3284/3434/3275 3301/3436/3277 3272/3438/3248
f 3196/3439/3228 3269/3440/3231 3302/3441/3278 3288/3442/3279
f 3269/3440/3231 3197/3443/3244 3286/3444/3280 3302/3441/3278
f 3302/3441/3278 3286/3444/3280 3206/3445/3281 3287/3446/3282
f 3288/3442/3279 3302/3441/3278 3287/3446/3282 3205/3447/3283
f 3197/3443/3244 3268/3448/3243 3303/3449/3284 3286/3444/3280
f 3268/3448/3243 3198/3450/3242 3289/3451/3285 3303/3449/3284
f 3303/3449/3284 3289/3451/3285 3207/3452/3286 3290/3453/3287
f 3286/3444/3280 3303/3449/3284 3290/3453/3287 3206/3445/3281
f 3198/3450/3242 3267/3454/3241 3304/3455/3288 3289/3451/3285
f 3267/3454/3241 3199/3456/3240 3291/3457/3289 3304/3455/3288
f 3304/3455/3288 3291/3457/3289 3208/3458/3290 3292/3459/3291
f 3289/3451/3285 3304/3455/3288 3292/3459/3291 3207/3452/3286
f 3199/3456/3240 3266/3460/3239 3305/3461/3292 3291/3457/3289
f 3266/3460/3239 3200/3395/3238 3229/3462/3293 3305/3461/3292
f 3305/3461/3292 3229/3462/3293 3209/3463/3294 3230/3464/3295
f 3291/3457/3289 3305/3461/3292 3230/3464/3295 3208/3458/3290
f 3200/3395/3238 3265/3465/3237 3306/3466/3296 3229/3462/3293
f 3265/3465/3237 3201/3467/3236 3231/3468/3297 3306/3466/3296
f 3306/3466/3296 3231/3468/3297 3210/3469/3298 3232/3470/3299
f 3229/3462/3293 3306/3466/3296 3232/3470/3299 3209/3463/3294
f 3201/3467/3236 3264/3471/3235 3307/3472/3300 3231/3468/3297
f 3264/3471/3235 3202/3473/3234 3233/3474/3301 3307/3472/3300
f 3307/3472/3300 3233/3474/3301 3211/3475/3302 3234/3476/3303
f 3231/3468/3297 3307/3472/3300 3234/3476/3303 3210/3469/3298
f 3202/3473/3234 3263/3477/3233 3308/3478/3304 3233/3474/3301
f 3263/3477/3233 3203/3479/3232 3235/3480/3305 3308/3478/3304
f 3308/3478/3304 3235/3480/3305 3212/3481/3306 3236/3482/3307
f 3233/3474/3301 3308/3478/3304 3236/3482/3307 3211/3475/3302
f 3203/3479/3232 3262/3483/3229 3309/3484/3308 3235/3480/3305
f 3262/3483/3229 3196/3485/3228 3288/3486/3279 3309/3484/3308
f 3309/3484/3308 3288/3486/3279 3205/3487/3283 3237/3488/3309
f 3235/3480/3305 3309/3484/3308 3237/3488/3309 3212/3481/3306
f 3205/3447/3283 3287/3446/3282 3310/3489/3310 3240/3490/3311
f 3287/3446/3282 3206/3445/3281 3238/3491/3312 3310/3489/3310
f 3310/3489/3310 3238/3491/3312 3214/3492/3313 3239/3493/3314
f 3240/3490/3311 3310/3489/3310 3239/3493/3314 3213/3494/3315
f 3206/3445/3281 3290/3453/3287 3311/3495/3316 3238/3491/3312
f 3290/3453/3287 3207/3452/3286 3241/3496/3317 3311/3495/3316
f 3311/3495/3316 3241/3496/3317 3215/3497/3318 3242/3498/3319
f 3238/3491/3312 3311/3495/3316 3242/3498/3319 3214/3492/3313
f 3207/3452/3286 3292/3459/3291 3312/3499/3320 3241/3496/3317
f 3292/3459/3291 3208/3458/3290 3243/3500/3321 3312/3499/3320
f 3312/3499/3320 3243/3500/3321 3216/3501/3322 3244/3502/3323
f 3241/3496/3317 3312/3499/3320 3244/3502/3323 3215/3497/3318
f 3208/3458/3290 3230/3464/3295 3313/3503/3324 3243/3500/3321
f 3230/3464/3295 3209/3463/3294 3245/3504/3325 3313/3503/3324
f 3313/3503/3324 3245/3504/3325 3217/3505/3326 3246/3506/3327
f 3243/3500/3321 3313/3503/3324 3246/3506/3327 3216/3501/3322
f 3209/3463/3294 3232/3470/3299 3314/3507/3328 3245/3504/3325
f 3232/3470/3299 3210/3469/3298 3247/3508/3329 3314/3507/3328
f 3314/3507/3328 3247/3508/3329 3218/3509/3330 3248/3510/3331
f 3245/3504/3325 3314/3507/3328 3248/3510/3331 3217/3505/3326
f 3210/3469/3298 3234/3476/3303 3315/3511/3332 3247/3508/3329
f 3234/3476/3303 3211/3475/3302 3249/3512/3333 3315/3511/3332
f 3315/3511/3332 3249/3512/3333 3219/3513/3334 3250/3514/3335
f 3247/3508/3329 3315/3511/3332 3250/3514/3335 3218/3509/3330
f 3211/3475/3302 3236/3482/3307 3316/3515/3336 3249/3512/3333
f 3236/3482/3307 3212/3481/3306 3251/3516/3337 3316/3515/3336
f 3316/3515/3336 3251/3516/3337 3220/3517/3338 3252/3518/3339
f 3249/3512/3333 3316/3515/3336 3252/3518/3339 3219/3513/3334
f 3212/3481/3306 3237/3488/3309 3317/3519/3340 3251/3516/3337
f 3237/3488/3309 3205/3487/3283 3240/3520/3311 3317/3519/3340
f 3317/3519/3340 3240/3520/3311 3213/3521/3315 3253/3522/3341
f 3251/3516/3337 3317/3519/3340 3253/3522/3341 3220/3517/3338
f 3213/3494/3315 3239/3493/3314 3318/3523/3342 3255/3524/3343
f 3239/3493/3314 3214/3492/3313 3254/3525/3344 3318/3523/3342
f 3318/3523/3342 3254/3525/3344 3222/3408/3249 3270/3405/3246
f 3255/3524/3343 3318/3523/3342 3270/3405/3246 3221/3404/3245
f 3214/3492/3313 3242/3498/3319 3319/3526/3345 3254/3525/3344
f 3242/3498/3319 3215/3497/3318 3256/3527/3346 3319/3526/3345
f 3319/3526/3345 3256/3527/3346 3223/3413/3254 3273/3411/3252
f 3254/3525/3344 3319/3526/3345 3273/3411/3252 3222/3408/3249
f 3215/3497/3318 3244/3502/3323 3320/3528/3347 3256/3527/3346
f 3244/3502/3323 3216/3501/3322 3257/3529/3348 3320/3528/3347
f 3320/3528/3347 3257/3529/3348 3224/3417/3258 3275/3415/3256
f 3256/3527/3346 3320/3528/3347 3275/3415/3256 3223/3413/3254
f 3216/3501/3322 3246/3506/3327 3321/3530/3349 3257/3529/3348
f 3246/3506/3327 3217/3505/3326 3258/3531/3350 3321/3530/3349
f 3321/3530/3349 3258/3531/3350 3225/3421/3262 3277/3419/3260
f 3257/3529/3348 3321/3530/3349 3277/3419/3260 3224/3417/3258
f 3217/3505/3326 3248/3510/3331 3322/3532/3351 3258/3531/3350
f 3248/3510/3331 3218/3509/3330 3259/3533/3352 3322/3532/3351
f 3322/3532/3351 3259/3533/3352 3226/3425/3266 3279/3423/3264
f 3258/3531/3350 3322/3532/3351 3279/3423/3264 3225/3421/3262
f 3218/3509/3330 3250/3514/3335 3323/3534/3353 3259/3533/3352
f 3250/3514/3335 3219/3513/3334 3260/3535/3354 3323/3534/3353
f 3323/3534/3353 3260/3535/3354 3227/3429/3270 3281/3427/3268
f 3259/3533/3352 3323/3534/3353 3281/3427/3268 3226/3425/3266
f 3219/3513/3334 3252/3518/3339 3324/3536/3355 3260/3535/3354
f 3252/3518/3339 3220/3517/3338 3261/3537/3356 3324/3536/3355
f 3324/3536/3355 3261/3537/3356 3228/3433/3274 3283/3431/3272
f 3260/3535/3354 3324/3536/3355 3283/3431/3272 3227/3429/3270
f 3220/3517/3338 3253/3522/3341 3325/3538/3357 3261/3537/3356
f 3253/3522/3341 3213/3521/3315 3255/3539/3343 3325/3538/3357
f 3325/3538/3357 3255/3539/3343 3221/3437/3245 3285/3435/3276
f 3261/3537/3356 3325/3538/3357 3285/3435/3276 3228/3433/3274
o pasted__pCone3
v 0.007298 0.083405 -0.048941
v 0.005094 0.083136 -0.049313
v 0.003215 0.083643 -0.048181
v 0.002762 0.084631 -0.046210
v 0.004000 0.085519 -0.044552
v 0.006204 0.085788 -0.044181
v 0.008083 0.085280 -0.045312
v 0.008536 0.084293 -0.047284
v 0.002932 0.123915 -0.073729
v 0.006270 0.097818 -0.056695
v 0.004510 0.097603 -0.056992
v 0.003011 0.098009 -0.056088
v 0.002649 0.098797 -0.054514
v 0.003637 0.099506 -0.053192
v 0.005396 0.099721 -0.052895
v 0.006896 0.099315 -0.053798
v 0.007258 0.098527 -0.055372
v 0.005141 0.112287 -0.063722
v 0.004074 0.112157 -0.063902
v 0.003165 0.112403 -0.063354
v 0.002946 0.112880 -0.062400
v 0.003545 0.113310 -0.061598
v 0.004612 0.113441 -0.061418
v 0.005521 0.113195 -0.061966
v 0.005740 0.112717 -0.062920
v 0.004038 0.119609 -0.069211
v 0.003501 0.119543 -0.069302
v 0.003044 0.119667 -0.069026
v 0.002933 0.119907 -0.068546
v 0.003235 0.120124 -0.068142
v 0.003771 0.120189 -0.068052
v 0.004229 0.120065 -0.068327
v 0.004339 0.119825 -0.068808
v 0.003667 0.090825 -0.047557
v 0.003000 0.099190 -0.053767
v 0.005959 0.091105 -0.047170
v 0.004482 0.099688 -0.052893
v 0.007912 0.090577 -0.048347
v 0.006241 0.099586 -0.053220
v 0.008383 0.089551 -0.050397
v 0.007245 0.098942 -0.054557
v 0.006907 0.098134 -0.056120
v 0.004289 0.105695 -0.060724
v 0.004629 0.112176 -0.063903
v 0.005659 0.105862 -0.060492
v 0.003120 0.106011 -0.060020
v 0.003563 0.112239 -0.063705
v 0.002839 0.106624 -0.058794
v 0.002954 0.112629 -0.062894
v 0.003608 0.107177 -0.057764
v 0.003159 0.113119 -0.061947
v 0.004979 0.107344 -0.057532
v 0.004057 0.113421 -0.061417
v 0.006147 0.107028 -0.058236
v 0.005124 0.113359 -0.061616
v 0.006429 0.106415 -0.059462
v 0.005732 0.112968 -0.062426
v 0.005527 0.112479 -0.063373
v 0.003804 0.116525 -0.066727
v 0.004594 0.116622 -0.066594
v 0.003131 0.116707 -0.066321
v 0.002968 0.117061 -0.065615
v 0.003412 0.117379 -0.065021
v 0.004202 0.117476 -0.064888
v 0.004875 0.117294 -0.065293
v 0.005038 0.116940 -0.066000
v 0.007987 0.082013 -0.047016
v 0.008375 0.082941 -0.045221
v 0.007222 0.083680 -0.043686
v 0.005202 0.083798 -0.043310
v 0.003499 0.083226 -0.044313
v 0.003111 0.082298 -0.046109
v 0.004264 0.081559 -0.047644
v 0.006284 0.081441 -0.048020
v 0.003802 0.119447 -0.069185
v 0.003190 0.121955 -0.071730
v 0.003494 0.121992 -0.071679
v 0.003253 0.119479 -0.069083
v 0.002931 0.122025 -0.071574
v 0.002940 0.119680 -0.068667
v 0.002869 0.122161 -0.071302
v 0.003046 0.119932 -0.068179
v 0.003039 0.122283 -0.071074
v 0.003508 0.120087 -0.067907
v 0.003343 0.122320 -0.071023
v 0.004056 0.120055 -0.068009
v 0.003602 0.122251 -0.071179
v 0.004369 0.119855 -0.068426
v 0.003664 0.122114 -0.071450
v 0.004264 0.119603 -0.068913
v 0.004804 0.088347 -0.052507
v 0.005424 0.097636 -0.056993
v 0.007096 0.088627 -0.052120
v 0.002851 0.088875 -0.051330
v 0.003666 0.097738 -0.056666
v 0.002380 0.089901 -0.049280
v 0.002662 0.098382 -0.055330
v 0.005864 0.080251 -0.044273
v 0.003435 0.121538 -0.071262
v 0.003084 0.121559 -0.071197
v 0.002884 0.121687 -0.070930
v 0.002951 0.121848 -0.070619
v 0.003247 0.121948 -0.070444
v 0.003598 0.121927 -0.070510
v 0.003798 0.121799 -0.070776
v 0.003731 0.121637 -0.071088
v 0.005995 0.088389 -0.052509
v 0.003705 0.088523 -0.052083
v 0.002397 0.089361 -0.050342
v 0.002837 0.090414 -0.048306
v 0.004768 0.091063 -0.047168
v 0.007058 0.090929 -0.047594
v 0.008366 0.090091 -0.049335
v 0.007926 0.089038 -0.051371
v 0.005001 0.105720 -0.060725
v 0.003631 0.105800 -0.060470
v 0.002849 0.106302 -0.059429
v 0.003112 0.106931 -0.058212
v 0.004267 0.107319 -0.057531
v 0.005636 0.107239 -0.057786
v 0.006418 0.106737 -0.058827
v 0.006155 0.106108 -0.060044
v 0.004214 0.116540 -0.066728
v 0.003425 0.116586 -0.066581
v 0.002974 0.116875 -0.065981
v 0.003126 0.117237 -0.065279
v 0.003791 0.117461 -0.064887
v 0.004581 0.117415 -0.065034
v 0.005032 0.117126 -0.065634
v 0.004880 0.116763 -0.066335
vn 0.5608 -0.4716 -0.6806
vn 0.7592 -0.6036 -0.2434
vn 0.0369 -0.8796 0.4742
vn 0.1925 -0.8092 -0.5551
vn 0.9808 -0.1344 -0.1413
vn 0.9034 -0.2625 0.3391
vn 0.8276 0.2383 0.5082
vn 0.5189 0.0153 0.8547
vn 0.1895 0.4266 0.8844
vn -0.1727 0.0557 0.9834
vn -0.5579 0.3193 0.7660
vn -0.7451 -0.1662 0.6459
vn -0.9747 -0.0202 0.2226
vn -0.8588 -0.5090 0.0577
vn -0.8167 -0.3911 -0.4242
vn -0.4685 -0.7706 -0.4320
vn -0.1819 -0.5769 -0.7963
vn 0.5561 -0.5083 -0.6576
vn 0.2009 -0.6310 -0.7493
vn 0.2026 -0.6764 -0.7081
vn 0.5605 -0.5208 -0.6439
vn -0.1725 -0.6787 -0.7139
vn -0.1684 -0.7122 -0.6815
vn -0.0697 0.7815 -0.6199
vn -0.5259 -0.5886 -0.6140
vn -0.5178 -0.6343 -0.5741
vn -0.8083 -0.4286 -0.4036
vn -0.8089 -0.4408 -0.3891
vn -0.9757 -0.1618 -0.1478
vn -0.9751 -0.1778 -0.1327
vn -0.9816 0.1340 0.1359
vn -0.9743 0.1921 0.1174
vn -0.8224 0.4129 0.3913
vn -0.8142 0.4454 0.3724
vn -0.5443 0.6348 0.5485
vn -0.5156 0.7167 0.4696
vn -0.1984 0.7433 0.6388
vn -0.1941 0.7884 0.5838
vn 0.1574 0.7848 0.5994
vn 0.1420 0.8578 0.4939
vn 0.4966 0.7027 0.5095
vn 0.4779 0.7491 0.4587
vn 0.7725 0.5579 0.3034
vn 0.7268 0.6441 0.2384
vn 0.9489 0.3094 0.0617
vn 0.9382 0.3430 0.0463
vn 0.9735 0.0199 -0.2279
vn 0.9666 0.0787 -0.2438
vn 0.8330 -0.2674 -0.4844
vn 0.8360 -0.2836 -0.4698
vn 0.2026 -0.4611 -0.8639
vn 0.5604 -0.3716 -0.7402
vn -0.1877 -0.4767 -0.8588
vn -0.1895 -0.4260 -0.8846
vn 0.1992 -0.4114 -0.8894
vn 0.5573 -0.3254 -0.7639
vn -0.5494 -0.4171 -0.7240
vn -0.8265 -0.2906 -0.4821
vn -0.8270 -0.2445 -0.5063
vn -0.5498 -0.3676 -0.7500
vn -0.9794 -0.1157 -0.1657
vn -0.9822 0.0788 0.1705
vn -0.9821 0.1133 0.1507
vn -0.9789 -0.0759 -0.1899
vn -0.8345 0.2660 0.4826
vn -0.5621 0.4143 0.7158
vn -0.5628 0.4381 0.7009
vn -0.8359 0.2937 0.4638
vn -0.2026 0.5035 0.8399
vn 0.1856 0.5194 0.8341
vn 0.1844 0.5389 0.8219
vn -0.2044 0.5239 0.8269
vn 0.5456 0.4598 0.7007
vn 0.8242 0.3333 0.4578
vn 0.8222 0.3571 0.4432
vn 0.5449 0.4802 0.6874
vn 0.9763 0.1602 0.1456
vn 0.9802 -0.0359 -0.1947
vn 0.9768 -0.0010 -0.2140
vn 0.9739 0.1880 0.1270
vn 0.8352 -0.2217 -0.5034
vn 0.8306 -0.1815 -0.5265
vn 0.2004 -0.4102 -0.8897
vn 0.5594 -0.3254 -0.7624
vn -0.1896 -0.4243 -0.8854
vn -0.1877 -0.4762 -0.8591
vn 0.2035 -0.4576 -0.8656
vn 0.5633 -0.3598 -0.7438
vn -0.5509 -0.3663 -0.7499
vn -0.8283 -0.2443 -0.5042
vn -0.8292 -0.2784 -0.4847
vn -0.5504 -0.4135 -0.7253
vn -0.9796 -0.0777 -0.1856
vn -0.9816 0.1087 0.1569
vn -0.9808 0.1150 0.1578
vn -0.9803 -0.0929 -0.1744
vn -0.8345 0.2858 0.4711
vn -0.5611 0.4270 0.7091
vn -0.5577 0.4678 0.6856
vn -0.8318 0.3114 0.4595
vn -0.2031 0.5107 0.8354
vn 0.1853 0.5250 0.8307
vn 0.1818 0.5780 0.7955
vn -0.2023 0.5607 0.8029
vn 0.5452 0.4671 0.6961
vn 0.8223 0.3462 0.4517
vn 0.8153 0.3876 0.4301
vn 0.5385 0.5174 0.6651
vn 0.9744 0.1801 0.1344
vn 0.9782 -0.0058 -0.2078
vn 0.9784 0.0006 -0.2068
vn 0.9706 0.2061 0.1241
vn 0.8325 -0.1835 -0.5228
vn 0.8354 -0.1990 -0.5123
vn 0.2028 -0.5546 -0.8070
vn 0.5619 -0.4328 -0.7050
vn -0.1816 -0.5807 -0.7936
vn -0.5397 -0.5112 -0.6689
vn -0.8222 -0.3519 -0.4474
vn -0.9784 -0.1288 -0.1618
vn -0.9812 0.1265 0.1458
vn -0.8285 0.3678 0.4222
vn -0.5545 0.5548 0.6202
vn -0.2019 0.6666 0.7176
vn 0.1713 0.6894 0.7039
vn 0.5194 0.6244 0.5833
vn 0.7987 0.4758 0.3684
vn 0.9606 0.2633 0.0893
vn 0.9758 0.0122 -0.2184
vn 0.8342 -0.2347 -0.4991
vt 0.676777 0.073223
vt 0.713388 0.161612
vt 0.500000 0.250000
vt 0.588388 0.036612
vt 0.750000 0.250000
vt 0.713388 0.338388
vt 0.676777 0.426777
vt 0.588388 0.463388
vt 0.500000 0.500000
vt 0.411612 0.463388
vt 0.323223 0.426777
vt 0.286612 0.338388
vt 0.250000 0.250000
vt 0.286612 0.161612
vt 0.323223 0.073223
vt 0.411612 0.036612
vt 0.500000 0.000000
vt 0.468750 0.937500
vt 0.471517 0.934896
vt 0.481771 0.958333
vt 0.484375 0.968750
vt 0.476074 0.936198
vt 0.486328 0.963542
vt 0.500000 1.000000
vt 0.479655 0.934896
vt 0.486979 0.958333
vt 0.484049 0.936198
vt 0.490885 0.963542
vt 0.487793 0.934896
vt 0.492188 0.958333
vt 0.492025 0.936198
vt 0.495443 0.963542
vt 0.495931 0.934896
vt 0.497396 0.958333
vt 0.500000 0.936198
vt 0.500000 0.963542
vt 0.504069 0.934896
vt 0.502604 0.958333
vt 0.507975 0.936198
vt 0.504557 0.963542
vt 0.512207 0.934896
vt 0.507812 0.958333
vt 0.515951 0.936198
vt 0.509115 0.963542
vt 0.520345 0.934896
vt 0.513021 0.958333
vt 0.523926 0.936198
vt 0.513672 0.963542
vt 0.528483 0.934896
vt 0.518229 0.958333
vt 0.531250 0.937500
vt 0.515625 0.968750
vt 0.250000 0.500000
vt 0.281250 0.500000
vt 0.335938 0.625000
vt 0.312500 0.625000
vt 0.312500 0.500000
vt 0.359375 0.625000
vt 0.400391 0.734375
vt 0.383789 0.734375
vt 0.375000 0.750000
vt 0.343750 0.500000
vt 0.382812 0.625000
vt 0.375000 0.500000
vt 0.406250 0.625000
vt 0.433594 0.734375
vt 0.416992 0.734375
vt 0.406250 0.500000
vt 0.429688 0.625000
vt 0.437500 0.500000
vt 0.453125 0.625000
vt 0.466797 0.734375
vt 0.450195 0.734375
vt 0.468750 0.500000
vt 0.476562 0.625000
vt 0.500000 0.625000
vt 0.500000 0.734375
vt 0.483398 0.734375
vt 0.531250 0.500000
vt 0.523438 0.625000
vt 0.562500 0.500000
vt 0.546875 0.625000
vt 0.533203 0.734375
vt 0.516602 0.734375
vt 0.593750 0.500000
vt 0.570312 0.625000
vt 0.625000 0.500000
vt 0.593750 0.625000
vt 0.566406 0.734375
vt 0.549805 0.734375
vt 0.656250 0.500000
vt 0.617188 0.625000
vt 0.687500 0.500000
vt 0.640625 0.625000
vt 0.599609 0.734375
vt 0.583008 0.734375
vt 0.718750 0.500000
vt 0.664062 0.625000
vt 0.750000 0.500000
vt 0.687500 0.625000
vt 0.625000 0.750000
vt 0.616211 0.734375
vt 0.417969 0.812500
vt 0.406250 0.812500
vt 0.429688 0.812500
vt 0.450195 0.867188
vt 0.441895 0.867188
vt 0.437500 0.875000
vt 0.441406 0.812500
vt 0.453125 0.812500
vt 0.466797 0.867188
vt 0.458496 0.867188
vt 0.464844 0.812500
vt 0.476562 0.812500
vt 0.483398 0.867188
vt 0.475098 0.867188
vt 0.488281 0.812500
vt 0.500000 0.812500
vt 0.500000 0.867188
vt 0.491699 0.867188
vt 0.511719 0.812500
vt 0.523438 0.812500
vt 0.516602 0.867188
vt 0.508301 0.867188
vt 0.535156 0.812500
vt 0.546875 0.812500
vt 0.533203 0.867188
vt 0.524902 0.867188
vt 0.558594 0.812500
vt 0.570312 0.812500
vt 0.549805 0.867188
vt 0.541504 0.867188
vt 0.582031 0.812500
vt 0.593750 0.812500
vt 0.562500 0.875000
vt 0.558105 0.867188
vt 0.458984 0.906250
vt 0.453125 0.906250
vt 0.464844 0.906250
vt 0.470703 0.906250
vt 0.476562 0.906250
vt 0.482422 0.906250
vt 0.488281 0.906250
vt 0.494141 0.906250
vt 0.500000 0.906250
vt 0.505859 0.906250
vt 0.511719 0.906250
vt 0.517578 0.906250
vt 0.523438 0.906250
vt 0.529297 0.906250
vt 0.535156 0.906250
vt 0.541016 0.906250
vt 0.546875 0.906250
s 1
usemtl pasted__lambert6
f 3326/3540/3358 3392/3541/3359 3423/3542/3360 3399/3543/3361
f 3333/3544/3362 3393/3545/3363 3423/3542/3360 3392/3541/3359
f 3332/3546/3364 3394/3547/3365 3423/3542/3360 3393/3545/3363
f 3331/3548/3366 3395/3549/3367 3423/3542/3360 3394/3547/3365
f 3330/3550/3368 3396/3551/3369 3423/3542/3360 3395/3549/3367
f 3329/3552/3370 3397/3553/3371 3423/3542/3360 3396/3551/3369
f 3328/3554/3372 3398/3555/3373 3423/3542/3360 3397/3553/3371
f 3327/3556/3374 3399/3543/3361 3423/3542/3360 3398/3555/3373
f 3351/3557/3375 3400/3558/3376 3424/3559/3377 3402/3560/3378
f 3352/3561/3379 3401/3562/3380 3424/3559/3377 3400/3558/3376
f 3334/3563/3381 3402/3560/3378 3424/3559/3377 3401/3562/3380
f 3352/3561/3379 3403/3564/3382 3425/3565/3383 3401/3562/3380
f 3353/3566/3384 3404/3567/3385 3425/3565/3383 3403/3564/3382
f 3334/3563/3381 3401/3562/3380 3425/3565/3383 3404/3567/3385
f 3353/3566/3384 3405/3568/3386 3426/3569/3387 3404/3567/3385
f 3354/3570/3388 3406/3571/3389 3426/3569/3387 3405/3568/3386
f 3334/3563/3381 3404/3567/3385 3426/3569/3387 3406/3571/3389
f 3354/3570/3388 3407/3572/3390 3427/3573/3391 3406/3571/3389
f 3355/3574/3392 3408/3575/3393 3427/3573/3391 3407/3572/3390
f 3334/3563/3381 3406/3571/3389 3427/3573/3391 3408/3575/3393
f 3355/3574/3392 3409/3576/3394 3428/3577/3395 3408/3575/3393
f 3356/3578/3396 3410/3579/3397 3428/3577/3395 3409/3576/3394
f 3334/3563/3381 3408/3575/3393 3428/3577/3395 3410/3579/3397
f 3356/3578/3396 3411/3580/3398 3429/3581/3399 3410/3579/3397
f 3357/3582/3400 3412/3583/3401 3429/3581/3399 3411/3580/3398
f 3334/3563/3381 3410/3579/3397 3429/3581/3399 3412/3583/3401
f 3357/3582/3400 3413/3584/3402 3430/3585/3403 3412/3583/3401
f 3358/3586/3404 3414/3587/3405 3430/3585/3403 3413/3584/3402
f 3334/3563/3381 3412/3583/3401 3430/3585/3403 3414/3587/3405
f 3358/3586/3404 3415/3588/3406 3431/3589/3407 3414/3587/3405
f 3351/3590/3375 3402/3591/3378 3431/3589/3407 3415/3588/3406
f 3334/3563/3381 3414/3587/3405 3431/3589/3407 3402/3591/3378
f 3326/3592/3358 3399/3593/3361 3432/3594/3408 3418/3595/3409
f 3399/3593/3361 3327/3596/3374 3416/3597/3410 3432/3594/3408
f 3432/3594/3408 3416/3597/3410 3336/3598/3411 3417/3599/3412
f 3418/3595/3409 3432/3594/3408 3417/3599/3412 3335/3600/3413
f 3327/3596/3374 3398/3601/3373 3433/3602/3414 3416/3597/3410
f 3398/3601/3373 3328/3603/3372 3419/3604/3415 3433/3602/3414
f 3433/3602/3414 3419/3604/3415 3337/3605/3416 3420/3606/3417
f 3416/3597/3410 3433/3602/3414 3420/3606/3417 3336/3598/3411
f 3328/3603/3372 3397/3607/3371 3434/3608/3418 3419/3604/3415
f 3397/3607/3371 3329/3609/3370 3421/3610/3419 3434/3608/3418
f 3434/3608/3418 3421/3610/3419 3338/3611/3420 3422/3612/3421
f 3419/3604/3415 3434/3608/3418 3422/3612/3421 3337/3605/3416
f 3329/3609/3370 3396/3613/3369 3435/3614/3422 3421/3610/3419
f 3396/3613/3369 3330/3548/3368 3359/3615/3423 3435/3614/3422
f 3435/3614/3422 3359/3615/3423 3339/3616/3424 3360/3617/3425
f 3421/3610/3419 3435/3614/3422 3360/3617/3425 3338/3611/3420
f 3330/3548/3368 3395/3618/3367 3436/3619/3426 3359/3615/3423
f 3395/3618/3367 3331/3620/3366 3361/3621/3427 3436/3619/3426
f 3436/3619/3426 3361/3621/3427 3340/3622/3428 3362/3623/3429
f 3359/3615/3423 3436/3619/3426 3362/3623/3429 3339/3616/3424
f 3331/3620/3366 3394/3624/3365 3437/3625/3430 3361/3621/3427
f 3394/3624/3365 3332/3626/3364 3363/3627/3431 3437/3625/3430
f 3437/3625/3430 3363/3627/3431 3341/3628/3432 3364/3629/3433
f 3361/3621/3427 3437/3625/3430 3364/3629/3433 3340/3622/3428
f 3332/3626/3364 3393/3630/3363 3438/3631/3434 3363/3627/3431
f 3393/3630/3363 3333/3632/3362 3365/3633/3435 3438/3631/3434
f 3438/3631/3434 3365/3633/3435 3342/3634/3436 3366/3635/3437
f 3363/3627/3431 3438/3631/3434 3366/3635/3437 3341/3628/3432
f 3333/3632/3362 3392/3636/3359 3439/3637/3438 3365/3633/3435
f 3392/3636/3359 3326/3638/3358 3418/3639/3409 3439/3637/3438
f 3439/3637/3438 3418/3639/3409 3335/3640/3413 3367/3641/3439
f 3365/3633/3435 3439/3637/3438 3367/3641/3439 3342/3634/3436
f 3335/3600/3413 3417/3599/3412 3440/3642/3440 3370/3643/3441
f 3417/3599/3412 3336/3598/3411 3368/3644/3442 3440/3642/3440
f 3440/3642/3440 3368/3644/3442 3344/3645/3443 3369/3646/3444
f 3370/3643/3441 3440/3642/3440 3369/3646/3444 3343/3647/3445
f 3336/3598/3411 3420/3606/3417 3441/3648/3446 3368/3644/3442
f 3420/3606/3417 3337/3605/3416 3371/3649/3447 3441/3648/3446
f 3441/3648/3446 3371/3649/3447 3345/3650/3448 3372/3651/3449
f 3368/3644/3442 3441/3648/3446 3372/3651/3449 3344/3645/3443
f 3337/3605/3416 3422/3612/3421 3442/3652/3450 3371/3649/3447
f 3422/3612/3421 3338/3611/3420 3373/3653/3451 3442/3652/3450
f 3442/3652/3450 3373/3653/3451 3346/3654/3452 3374/3655/3453
f 3371/3649/3447 3442/3652/3450 3374/3655/3453 3345/3650/3448
f 3338/3611/3420 3360/3617/3425 3443/3656/3454 3373/3653/3451
f 3360/3617/3425 3339/3616/3424 3375/3657/3455 3443/3656/3454
f 3443/3656/3454 3375/3657/3455 3347/3658/3456 3376/3659/3457
f 3373/3653/3451 3443/3656/3454 3376/3659/3457 3346/3654/3452
f 3339/3616/3424 3362/3623/3429 3444/3660/3458 3375/3657/3455
f 3362/3623/3429 3340/3622/3428 3377/3661/3459 3444/3660/3458
f 3444/3660/3458 3377/3661/3459 3348/3662/3460 3378/3663/3461
f 3375/3657/3455 3444/3660/3458 3378/3663/3461 3347/3658/3456
f 3340/3622/3428 3364/3629/3433 3445/3664/3462 3377/3661/3459
f 3364/3629/3433 3341/3628/3432 3379/3665/3463 3445/3664/3462
f 3445/3664/3462 3379/3665/3463 3349/3666/3464 3380/3667/3465
f 3377/3661/3459 3445/3664/3462 3380/3667/3465 3348/3662/3460
f 3341/3628/3432 3366/3635/3437 3446/3668/3466 3379/3665/3463
f 3366/3635/3437 3342/3634/3436 3381/3669/3467 3446/3668/3466
f 3446/3668/3466 3381/3669/3467 3350/3670/3468 3382/3671/3469
f 3379/3665/3463 3446/3668/3466 3382/3671/3469 3349/3666/3464
f 3342/3634/3436 3367/3641/3439 3447/3672/3470 3381/3669/3467
f 3367/3641/3439 3335/3640/3413 3370/3673/3441 3447/3672/3470
f 3447/3672/3470 3370/3673/3441 3343/3674/3445 3383/3675/3471
f 3381/3669/3467 3447/3672/3470 3383/3675/3471 3350/3670/3468
f 3343/3647/3445 3369/3646/3444 3448/3676/3472 3385/3677/3473
f 3369/3646/3444 3344/3645/3443 3384/3678/3474 3448/3676/3472
f 3448/3676/3472 3384/3678/3474 3352/3561/3379 3400/3558/3376
f 3385/3677/3473 3448/3676/3472 3400/3558/3376 3351/3557/3375
f 3344/3645/3443 3372/3651/3449 3449/3679/3475 3384/3678/3474
f 3372/3651/3449 3345/3650/3448 3386/3680/3476 3449/3679/3475
f 3449/3679/3475 3386/3680/3476 3353/3566/3384 3403/3564/3382
f 3384/3678/3474 3449/3679/3475 3403/3564/3382 3352/3561/3379
f 3345/3650/3448 3374/3655/3453 3450/3681/3477 3386/3680/3476
f 3374/3655/3453 3346/3654/3452 3387/3682/3478 3450/3681/3477
f 3450/3681/3477 3387/3682/3478 3354/3570/3388 3405/3568/3386
f 3386/3680/3476 3450/3681/3477 3405/3568/3386 3353/3566/3384
f 3346/3654/3452 3376/3659/3457 3451/3683/3479 3387/3682/3478
f 3376/3659/3457 3347/3658/3456 3388/3684/3480 3451/3683/3479
f 3451/3683/3479 3388/3684/3480 3355/3574/3392 3407/3572/3390
f 3387/3682/3478 3451/3683/3479 3407/3572/3390 3354/3570/3388
f 3347/3658/3456 3378/3663/3461 3452/3685/3481 3388/3684/3480
f 3378/3663/3461 3348/3662/3460 3389/3686/3482 3452/3685/3481
f 3452/3685/3481 3389/3686/3482 3356/3578/3396 3409/3576/3394
f 3388/3684/3480 3452/3685/3481 3409/3576/3394 3355/3574/3392
f 3348/3662/3460 3380/3667/3465 3453/3687/3483 3389/3686/3482
f 3380/3667/3465 3349/3666/3464 3390/3688/3484 3453/3687/3483
f 3453/3687/3483 3390/3688/3484 3357/3582/3400 3411/3580/3398
f 3389/3686/3482 3453/3687/3483 3411/3580/3398 3356/3578/3396
f 3349/3666/3464 3382/3671/3469 3454/3689/3485 3390/3688/3484
f 3382/3671/3469 3350/3670/3468 3391/3690/3486 3454/3689/3485
f 3454/3689/3485 3391/3690/3486 3358/3586/3404 3413/3584/3402
f 3390/3688/3484 3454/3689/3485 3413/3584/3402 3357/3582/3400
f 3350/3670/3468 3383/3675/3471 3455/3691/3487 3391/3690/3486
f 3383/3675/3471 3343/3674/3445 3385/3692/3473 3455/3691/3487
f 3455/3691/3487 3385/3692/3473 3351/3590/3375 3415/3588/3406
f 3391/3690/3486 3455/3691/3487 3415/3588/3406 3358/3586/3404
o pasted__polySurface4
v 0.010330 0.008994 0.049602
v 0.007731 0.008509 0.049261
v 0.005646 0.009868 0.050217
v 0.005646 0.012049 0.051751
v 0.007731 0.013409 0.052708
v 0.010330 0.012924 0.052366
v 0.011487 0.010959 0.050984
v 0.008431 0.004657 0.060708
v 0.008431 0.118053 -0.125720
v 0.011408 0.052395 -0.023835
v 0.007232 0.051616 -0.024383
v 0.003884 0.053800 -0.022847
v 0.003884 0.057303 -0.020384
v 0.007232 0.059487 -0.018847
v 0.011408 0.058708 -0.019396
v 0.013266 0.055552 -0.021615
v 0.010082 0.116350 -0.126895
v 0.010525 0.107771 -0.113684
v 0.007841 0.115931 -0.127189
v 0.007661 0.107236 -0.114060
v 0.006042 0.117103 -0.126365
v 0.005364 0.108735 -0.113007
v 0.006040 0.118986 -0.125041
v 0.005363 0.111139 -0.111319
v 0.007840 0.120160 -0.124215
v 0.007661 0.112638 -0.110267
v 0.010085 0.119740 -0.124511
v 0.010525 0.112103 -0.110643
v 0.011081 0.118044 -0.125704
v 0.011800 0.109937 -0.112163
v 0.010314 0.116082 -0.127013
v 0.009163 0.107250 -0.114049
v 0.007759 0.115605 -0.127349
v 0.009032 0.115889 -0.127219
v 0.010865 0.117085 -0.126378
v 0.011452 0.118014 -0.125656
v 0.011448 0.108741 -0.113003
v 0.006315 0.107782 -0.113676
v 0.005708 0.116942 -0.126410
v 0.006745 0.116315 -0.126919
v 0.005047 0.109937 -0.112163
v 0.005707 0.119088 -0.124902
v 0.005725 0.118044 -0.125704
v 0.006314 0.112092 -0.110651
v 0.007758 0.120427 -0.123962
v 0.006743 0.119775 -0.124486
v 0.009164 0.112624 -0.110277
v 0.010316 0.119948 -0.124298
v 0.009033 0.120202 -0.124186
v 0.011448 0.111132 -0.111324
v 0.010867 0.119004 -0.125029
v 0.007402 0.082333 -0.074236
v 0.011060 0.083016 -0.073756
v 0.004469 0.084247 -0.072891
v 0.004469 0.087316 -0.070734
v 0.007402 0.089230 -0.069390
v 0.011060 0.088547 -0.069869
v 0.012687 0.085782 -0.071813
v 0.008055 0.116705 -0.126668
v 0.009485 0.116972 -0.126480
v 0.006906 0.117453 -0.126142
v 0.006904 0.118655 -0.125297
v 0.008054 0.119405 -0.124769
v 0.009487 0.119136 -0.124958
v 0.010123 0.118053 -0.125720
v 0.009110 0.008472 0.049235
v 0.009540 0.003633 0.059981
v 0.008035 0.003352 0.059783
v 0.006465 0.008966 0.049582
v 0.006829 0.004139 0.060337
v 0.005287 0.010966 0.050989
v 0.006829 0.005402 0.061225
v 0.006465 0.012965 0.052395
v 0.008035 0.006189 0.061779
v 0.009110 0.013459 0.052743
v 0.009540 0.005908 0.061581
v 0.011232 0.012075 0.051769
v 0.010210 0.004771 0.060781
v 0.011232 0.009856 0.050208
v 0.007402 0.025802 0.018994
v 0.009423 0.051637 -0.024368
v 0.011059 0.026485 0.019474
v 0.004470 0.027715 0.020339
v 0.005270 0.052413 -0.023823
v 0.004470 0.030782 0.022497
v 0.003422 0.055552 -0.021615
v 0.007402 0.032694 0.023842
v 0.005270 0.058690 -0.019408
v 0.011059 0.032012 0.023362
v 0.009423 0.059466 -0.018862
v 0.012686 0.029248 0.021418
v 0.012753 0.057294 -0.020390
v 0.012753 0.053810 -0.022840
v 0.008888 0.003162 0.059647
v 0.007151 0.003486 0.059875
v 0.006379 0.004798 0.060799
v 0.007151 0.006111 0.061722
v 0.008888 0.006435 0.061950
v 0.010280 0.005527 0.061311
v 0.010280 0.004070 0.060286
v 0.009321 0.025821 0.019007
v 0.005684 0.026500 0.019485
v 0.004066 0.029248 0.021418
v 0.005684 0.031997 0.023351
v 0.009321 0.032676 0.023829
v 0.012237 0.030774 0.022491
v 0.012237 0.027723 0.020345
v 0.009099 0.115618 -0.127339
v 0.011138 0.116948 -0.126405
v 0.006557 0.116092 -0.127006
v 0.005424 0.118015 -0.125656
v 0.006556 0.119938 -0.124305
v 0.009100 0.120413 -0.123971
v 0.011139 0.119082 -0.124906
v 0.009321 0.082352 -0.074223
v 0.005683 0.083031 -0.073746
v 0.004064 0.085782 -0.071813
v 0.005683 0.088532 -0.069880
v 0.009321 0.089211 -0.069403
v 0.012238 0.087308 -0.070740
v 0.012238 0.084255 -0.072885
v 0.008865 0.116498 -0.126814
v 0.007214 0.116805 -0.126598
v 0.006477 0.118053 -0.125720
v 0.007212 0.119304 -0.124840
v 0.008866 0.119612 -0.124623
v 0.010190 0.118746 -0.125232
v 0.010189 0.117361 -0.126207
vn -0.2219 -0.8523 -0.4737
vn 0.2219 -0.8522 -0.4737
vn 0.2180 -0.9075 -0.3590
vn -0.2109 -0.9193 -0.3323
vn 0.6224 -0.6880 -0.3731
vn 0.6046 -0.7622 -0.2314
vn -0.0000 -0.5754 0.8179
vn -0.8997 -0.3939 -0.1880
vn -0.6220 -0.6895 -0.3712
vn -0.6105 -0.7494 -0.2564
vn -0.8754 -0.4811 -0.0464
vn -0.8995 0.3436 0.2699
vn -0.9988 -0.0261 0.0414
vn -0.9820 -0.1040 0.1574
vn -0.8809 0.2284 0.4147
vn -0.2218 0.8027 0.5536
vn -0.6223 0.6382 0.4533
vn -0.6132 0.5448 0.5720
vn -0.2244 0.6746 0.7033
vn 0.6220 0.6399 0.4512
vn 0.2220 0.8025 0.5538
vn 0.2190 0.7059 0.6736
vn 0.6113 0.5168 0.5994
vn 0.9990 -0.0235 0.0388
vn 0.8998 0.3442 0.2681
vn 0.8861 0.2572 0.3856
vn 0.9753 -0.1260 0.1813
vn 0.8997 -0.3931 -0.1898
vn 0.8841 -0.4614 -0.0745
vn 0.2221 -0.8412 -0.4930
vn 0.6228 -0.6768 -0.3925
vn -0.2222 -0.8414 -0.4926
vn -0.2222 -0.8340 -0.5050
vn 0.2221 -0.8336 -0.5057
vn 0.6227 -0.6694 -0.4052
vn -0.6226 -0.6775 -0.3916
vn -0.9006 -0.3810 -0.2092
vn -0.9008 -0.3713 -0.2251
vn -0.6228 -0.6694 -0.4051
vn -0.9998 -0.0111 0.0179
vn -0.9003 0.3595 0.2454
vn -0.9004 0.3719 0.2259
vn -1.0000 0.0002 0.0005
vn -0.6227 0.6558 0.4269
vn -0.2220 0.8201 0.5274
vn -0.2220 0.8336 0.5058
vn -0.6224 0.6693 0.4059
vn 0.2221 0.8204 0.5269
vn 0.6224 0.6566 0.4260
vn 0.6224 0.6691 0.4062
vn 0.2219 0.8337 0.5057
vn 0.9005 0.3602 0.2438
vn 0.9998 -0.0097 0.0167
vn 1.0000 0.0006 0.0003
vn 0.9004 0.3720 0.2257
vn 0.9005 -0.3804 -0.2108
vn 0.9008 -0.3712 -0.2252
vn 0.0492 0.5227 -0.8511
vn 0.6207 -0.6519 -0.4355
vn 0.2216 -0.8158 -0.5343
vn 0.0182 0.5079 -0.8612
vn 0.6217 -0.6615 -0.4194
vn 0.2218 -0.8260 -0.5182
vn -0.2215 -0.8258 -0.5187
vn -0.2209 -0.8157 -0.5346
vn -0.0176 0.5099 -0.8601
vn 0.8990 -0.3545 -0.2573
vn 0.8998 -0.3639 -0.2406
vn 0.0727 0.5444 -0.8357
vn 0.0775 0.5732 -0.8157
vn 0.9993 0.0172 -0.0343
vn 0.9998 0.0086 -0.0176
vn -0.6208 -0.6511 -0.4367
vn -0.0507 0.5210 -0.8521
vn -0.6217 -0.6609 -0.4204
vn -0.8997 -0.3630 -0.2425
vn -0.8987 -0.3540 -0.2589
vn -0.0705 0.5454 -0.8352
vn -0.9992 0.0189 -0.0357
vn -0.0798 0.5731 -0.8156
vn -0.9998 0.0100 -0.0191
vn -0.9008 0.3831 0.2042
vn -0.9008 0.3916 0.1878
vn -0.0690 0.6005 -0.7967
vn -0.6229 0.6907 0.3673
vn -0.0488 0.6233 -0.7805
vn -0.6229 0.6818 0.3836
vn -0.2221 0.8471 0.4828
vn -0.2222 0.8559 0.4669
vn -0.0168 0.6336 -0.7735
vn 0.2224 0.8557 0.4671
vn 0.0174 0.6353 -0.7721
vn 0.2224 0.8466 0.4835
vn 0.6232 0.6810 0.3845
vn 0.6235 0.6897 0.3682
vn 0.0474 0.6219 -0.7817
vn 0.9007 0.3909 0.1893
vn 0.0712 0.6011 -0.7960
vn 0.9009 0.3821 0.2060
vn 0.2219 -0.8286 -0.5139
vn 0.6224 -0.6637 -0.4148
vn -0.2220 -0.8282 -0.5145
vn -0.6226 -0.6631 -0.4156
vn -0.9005 -0.3649 -0.2367
vn -0.9999 0.0079 -0.0127
vn -0.9004 0.3805 0.2111
vn -0.6223 0.6785 0.3904
vn -0.2219 0.8431 0.4898
vn 0.2219 0.8429 0.4901
vn 0.6223 0.6780 0.3911
vn 0.9004 0.3797 0.2124
vn 0.9999 0.0071 -0.0116
vn 0.9005 -0.3656 -0.2354
vn 0.0026 0.5660 -0.8244
vn 0.0049 0.5702 -0.8215
vn -0.0018 0.5690 -0.8224
vn -0.0000 0.5753 -0.8179
vn -0.0071 0.5679 -0.8231
vn -0.0070 0.5725 -0.8199
vn -0.0113 0.5752 -0.8179
vn -0.0069 0.5780 -0.8160
vn -0.0069 0.5823 -0.8129
vn -0.0017 0.5813 -0.8137
vn 0.0025 0.5841 -0.8117
vn 0.0048 0.5802 -0.8145
vn 0.0101 0.5792 -0.8151
vn 0.0078 0.5753 -0.8179
vn 0.0103 0.5712 -0.8208
vt 0.465231 0.003918
vt 0.531326 0.019003
vt 0.520884 0.062669
vt 0.481900 0.074344
vt 0.597420 0.034089
vt 0.550715 0.090051
vt 0.500000 0.151488
vt 0.359224 0.088456
vt 0.412227 0.046187
vt 0.441485 0.080791
vt 0.426714 0.118353
vt 0.359224 0.224044
vt 0.359224 0.156250
vt 0.406149 0.154167
vt 0.426714 0.188938
vt 0.465231 0.308582
vt 0.412227 0.266313
vt 0.441485 0.227542
vt 0.481900 0.232947
vt 0.597420 0.278411
vt 0.531326 0.293497
vt 0.520884 0.245665
vt 0.550715 0.217241
vt 0.656250 0.156250
vt 0.626835 0.217331
vt 0.584557 0.194887
vt 0.581341 0.153646
vt 0.626835 0.095169
vt 0.584557 0.113446
vt 0.375000 0.312500
vt 0.392857 0.312500
vt 0.392857 0.406485
vt 0.375000 0.406485
vt 0.410714 0.312500
vt 0.410714 0.406485
vt 0.410714 0.500437
vt 0.392857 0.500437
vt 0.375000 0.500470
vt 0.428571 0.312500
vt 0.428571 0.406485
vt 0.446429 0.312500
vt 0.446429 0.406485
vt 0.446429 0.500437
vt 0.428571 0.500437
vt 0.464286 0.312500
vt 0.464286 0.406485
vt 0.482143 0.312500
vt 0.482143 0.406485
vt 0.482143 0.500438
vt 0.464286 0.500438
vt 0.500000 0.312500
vt 0.500000 0.406485
vt 0.517857 0.312500
vt 0.517857 0.406485
vt 0.517857 0.500439
vt 0.500000 0.500438
vt 0.535714 0.312500
vt 0.535714 0.406485
vt 0.553571 0.312500
vt 0.553571 0.406485
vt 0.553571 0.500438
vt 0.535714 0.500439
vt 0.571429 0.312500
vt 0.571429 0.406485
vt 0.589286 0.312500
vt 0.589286 0.406485
vt 0.589286 0.500438
vt 0.571429 0.500438
vt 0.607143 0.312500
vt 0.607143 0.406485
vt 0.625000 0.312500
vt 0.625000 0.406485
vt 0.625000 0.500470
vt 0.607143 0.500437
vt 0.375893 0.688437
vt 0.375446 0.688307
vt 0.392859 0.688306
vt 0.392860 0.688437
vt 0.375000 0.688177
vt 0.392858 0.664745
vt 0.410714 0.688175
vt 0.410271 0.688306
vt 0.409828 0.688437
vt 0.625000 0.688177
vt 0.624554 0.688308
vt 0.607139 0.688309
vt 0.607142 0.664748
vt 0.624107 0.688439
vt 0.607135 0.688439
vt 0.590163 0.688439
vt 0.589725 0.688311
vt 0.589286 0.688183
vt 0.411601 0.688438
vt 0.411157 0.688307
vt 0.428577 0.688308
vt 0.428583 0.688438
vt 0.428573 0.664747
vt 0.446429 0.688179
vt 0.445997 0.688309
vt 0.445565 0.688438
vt 0.447293 0.688440
vt 0.446861 0.688310
vt 0.464291 0.688311
vt 0.464297 0.688440
vt 0.464287 0.664751
vt 0.482143 0.688186
vt 0.481722 0.688313
vt 0.481300 0.688440
vt 0.482986 0.688440
vt 0.482565 0.688313
vt 0.500001 0.688314
vt 0.500003 0.688440
vt 0.500000 0.664755
vt 0.517857 0.688190
vt 0.517438 0.688315
vt 0.517019 0.688440
vt 0.518696 0.688440
vt 0.518277 0.688315
vt 0.535711 0.688314
vt 0.535707 0.688440
vt 0.535713 0.664755
vt 0.553571 0.688188
vt 0.553145 0.688314
vt 0.552718 0.688440
vt 0.554424 0.688440
vt 0.553998 0.688314
vt 0.571422 0.688313
vt 0.571416 0.688440
vt 0.571427 0.664753
vt 0.588846 0.688311
vt 0.588407 0.688440
vt 0.392857 0.594323
vt 0.375000 0.594323
vt 0.410714 0.594323
vt 0.428571 0.594324
vt 0.446429 0.594325
vt 0.464286 0.594326
vt 0.482143 0.594328
vt 0.500000 0.594329
vt 0.517857 0.594330
vt 0.535714 0.594329
vt 0.553571 0.594329
vt 0.571429 0.594328
vt 0.589286 0.594326
vt 0.607143 0.594325
vt 0.625000 0.594323
vt 0.592550 0.959490
vt 0.529754 0.973850
vt 0.519836 0.928400
vt 0.548190 0.901384
vt 0.466957 0.988209
vt 0.482781 0.916333
vt 0.499987 0.838890
vt 0.416494 0.948086
vt 0.444330 0.911224
vt 0.366032 0.907963
vt 0.430249 0.874532
vt 0.365950 0.843411
vt 0.410633 0.841441
vt 0.365868 0.778860
vt 0.430186 0.807336
vt 0.416365 0.738567
vt 0.444243 0.771544
vt 0.466863 0.698273
vt 0.482745 0.765405
vt 0.529813 0.712701
vt 0.519875 0.754301
vt 0.592763 0.727129
vt 0.548271 0.780405
vt 0.620667 0.785286
vt 0.580445 0.802691
vt 0.648572 0.843443
vt 0.577348 0.840945
vt 0.620561 0.901467
vt 0.580374 0.880144
s 1
usemtl pasted__lambert4
f 3457/3693/3488 3521/3694/3489 3549/3695/3490 3523/3696/3491
f 3456/3697/3492 3522/3698/3493 3549/3695/3490 3521/3694/3489
f 3463/3699/3494 3523/3696/3491 3549/3695/3490 3522/3698/3493
f 3458/3700/3495 3524/3701/3496 3550/3702/3497 3525/3703/3498
f 3457/3693/3488 3523/3696/3491 3550/3702/3497 3524/3701/3496
f 3463/3699/3494 3525/3703/3498 3550/3702/3497 3523/3696/3491
f 3459/3704/3499 3526/3705/3500 3551/3706/3501 3527/3707/3502
f 3458/3700/3495 3525/3703/3498 3551/3706/3501 3526/3705/3500
f 3463/3699/3494 3527/3707/3502 3551/3706/3501 3525/3703/3498
f 3460/3708/3503 3528/3709/3504 3552/3710/3505 3529/3711/3506
f 3459/3704/3499 3527/3707/3502 3552/3710/3505 3528/3709/3504
f 3463/3699/3494 3529/3711/3506 3552/3710/3505 3527/3707/3502
f 3461/3712/3507 3530/3713/3508 3553/3714/3509 3531/3715/3510
f 3460/3708/3503 3529/3711/3506 3553/3714/3509 3530/3713/3508
f 3463/3699/3494 3531/3715/3510 3553/3714/3509 3529/3711/3506
f 3462/3716/3511 3532/3717/3512 3554/3718/3513 3533/3719/3514
f 3461/3712/3507 3531/3715/3510 3554/3718/3513 3532/3717/3512
f 3463/3699/3494 3533/3719/3514 3554/3718/3513 3531/3715/3510
f 3456/3697/3492 3534/3720/3515 3555/3721/3516 3522/3698/3493
f 3462/3716/3511 3533/3719/3514 3555/3721/3516 3534/3720/3515
f 3463/3699/3494 3522/3698/3493 3555/3721/3516 3533/3719/3514
f 3456/3722/3492 3521/3723/3489 3556/3724/3517 3537/3725/3518
f 3521/3723/3489 3457/3726/3488 3535/3727/3519 3556/3724/3517
f 3556/3724/3517 3535/3727/3519 3466/3728/3520 3536/3729/3521
f 3537/3725/3518 3556/3724/3517 3536/3729/3521 3465/3730/3522
f 3457/3726/3488 3524/3731/3496 3557/3732/3523 3535/3727/3519
f 3524/3731/3496 3458/3733/3495 3538/3734/3524 3557/3732/3523
f 3557/3732/3523 3538/3734/3524 3467/3735/3525 3539/3736/3526
f 3535/3727/3519 3557/3732/3523 3539/3736/3526 3466/3728/3520
f 3458/3733/3495 3526/3737/3500 3558/3738/3527 3538/3734/3524
f 3526/3737/3500 3459/3739/3499 3540/3740/3528 3558/3738/3527
f 3558/3738/3527 3540/3740/3528 3468/3741/3529 3541/3742/3530
f 3538/3734/3524 3558/3738/3527 3541/3742/3530 3467/3735/3525
f 3459/3739/3499 3528/3743/3504 3559/3744/3531 3540/3740/3528
f 3528/3743/3504 3460/3745/3503 3542/3746/3532 3559/3744/3531
f 3559/3744/3531 3542/3746/3532 3469/3747/3533 3543/3748/3534
f 3540/3740/3528 3559/3744/3531 3543/3748/3534 3468/3741/3529
f 3460/3745/3503 3530/3749/3508 3560/3750/3535 3542/3746/3532
f 3530/3749/3508 3461/3751/3507 3544/3752/3536 3560/3750/3535
f 3560/3750/3535 3544/3752/3536 3470/3753/3537 3545/3754/3538
f 3542/3746/3532 3560/3750/3535 3545/3754/3538 3469/3747/3533
f 3461/3751/3507 3532/3755/3512 3561/3756/3539 3544/3752/3536
f 3532/3755/3512 3462/3757/3511 3546/3758/3540 3561/3756/3539
f 3561/3756/3539 3546/3758/3540 3471/3759/3541 3547/3760/3542
f 3544/3752/3536 3561/3756/3539 3547/3760/3542 3470/3753/3537
f 3462/3757/3511 3534/3761/3515 3562/3762/3543 3546/3758/3540
f 3534/3761/3515 3456/3763/3492 3537/3764/3518 3562/3762/3543
f 3562/3762/3543 3537/3764/3518 3465/3765/3522 3548/3766/3544
f 3546/3758/3540 3562/3762/3543 3548/3766/3544 3471/3759/3541
f 3472/3767/3545 3486/3768/3546 3563/3769/3547 3489/3770/3548
f 3486/3768/3546 3473/3771/3549 3487/3772/3550 3563/3769/3547
f 3563/3769/3547 3487/3772/3550 3475/3773/3551 3488/3774/3552
f 3489/3770/3548 3563/3769/3547 3488/3774/3552 3474/3775/3553
f 3473/3776/3549 3486/3777/3546 3564/3778/3554 3492/3779/3555
f 3486/3777/3546 3472/3780/3545 3490/3781/3556 3564/3778/3554
f 3564/3778/3554 3490/3781/3556 3484/3782/3557 3491/3783/3558
f 3492/3779/3555 3564/3778/3554 3491/3783/3558 3485/3784/3559
f 3474/3785/3553 3488/3786/3552 3565/3787/3560 3495/3788/3561
f 3488/3786/3552 3475/3773/3551 3493/3789/3562 3565/3787/3560
f 3565/3787/3560 3493/3789/3562 3477/3790/3563 3494/3791/3564
f 3495/3788/3561 3565/3787/3560 3494/3791/3564 3476/3792/3565
f 3476/3793/3565 3494/3794/3564 3566/3795/3566 3498/3796/3567
f 3494/3794/3564 3477/3790/3563 3496/3797/3568 3566/3795/3566
f 3566/3795/3566 3496/3797/3568 3479/3798/3569 3497/3799/3570
f 3498/3796/3567 3566/3795/3566 3497/3799/3570 3478/3800/3571
f 3478/3801/3571 3497/3802/3570 3567/3803/3572 3501/3804/3573
f 3497/3802/3570 3479/3798/3569 3499/3805/3574 3567/3803/3572
f 3567/3803/3572 3499/3805/3574 3481/3806/3575 3500/3807/3576
f 3501/3804/3573 3567/3803/3572 3500/3807/3576 3480/3808/3577
f 3480/3809/3577 3500/3810/3576 3568/3811/3578 3504/3812/3579
f 3500/3810/3576 3481/3806/3575 3502/3813/3580 3568/3811/3578
f 3568/3811/3578 3502/3813/3580 3483/3814/3581 3503/3815/3582
f 3504/3812/3579 3568/3811/3578 3503/3815/3582 3482/3816/3583
f 3482/3817/3583 3503/3818/3582 3569/3819/3584 3506/3820/3585
f 3503/3818/3582 3483/3814/3581 3505/3821/3586 3569/3819/3584
f 3569/3819/3584 3505/3821/3586 3485/3784/3559 3491/3822/3558
f 3506/3820/3585 3569/3819/3584 3491/3822/3558 3484/3823/3557
f 3465/3730/3522 3536/3729/3521 3570/3824/3587 3508/3825/3588
f 3536/3729/3521 3466/3728/3520 3507/3826/3589 3570/3824/3587
f 3570/3824/3587 3507/3826/3589 3475/3773/3551 3487/3772/3550
f 3508/3825/3588 3570/3824/3587 3487/3772/3550 3473/3771/3549
f 3466/3728/3520 3539/3736/3526 3571/3827/3590 3507/3826/3589
f 3539/3736/3526 3467/3735/3525 3509/3828/3591 3571/3827/3590
f 3571/3827/3590 3509/3828/3591 3477/3790/3563 3493/3789/3562
f 3507/3826/3589 3571/3827/3590 3493/3789/3562 3475/3773/3551
f 3467/3735/3525 3541/3742/3530 3572/3829/3592 3509/3828/3591
f 3541/3742/3530 3468/3741/3529 3510/3830/3593 3572/3829/3592
f 3572/3829/3592 3510/3830/3593 3479/3798/3569 3496/3797/3568
f 3509/3828/3591 3572/3829/3592 3496/3797/3568 3477/3790/3563
f 3468/3741/3529 3543/3748/3534 3573/3831/3594 3510/3830/3593
f 3543/3748/3534 3469/3747/3533 3511/3832/3595 3573/3831/3594
f 3573/3831/3594 3511/3832/3595 3481/3806/3575 3499/3805/3574
f 3510/3830/3593 3573/3831/3594 3499/3805/3574 3479/3798/3569
f 3469/3747/3533 3545/3754/3538 3574/3833/3596 3511/3832/3595
f 3545/3754/3538 3470/3753/3537 3512/3834/3597 3574/3833/3596
f 3574/3833/3596 3512/3834/3597 3483/3814/3581 3502/3813/3580
f 3511/3832/3595 3574/3833/3596 3502/3813/3580 3481/3806/3575
f 3470/3753/3537 3547/3760/3542 3575/3835/3598 3512/3834/3597
f 3547/3760/3542 3471/3759/3541 3513/3836/3599 3575/3835/3598
f 3575/3835/3598 3513/3836/3599 3485/3784/3559 3505/3821/3586
f 3512/3834/3597 3575/3835/3598 3505/3821/3586 3483/3814/3581
f 3471/3759/3541 3548/3766/3544 3576/3837/3600 3513/3836/3599
f 3548/3766/3544 3465/3765/3522 3508/3838/3588 3576/3837/3600
f 3576/3837/3600 3508/3838/3588 3473/3776/3549 3492/3779/3555
f 3513/3836/3599 3576/3837/3600 3492/3779/3555 3485/3784/3559
f 3472/3839/3545 3489/3840/3548 3577/3841/3601 3515/3842/3602
f 3474/3843/3553 3514/3844/3603 3577/3841/3601 3489/3840/3548
f 3464/3845/3604 3515/3842/3602 3577/3841/3601 3514/3844/3603
f 3474/3843/3553 3495/3846/3561 3578/3847/3605 3514/3844/3603
f 3476/3848/3565 3516/3849/3606 3578/3847/3605 3495/3846/3561
f 3464/3845/3604 3514/3844/3603 3578/3847/3605 3516/3849/3606
f 3476/3848/3565 3498/3850/3567 3579/3851/3607 3516/3849/3606
f 3478/3852/3571 3517/3853/3608 3579/3851/3607 3498/3850/3567
f 3464/3845/3604 3516/3849/3606 3579/3851/3607 3517/3853/3608
f 3478/3852/3571 3501/3854/3573 3580/3855/3609 3517/3853/3608
f 3480/3856/3577 3518/3857/3610 3580/3855/3609 3501/3854/3573
f 3464/3845/3604 3517/3853/3608 3580/3855/3609 3518/3857/3610
f 3480/3856/3577 3504/3858/3579 3581/3859/3611 3518/3857/3610
f 3482/3860/3583 3519/3861/3612 3581/3859/3611 3504/3858/3579
f 3464/3845/3604 3518/3857/3610 3581/3859/3611 3519/3861/3612
f 3482/3860/3583 3506/3862/3585 3582/3863/3613 3519/3861/3612
f 3484/3864/3557 3520/3865/3614 3582/3863/3613 3506/3862/3585
f 3464/3845/3604 3519/3861/3612 3582/3863/3613 3520/3865/3614
f 3484/3864/3557 3490/3866/3556 3583/3867/3615 3520/3865/3614
f 3472/3839/3545 3515/3842/3602 3583/3867/3615 3490/3866/3556
f 3464/3845/3604 3520/3865/3614 3583/3867/3615 3515/3842/3602
o pasted__pasted__pCube4
v 0.063952 0.012985 -0.031026
v 0.049615 0.021523 -0.030840
v 0.065088 0.015185 -0.031545
v 0.050533 0.027308 -0.032023
v 0.065464 0.017722 -0.013189
v 0.050557 0.028154 -0.017322
v 0.064328 0.015522 -0.012669
v 0.049640 0.022370 -0.016140
v 0.066134 0.016534 -0.022437
v 0.049723 0.029946 -0.025144
v 0.048606 0.021310 -0.023393
v 0.064636 0.013660 -0.021760
v 0.065208 0.015806 -0.027135
v 0.049719 0.029722 -0.029347
v 0.048603 0.021085 -0.027596
v 0.063778 0.013224 -0.026539
v 0.064002 0.014542 -0.016956
v 0.048610 0.021534 -0.019191
v 0.049726 0.030170 -0.020941
v 0.065432 0.017123 -0.017551
v 0.077076 0.012102 -0.014422
v 0.076949 0.011698 -0.014358
v 0.078425 0.009721 -0.021810
v 0.078686 0.010330 -0.021935
v 0.077139 0.009018 -0.028803
v 0.077266 0.009422 -0.028867
v 0.073266 0.009488 -0.034439
v 0.073568 0.010142 -0.034582
v 0.072339 0.013648 -0.009090
v 0.072641 0.014303 -0.009233
v 0.072558 0.010428 -0.028006
v 0.078285 0.009092 -0.026076
v 0.072911 0.011317 -0.028169
v 0.077893 0.008918 -0.028964
v 0.077927 0.009027 -0.028982
v 0.078440 0.009537 -0.026152
v 0.076699 0.008724 -0.031956
v 0.076855 0.009169 -0.032032
v 0.072536 0.013433 -0.015523
v 0.072183 0.012545 -0.015360
v 0.077741 0.011807 -0.014246
v 0.077707 0.011699 -0.014229
v 0.078205 0.010586 -0.017393
v 0.078361 0.011031 -0.017469
v 0.076163 0.012249 -0.011121
v 0.076318 0.012693 -0.011197
v 0.056188 0.016454 -0.029547
v 0.055948 0.016081 -0.026019
v 0.055995 0.016437 -0.022159
v 0.056043 0.016793 -0.018299
v 0.056365 0.017790 -0.015072
v 0.058048 0.021886 -0.015973
v 0.058272 0.022192 -0.019484
v 0.058238 0.021889 -0.023358
v 0.058178 0.021479 -0.027203
v 0.057872 0.020549 -0.030448
v 0.064455 0.014065 -0.031902
v 0.070133 0.012074 -0.033562
v 0.074359 0.009291 -0.035251
v 0.069517 0.010803 -0.033271
v 0.074052 0.010562 -0.030567
v 0.077354 0.009162 -0.030574
v 0.073270 0.012672 -0.012789
v 0.076906 0.011938 -0.012527
v 0.073587 0.013478 -0.012939
v 0.064855 0.016766 -0.012348
v 0.069079 0.014398 -0.010332
v 0.073163 0.013777 -0.008436
v 0.069695 0.015670 -0.010623
v 0.064515 0.013350 -0.024161
v 0.069034 0.011530 -0.027417
v 0.078056 0.009428 -0.024386
v 0.071948 0.011528 -0.021762
v 0.063992 0.012796 -0.029121
v 0.075173 0.008951 -0.033502
v 0.077843 0.009125 -0.028944
v 0.077678 0.008810 -0.031321
v 0.078902 0.009073 -0.026936
v 0.065438 0.015492 -0.029749
v 0.069811 0.013059 -0.027748
v 0.075414 0.009515 -0.033614
v 0.065961 0.016046 -0.024789
v 0.072742 0.013162 -0.022133
v 0.078296 0.009991 -0.024497
v 0.080288 0.009391 -0.021819
v 0.077931 0.008959 -0.029021
v 0.066080 0.016706 -0.019981
v 0.069671 0.014834 -0.016341
v 0.078274 0.010856 -0.019293
v 0.065743 0.017538 -0.014986
v 0.074560 0.013467 -0.009911
v 0.077198 0.012096 -0.011797
v 0.077629 0.011684 -0.014234
v 0.078785 0.010839 -0.016467
v 0.064298 0.014843 -0.014359
v 0.068893 0.013306 -0.016010
v 0.074319 0.012903 -0.009800
v 0.064635 0.014011 -0.019353
v 0.078033 0.010292 -0.019181
v 0.077655 0.011718 -0.014259
v 0.059686 0.014626 -0.026035
v 0.059844 0.014693 -0.029785
v 0.059801 0.015109 -0.021879
v 0.059917 0.015593 -0.017724
v 0.060276 0.016506 -0.014202
v 0.061816 0.019397 -0.014873
v 0.061911 0.019199 -0.018552
v 0.061846 0.018928 -0.022765
v 0.061680 0.018232 -0.026863
v 0.061383 0.017584 -0.030457
v 0.057026 0.018464 -0.030481
v 0.051981 0.018791 -0.030306
v 0.049157 0.025206 -0.032139
v 0.053405 0.025358 -0.031670
v 0.058255 0.022041 -0.021421
v 0.053669 0.026962 -0.024455
v 0.049724 0.030058 -0.023043
v 0.053684 0.027233 -0.020486
v 0.057214 0.019889 -0.015042
v 0.053459 0.026376 -0.016786
v 0.049172 0.026050 -0.016398
v 0.052036 0.019810 -0.015422
v 0.056019 0.016615 -0.020229
v 0.051786 0.018477 -0.018668
v 0.048608 0.021422 -0.021292
v 0.051771 0.018206 -0.022637
v 0.047979 0.026642 -0.024509
v 0.047979 0.026851 -0.020229
v 0.077702 0.011918 -0.014271
v 0.078838 0.011007 -0.016493
v 0.078001 0.011464 -0.016006
v 0.058208 0.021684 -0.025281
v 0.053655 0.026690 -0.028424
v 0.049721 0.029834 -0.027245
v 0.047979 0.026434 -0.028790
v 0.048605 0.021197 -0.025495
v 0.055972 0.016259 -0.024089
v 0.051757 0.017934 -0.026606
v 0.078850 0.008905 -0.026909
v 0.077980 0.008975 -0.027378
v 0.077769 0.008890 -0.028907
v 0.058161 0.021328 -0.029140
v 0.049717 0.029610 -0.031448
v 0.048601 0.020973 -0.029697
v 0.055925 0.015902 -0.027948
v 0.077626 0.008642 -0.031295
v 0.077228 0.008758 -0.030510
v 0.056066 0.016972 -0.016369
v 0.048612 0.021646 -0.017089
v 0.049728 0.030282 -0.018840
v 0.058302 0.022397 -0.017561
v 0.077251 0.012263 -0.011823
v 0.077032 0.012342 -0.012591
v 0.074512 0.011574 -0.017149
v 0.077875 0.011060 -0.015942
v 0.074730 0.012075 -0.014837
v 0.074829 0.012380 -0.017300
v 0.074912 0.012655 -0.014929
v 0.074730 0.010046 -0.026318
v 0.075064 0.009644 -0.028422
v 0.075047 0.010853 -0.026468
v 0.078106 0.009378 -0.027443
v 0.075246 0.010224 -0.028515
v 0.073735 0.009756 -0.030416
v 0.052691 0.022040 -0.031484
v 0.053677 0.027097 -0.022471
v 0.052749 0.023127 -0.015608
v 0.051778 0.018342 -0.020652
v 0.047979 0.026747 -0.022369
v 0.078334 0.011445 -0.015566
v 0.053662 0.026826 -0.026440
v 0.047979 0.026538 -0.026650
v 0.051764 0.018070 -0.024621
v 0.078329 0.008876 -0.027746
v 0.053647 0.026554 -0.030409
v 0.047979 0.026330 -0.030930
v 0.051749 0.017798 -0.028590
v 0.077727 0.008703 -0.030251
v 0.051793 0.018613 -0.016683
v 0.047979 0.026955 -0.018089
v 0.053691 0.027369 -0.018502
v 0.077558 0.012147 -0.012834
v 0.075931 0.011490 -0.016006
v 0.076101 0.012034 -0.016092
v 0.076165 0.009479 -0.027359
v 0.076335 0.010024 -0.027445
v 0.075563 0.009306 -0.029863
v 0.069599 0.011445 -0.034165
v 0.075733 0.009851 -0.029950
v 0.075156 0.012192 -0.013274
v 0.075326 0.012737 -0.013360
v 0.069125 0.015258 -0.009800
v 0.071723 0.011162 -0.024635
v 0.070149 0.010693 -0.031010
v 0.077811 0.008971 -0.030294
v 0.078412 0.009144 -0.027789
v 0.070862 0.012143 -0.031330
v 0.072435 0.012612 -0.024954
v 0.079546 0.009010 -0.025451
v 0.077057 0.008650 -0.032973
v 0.072396 0.013506 -0.019183
v 0.070528 0.015088 -0.012670
v 0.077475 0.011880 -0.012791
v 0.078250 0.011177 -0.015523
v 0.069816 0.013638 -0.012351
v 0.071684 0.012056 -0.018864
v 0.079501 0.010369 -0.018064
v 0.076255 0.012584 -0.010311
v 0.059628 0.014384 -0.028113
v 0.059744 0.014867 -0.023957
v 0.059859 0.015351 -0.019802
v 0.059974 0.015834 -0.015646
v 0.061067 0.018039 -0.014025
v 0.061993 0.019547 -0.016503
v 0.061878 0.019064 -0.020659
v 0.061763 0.018580 -0.024814
v 0.061648 0.018097 -0.028970
v 0.060605 0.016105 -0.030647
vn 0.4022 0.2489 -0.8811
vn -0.0108 -0.2054 -0.9786
vn 0.0312 -0.2047 -0.9783
vn 0.3866 0.1922 -0.9020
vn -0.2513 -0.6172 -0.7456
vn -0.2396 -0.5339 -0.8109
vn -0.4186 -0.3983 -0.8162
vn -0.2994 -0.1297 -0.9453
vn 0.1028 0.2058 -0.9732
vn 0.7022 0.7083 -0.0722
vn 0.7042 0.7077 -0.0572
vn 0.6879 0.7240 -0.0520
vn 0.6844 0.7270 -0.0553
vn 0.7088 0.7016 -0.0734
vn 0.6918 0.7200 -0.0553
vn -0.0753 0.9955 -0.0583
vn -0.0823 0.9949 -0.0582
vn -0.0893 0.9943 -0.0582
vn -0.2380 -0.3037 0.9226
vn -0.0174 0.2214 0.9750
vn -0.0021 0.2100 0.9777
vn -0.2681 -0.2093 0.9404
vn 0.3293 0.5821 0.7434
vn 0.3226 0.5327 0.7824
vn 0.0321 0.5488 0.8353
vn -0.3435 0.2397 0.9081
vn -0.4626 -0.0699 0.8838
vn -0.3651 -0.9266 0.0901
vn -0.3538 -0.9309 0.0904
vn -0.5526 -0.8312 0.0619
vn -0.5597 -0.8264 0.0616
vn -0.3425 -0.9351 0.0906
vn -0.5453 -0.8359 0.0622
vn -0.9144 -0.4041 0.0248
vn -0.9154 -0.4018 0.0247
vn -0.9164 -0.3996 0.0246
vn -0.9919 0.1270 -0.0060
vn 0.2859 0.9444 -0.1622
vn 0.4421 0.8910 -0.1034
vn 0.4645 0.8789 -0.1086
vn 0.3245 0.9304 -0.1707
vn 0.4619 -0.8110 0.3591
vn 0.6964 0.7169 0.0312
vn 0.3904 0.9175 -0.0762
vn 0.7181 0.6903 -0.0881
vn 0.6971 0.7146 -0.0580
vn 0.7264 0.6836 -0.0716
vn 0.7017 0.7104 -0.0541
vn -0.0612 0.9964 -0.0584
vn -0.0683 0.9960 -0.0583
vn -0.9183 -0.3951 0.0243
vn -0.9174 -0.3973 0.0244
vn -0.3876 -0.9175 0.0895
vn -0.3763 -0.9221 0.0898
vn -0.5668 -0.8216 0.0613
vn -0.5738 -0.8168 0.0610
vn 0.8472 -0.4639 -0.2587
vn 0.0295 -0.9980 0.0558
vn -0.0891 -0.9947 0.0517
vn -0.1008 -0.9912 0.0859
vn -0.2368 -0.9593 0.1536
vn -0.2412 -0.9611 0.1345
vn -0.2500 -0.9599 0.1265
vn 0.7214 0.6488 -0.2420
vn 0.6960 0.6515 -0.3018
vn -0.0650 0.8813 -0.4681
vn -0.8762 -0.4240 -0.2290
vn -0.9324 0.0903 -0.3501
vn -0.3951 -0.9110 -0.1185
vn -0.5368 -0.8227 -0.1873
vn -0.2418 -0.9651 0.1008
vn 0.3137 -0.9474 -0.0639
vn -0.0469 -0.9923 0.1146
vn -0.2422 -0.9631 0.1177
vn -0.3523 -0.8814 0.3148
vn -0.5282 -0.7792 0.3376
vn -0.8825 -0.3641 0.2978
vn -0.9298 0.1951 0.3121
vn -0.1062 0.9566 0.2712
vn 0.6648 0.7388 0.1101
vn 0.6427 0.7436 0.1844
vn 0.4029 0.9122 -0.0748
vn 0.7765 -0.4492 0.4420
vn 0.5171 0.8546 -0.0479
vn 0.3149 0.9428 -0.1096
vn -0.2485 -0.9548 0.1633
vn -0.2485 -0.9515 0.1811
vn -0.2246 -0.9446 0.2393
vn -0.2147 -0.9594 0.1827
vn -0.2022 -0.9603 0.1924
vn -0.1878 -0.9471 0.2601
vn -0.1784 -0.9639 0.1977
vn 0.3914 0.9192 -0.0422
vn 0.3213 0.9341 -0.1559
vn 0.4305 0.8974 -0.0970
vn 0.3291 0.9334 -0.1428
vn -0.2700 -0.9516 0.1469
vn -0.2678 -0.9533 0.1395
vn -0.2742 -0.9519 0.1365
vn -0.2725 -0.9529 0.1329
vn 0.4453 0.8782 -0.1744
vn 0.4024 0.8759 -0.2663
vn 0.3602 0.9069 -0.2186
vn 0.3868 0.9085 -0.1582
vn 0.4175 0.8748 -0.2458
vn 0.3742 0.9015 -0.2176
vn 0.3590 0.9213 -0.1497
vn -0.2715 -0.9540 0.1276
vn -0.2695 -0.9547 0.1264
vn -0.4451 -0.8186 -0.3631
vn -0.3488 -0.0652 -0.9349
vn -0.3282 -0.0424 -0.9437
vn -0.4205 -0.8772 -0.2317
vn 0.2872 0.7782 -0.5585
vn 0.3237 0.8374 -0.4405
vn 0.3701 0.8453 -0.3854
vn 0.1834 -0.2761 -0.9435
vn -0.3481 -0.9286 -0.1282
vn 0.4513 0.8793 -0.1522
vn 0.4372 0.8941 -0.0974
vn 0.3841 0.9178 -0.1008
vn 0.3999 0.9094 -0.1148
vn -0.1817 -0.9641 0.1938
vn -0.2357 -0.9602 0.1498
vn -0.2025 -0.9711 0.1261
vn -0.1591 -0.9778 0.1365
vn 0.4076 0.9011 -0.1479
vn 0.3151 0.9397 -0.1330
vn 0.2779 0.9136 0.2967
vn -0.2921 0.3536 0.8886
vn -0.2827 0.3497 0.8932
vn 0.3176 0.9298 0.1861
vn -0.4218 -0.6559 0.6261
vn -0.4060 -0.7708 0.4909
vn -0.3231 -0.8546 0.4065
vn 0.1962 0.1149 0.9738
vn 0.3639 0.9208 0.1405
vn -0.2806 -0.9500 0.1371
vn -0.2847 -0.9487 0.1372
vn -0.2735 -0.9513 0.1423
vn -0.2700 -0.9516 0.1467
vn -0.2920 -0.9470 0.1338
vn -0.2801 -0.9501 0.1375
vn -0.2448 -0.9585 0.1458
vn -0.2351 -0.9591 0.1575
vn -0.3240 -0.9448 0.0493
vn -0.3032 -0.9497 0.0777
vn -0.2567 -0.9652 0.0508
vn 0.4945 0.8493 -0.1849
vn 0.5583 0.8192 -0.1316
vn 0.9379 -0.1809 -0.2961
vn 0.8786 0.3919 -0.2730
vn 0.6241 0.7357 -0.2633
vn 0.4919 0.8350 -0.2468
vn 0.5034 0.8534 -0.1356
vn 0.4661 0.8747 -0.1327
vn 0.5089 0.8467 -0.1555
vn 0.4764 0.8627 -0.1694
vn 0.4568 0.8635 -0.2138
vn 0.4731 0.8514 -0.2266
vn 0.4372 0.8680 -0.2354
vn 0.4705 0.8728 -0.1296
vn 0.4381 0.8884 -0.1374
vn 0.4423 0.8851 -0.1447
vn 0.4350 0.8743 -0.2156
vn 0.9225 -0.3795 0.0706
vn 0.9027 -0.4159 -0.1099
vn 0.9144 -0.3387 -0.2215
vn 0.6938 -0.3926 -0.6037
vn 0.4720 0.8810 -0.0329
vn 0.4385 0.8978 -0.0400
vn 0.4993 0.8615 -0.0924
vn 0.4772 0.8745 -0.0874
vn 0.4277 0.9006 -0.0774
vn 0.4925 0.8630 -0.1129
vn 0.4618 0.8791 -0.1179
vn 0.4323 0.9016 -0.0161
vn 0.5516 0.8336 0.0292
vn 0.9081 0.1709 0.3824
vn 0.0469 -0.9857 0.1617
vn -0.0137 -0.9670 0.2544
vn 0.1389 -0.9331 0.3316
vn -0.0319 -0.9395 0.3409
vn -0.2924 -0.9302 0.2220
vn -0.2794 -0.9392 0.1995
vn -0.2691 -0.9529 0.1396
vn -0.2650 -0.9525 0.1501
vn -0.2189 -0.9438 0.2476
vn -0.2756 -0.9511 0.1394
vn -0.2664 -0.9515 0.1540
vn -0.2300 -0.9579 0.1716
vn 0.8938 -0.3720 0.2504
vn 0.8521 -0.3120 0.4203
vn 0.6394 -0.1213 0.7592
vn -0.3294 -0.9368 0.1181
vn -0.3656 -0.9305 -0.0234
vn -0.3978 -0.7052 -0.5869
vn -0.3071 -0.9442 0.1188
vn -0.3178 -0.9406 0.1192
vn -0.2870 -0.9505 0.1191
vn -0.2973 -0.9473 0.1189
vn -0.3538 -0.4559 0.8167
vn -0.3100 -0.9133 0.2644
vn 0.2431 0.7939 0.5574
vn -0.1726 0.2980 0.9388
vn 0.5773 0.8108 -0.0966
vn 0.5449 0.8381 -0.0261
vn 0.5687 0.8153 -0.1094
vn 0.5672 0.8218 -0.0547
vn 0.6088 0.7848 -0.1161
vn 0.5845 0.7947 -0.1636
vn 0.2916 0.5453 -0.7859
vn 0.5963 0.7818 -0.1823
vn -0.2157 -0.1271 -0.9682
vt 0.500000 0.226562
vt 0.500000 0.125000
vt 0.562500 0.125000
vt 0.562500 0.226562
vt 0.500000 0.000000
vt 0.562500 0.000000
vt 0.625000 0.000000
vt 0.617188 0.125000
vt 0.625000 0.250000
vt 0.500000 0.437500
vt 0.500000 0.406250
vt 0.562500 0.406250
vt 0.562500 0.437500
vt 0.500000 0.375000
vt 0.562500 0.375000
vt 0.625000 0.375000
vt 0.625000 0.406250
vt 0.625000 0.437500
vt 0.500000 0.726562
vt 0.500000 0.625000
vt 0.562500 0.625000
vt 0.562500 0.726562
vt 0.500000 0.523438
vt 0.562500 0.523438
vt 0.625000 0.500000
vt 0.625000 0.625000
vt 0.625000 0.750000
vt 0.500000 0.875000
vt 0.500000 0.843750
vt 0.562500 0.843750
vt 0.562500 0.875000
vt 0.500000 0.812500
vt 0.562500 0.812500
vt 0.625000 0.812500
vt 0.625000 0.843750
vt 0.625000 0.875000
vt 0.750000 0.250000
vt 0.750000 0.125000
vt 0.781250 0.125000
vt 0.781250 0.250000
vt 0.750000 0.000000
vt 0.781250 0.000000
vt 0.812500 0.000000
vt 0.812500 0.125000
vt 0.812500 0.250000
vt 0.187500 0.241319
vt 0.187500 0.215278
vt 0.197917 0.222222
vt 0.200521 0.243056
vt 0.187500 0.178819
vt 0.205729 0.190972
vt 0.212240 0.235243
vt 0.500000 0.343750
vt 0.562500 0.343750
vt 0.500000 0.312500
vt 0.562500 0.312500
vt 0.625000 0.312500
vt 0.625000 0.343750
vt 0.687500 0.250000
vt 0.687500 0.125000
vt 0.718750 0.125000
vt 0.718750 0.250000
vt 0.687500 0.000000
vt 0.718750 0.000000
vt 0.500000 0.937500
vt 0.500000 0.906250
vt 0.562500 0.906250
vt 0.562500 0.937500
vt 0.625000 0.906250
vt 0.625000 0.937500
vt 0.312500 0.071181
vt 0.294271 0.059028
vt 0.302083 0.027778
vt 0.312500 0.034722
vt 0.287760 0.014757
vt 0.299479 0.006944
vt 0.312500 0.008681
vt 0.500000 0.281250
vt 0.562500 0.281250
vt 0.625000 0.281250
vt 0.656250 0.000000
vt 0.656250 0.125000
vt 0.656250 0.250000
vt 0.500000 1.000000
vt 0.500000 0.968750
vt 0.562500 0.968750
vt 0.562500 1.000000
vt 0.625000 0.968750
vt 0.625000 1.000000
vt 0.337240 0.014757
vt 0.330729 0.059028
vt 0.322917 0.027778
vt 0.325521 0.006944
vt 0.500000 0.781250
vt 0.562500 0.781250
vt 0.625000 0.781250
vt 0.843750 0.125000
vt 0.843750 0.250000
vt 0.843750 0.000000
vt 0.875000 0.000000
vt 0.875000 0.125000
vt 0.875000 0.250000
vt 0.500000 0.468750
vt 0.562500 0.468750
vt 0.625000 0.468750
vt 0.162760 0.235243
vt 0.169271 0.190972
vt 0.177083 0.222222
vt 0.174479 0.243056
vt 0.187500 0.000000
vt 0.205729 0.000000
vt 0.197917 0.000000
vt 0.212240 0.014757
vt 0.200521 0.006944
vt 0.187500 0.008681
vt 0.205729 0.250000
vt 0.197917 0.250000
vt 0.187500 0.250000
vt 0.294271 0.000000
vt 0.302083 0.000000
vt 0.312500 0.000000
vt 0.312500 0.250000
vt 0.294271 0.250000
vt 0.302083 0.250000
vt 0.287760 0.235243
vt 0.299479 0.243056
vt 0.312500 0.241319
vt 0.330729 0.000000
vt 0.322917 0.000000
vt 0.375000 0.000000
vt 0.390625 0.125000
vt 0.375000 0.125000
vt 0.367188 0.031250
vt 0.375000 0.250000
vt 0.367188 0.218750
vt 0.364583 0.194444
vt 0.367188 0.125000
vt 0.364583 0.055556
vt 0.337240 0.235243
vt 0.330729 0.250000
vt 0.322917 0.250000
vt 0.325521 0.243056
vt 0.162760 0.014757
vt 0.169271 0.000000
vt 0.177083 0.000000
vt 0.174479 0.006944
vt 0.169271 0.250000
vt 0.177083 0.250000
vt 0.125000 0.250000
vt 0.125000 0.125000
vt 0.132812 0.218750
vt 0.125000 0.000000
vt 0.132812 0.031250
vt 0.135417 0.055556
vt 0.132812 0.125000
vt 0.135417 0.194444
vt 0.250000 0.000000
vt 0.281250 0.000000
vt 0.273438 0.031250
vt 0.250000 0.031250
vt 0.343750 0.000000
vt 0.351562 0.031250
vt 0.312500 0.215278
vt 0.322917 0.222222
vt 0.312500 0.178819
vt 0.330729 0.190972
vt 0.294271 0.190972
vt 0.302083 0.222222
vt 0.343750 0.250000
vt 0.351562 0.218750
vt 0.281250 0.250000
vt 0.250000 0.250000
vt 0.250000 0.218750
vt 0.273438 0.218750
vt 0.250000 0.125000
vt 0.281250 0.125000
vt 0.312500 0.125000
vt 0.343750 0.125000
vt 0.218750 0.250000
vt 0.226562 0.218750
vt 0.156250 0.250000
vt 0.148438 0.218750
vt 0.187500 0.071181
vt 0.169271 0.059028
vt 0.177083 0.027778
vt 0.187500 0.034722
vt 0.205729 0.059028
vt 0.197917 0.027778
vt 0.156250 0.000000
vt 0.148438 0.031250
vt 0.218750 0.000000
vt 0.226562 0.031250
vt 0.218750 0.125000
vt 0.187500 0.125000
vt 0.156250 0.125000
vt 0.375000 0.937500
vt 0.437500 0.937500
vt 0.437500 0.968750
vt 0.375000 0.968750
vt 0.437500 1.000000
vt 0.375000 1.000000
vt 0.375000 0.875000
vt 0.437500 0.875000
vt 0.437500 0.906250
vt 0.375000 0.906250
vt 0.375000 0.812500
vt 0.437500 0.812500
vt 0.437500 0.843750
vt 0.375000 0.843750
vt 0.375000 0.750000
vt 0.437500 0.726562
vt 0.437500 0.781250
vt 0.375000 0.781250
vt 0.375000 0.500000
vt 0.437500 0.523438
vt 0.437500 0.625000
vt 0.375000 0.625000
vt 0.375000 0.437500
vt 0.437500 0.437500
vt 0.437500 0.468750
vt 0.375000 0.468750
vt 0.375000 0.375000
vt 0.437500 0.375000
vt 0.437500 0.406250
vt 0.375000 0.406250
vt 0.375000 0.312500
vt 0.437500 0.312500
vt 0.437500 0.343750
vt 0.375000 0.343750
vt 0.437500 0.226562
vt 0.437500 0.281250
vt 0.375000 0.281250
vt 0.437500 0.000000
vt 0.437500 0.125000
s 1
usemtl pasted__lambert12
f 3639/3868/3616 3694/3869/3617 3748/3870/3618 3697/3871/3619
f 3694/3869/3617 3630/3872/3620 3695/3873/3621 3748/3870/3618
f 3748/3870/3618 3695/3873/3621 3585/3874/3622 3696/3875/3623
f 3697/3871/3619 3748/3870/3618 3696/3875/3623 3587/3876/3624
f 3636/3877/3625 3698/3878/3626 3749/3879/3627 3701/3880/3628
f 3698/3878/3626 3637/3881/3629 3699/3882/3630 3749/3879/3627
f 3749/3879/3627 3699/3882/3630 3593/3883/3631 3700/3884/3632
f 3701/3880/3628 3749/3879/3627 3700/3884/3632 3602/3885/3633
f 3634/3886/3634 3702/3887/3635 3750/3888/3636 3705/3889/3637
f 3702/3887/3635 3635/3890/3638 3703/3891/3639 3750/3888/3636
f 3750/3888/3636 3703/3891/3639 3589/3892/3640 3704/3893/3641
f 3705/3889/3637 3750/3888/3636 3704/3893/3641 3591/3894/3642
f 3632/3895/3643 3706/3896/3644 3751/3897/3645 3709/3898/3646
f 3706/3896/3644 3633/3899/3647 3707/3900/3648 3751/3897/3645
f 3751/3897/3645 3707/3900/3648 3601/3901/3649 3708/3902/3650
f 3709/3898/3646 3751/3897/3645 3708/3902/3650 3594/3903/3651
f 3593/3904/3631 3710/3905/3652 3752/3906/3652 3700/3907/3632
f 3710/3905/3652 3594/3908/3651 3708/3909/3650 3752/3906/3652
f 3752/3906/3652 3708/3909/3650 3601/3910/3649 3711/3911/3652
f 3700/3907/3632 3752/3906/3652 3711/3911/3652 3602/3912/3633
f 3637/3881/3629 3715/3920/3660 3754/3921/3661 3699/3882/3630
f 3715/3920/3660 3638/3922/3662 3716/3923/3663 3754/3921/3661
f 3754/3921/3661 3716/3923/3663 3597/3924/3664 3717/3925/3665
f 3699/3882/3630 3754/3921/3661 3717/3925/3665 3593/3883/3631
f 3597/3926/3664 3718/3927/3652 3755/3928/3652 3717/3929/3665
f 3718/3927/3652 3598/3930/3666 3719/3931/3667 3755/3928/3652
f 3755/3928/3652 3719/3931/3667 3594/3908/3651 3710/3905/3652
f 3717/3929/3665 3755/3928/3652 3710/3905/3652 3593/3904/3631
f 3631/3932/3668 3720/3933/3669 3756/3934/3670 3721/3935/3671
f 3720/3933/3669 3632/3895/3643 3709/3898/3646 3756/3934/3670
f 3756/3934/3670 3709/3898/3646 3594/3903/3651 3719/3936/3667
f 3721/3935/3671 3756/3934/3670 3719/3936/3667 3598/3937/3666
f 3638/3922/3662 3725/3945/3679 3758/3946/3680 3716/3923/3663
f 3725/3945/3679 3639/3868/3616 3697/3871/3619 3758/3946/3680
f 3758/3946/3680 3697/3871/3619 3587/3876/3624 3726/3947/3681
f 3716/3923/3663 3758/3946/3680 3726/3947/3681 3597/3924/3664
f 3585/3874/3622 3727/3948/3682 3759/3949/3683 3696/3875/3623
f 3727/3948/3682 3598/3930/3666 3718/3927/3652 3759/3949/3683
f 3759/3949/3683 3718/3927/3652 3597/3926/3664 3726/3950/3681
f 3696/3875/3623 3759/3949/3683 3726/3950/3681 3587/3876/3624
f 3630/3951/3620 3728/3952/3684 3760/3953/3685 3695/3954/3621
f 3728/3952/3684 3631/3932/3668 3721/3935/3671 3760/3953/3685
f 3760/3953/3685 3721/3935/3671 3598/3937/3666 3727/3955/3682
f 3695/3954/3621 3760/3953/3685 3727/3955/3682 3585/3956/3622
f 3633/3899/3647 3731/3961/3690 3762/3962/3691 3707/3900/3648
f 3731/3961/3690 3634/3886/3634 3705/3889/3637 3762/3962/3691
f 3762/3962/3691 3705/3889/3637 3591/3894/3642 3732/3963/3692
f 3707/3900/3648 3762/3962/3691 3732/3963/3692 3601/3901/3649
f 3602/3912/3633 3711/3911/3652 3763/3964/3693 3733/3965/3694
f 3711/3911/3652 3601/3910/3649 3732/3966/3692 3763/3964/3693
f 3763/3964/3693 3732/3966/3692 3591/3967/3642 3704/3968/3641
f 3733/3965/3694 3763/3964/3693 3704/3968/3641 3589/3969/3640
f 3635/3890/3638 3734/3970/3695 3764/3971/3696 3703/3891/3639
f 3734/3970/3695 3636/3877/3625 3701/3880/3628 3764/3971/3696
f 3764/3971/3696 3701/3880/3628 3602/3885/3633 3733/3972/3694
f 3703/3891/3639 3764/3971/3696 3733/3972/3694 3589/3892/3640
f 3584/3997/3725 3640/3998/3726 3771/3999/3727 3643/4000/3728
f 3640/3998/3726 3586/4001/3729 3641/4002/3730 3771/3999/3727
f 3771/3999/3727 3641/4002/3730 3611/4003/3731 3642/4004/3732
f 3643/4000/3728 3771/3999/3727 3642/4004/3732 3610/4005/3733
f 3588/4016/3744 3649/4017/3745 3775/4017/3746 3652/4018/3747
f 3649/4017/3745 3590/4019/3748 3650/4020/3749 3775/4017/3746
f 3775/4017/3746 3650/4020/3749 3612/4021/3750 3651/4022/3751
f 3652/4018/3747 3775/4017/3746 3651/4022/3751 3613/4023/3752
f 3595/4024/3753 3653/4025/3754 3776/4025/3755 3656/4024/3756
f 3599/3988/3757 3654/3988/3758 3776/4025/3755 3653/4025/3754
f 3614/3988/3714 3742/3986/3712 3776/4025/3755 3654/3988/3758
f 3615/3942/3676 3655/4026/3759 3776/4025/3755 3742/3986/3712
f 3606/4027/3760 3656/4024/3756 3776/4025/3755 3655/4026/3759
f 3599/3988/3757 3657/4028/3761 3777/4028/3762 3654/3988/3758
f 3584/3997/3725 3643/4000/3728 3777/4028/3762 3657/4028/3761
f 3610/4005/3733 3658/4029/3763 3777/4028/3762 3643/4000/3728
f 3620/3957/3686 3747/3995/3723 3777/4028/3762 3658/4029/3763
f 3614/3988/3714 3654/3988/3758 3777/4028/3762 3747/3995/3723
f 3586/4001/3729 3662/4036/3770 3780/4036/3771 3641/4002/3730
f 3596/3989/3772 3663/3989/3773 3780/4036/3771 3662/4036/3770
f 3616/3989/3716 3644/4007/3735 3780/4036/3771 3663/3989/3773
f 3621/4006/3734 3664/4037/3774 3780/4036/3771 3644/4007/3735
f 3611/4003/3731 3641/4002/3730 3780/4036/3771 3664/4037/3774
f 3596/3989/3772 3665/4038/3775 3781/4038/3776 3663/3989/3773
f 3592/4039/3777 3666/4039/3778 3781/4038/3776 3665/4038/3775
f 3607/4040/3779 3667/4041/3780 3781/4038/3776 3666/4039/3778
f 3619/3992/3720 3744/3990/3717 3781/4038/3776 3667/4041/3780
f 3616/3989/3716 3663/3989/3773 3781/4038/3776 3744/3990/3717
f 3607/4040/3779 3668/4042/3781 3782/4043/3782 3667/4041/3780
f 3606/4027/3760 3655/4026/3759 3782/4043/3782 3668/4042/3781
f 3615/3942/3676 3722/3939/3673 3782/4043/3782 3655/4026/3759
f 3617/3938/3672 3669/4044/3783 3782/4043/3782 3722/3939/3673
f 3618/4032/3766 3661/4034/3768 3782/4043/3782 3669/4044/3783
f 3619/3992/3720 3667/4041/3780 3782/4043/3782 3661/4034/3768
f 3621/4006/3734 3660/4033/3767 3783/4045/3784 3664/4037/3774
f 3618/4032/3766 3669/4044/3783 3783/4045/3784 3660/4033/3767
f 3617/3938/3672 3729/3958/3687 3783/4045/3784 3669/4044/3783
f 3620/3957/3686 3658/4029/3763 3783/4045/3784 3729/3958/3687
f 3610/4005/3733 3642/4004/3732 3783/4045/3784 3658/4029/3763
f 3611/4003/3731 3664/4037/3774 3783/4045/3784 3642/4004/3732
f 3592/4039/3777 3670/4046/3785 3784/4046/3786 3666/4039/3778
f 3603/3985/3787 3671/3985/3788 3784/4046/3786 3670/4046/3785
f 3622/3985/3710 3740/3983/3708 3784/4046/3786 3671/3985/3788
f 3627/3919/3659 3672/4047/3789 3784/4046/3786 3740/3983/3708
f 3607/4040/3779 3666/4039/3778 3784/4046/3786 3672/4047/3789
f 3603/3985/3787 3673/4048/3790 3785/4048/3791 3671/3985/3788
f 3588/4016/3744 3652/4018/3747 3785/4048/3791 3673/4048/3790
f 3613/4023/3752 3674/4049/3792 3785/4048/3791 3652/4018/3747
f 3629/3973/3697 3648/4014/3742 3785/4048/3791 3674/4049/3792
f 3622/3985/3710 3671/3985/3788 3785/4048/3791 3648/4014/3742
f 3590/4019/3748 3678/4056/3799 3788/4056/3800 3650/4020/3749
f 3600/3977/3801 3679/3977/3802 3788/4056/3800 3678/4056/3799
f 3623/3977/3701 3646/4011/3739 3788/4056/3800 3679/3977/3802
f 3628/4010/3738 3680/4057/3803 3788/4056/3800 3646/4011/3739
f 3612/4021/3750 3650/4020/3749 3788/4056/3800 3680/4057/3803
f 3600/3977/3801 3681/4058/3804 3789/4058/3805 3679/3977/3802
f 3595/4024/3753 3656/4024/3756 3789/4058/3805 3681/4058/3804
f 3606/4027/3760 3682/4059/3806 3789/4058/3805 3656/4024/3756
f 3626/3980/3705 3737/3978/3702 3789/4058/3805 3682/4059/3806
f 3623/3977/3701 3679/3977/3802 3789/4058/3805 3737/3978/3702
f 3627/3919/3659 3713/3918/3658 3790/4060/3807 3672/4047/3789
f 3624/3917/3657 3683/4061/3808 3790/4060/3807 3713/3918/3658
f 3625/4050/3793 3677/4054/3797 3790/4060/3807 3683/4061/3808
f 3626/3980/3705 3682/4059/3806 3790/4060/3807 3677/4054/3797
f 3606/4027/3760 3668/4042/3781 3790/4060/3807 3682/4059/3806
f 3607/4040/3779 3672/4047/3789 3790/4060/3807 3668/4042/3781
f 3612/4021/3750 3680/4057/3803 3791/4062/3809 3651/4022/3751
f 3628/4010/3738 3675/4051/3794 3791/4062/3809 3680/4057/3803
f 3625/4050/3793 3683/4061/3808 3791/4062/3809 3675/4051/3794
f 3624/3917/3657 3735/3974/3698 3791/4062/3809 3683/4061/3808
f 3629/3973/3697 3674/4049/3792 3791/4062/3809 3735/3974/3698
f 3613/4023/3752 3651/4022/3751 3791/4062/3809 3674/4049/3792
f 3599/4063/3757 3684/4064/3810 3792/4065/3811 3657/4066/3761
f 3684/4064/3810 3631/3932/3668 3728/3952/3684 3792/4065/3811
f 3792/4065/3811 3728/3952/3684 3630/3951/3620 3685/4067/3812
f 3657/4066/3761 3792/4065/3811 3685/4067/3812 3584/4068/3725
f 3595/4069/3753 3686/4070/3813 3793/4071/3814 3653/4072/3754
f 3686/4070/3813 3632/3895/3643 3720/3933/3669 3793/4071/3814
f 3793/4071/3814 3720/3933/3669 3631/3932/3668 3684/4064/3810
f 3653/4072/3754 3793/4071/3814 3684/4064/3810 3599/4063/3757
f 3600/4073/3801 3687/4074/3815 3794/4075/3816 3681/4076/3804
f 3687/4074/3815 3633/3899/3647 3706/3896/3644 3794/4075/3816
f 3794/4075/3816 3706/3896/3644 3632/3895/3643 3686/4070/3813
f 3681/4076/3804 3794/4075/3816 3686/4070/3813 3595/4069/3753
f 3590/4077/3748 3688/4078/3817 3795/4079/3818 3678/4080/3799
f 3688/4078/3817 3634/3886/3634 3731/3961/3690 3795/4079/3818
f 3795/4079/3818 3731/3961/3690 3633/3899/3647 3687/4074/3815
f 3678/4080/3799 3795/4079/3818 3687/4074/3815 3600/4073/3801
f 3588/4081/3744 3689/4082/3819 3796/4083/3820 3649/4084/3745
f 3689/4082/3819 3635/3890/3638 3702/3887/3635 3796/4083/3820
f 3796/4083/3820 3702/3887/3635 3634/3886/3634 3688/4078/3817
f 3649/4084/3745 3796/4083/3820 3688/4078/3817 3590/4077/3748
f 3603/4085/3787 3690/4086/3821 3797/4087/3822 3673/4088/3790
f 3690/4086/3821 3636/3877/3625 3734/3970/3695 3797/4087/3822
f 3797/4087/3822 3734/3970/3695 3635/3890/3638 3689/4082/3819
f 3673/4088/3790 3797/4087/3822 3689/4082/3819 3588/4081/3744
f 3592/4089/3777 3691/4090/3823 3798/4091/3824 3670/4092/3785
f 3691/4090/3823 3637/3881/3629 3698/3878/3626 3798/4091/3824
f 3798/4091/3824 3698/3878/3626 3636/3877/3625 3690/4086/3821
f 3670/4092/3785 3798/4091/3824 3690/4086/3821 3603/4085/3787
f 3596/4093/3772 3692/4094/3825 3799/4095/3826 3665/4096/3775
f 3692/4094/3825 3638/3922/3662 3715/3920/3660 3799/4095/3826
f 3799/4095/3826 3715/3920/3660 3637/3881/3629 3691/4090/3823
f 3665/4096/3775 3799/4095/3826 3691/4090/3823 3592/4089/3777
f 3586/4001/3729 3693/4097/3827 3800/4098/3828 3662/4099/3770
f 3693/4097/3827 3639/3868/3616 3725/3945/3679 3800/4098/3828
f 3800/4098/3828 3725/3945/3679 3638/3922/3662 3692/4094/3825
f 3662/4099/3770 3800/4098/3828 3692/4094/3825 3596/4093/3772
f 3584/3997/3725 3685/4100/3812 3801/4101/3829 3640/3998/3726
f 3685/4100/3812 3630/3872/3620 3694/3869/3617 3801/4101/3829
f 3801/4101/3829 3694/3869/3617 3639/3868/3616 3693/4097/3827
f 3640/3998/3726 3801/4101/3829 3693/4097/3827 3586/4001/3729
usemtl pasted__lambert15
f 3604/3913/3653 3712/3914/3654 3753/3915/3655 3714/3916/3656
f 3624/3917/3657 3713/3918/3658 3753/3915/3655 3712/3914/3654
f 3627/3919/3659 3714/3916/3656 3753/3915/3655 3713/3918/3658
f 3617/3938/3672 3722/3939/3673 3757/3940/3674 3724/3941/3675
f 3615/3942/3676 3723/3943/3677 3757/3940/3674 3722/3939/3673
f 3608/3944/3678 3724/3941/3675 3757/3940/3674 3723/3943/3677
f 3620/3957/3686 3729/3958/3687 3761/3959/3688 3730/3960/3689
f 3617/3938/3672 3724/3941/3675 3761/3959/3688 3729/3958/3687
f 3608/3944/3678 3730/3960/3689 3761/3959/3688 3724/3941/3675
f 3629/3973/3697 3735/3974/3698 3765/3975/3699 3736/3976/3700
f 3624/3917/3657 3712/3914/3654 3765/3975/3699 3735/3974/3698
f 3604/3913/3653 3736/3976/3700 3765/3975/3699 3712/3914/3654
f 3623/3977/3701 3737/3978/3702 3766/3979/3703 3739/3977/3704
f 3626/3980/3705 3738/3981/3706 3766/3979/3703 3737/3978/3702
f 3605/3982/3707 3739/3977/3704 3766/3979/3703 3738/3981/3706
f 3627/3919/3659 3740/3983/3708 3767/3984/3709 3714/3916/3656
f 3622/3985/3710 3741/3985/3711 3767/3984/3709 3740/3983/3708
f 3604/3913/3653 3714/3916/3656 3767/3984/3709 3741/3985/3711
f 3615/3942/3676 3742/3986/3712 3768/3987/3713 3723/3943/3677
f 3614/3988/3714 3743/3988/3715 3768/3987/3713 3742/3986/3712
f 3608/3944/3678 3723/3943/3677 3768/3987/3713 3743/3988/3715
f 3616/3989/3716 3744/3990/3717 3769/3991/3718 3746/3989/3719
f 3619/3992/3720 3745/3993/3721 3769/3991/3718 3744/3990/3717
f 3609/3994/3722 3746/3989/3719 3769/3991/3718 3745/3993/3721
f 3614/3988/3714 3747/3995/3723 3770/3996/3724 3743/3988/3715
f 3620/3957/3686 3730/3960/3689 3770/3996/3724 3747/3995/3723
f 3608/3944/3678 3743/3988/3715 3770/3996/3724 3730/3960/3689
f 3621/4006/3734 3644/4007/3735 3772/4008/3736 3645/4009/3737
f 3616/3989/3716 3746/3989/3719 3772/4008/3736 3644/4007/3735
f 3609/3994/3722 3645/4009/3737 3772/4008/3736 3746/3989/3719
f 3628/4010/3738 3646/4011/3739 3773/4012/3740 3647/4013/3741
f 3623/3977/3701 3739/3977/3704 3773/4012/3740 3646/4011/3739
f 3605/3982/3707 3647/4013/3741 3773/4012/3740 3739/3977/3704
f 3622/3985/3710 3648/4014/3742 3774/4015/3743 3741/3985/3711
f 3629/3973/3697 3736/3976/3700 3774/4015/3743 3648/4014/3742
f 3604/3913/3653 3741/3985/3711 3774/4015/3743 3736/3976/3700
f 3609/3994/3722 3659/4030/3764 3778/4031/3765 3645/4009/3737
f 3618/4032/3766 3660/4033/3767 3778/4031/3765 3659/4030/3764
f 3621/4006/3734 3645/4009/3737 3778/4031/3765 3660/4033/3767
f 3619/3992/3720 3661/4034/3768 3779/4035/3769 3745/3993/3721
f 3618/4032/3766 3659/4030/3764 3779/4035/3769 3661/4034/3768
f 3609/3994/3722 3745/3993/3721 3779/4035/3769 3659/4030/3764
f 3625/4050/3793 3675/4051/3794 3786/4052/3795 3676/4053/3796
f 3628/4010/3738 3647/4013/3741 3786/4052/3795 3675/4051/3794
f 3605/3982/3707 3676/4053/3796 3786/4052/3795 3647/4013/3741
f 3626/3980/3705 3677/4054/3797 3787/4055/3798 3738/3981/3706
f 3625/4050/3793 3676/4053/3796 3787/4055/3798 3677/4054/3797
f 3605/3982/3707 3738/3981/3706 3787/4055/3798 3676/4053/3796
o pasted__pasted__pasted__pCone1
v 0.020913 0.056611 0.032890
v 0.021067 0.054913 0.030661
v 0.020682 0.055189 0.030550
v 0.020199 0.055163 0.030595
v 0.019900 0.054851 0.030771
v 0.019961 0.054436 0.030973
v 0.020346 0.054161 0.031085
v 0.020829 0.054187 0.031039
v 0.021128 0.054498 0.030864
v 0.021224 0.053443 0.028031
v 0.021368 0.053707 0.028427
v 0.020531 0.053991 0.028008
v 0.020595 0.054315 0.028386
v 0.019658 0.053892 0.027912
v 0.019621 0.054209 0.028294
v 0.019115 0.053204 0.027799
v 0.019016 0.053453 0.028206
v 0.019220 0.052328 0.027735
v 0.019135 0.052488 0.028172
v 0.019913 0.051777 0.027758
v 0.019908 0.051879 0.028213
v 0.020789 0.051876 0.027854
v 0.020883 0.051985 0.028305
v 0.021331 0.052567 0.027968
v 0.021487 0.052742 0.028394
v 0.020103 0.053883 0.027950
v 0.019553 0.054073 0.027935
v 0.020097 0.054354 0.028343
v 0.019435 0.053512 0.027851
v 0.018910 0.053259 0.027801
v 0.019245 0.053889 0.028246
v 0.019227 0.052774 0.027768
v 0.019035 0.052223 0.027725
v 0.018982 0.052960 0.028180
v 0.019603 0.052100 0.027748
v 0.019854 0.051572 0.027752
v 0.019463 0.052111 0.028184
v 0.020345 0.051886 0.027805
v 0.020889 0.051689 0.027866
v 0.020406 0.051840 0.028256
v 0.021015 0.052260 0.027904
v 0.021259 0.052306 0.028353
v 0.020620 0.054648 0.029324
v 0.021220 0.054192 0.029408
v 0.019864 0.054582 0.029305
v 0.019396 0.054031 0.029361
v 0.019489 0.053319 0.029460
v 0.020089 0.052862 0.029544
v 0.020845 0.052929 0.029563
v 0.021313 0.053480 0.029507
v 0.020900 0.055037 0.030530
v 0.020806 0.055935 0.031749
v 0.021016 0.055791 0.031830
v 0.020422 0.055174 0.030493
v 0.020542 0.055927 0.031794
v 0.019991 0.054989 0.030617
v 0.020379 0.055771 0.031939
v 0.019860 0.054589 0.030827
v 0.020413 0.055559 0.032098
v 0.020106 0.054209 0.031002
v 0.020623 0.055415 0.032179
v 0.020584 0.054071 0.031038
v 0.020887 0.055423 0.032134
v 0.021015 0.054257 0.030915
v 0.021050 0.055578 0.031990
v 0.021146 0.054657 0.030704
v 0.021404 0.053541 0.028076
v 0.021520 0.053235 0.028419
v 0.021531 0.052506 0.028000
v 0.021219 0.053000 0.027987
v 0.020841 0.053671 0.028006
v 0.020585 0.054190 0.028049
v 0.021039 0.054083 0.028415
v 0.020915 0.055701 0.031541
v 0.020620 0.055786 0.031518
v 0.020354 0.055684 0.031637
v 0.020273 0.055455 0.031826
v 0.020425 0.055232 0.031976
v 0.020721 0.055147 0.031999
v 0.020987 0.055249 0.031880
v 0.021067 0.055479 0.031691
v 0.021566 0.053035 0.028049
v 0.021055 0.053943 0.028076
v 0.020057 0.054230 0.028000
v 0.019154 0.053728 0.027866
v 0.018874 0.052731 0.027752
v 0.019383 0.051820 0.027726
v 0.020384 0.051532 0.027802
v 0.021289 0.052036 0.027936
v 0.020225 0.052887 0.027869
v 0.020965 0.054472 0.029360
v 0.020233 0.054683 0.029305
v 0.019573 0.054350 0.029325
v 0.019370 0.053669 0.029408
v 0.019745 0.053038 0.029507
v 0.020476 0.052828 0.029563
v 0.021137 0.053161 0.029543
v 0.021339 0.053842 0.029459
vn 0.8667 0.4517 -0.2115
vn 0.6073 0.7062 -0.3639
vn 0.6085 0.6553 -0.4475
vn 0.8707 0.4255 -0.2466
vn 0.2781 0.8476 -0.4519
vn 0.2735 0.8164 -0.5086
vn 0.1371 0.6697 0.7299
vn -0.0845 0.9052 -0.4165
vn -0.1008 0.8593 -0.5014
vn -0.4575 0.8326 -0.3121
vn -0.4697 0.8111 -0.3485
vn -0.7603 0.6412 -0.1037
vn -0.7580 0.6317 -0.1625
vn -0.9329 0.3378 0.1251
vn -0.9045 0.4062 0.1302
vn -0.9346 -0.0209 0.3550
vn -0.9324 0.0599 0.3564
vn -0.7957 -0.3078 0.5216
vn -0.7769 -0.1363 0.6147
vn -0.5471 -0.5570 0.6248
vn -0.5451 -0.4546 0.7044
vn -0.2485 -0.6825 0.6873
vn -0.2075 -0.4990 0.8414
vn 0.0764 -0.7364 0.6722
vn 0.1178 -0.6453 0.7548
vn 0.4308 -0.6606 0.6148
vn 0.4927 -0.5015 0.7112
vn 0.7220 -0.4975 0.4808
vn 0.7627 -0.4276 0.4852
vn 0.9422 -0.2015 0.2676
vn 0.9539 -0.1283 0.2715
vn 0.9900 0.1378 0.0292
vn 0.9913 0.1285 -0.0295
vn 0.1302 0.1017 -0.9863
vn 0.7378 0.3879 -0.5524
vn 0.8960 0.0936 -0.4341
vn 0.1235 0.0869 -0.9885
vn 0.8767 0.4684 -0.1092
vn 0.9902 0.0949 0.1021
vn 0.9005 -0.2969 0.3177
vn 0.9210 -0.2858 -0.2647
vn 0.1336 0.0746 -0.9882
vn 0.5074 0.5866 -0.6312
vn 0.6155 0.7430 -0.2629
vn 0.1148 0.1036 -0.9880
vn 0.1090 0.1180 -0.9870
vn 0.2521 0.7010 -0.6671
vn 0.2838 0.8998 -0.3313
vn -0.0270 0.7397 -0.6724
vn -0.0863 0.9447 -0.3164
vn 0.0966 0.1088 -0.9894
vn 0.0825 0.1154 -0.9899
vn -0.3353 0.6957 -0.6353
vn -0.4714 0.8560 -0.2122
vn -0.6390 0.5347 -0.5530
vn -0.7933 0.6078 -0.0342
vn 0.0806 0.0993 -0.9918
vn 0.0656 0.0942 -0.9934
vn -0.8839 0.2338 -0.4050
vn -0.9555 0.2370 0.1758
vn -0.9623 -0.1453 -0.2298
vn -0.9269 -0.1348 0.3502
vn 0.0763 0.0817 -0.9937
vn 0.0702 0.0678 -0.9952
vn -0.8547 -0.5164 -0.0537
vn -0.7655 -0.4362 0.4730
vn -0.6096 -0.7899 0.0665
vn -0.5352 -0.6438 0.5469
vn 0.0851 0.0660 -0.9942
vn 0.0907 0.0526 -0.9945
vn -0.2834 -0.9503 0.1287
vn -0.2650 -0.7664 0.5851
vn 0.0831 -0.9892 0.1204
vn 0.0314 -0.8067 0.5901
vn 0.1024 0.0610 -0.9929
vn 0.1161 0.0546 -0.9917
vn 0.4497 -0.8919 0.0478
vn 0.3441 -0.7553 0.5577
vn 0.7610 -0.6416 -0.0957
vn 0.6557 -0.5900 0.4711
vn 0.1182 0.0696 -0.9906
vn 0.0996 0.0843 -0.9915
vn 0.6069 0.7391 -0.2923
vn 0.8665 0.4805 -0.1355
vn 0.2830 0.8892 -0.3594
vn -0.0768 0.9357 -0.3442
vn -0.4527 0.8599 -0.2358
vn -0.7677 0.6384 -0.0557
vn -0.9424 0.2916 0.1636
vn -0.9312 -0.0797 0.3557
vn -0.7797 -0.3883 0.4912
vn -0.5419 -0.6111 0.5770
vn -0.2603 -0.7415 0.6183
vn 0.0502 -0.7814 0.6220
vn 0.3791 -0.7217 0.5793
vn 0.6880 -0.5455 0.4787
vn 0.9205 -0.2442 0.3052
vn 0.9880 0.1334 0.0777
vt 0.375000 0.750000
vt 0.386290 0.740093
vt 0.427083 0.833333
vt 0.437500 0.875000
vt 0.404489 0.745304
vt 0.445312 0.854167
vt 0.500000 1.000000
vt 0.418779 0.740093
vt 0.447917 0.833333
vt 0.436324 0.745296
vt 0.463542 0.854167
vt 0.451266 0.740080
vt 0.468750 0.833333
vt 0.468161 0.745280
vt 0.481771 0.854167
vt 0.483755 0.740063
vt 0.489583 0.833333
vt 0.500000 0.745264
vt 0.500000 0.854167
vt 0.516247 0.740051
vt 0.510417 0.833333
vt 0.531843 0.745258
vt 0.518229 0.854167
vt 0.548740 0.740051
vt 0.531250 0.833333
vt 0.563684 0.745264
vt 0.536458 0.854167
vt 0.581230 0.740063
vt 0.552083 0.833333
vt 0.595519 0.745280
vt 0.554688 0.854167
vt 0.613714 0.740080
vt 0.572917 0.833333
vt 0.625000 0.750000
vt 0.562500 0.875000
vt 0.634706 0.115847
vt 0.659267 0.091549
vt 0.707572 0.164828
vt 0.653654 0.186751
vt 0.675347 0.076132
vt 0.711697 0.163780
vt 0.748047 0.251429
vt 0.725518 0.250774
vt 0.690762 0.250486
vt 0.585899 0.043486
vt 0.587674 0.039847
vt 0.563574 0.097041
vt 0.500060 0.060261
vt 0.500019 0.025778
vt 0.500000 0.003563
vt 0.414179 0.043564
vt 0.412326 0.039847
vt 0.436597 0.097138
vt 0.365531 0.115968
vt 0.340887 0.091666
vt 0.324653 0.076132
vt 0.292655 0.164906
vt 0.288303 0.163780
vt 0.346705 0.186848
vt 0.309587 0.250489
vt 0.274744 0.250775
vt 0.251954 0.251429
vt 0.292412 0.336767
vt 0.288255 0.339126
vt 0.346425 0.314002
vt 0.365173 0.385358
vt 0.340522 0.410246
vt 0.324557 0.426823
vt 0.413935 0.458580
vt 0.412278 0.463162
vt 0.436317 0.404251
vt 0.500056 0.441402
vt 0.500018 0.476478
vt 0.500000 0.499502
vt 0.586136 0.458652
vt 0.587722 0.463162
vt 0.563847 0.404340
vt 0.635055 0.385469
vt 0.659623 0.410354
vt 0.675443 0.426822
vt 0.707809 0.336838
vt 0.711745 0.339126
vt 0.653926 0.314092
vt 0.500149 0.250426
vt 0.252022 0.504043
vt 0.283032 0.504079
vt 0.336829 0.627040
vt 0.313511 0.627022
vt 0.314043 0.504115
vt 0.360143 0.627049
vt 0.345027 0.504079
vt 0.383451 0.627040
vt 0.376011 0.504043
vt 0.406756 0.627018
vt 0.407000 0.503975
vt 0.430062 0.626988
vt 0.437988 0.503907
vt 0.453371 0.626953
vt 0.468994 0.503839
vt 0.476685 0.626920
vt 0.500000 0.503771
vt 0.500001 0.626890
vt 0.531018 0.503742
vt 0.523321 0.626871
vt 0.562036 0.503713
vt 0.546642 0.626864
vt 0.593047 0.503742
vt 0.569961 0.626871
vt 0.624057 0.503771
vt 0.593276 0.626890
vt 0.655046 0.503839
vt 0.616585 0.626920
vt 0.686035 0.503907
vt 0.639890 0.626954
vt 0.717007 0.503975
vt 0.663191 0.626988
vt 0.747978 0.504043
vt 0.686489 0.627022
s 1
usemtl pasted__lambert2
f 3803/4102/3830 3852/4103/3831 3875/4104/3832 3854/4105/3833
f 3804/4106/3834 3853/4107/3835 3875/4104/3832 3852/4103/3831
f 3802/4108/3836 3854/4105/3833 3875/4104/3832 3853/4107/3835
f 3804/4106/3834 3855/4109/3837 3876/4110/3838 3853/4107/3835
f 3805/4111/3839 3856/4112/3840 3876/4110/3838 3855/4109/3837
f 3802/4108/3836 3853/4107/3835 3876/4110/3838 3856/4112/3840
f 3805/4111/3839 3857/4113/3841 3877/4114/3842 3856/4112/3840
f 3806/4115/3843 3858/4116/3844 3877/4114/3842 3857/4113/3841
f 3802/4108/3836 3856/4112/3840 3877/4114/3842 3858/4116/3844
f 3806/4115/3843 3859/4117/3845 3878/4118/3846 3858/4116/3844
f 3807/4119/3847 3860/4120/3848 3878/4118/3846 3859/4117/3845
f 3802/4108/3836 3858/4116/3844 3878/4118/3846 3860/4120/3848
f 3807/4119/3847 3861/4121/3849 3879/4122/3850 3860/4120/3848
f 3808/4123/3851 3862/4124/3852 3879/4122/3850 3861/4121/3849
f 3802/4108/3836 3860/4120/3848 3879/4122/3850 3862/4124/3852
f 3808/4123/3851 3863/4125/3853 3880/4126/3854 3862/4124/3852
f 3809/4127/3855 3864/4128/3856 3880/4126/3854 3863/4125/3853
f 3802/4108/3836 3862/4124/3852 3880/4126/3854 3864/4128/3856
f 3809/4127/3855 3865/4129/3857 3881/4130/3858 3864/4128/3856
f 3810/4131/3859 3866/4132/3860 3881/4130/3858 3865/4129/3857
f 3802/4108/3836 3864/4128/3856 3881/4130/3858 3866/4132/3860
f 3810/4131/3859 3867/4133/3861 3882/4134/3862 3866/4132/3860
f 3803/4135/3830 3854/4136/3833 3882/4134/3862 3867/4133/3861
f 3802/4108/3836 3866/4132/3860 3882/4134/3862 3854/4136/3833
f 3811/4137/3863 3868/4138/3864 3883/4139/3865 3871/4140/3866
f 3868/4138/3864 3812/4141/3867 3869/4142/3868 3883/4139/3865
f 3883/4139/3865 3869/4142/3868 3826/4143/3869 3870/4144/3870
f 3871/4140/3866 3883/4139/3865 3870/4144/3870 3825/4145/3871
f 3812/4141/3867 3868/4138/3864 3884/4146/3872 3874/4147/3873
f 3868/4138/3864 3811/4137/3863 3872/4148/3874 3884/4146/3872
f 3884/4146/3872 3872/4148/3874 3813/4149/3875 3873/4150/3876
f 3874/4147/3873 3884/4146/3872 3873/4150/3876 3814/4151/3877
f 3814/4151/3877 3873/4150/3876 3885/4152/3878 3829/4153/3879
f 3873/4150/3876 3813/4149/3875 3827/4154/3880 3885/4152/3878
f 3885/4152/3878 3827/4154/3880 3815/4155/3881 3828/4156/3882
f 3829/4153/3879 3885/4152/3878 3828/4156/3882 3816/4157/3883
f 3816/4157/3883 3828/4156/3882 3886/4158/3884 3832/4159/3885
f 3828/4156/3882 3815/4155/3881 3830/4160/3886 3886/4158/3884
f 3886/4158/3884 3830/4160/3886 3817/4161/3887 3831/4162/3888
f 3832/4159/3885 3886/4158/3884 3831/4162/3888 3818/4163/3889
f 3818/4163/3889 3831/4162/3888 3887/4164/3890 3835/4165/3891
f 3831/4162/3888 3817/4161/3887 3833/4166/3892 3887/4164/3890
f 3887/4164/3890 3833/4166/3892 3819/4167/3893 3834/4168/3894
f 3835/4165/3891 3887/4164/3890 3834/4168/3894 3820/4169/3895
f 3820/4169/3895 3834/4168/3894 3888/4170/3896 3838/4171/3897
f 3834/4168/3894 3819/4167/3893 3836/4172/3898 3888/4170/3896
f 3888/4170/3896 3836/4172/3898 3821/4173/3899 3837/4174/3900
f 3838/4171/3897 3888/4170/3896 3837/4174/3900 3822/4175/3901
f 3822/4175/3901 3837/4174/3900 3889/4176/3902 3841/4177/3903
f 3837/4174/3900 3821/4173/3899 3839/4178/3904 3889/4176/3902
f 3889/4176/3902 3839/4178/3904 3823/4179/3905 3840/4180/3906
f 3841/4177/3903 3889/4176/3902 3840/4180/3906 3824/4181/3907
f 3824/4181/3907 3840/4180/3906 3890/4182/3908 3843/4183/3909
f 3840/4180/3906 3823/4179/3905 3842/4184/3910 3890/4182/3908
f 3890/4182/3908 3842/4184/3910 3825/4145/3871 3870/4144/3870
f 3843/4183/3909 3890/4182/3908 3870/4144/3870 3826/4143/3869
f 3811/4137/3863 3871/4140/3866 3891/4185/3911 3872/4148/3874
f 3825/4145/3871 3842/4184/3910 3891/4185/3911 3871/4140/3866
f 3823/4179/3905 3839/4178/3904 3891/4185/3911 3842/4184/3910
f 3821/4173/3899 3836/4172/3898 3891/4185/3911 3839/4178/3904
f 3819/4167/3893 3833/4166/3892 3891/4185/3911 3836/4172/3898
f 3817/4161/3887 3830/4160/3886 3891/4185/3911 3833/4166/3892
f 3815/4155/3881 3827/4154/3880 3891/4185/3911 3830/4160/3886
f 3813/4149/3875 3872/4148/3874 3891/4185/3911 3827/4154/3880
f 3812/4186/3867 3874/4187/3873 3892/4188/3912 3845/4189/3913
f 3874/4187/3873 3814/4190/3877 3844/4191/3914 3892/4188/3912
f 3892/4188/3912 3844/4191/3914 3804/4106/3834 3852/4103/3831
f 3845/4189/3913 3892/4188/3912 3852/4103/3831 3803/4102/3830
f 3814/4190/3877 3829/4192/3879 3893/4193/3915 3844/4191/3914
f 3829/4192/3879 3816/4194/3883 3846/4195/3916 3893/4193/3915
f 3893/4193/3915 3846/4195/3916 3805/4111/3839 3855/4109/3837
f 3844/4191/3914 3893/4193/3915 3855/4109/3837 3804/4106/3834
f 3816/4194/3883 3832/4196/3885 3894/4197/3917 3846/4195/3916
f 3832/4196/3885 3818/4198/3889 3847/4199/3918 3894/4197/3917
f 3894/4197/3917 3847/4199/3918 3806/4115/3843 3857/4113/3841
f 3846/4195/3916 3894/4197/3917 3857/4113/3841 3805/4111/3839
f 3818/4198/3889 3835/4200/3891 3895/4201/3919 3847/4199/3918
f 3835/4200/3891 3820/4202/3895 3848/4203/3920 3895/4201/3919
f 3895/4201/3919 3848/4203/3920 3807/4119/3847 3859/4117/3845
f 3847/4199/3918 3895/4201/3919 3859/4117/3845 3806/4115/3843
f 3820/4202/3895 3838/4204/3897 3896/4205/3921 3848/4203/3920
f 3838/4204/3897 3822/4206/3901 3849/4207/3922 3896/4205/3921
f 3896/4205/3921 3849/4207/3922 3808/4123/3851 3861/4121/3849
f 3848/4203/3920 3896/4205/3921 3861/4121/3849 3807/4119/3847
f 3822/4206/3901 3841/4208/3903 3897/4209/3923 3849/4207/3922
f 3841/4208/3903 3824/4210/3907 3850/4211/3924 3897/4209/3923
f 3897/4209/3923 3850/4211/3924 3809/4127/3855 3863/4125/3853
f 3849/4207/3922 3897/4209/3923 3863/4125/3853 3808/4123/3851
f 3824/4210/3907 3843/4212/3909 3898/4213/3925 3850/4211/3924
f 3843/4212/3909 3826/4214/3869 3851/4215/3926 3898/4213/3925
f 3898/4213/3925 3851/4215/3926 3810/4131/3859 3865/4129/3857
f 3850/4211/3924 3898/4213/3925 3865/4129/3857 3809/4127/3855
f 3826/4214/3869 3869/4216/3868 3899/4217/3927 3851/4215/3926
f 3869/4216/3868 3812/4218/3867 3845/4219/3913 3899/4217/3927
f 3899/4217/3927 3845/4219/3913 3803/4135/3830 3867/4133/3861
f 3851/4215/3926 3899/4217/3927 3867/4133/3861 3810/4131/3859
o pasted__polySurface5
v 0.008505 -0.004102 0.073580
v 0.008505 0.012283 0.049801
v 0.016358 0.004767 0.049007
v 0.016287 0.006985 0.045895
v 0.010343 0.002083 0.046392
v 0.010326 0.004326 0.043304
v 0.003503 0.003030 0.047844
v 0.003548 0.005264 0.044743
v -0.000963 0.007997 0.051158
v -0.000875 0.010185 0.048029
v -0.000963 0.013029 0.055051
v -0.000876 0.015170 0.051887
v 0.003502 0.017315 0.057983
v 0.003548 0.019418 0.054792
v 0.010343 0.018635 0.058154
v 0.010326 0.020726 0.054959
v 0.016358 0.015478 0.056561
v 0.016286 0.017598 0.053381
v 0.018734 0.010158 0.052338
v 0.018641 0.012327 0.049197
v 0.000698 0.017632 0.053692
v 0.006778 0.019112 0.057879
v 0.010552 0.021730 0.055643
v 0.006794 0.020785 0.055285
v 0.013775 0.018102 0.057169
v 0.017246 0.018212 0.053882
v 0.013725 0.019785 0.054581
v 0.018341 0.013446 0.053995
v 0.018251 0.015173 0.051437
v 0.009689 -0.001365 0.057828
v 0.013583 0.000382 0.059480
v 0.005260 -0.000734 0.058738
v 0.002369 0.002451 0.060892
v 0.002368 0.005738 0.063417
v 0.005259 0.008507 0.065305
v 0.009689 0.009347 0.065438
v 0.013583 0.007319 0.064374
v 0.015122 0.003865 0.061673
v 0.009674 0.007138 0.045637
v 0.013520 0.008863 0.047268
v 0.005301 0.007762 0.046536
v 0.002447 0.010906 0.048664
v 0.002447 0.014150 0.051158
v 0.005301 0.016885 0.053021
v 0.009673 0.017715 0.053151
v 0.013518 0.015712 0.052101
v 0.015038 0.012303 0.049435
v 0.017247 0.006294 0.045477
v 0.018252 0.009416 0.047387
v 0.019890 0.012296 0.049172
v 0.018341 0.007635 0.049908
v 0.013775 0.003256 0.046645
v 0.010552 0.003310 0.042554
v 0.013727 0.005076 0.044153
v 0.006778 0.002247 0.045936
v 0.002940 0.004358 0.044179
v 0.006794 0.004076 0.043450
v 0.000626 0.005547 0.048674
v -0.002028 0.009895 0.047865
v 0.000699 0.007346 0.046165
v -0.001805 0.011009 0.052513
v -0.002028 0.015485 0.052196
v -0.001708 0.012757 0.049970
v 0.000625 0.015930 0.056269
v 0.002940 0.020257 0.055462
v 0.019188 0.009101 0.047212
v 0.014229 0.004345 0.043668
v 0.006632 0.003249 0.042898
v -0.000049 0.006833 0.045873
v -0.002688 0.012763 0.050042
v -0.000050 0.018107 0.054121
v 0.006632 0.021562 0.055868
v 0.014229 0.020466 0.055097
v 0.019188 0.015411 0.051651
v 0.012339 0.000208 0.055480
v 0.007242 -0.000527 0.054963
v 0.002759 0.001877 0.056958
v 0.000989 0.005856 0.059755
v 0.002759 0.009442 0.062492
v 0.007242 0.011760 0.063664
v 0.012339 0.011024 0.063148
v 0.015666 0.007632 0.060835
v 0.015666 0.003399 0.057858
v 0.012291 0.007049 0.045703
v 0.007258 0.006323 0.045192
v 0.002832 0.008697 0.047163
v 0.001085 0.012625 0.049926
v 0.002832 0.016165 0.052628
v 0.007258 0.018454 0.053784
v 0.012290 0.017728 0.053273
v 0.015575 0.014379 0.050991
v 0.015576 0.010200 0.048050
vn 0.7244 -0.6821 -0.1002
vn 0.7634 -0.5475 -0.3427
vn 0.9405 -0.2837 -0.1871
vn 0.8995 -0.4318 0.0665
vn 0.0190 0.5847 -0.8110
vn -0.0287 0.5352 -0.8442
vn -0.0341 0.5748 -0.8176
vn 0.9998 0.0095 -0.0151
vn 0.9541 -0.1728 0.2447
vn 0.5072 -0.7105 -0.4879
vn 0.0596 0.6239 -0.7793
vn 0.4697 -0.8540 -0.2237
vn 0.1649 -0.9450 -0.2826
vn 0.1737 -0.7992 -0.5754
vn -0.0093 0.6178 -0.7863
vn -0.2046 -0.8078 -0.5528
vn -0.0840 0.6040 -0.7925
vn -0.1819 -0.9411 -0.2850
vn -0.5287 -0.8234 -0.2060
vn -0.5593 -0.6973 -0.4482
vn -0.0479 0.5857 -0.8091
vn -0.8029 -0.4928 -0.3354
vn 0.0049 0.5590 -0.8292
vn -0.7695 -0.6326 -0.0873
vn -0.8986 -0.4357 0.0523
vn -0.9398 -0.2748 -0.2030
vn 0.0064 0.5774 -0.8164
vn -0.9999 -0.0101 -0.0040
vn -0.0056 0.6117 -0.7910
vn -0.9555 -0.1839 0.2306
vn -0.8933 0.1033 0.4374
vn -0.9340 0.2870 0.2129
vn -0.0093 0.6097 -0.7926
vn -0.7573 0.5301 0.3815
vn -0.0309 0.5858 -0.8098
vn -0.7225 0.3443 0.5996
vn -0.4531 0.5198 0.7243
vn -0.4829 0.7098 0.5129
vn -0.0722 0.5572 -0.8273
vn -0.1518 0.8157 0.5582
vn -0.0840 0.5455 -0.8339
vn -0.1303 0.6122 0.7799
vn 0.1664 0.6062 0.7777
vn 0.1740 0.8234 0.5401
vn -0.0080 0.5371 -0.8435
vn 0.4888 0.7162 0.4981
vn 0.0537 0.5307 -0.8459
vn 0.4577 0.5218 0.7199
vn 0.7391 0.3235 0.5909
vn 0.7749 0.5024 0.3836
vn 0.0143 0.5726 -0.8197
vn 0.9477 0.2606 0.1841
vn -0.0270 0.6136 -0.7891
vn 0.9086 0.0734 0.4111
vn 0.0179 -0.5877 0.8089
vn 0.1468 -0.9749 -0.1675
vn 0.4712 -0.8591 -0.1997
vn 0.6901 -0.7237 0.0085
vn -0.4911 -0.8655 -0.0983
vn -0.1884 -0.9466 -0.2615
vn -0.8591 -0.4893 0.1501
vn -0.7626 -0.6434 -0.0668
vn -0.8522 0.0226 0.5227
vn -0.9485 -0.1928 0.2513
vn -0.4277 0.4255 0.7975
vn -0.7173 0.3267 0.6155
vn 0.1658 0.5085 0.8450
vn -0.1361 0.5929 0.7937
vn 0.7037 0.2384 0.6694
vn 0.4597 0.5013 0.7331
vn 0.9117 -0.2374 0.3353
vn 0.9002 0.0623 0.4310
vn 0.8911 -0.4459 0.0839
vn 0.0447 0.6369 -0.7696
vn 0.0006 0.5940 -0.8044
vn -0.0142 0.6300 -0.7764
vn -0.0156 0.5799 -0.8145
vn -0.0752 0.6208 -0.7803
vn -0.0297 0.5981 -0.8009
vn 0.0215 0.5715 -0.8203
vn 0.0200 0.5880 -0.8086
vn 0.0165 0.6104 -0.7919
vn 0.0024 0.5950 -0.8038
vn -0.0145 0.5738 -0.8188
vn -0.0507 0.5492 -0.8342
vn -0.0777 0.5281 -0.8456
vn -0.0168 0.5235 -0.8518
vn 0.0392 0.5165 -0.8554
vn -0.0037 0.5623 -0.8269
vn -0.0467 0.6047 -0.7951
vn -0.0483 0.5753 -0.8165
vn -0.0480 0.5444 -0.8375
vt 0.624094 0.685709
vt 0.624335 0.686872
vt 0.610633 0.686874
vt 0.601201 0.654853
vt 0.624576 0.688035
vt 0.610959 0.688034
vt 0.597343 0.688033
vt 0.596932 0.686876
vt 0.596520 0.685718
vt 0.375403 0.688007
vt 0.375655 0.686858
vt 0.389357 0.686857
vt 0.389019 0.688007
vt 0.375907 0.685709
vt 0.398808 0.654844
vt 0.403484 0.685705
vt 0.403060 0.686856
vt 0.402636 0.688006
vt 0.403154 0.688015
vt 0.403319 0.686860
vt 0.417021 0.686859
vt 0.416770 0.688015
vt 0.424108 0.654843
vt 0.431061 0.685704
vt 0.430723 0.686859
vt 0.430386 0.688014
vt 0.430919 0.688112
vt 0.430990 0.686908
vt 0.444690 0.686917
vt 0.444533 0.688110
vt 0.449408 0.654871
vt 0.458632 0.685745
vt 0.458390 0.686927
vt 0.458147 0.688108
vt 0.458573 0.688089
vt 0.458603 0.686917
vt 0.472304 0.686924
vt 0.472187 0.688090
vt 0.474695 0.654896
vt 0.486210 0.685774
vt 0.486005 0.686932
vt 0.485800 0.688091
vt 0.486382 0.688164
vt 0.486296 0.686969
vt 0.499998 0.686964
vt 0.499996 0.688164
vt 0.500004 0.654908
vt 0.513790 0.685753
vt 0.513700 0.686959
vt 0.513610 0.688164
vt 0.514168 0.688018
vt 0.513979 0.686886
vt 0.527679 0.686874
vt 0.527781 0.688016
vt 0.525310 0.654865
vt 0.541365 0.685710
vt 0.541379 0.686862
vt 0.541393 0.688013
vt 0.541832 0.688004
vt 0.541598 0.686857
vt 0.555299 0.686860
vt 0.555444 0.688005
vt 0.550599 0.654850
vt 0.568943 0.685721
vt 0.568999 0.686863
vt 0.569055 0.688006
vt 0.569658 0.688039
vt 0.569301 0.686880
vt 0.583002 0.686880
vt 0.583273 0.688041
vt 0.575910 0.654858
vt 0.596703 0.686881
vt 0.596887 0.688044
vt 0.500057 0.311902
vt 0.443723 0.529954
vt 0.426483 0.561105
vt 0.437982 0.498806
vt 0.459809 0.529957
vt 0.444867 0.561103
vt 0.475893 0.529976
vt 0.463250 0.561117
vt 0.491980 0.529990
vt 0.481633 0.561140
vt 0.508068 0.529980
vt 0.500019 0.561143
vt 0.524154 0.529961
vt 0.518404 0.561122
vt 0.540241 0.529962
vt 0.536788 0.561111
vt 0.556327 0.529961
vt 0.555173 0.561114
vt 0.562075 0.498806
vt 0.573557 0.561110
vt 0.617346 0.942093
vt 0.571973 0.968286
vt 0.547982 0.924691
vt 0.563875 0.894673
vt 0.526599 0.994480
vt 0.514480 0.923189
vt 0.500001 0.838636
vt 0.475007 0.985378
vt 0.483338 0.936086
vt 0.423415 0.976277
vt 0.458314 0.913280
vt 0.389756 0.936139
vt 0.426504 0.903260
vt 0.356097 0.896002
vt 0.421665 0.869586
vt 0.356090 0.843623
vt 0.404060 0.841582
vt 0.356082 0.791244
vt 0.421661 0.812559
vt 0.389751 0.751115
vt 0.426501 0.779910
vt 0.423420 0.710986
vt 0.458314 0.768875
vt 0.475005 0.701906
vt 0.483337 0.747104
vt 0.526590 0.692826
vt 0.514473 0.758984
vt 0.571950 0.719008
vt 0.547967 0.758505
vt 0.617310 0.745191
vt 0.563859 0.787492
vt 0.635242 0.794409
vt 0.590161 0.808773
vt 0.653174 0.843627
vt 0.583377 0.841076
vt 0.635260 0.892860
vt 0.590173 0.874407
s 1
usemtl pasted__lambert5
f 3902/4220/3928 3947/4221/3929 3965/4222/3930 3950/4223/3931
f 3947/4221/3929 3903/4224/3932 3948/4225/3933 3965/4222/3930
f 3965/4222/3930 3948/4225/3933 3919/4226/3934 3949/4227/3935
f 3950/4223/3931 3965/4222/3930 3949/4227/3935 3918/4228/3936
f 3903/4229/3932 3947/4230/3929 3966/4231/3937 3953/4232/3938
f 3947/4230/3929 3902/4233/3928 3951/4234/3939 3966/4231/3937
f 3966/4231/3937 3951/4234/3939 3904/4235/3940 3952/4236/3941
f 3953/4232/3938 3966/4231/3937 3952/4236/3941 3905/4237/3942
f 3905/4238/3942 3952/4239/3941 3967/4240/3943 3956/4241/3944
f 3952/4239/3941 3904/4235/3940 3954/4242/3945 3967/4240/3943
f 3967/4240/3943 3954/4242/3945 3906/4243/3946 3955/4244/3947
f 3956/4241/3944 3967/4240/3943 3955/4244/3947 3907/4245/3948
f 3907/4246/3948 3955/4247/3947 3968/4248/3949 3959/4249/3950
f 3955/4247/3947 3906/4243/3946 3957/4250/3951 3968/4248/3949
f 3968/4248/3949 3957/4250/3951 3908/4251/3952 3958/4252/3953
f 3959/4249/3950 3968/4248/3949 3958/4252/3953 3909/4253/3954
f 3909/4254/3954 3958/4255/3953 3969/4256/3955 3962/4257/3956
f 3958/4255/3953 3908/4251/3952 3960/4258/3957 3969/4256/3955
f 3969/4256/3955 3960/4258/3957 3910/4259/3958 3961/4260/3959
f 3962/4257/3956 3969/4256/3955 3961/4260/3959 3911/4261/3960
f 3911/4262/3960 3961/4263/3959 3970/4264/3961 3920/4265/3962
f 3961/4263/3959 3910/4259/3958 3963/4266/3963 3970/4264/3961
f 3970/4264/3961 3963/4266/3963 3912/4267/3964 3964/4268/3965
f 3920/4265/3962 3970/4264/3961 3964/4268/3965 3913/4269/3966
f 3913/4270/3966 3964/4271/3965 3971/4272/3967 3923/4273/3968
f 3964/4271/3965 3912/4267/3964 3921/4274/3969 3971/4272/3967
f 3971/4272/3967 3921/4274/3969 3914/4275/3970 3922/4276/3971
f 3923/4273/3968 3971/4272/3967 3922/4276/3971 3915/4277/3972
f 3915/4278/3972 3922/4279/3971 3972/4280/3973 3926/4281/3974
f 3922/4279/3971 3914/4275/3970 3924/4282/3975 3972/4280/3973
f 3972/4280/3973 3924/4282/3975 3916/4283/3976 3925/4284/3977
f 3926/4281/3974 3972/4280/3973 3925/4284/3977 3917/4285/3978
f 3917/4286/3978 3925/4287/3977 3973/4288/3979 3928/4289/3980
f 3925/4287/3977 3916/4283/3976 3927/4290/3981 3973/4288/3979
f 3973/4288/3979 3927/4290/3981 3918/4228/3936 3949/4291/3935
f 3928/4289/3980 3973/4288/3979 3949/4291/3935 3919/4292/3934
f 3900/4293/3982 3929/4294/3983 3974/4295/3984 3930/4296/3985
f 3904/4235/3940 3951/4234/3939 3974/4295/3984 3929/4294/3983
f 3902/4233/3928 3930/4296/3985 3974/4295/3984 3951/4234/3939
f 3900/4293/3982 3931/4297/3986 3975/4298/3987 3929/4294/3983
f 3906/4243/3946 3954/4242/3945 3975/4298/3987 3931/4297/3986
f 3904/4235/3940 3929/4294/3983 3975/4298/3987 3954/4242/3945
f 3900/4293/3982 3932/4299/3988 3976/4300/3989 3931/4297/3986
f 3908/4251/3952 3957/4250/3951 3976/4300/3989 3932/4299/3988
f 3906/4243/3946 3931/4297/3986 3976/4300/3989 3957/4250/3951
f 3900/4293/3982 3933/4301/3990 3977/4302/3991 3932/4299/3988
f 3910/4259/3958 3960/4258/3957 3977/4302/3991 3933/4301/3990
f 3908/4251/3952 3932/4299/3988 3977/4302/3991 3960/4258/3957
f 3900/4293/3982 3934/4303/3992 3978/4304/3993 3933/4301/3990
f 3912/4267/3964 3963/4266/3963 3978/4304/3993 3934/4303/3992
f 3910/4259/3958 3933/4301/3990 3978/4304/3993 3963/4266/3963
f 3900/4293/3982 3935/4305/3994 3979/4306/3995 3934/4303/3992
f 3914/4275/3970 3921/4274/3969 3979/4306/3995 3935/4305/3994
f 3912/4267/3964 3934/4303/3992 3979/4306/3995 3921/4274/3969
f 3900/4293/3982 3936/4307/3996 3980/4308/3997 3935/4305/3994
f 3916/4283/3976 3924/4282/3975 3980/4308/3997 3936/4307/3996
f 3914/4275/3970 3935/4305/3994 3980/4308/3997 3924/4282/3975
f 3900/4293/3982 3937/4309/3998 3981/4310/3999 3936/4307/3996
f 3918/4228/3936 3927/4290/3981 3981/4310/3999 3937/4309/3998
f 3916/4283/3976 3936/4307/3996 3981/4310/3999 3927/4290/3981
f 3900/4293/3982 3930/4311/3985 3982/4312/4000 3937/4309/3998
f 3902/4220/3928 3950/4223/3931 3982/4312/4000 3930/4311/3985
f 3918/4228/3936 3937/4309/3998 3982/4312/4000 3950/4223/3931
f 3903/4313/3932 3953/4314/3938 3983/4315/4001 3939/4316/4002
f 3905/4317/3942 3938/4318/4003 3983/4315/4001 3953/4314/3938
f 3901/4319/4004 3939/4316/4002 3983/4315/4001 3938/4318/4003
f 3905/4317/3942 3956/4320/3944 3984/4321/4005 3938/4318/4003
f 3907/4322/3948 3940/4323/4006 3984/4321/4005 3956/4320/3944
f 3901/4319/4004 3938/4318/4003 3984/4321/4005 3940/4323/4006
f 3907/4322/3948 3959/4324/3950 3985/4325/4007 3940/4323/4006
f 3909/4326/3954 3941/4327/4008 3985/4325/4007 3959/4324/3950
f 3901/4319/4004 3940/4323/4006 3985/4325/4007 3941/4327/4008
f 3909/4326/3954 3962/4328/3956 3986/4329/4009 3941/4327/4008
f 3911/4330/3960 3942/4331/4010 3986/4329/4009 3962/4328/3956
f 3901/4319/4004 3941/4327/4008 3986/4329/4009 3942/4331/4010
f 3911/4330/3960 3920/4332/3962 3987/4333/4011 3942/4331/4010
f 3913/4334/3966 3943/4335/4012 3987/4333/4011 3920/4332/3962
f 3901/4319/4004 3942/4331/4010 3987/4333/4011 3943/4335/4012
f 3913/4334/3966 3923/4336/3968 3988/4337/4013 3943/4335/4012
f 3915/4338/3972 3944/4339/4014 3988/4337/4013 3923/4336/3968
f 3901/4319/4004 3943/4335/4012 3988/4337/4013 3944/4339/4014
f 3915/4338/3972 3926/4340/3974 3989/4341/4015 3944/4339/4014
f 3917/4342/3978 3945/4343/4016 3989/4341/4015 3926/4340/3974
f 3901/4319/4004 3944/4339/4014 3989/4341/4015 3945/4343/4016
f 3917/4342/3978 3928/4344/3980 3990/4345/4017 3945/4343/4016
f 3919/4346/3934 3946/4347/4018 3990/4345/4017 3928/4344/3980
f 3901/4319/4004 3945/4343/4016 3990/4345/4017 3946/4347/4018
f 3919/4346/3934 3948/4348/3933 3991/4349/4019 3946/4347/4018
f 3903/4313/3932 3939/4316/4002 3991/4349/4019 3948/4348/3933
f 3901/4319/4004 3946/4347/4018 3991/4349/4019 3939/4316/4002
o pasted__pSphere3
v -0.015675 0.062761 0.014793
v -0.017379 0.062358 0.014481
v -0.019056 0.062874 0.014771
v -0.020065 0.064111 0.015554
v -0.020022 0.065597 0.016529
v -0.018942 0.066765 0.017325
v -0.017238 0.067168 0.017637
v -0.015561 0.066652 0.017346
v -0.014552 0.065415 0.016564
v -0.014595 0.063928 0.015589
v -0.014208 0.062281 0.011788
v -0.017386 0.061530 0.011206
v -0.020512 0.062492 0.011748
v -0.022395 0.064799 0.013207
v -0.022314 0.067571 0.015025
v -0.020300 0.069748 0.016509
v -0.017123 0.070499 0.017091
v -0.013996 0.069538 0.016549
v -0.012114 0.067230 0.015090
v -0.012195 0.064458 0.013272
v -0.012977 0.062840 0.007902
v -0.017350 0.061806 0.007101
v -0.021654 0.063130 0.007847
v -0.024245 0.066306 0.009855
v -0.024134 0.070121 0.012358
v -0.021362 0.073118 0.014400
v -0.016989 0.074152 0.015202
v -0.012685 0.072828 0.014456
v -0.010094 0.069652 0.012448
v -0.010206 0.065837 0.009945
v -0.012134 0.064413 0.003555
v -0.017275 0.063197 0.002613
v -0.022335 0.064753 0.003490
v -0.025380 0.068487 0.005851
v -0.025249 0.072972 0.008794
v -0.021991 0.076495 0.011194
v -0.016851 0.077710 0.012136
v -0.011791 0.076154 0.011259
v -0.008745 0.072420 0.008899
v -0.008876 0.067936 0.005956
v -0.011762 0.066845 -0.000828
v -0.017167 0.065567 -0.001818
v -0.022487 0.067204 -0.000896
v -0.025690 0.071129 0.001586
v -0.025552 0.075845 0.004680
v -0.022127 0.079549 0.007205
v -0.016722 0.080827 0.008195
v -0.011402 0.079191 0.007273
v -0.008199 0.075265 0.004791
v -0.008337 0.070549 0.001697
v -0.011898 0.069899 -0.004817
v -0.017038 0.068684 -0.005759
v -0.022098 0.070240 -0.004882
v -0.025144 0.073974 -0.002522
v -0.025013 0.078459 0.000421
v -0.021755 0.081982 0.002822
v -0.016614 0.083197 0.003764
v -0.011554 0.081641 0.002887
v -0.008509 0.077907 0.000526
v -0.008640 0.073422 -0.002416
v -0.012527 0.073277 -0.008023
v -0.016900 0.072243 -0.008825
v -0.021204 0.073566 -0.008079
v -0.023795 0.076742 -0.006071
v -0.023683 0.080557 -0.003568
v -0.020912 0.083554 -0.001525
v -0.016539 0.084588 -0.000724
v -0.012235 0.083264 -0.001470
v -0.009644 0.080088 -0.003478
v -0.009755 0.076273 -0.005981
v -0.013589 0.076646 -0.010132
v -0.016766 0.075895 -0.010714
v -0.019893 0.076857 -0.010172
v -0.021775 0.079164 -0.008713
v -0.021694 0.081936 -0.006895
v -0.019680 0.084113 -0.005411
v -0.016503 0.084864 -0.004829
v -0.013376 0.083902 -0.005371
v -0.011494 0.081595 -0.006829
v -0.011575 0.078823 -0.008648
v -0.014947 0.079629 -0.010948
v -0.016651 0.079226 -0.011260
v -0.018328 0.079742 -0.010969
v -0.019337 0.080979 -0.010187
v -0.019294 0.082466 -0.009211
v -0.018214 0.083633 -0.008416
v -0.016510 0.084036 -0.008104
v -0.014833 0.083521 -0.008394
v -0.013824 0.082283 -0.009177
v -0.013867 0.080797 -0.010152
v -0.017329 0.064283 0.016792
v -0.016560 0.082112 -0.010415
v -0.017105 0.067050 -0.003875
v -0.014350 0.068958 -0.005503
v -0.011767 0.068313 -0.002897
v -0.022359 0.068666 -0.002964
v -0.019705 0.069137 -0.005538
v -0.025522 0.072544 -0.000513
v -0.023961 0.071915 -0.003838
v -0.025386 0.077201 0.002543
v -0.025492 0.076230 -0.001053
v -0.022002 0.080859 0.005036
v -0.023712 0.080435 0.001753
v -0.016664 0.082121 0.006014
v -0.019303 0.082923 0.003508
v -0.011410 0.080505 0.005103
v -0.013947 0.082744 0.003542
v -0.008247 0.076628 0.002652
v -0.009691 0.079966 0.001842
v -0.008383 0.071971 -0.000404
v -0.008160 0.075651 -0.000942
v -0.009940 0.071446 -0.003748
v -0.016969 0.070429 -0.007422
v -0.014613 0.072476 -0.008607
v -0.012154 0.071568 -0.006539
v -0.021709 0.071887 -0.006600
v -0.019169 0.072628 -0.008636
v -0.024562 0.075385 -0.004389
v -0.022789 0.074991 -0.007190
v -0.024440 0.079586 -0.001632
v -0.024091 0.078662 -0.004821
v -0.021387 0.082886 0.000617
v -0.022577 0.082238 -0.002435
v -0.016572 0.084025 0.001499
v -0.018826 0.084355 -0.000942
v -0.011832 0.082567 0.000678
v -0.014270 0.084202 -0.000913
v -0.008979 0.079070 -0.001534
v -0.010650 0.081840 -0.002359
v -0.009102 0.074868 -0.004290
v -0.009348 0.078169 -0.004727
v -0.010861 0.074592 -0.007114
v -0.016831 0.074079 -0.009930
v -0.015104 0.076064 -0.010556
v -0.013010 0.074983 -0.009230
v -0.020593 0.075236 -0.009278
v -0.018414 0.076175 -0.010577
v -0.022857 0.078012 -0.007523
v -0.021044 0.077891 -0.009527
v -0.022760 0.081346 -0.005335
v -0.021990 0.080558 -0.007806
v -0.020338 0.083965 -0.003550
v -0.020890 0.083157 -0.006072
v -0.016516 0.084869 -0.002850
v -0.018165 0.084695 -0.004987
v -0.012754 0.083712 -0.003502
v -0.014855 0.084584 -0.004966
v -0.010490 0.080936 -0.005257
v -0.012225 0.082867 -0.006016
v -0.010587 0.077602 -0.007445
v -0.011279 0.080200 -0.007737
v -0.012379 0.077602 -0.009471
v -0.016704 0.077643 -0.011154
v -0.015742 0.079258 -0.011193
v -0.014251 0.078223 -0.010704
v -0.019119 0.078386 -0.010735
v -0.017556 0.079318 -0.011205
v -0.020573 0.080168 -0.009609
v -0.018997 0.080259 -0.010629
v -0.020511 0.082309 -0.008204
v -0.019515 0.081720 -0.009686
v -0.018956 0.083990 -0.007058
v -0.018913 0.083144 -0.008736
v -0.016502 0.084570 -0.006608
v -0.017419 0.083986 -0.008142
v -0.014087 0.083828 -0.007027
v -0.015606 0.083926 -0.008130
v -0.012633 0.082045 -0.008154
v -0.014165 0.082985 -0.008706
v -0.012696 0.079905 -0.009558
v -0.013646 0.081524 -0.009649
v -0.014249 0.080100 -0.010599
v -0.016382 0.063315 0.015784
v -0.017362 0.063083 0.015605
v -0.018326 0.063380 0.015772
v -0.018906 0.064091 0.016222
v -0.018881 0.064946 0.016782
v -0.018260 0.065617 0.017240
v -0.017281 0.065848 0.017419
v -0.016317 0.065552 0.017252
v -0.015737 0.064840 0.016802
v -0.015762 0.063986 0.016242
v -0.016608 0.080546 -0.011042
v -0.015629 0.080777 -0.010863
v -0.017572 0.080842 -0.010875
v -0.018152 0.081554 -0.010425
v -0.018127 0.082408 -0.009865
v -0.017507 0.083079 -0.009407
v -0.016527 0.083311 -0.009228
v -0.015563 0.083014 -0.009395
v -0.014983 0.082303 -0.009845
v -0.015008 0.081449 -0.010405
v -0.016470 0.062408 0.014519
v -0.017387 0.061824 0.012986
v -0.015724 0.061700 0.011364
v -0.014933 0.062404 0.013435
v -0.018283 0.062468 0.014507
v -0.019802 0.062567 0.013404
v -0.019034 0.061810 0.011343
v -0.019724 0.063409 0.015083
v -0.021256 0.064349 0.014531
v -0.021664 0.063527 0.012393
v -0.020243 0.064870 0.016026
v -0.021193 0.066489 0.015935
v -0.022610 0.066194 0.014114
v -0.019640 0.066294 0.016976
v -0.019638 0.068171 0.017081
v -0.021510 0.068792 0.015848
v -0.018147 0.067136 0.017570
v -0.017185 0.068751 0.017531
v -0.018785 0.070330 0.016933
v -0.016333 0.067076 0.017582
v -0.014770 0.068008 0.017112
v -0.015475 0.070219 0.016954
v -0.014892 0.066135 0.017006
v -0.013316 0.066226 0.015986
v -0.012845 0.068503 0.015904
v -0.014374 0.064674 0.016063
v -0.013378 0.064085 0.014581
v -0.011899 0.065836 0.014183
v -0.014976 0.063250 0.015113
v -0.012999 0.063237 0.012449
v -0.017373 0.061525 0.009227
v -0.015063 0.062039 0.007319
v -0.013551 0.062429 0.009928
v -0.021135 0.062682 0.009879
v -0.019619 0.062192 0.007290
v -0.023399 0.065458 0.011634
v -0.023239 0.064554 0.008736
v -0.023302 0.068792 0.013822
v -0.024541 0.068225 0.011104
v -0.020879 0.071411 0.015607
v -0.023028 0.071802 0.013491
v -0.017058 0.072315 0.016307
v -0.019276 0.073918 0.014984
v -0.013296 0.071158 0.015655
v -0.014720 0.073766 0.015013
v -0.011032 0.068382 0.013900
v -0.011100 0.071403 0.013567
v -0.011129 0.065048 0.011712
v -0.009798 0.067732 0.011198
v -0.011312 0.064156 0.008812
v -0.017317 0.062369 0.004878
v -0.014586 0.063472 0.002869
v -0.012501 0.063508 0.005760
v -0.022057 0.063827 0.005699
v -0.019942 0.063650 0.002835
v -0.024910 0.067325 0.007911
v -0.024198 0.066428 0.004535
v -0.024787 0.071526 0.010667
v -0.025729 0.070743 0.007320
v -0.021735 0.074826 0.012916
v -0.023949 0.074948 0.010125
v -0.016920 0.075965 0.013799
v -0.019539 0.077436 0.011880
v -0.012180 0.074507 0.012977
v -0.014184 0.077257 0.011915
v -0.009327 0.071009 0.010766
v -0.009928 0.074479 0.010215
v -0.009449 0.066808 0.008009
v -0.008397 0.070164 0.007430
v -0.010177 0.065959 0.004624
v -0.017225 0.064273 0.000363
v -0.014341 0.065856 -0.001549
v -0.011887 0.065535 0.001341
v -0.022479 0.065889 0.001274
v -0.019972 0.066044 -0.001585
v -0.025642 0.069766 0.003725
v -0.024447 0.068964 0.000202
v -0.025506 0.074423 0.006781
v -0.026056 0.073502 0.003130
v -0.022122 0.078082 0.009274
v -0.024185 0.077923 0.006080
v -0.016784 0.079344 0.010252
v -0.019548 0.080539 0.007926
v -0.011530 0.077728 0.009342
v -0.013917 0.080350 0.007962
v -0.008367 0.073851 0.006890
v -0.009442 0.077430 0.006175
v -0.008503 0.069193 0.003834
v -0.007833 0.072893 0.003247
v -0.009704 0.068472 0.000297
v -0.016104 0.061955 0.013108
v -0.018660 0.062040 0.013091
v -0.020692 0.063366 0.013903
v -0.021422 0.065426 0.015232
v -0.020573 0.067433 0.016571
v -0.018468 0.068620 0.017409
v -0.015911 0.068535 0.017425
v -0.013880 0.067209 0.016614
v -0.013150 0.065149 0.015285
v -0.013999 0.063142 0.013945
v -0.015374 0.061729 0.009418
v -0.019356 0.061862 0.009392
v -0.022520 0.063927 0.010656
v -0.023658 0.067135 0.012726
v -0.022335 0.070261 0.014812
v -0.019056 0.072111 0.016117
v -0.015075 0.071978 0.016142
v -0.011911 0.069913 0.014878
v -0.010773 0.066705 0.012808
v -0.012096 0.063579 0.010722
v -0.014799 0.062626 0.005118
v -0.019816 0.062794 0.005086
v -0.023803 0.065396 0.006678
v -0.025236 0.069438 0.009287
v -0.023569 0.073377 0.011915
v -0.019438 0.075708 0.013559
v -0.014421 0.075540 0.013591
v -0.010434 0.072938 0.011999
v -0.009000 0.068896 0.009390
v -0.010667 0.064957 0.006762
v -0.014433 0.064558 0.000629
v -0.019994 0.064744 0.000593
v -0.024414 0.067628 0.002359
v -0.026003 0.072109 0.005250
v -0.024155 0.076475 0.008164
v -0.019576 0.079059 0.009986
v -0.014014 0.078873 0.010022
v -0.009595 0.075989 0.008257
v -0.008006 0.071508 0.005365
v -0.009853 0.067141 0.002452
v -0.014313 0.067335 -0.003609
v -0.019875 0.067521 -0.003645
v -0.024294 0.070405 -0.001880
v -0.025883 0.074886 0.001012
v -0.024036 0.079253 0.003926
v -0.019456 0.081836 0.005748
v -0.013895 0.081650 0.005784
v -0.009475 0.078766 0.004019
v -0.007886 0.074285 0.001127
v -0.009734 0.069919 -0.001787
v -0.014451 0.070686 -0.007182
v -0.019468 0.070854 -0.007214
v -0.023455 0.073456 -0.005622
v -0.024889 0.077499 -0.003013
v -0.023222 0.081437 -0.000385
v -0.019090 0.083768 0.001259
v -0.014073 0.083600 0.001291
v -0.010086 0.080998 -0.000301
v -0.008653 0.076956 -0.002909
v -0.010320 0.073017 -0.005538
v -0.014833 0.074283 -0.009740
v -0.018814 0.074416 -0.009765
v -0.021978 0.076481 -0.008501
v -0.023116 0.079689 -0.006431
v -0.021793 0.082815 -0.004345
v -0.018515 0.084665 -0.003040
v -0.014533 0.084532 -0.003015
v -0.011369 0.082467 -0.004279
v -0.010231 0.079259 -0.006349
v -0.011554 0.076133 -0.008435
v -0.015421 0.077774 -0.011032
v -0.017977 0.077859 -0.011048
v -0.020009 0.079185 -0.010237
v -0.020739 0.081245 -0.008908
v -0.019890 0.083252 -0.007568
v -0.017785 0.084439 -0.006731
v -0.015229 0.084354 -0.006714
v -0.013197 0.083028 -0.007526
v -0.012467 0.080969 -0.008855
v -0.013316 0.078962 -0.010194
v -0.016777 0.062971 0.015468
v -0.017951 0.063011 0.015461
v -0.018884 0.063620 0.015833
v -0.019220 0.064566 0.016444
v -0.018830 0.065488 0.017059
v -0.017863 0.066034 0.017444
v -0.016688 0.065994 0.017452
v -0.015755 0.065385 0.017079
v -0.015419 0.064439 0.016468
v -0.015810 0.063517 0.015853
v -0.016026 0.080361 -0.011067
v -0.017201 0.080400 -0.011075
v -0.018134 0.081009 -0.010702
v -0.018470 0.081955 -0.010091
v -0.018079 0.082877 -0.009476
v -0.017112 0.083423 -0.009091
v -0.015938 0.083384 -0.009083
v -0.015005 0.082774 -0.009456
v -0.014669 0.081828 -0.010067
v -0.015059 0.080906 -0.010682
vn 0.2936 -0.8410 0.4545
vn 0.1387 -0.9026 0.4075
vn 0.1811 -0.9533 0.2416
vn 0.3771 -0.8775 0.2963
vn -0.0332 -0.9182 0.3946
vn -0.0340 -0.9747 0.2210
vn -0.0337 -0.9974 0.0640
vn 0.2141 -0.9729 0.0868
vn 0.4396 -0.8855 0.1508
vn -0.2039 -0.8912 0.4053
vn -0.2474 -0.9390 0.2389
vn -0.3548 -0.8193 0.4504
vn -0.4386 -0.8502 0.2911
vn -0.4996 -0.8541 0.1448
vn -0.2797 -0.9564 0.0836
vn -0.4761 -0.7135 0.5141
vn -0.5880 -0.7167 0.3749
vn -0.5484 -0.5820 0.6004
vn -0.6822 -0.5516 0.4799
vn -0.7800 -0.5103 0.3621
vn -0.6721 -0.7003 0.2404
vn -0.5740 -0.4374 0.6922
vn -0.7105 -0.3714 0.5977
vn -0.5401 -0.2969 0.7875
vn -0.6717 -0.1930 0.7152
vn -0.7680 -0.0974 0.6331
vn -0.8132 -0.3024 0.4972
vn -0.4602 -0.1684 0.8717
vn -0.5681 -0.0350 0.8222
vn -0.3330 -0.0730 0.9401
vn -0.4112 0.0887 0.9072
vn -0.4680 0.2270 0.8541
vn -0.6492 0.0853 0.7558
vn -0.1781 -0.0093 0.9840
vn -0.2152 0.1641 0.9627
vn -0.0062 0.0043 1.0000
vn -0.0001 0.1859 0.9826
vn 0.0053 0.3389 0.9408
vn -0.2426 0.3147 0.9177
vn 0.1645 -0.0207 0.9862
vn 0.2134 0.1498 0.9654
vn 0.3154 -0.0946 0.9442
vn 0.4046 0.0615 0.9124
vn 0.4712 0.1956 0.8601
vn 0.2513 0.2982 0.9208
vn 0.4368 -0.1984 0.8774
vn 0.5540 -0.0725 0.8294
vn 0.5090 -0.3320 0.7942
vn 0.6481 -0.2371 0.7237
vn 0.7516 -0.1482 0.6428
vn 0.6437 0.0421 0.7641
vn 0.5347 -0.4745 0.6993
vn 0.6764 -0.4178 0.6066
vn 0.5007 -0.6170 0.6071
vn 0.6377 -0.5957 0.4883
vn 0.7395 -0.5611 0.3718
vn 0.7849 -0.3558 0.5073
vn 0.4209 -0.7434 0.5198
vn 0.5340 -0.7542 0.3820
vn 0.6208 -0.7435 0.2486
vn 0.2388 -0.9697 -0.0523
vn 0.4859 -0.8738 0.0178
vn -0.0328 -0.9965 -0.0772
vn -0.0315 -0.9798 -0.1974
vn 0.2563 -0.9514 -0.1709
vn 0.5180 -0.8499 -0.0967
vn -0.3024 -0.9516 -0.0557
vn -0.5433 -0.8394 0.0112
vn -0.5723 -0.8135 -0.1036
vn -0.3170 -0.9322 -0.1745
vn -0.7324 -0.6709 0.1160
vn -0.8507 -0.4627 0.2495
vn -0.8979 -0.4144 0.1487
vn -0.7725 -0.6349 0.0074
vn -0.8871 -0.2348 0.3974
vn -0.8375 -0.0102 0.5464
vn -0.8839 0.0650 0.4632
vn -0.9364 -0.1731 0.3054
vn -0.7073 0.1900 0.6809
vn -0.5087 0.3453 0.7886
vn -0.5356 0.4415 0.7198
vn -0.7459 0.2770 0.6058
vn -0.2616 0.4414 0.8583
vn 0.0100 0.4679 0.8837
vn 0.0139 0.5715 0.8205
vn -0.2739 0.5433 0.7936
vn 0.2796 0.4233 0.8618
vn 0.5205 0.3109 0.7952
vn 0.5547 0.4051 0.7268
vn 0.2994 0.5241 0.7973
vn 0.7096 0.1427 0.6900
vn 0.8279 -0.0658 0.5570
vn 0.8802 0.0060 0.4745
vn 0.7549 0.2268 0.6154
vn 0.8643 -0.2934 0.4086
vn 0.8147 -0.5183 0.2601
vn 0.8662 -0.4733 0.1599
vn 0.9187 -0.2351 0.3173
vn 0.6845 -0.7182 0.1251
vn 0.7283 -0.6851 0.0170
vn 0.2685 -0.9238 -0.2730
vn 0.5399 -0.8186 -0.1962
vn -0.0299 -0.9533 -0.3005
vn -0.0282 -0.9198 -0.3913
vn 0.2769 -0.8897 -0.3631
vn 0.5545 -0.7820 -0.2846
vn -0.3260 -0.9039 -0.2768
vn -0.5908 -0.7808 -0.2034
vn -0.6018 -0.7434 -0.2919
vn -0.3310 -0.8693 -0.3670
vn -0.7984 -0.5956 -0.0882
vn -0.9284 -0.3669 0.0583
vn -0.9470 -0.3202 -0.0244
vn -0.8141 -0.5541 -0.1740
vn -0.9683 -0.1167 0.2210
vn -0.9139 0.1302 0.3845
vn -0.9322 0.1882 0.3092
vn -0.9878 -0.0643 0.1420
vn -0.7708 0.3500 0.5323
vn -0.5527 0.5207 0.6506
vn -0.5629 0.5875 0.5814
vn -0.7858 0.4129 0.4604
vn -0.2813 0.6262 0.7272
vn 0.0171 0.6555 0.7550
vn 0.0198 0.7253 0.6881
vn -0.2853 0.6953 0.6597
vn 0.3132 0.6063 0.7310
vn 0.5779 0.4830 0.6578
vn 0.5934 0.5489 0.5887
vn 0.3226 0.6750 0.6636
vn 0.7856 0.2980 0.5423
vn 0.9156 0.0691 0.3962
vn 0.9386 0.1257 0.3212
vn 0.8057 0.3597 0.4706
vn 0.9554 -0.1810 0.2332
vn 0.9010 -0.4280 0.0700
vn 0.9238 -0.3827 -0.0124
vn 0.9794 -0.1300 0.1545
vn 0.7579 -0.6476 -0.0782
vn 0.7774 -0.6072 -0.1639
vn 0.2824 -0.8502 -0.4444
vn 0.5634 -0.7412 -0.3650
vn -0.0264 -0.8807 -0.4730
vn -0.0244 -0.8358 -0.5484
vn 0.2856 -0.8052 -0.5196
vn 0.5677 -0.6958 -0.4399
vn -0.3329 -0.8296 -0.4483
vn -0.6069 -0.7021 -0.3724
vn -0.6072 -0.6566 -0.4474
vn -0.3321 -0.7846 -0.5236
vn -0.8218 -0.5104 -0.2531
vn -0.9564 -0.2737 -0.1016
vn -0.9581 -0.2265 -0.1755
vn -0.8229 -0.4643 -0.3275
vn -0.9977 -0.0147 0.0669
vn -0.9414 0.2409 0.2361
vn -0.9430 0.2900 0.1634
vn -0.9994 0.0334 -0.0064
vn -0.7932 0.4683 0.3892
vn -0.5676 0.6451 0.5116
vn -0.5677 0.6958 0.4399
vn -0.7942 0.5183 0.3172
vn -0.2866 0.7542 0.5908
vn 0.0223 0.7846 0.6196
vn 0.0244 0.8358 0.5484
vn -0.2856 0.8052 0.5196
vn 0.3287 0.7335 0.5949
vn 0.6028 0.6060 0.5190
vn 0.6072 0.6566 0.4474
vn 0.3321 0.7846 0.5236
vn 0.8177 0.4145 0.3995
vn 0.9523 0.1776 0.2482
vn 0.9581 0.2265 0.1755
vn 0.8229 0.4643 0.3275
vn 0.9935 -0.0812 0.0796
vn 0.9373 -0.3369 -0.0895
vn 0.9430 -0.2900 -0.1634
vn 0.9994 -0.0334 0.0064
vn 0.7891 -0.5643 -0.2428
vn 0.7942 -0.5183 -0.3172
vn 0.2866 -0.7541 -0.5909
vn 0.5676 -0.6451 -0.5116
vn -0.0223 -0.7846 -0.6196
vn -0.0198 -0.7253 -0.6881
vn 0.2853 -0.6953 -0.6596
vn 0.5629 -0.5875 -0.5814
vn -0.3287 -0.7336 -0.5948
vn -0.6028 -0.6060 -0.5190
vn -0.5934 -0.5489 -0.5887
vn -0.3226 -0.6750 -0.6636
vn -0.8177 -0.4145 -0.3995
vn -0.9523 -0.1776 -0.2481
vn -0.9387 -0.1257 -0.3211
vn -0.8057 -0.3597 -0.4706
vn -0.9935 0.0813 -0.0796
vn -0.9373 0.3370 0.0895
vn -0.9238 0.3827 0.0124
vn -0.9794 0.1300 -0.1545
vn -0.7891 0.5643 0.2428
vn -0.5634 0.7412 0.3649
vn -0.5545 0.7820 0.2846
vn -0.7774 0.6073 0.1639
vn -0.2824 0.8501 0.4444
vn 0.0264 0.8806 0.4730
vn 0.0282 0.9198 0.3914
vn -0.2769 0.8897 0.3631
vn 0.3329 0.8296 0.4483
vn 0.6069 0.7021 0.3724
vn 0.6018 0.7434 0.2919
vn 0.3310 0.8693 0.3670
vn 0.8218 0.5105 0.2530
vn 0.9564 0.2737 0.1016
vn 0.9470 0.3202 0.0244
vn 0.8141 0.5541 0.1741
vn 0.9977 0.0147 -0.0668
vn 0.9414 -0.2409 -0.2361
vn 0.9322 -0.1882 -0.3092
vn 0.9878 0.0643 -0.1420
vn 0.7932 -0.4683 -0.3892
vn 0.7858 -0.4129 -0.4604
vn 0.2813 -0.6262 -0.7272
vn 0.5527 -0.5207 -0.6506
vn -0.0171 -0.6555 -0.7550
vn -0.0139 -0.5715 -0.8205
vn 0.2739 -0.5433 -0.7936
vn 0.5356 -0.4415 -0.7199
vn -0.3132 -0.6063 -0.7310
vn -0.5779 -0.4830 -0.6578
vn -0.5547 -0.4051 -0.7268
vn -0.2994 -0.5241 -0.7973
vn -0.7856 -0.2980 -0.5423
vn -0.9156 -0.0691 -0.3962
vn -0.8802 -0.0060 -0.4745
vn -0.7549 -0.2268 -0.6153
vn -0.9554 0.1809 -0.2332
vn -0.9010 0.4280 -0.0700
vn -0.8662 0.4734 -0.1600
vn -0.9187 0.2351 -0.3173
vn -0.7579 0.6476 0.0782
vn -0.5399 0.8186 0.1962
vn -0.5180 0.8499 0.0967
vn -0.7283 0.6851 -0.0170
vn -0.2685 0.9238 0.2730
vn 0.0299 0.9533 0.3006
vn 0.0315 0.9798 0.1973
vn -0.2563 0.9514 0.1709
vn 0.3260 0.9039 0.2768
vn 0.5908 0.7808 0.2034
vn 0.5723 0.8135 0.1036
vn 0.3170 0.9322 0.1745
vn 0.7984 0.5956 0.0882
vn 0.9284 0.3669 -0.0583
vn 0.8979 0.4144 -0.1487
vn 0.7725 0.6349 -0.0074
vn 0.9683 0.1167 -0.2209
vn 0.9139 -0.1302 -0.3845
vn 0.8839 -0.0650 -0.4632
vn 0.9364 0.1731 -0.3054
vn 0.7708 -0.3500 -0.5324
vn 0.7459 -0.2770 -0.6058
vn 0.2616 -0.4414 -0.8583
vn 0.5087 -0.3453 -0.7886
vn -0.0100 -0.4679 -0.8837
vn -0.0053 -0.3389 -0.9408
vn 0.2426 -0.3147 -0.9177
vn 0.4680 -0.2270 -0.8541
vn -0.2796 -0.4233 -0.8618
vn -0.5205 -0.3109 -0.7952
vn -0.4712 -0.1956 -0.8601
vn -0.2513 -0.2982 -0.9208
vn -0.7096 -0.1427 -0.6900
vn -0.8279 0.0658 -0.5570
vn -0.7516 0.1482 -0.6428
vn -0.6437 -0.0421 -0.7641
vn -0.8643 0.2934 -0.4086
vn -0.8147 0.5183 -0.2601
vn -0.7395 0.5611 -0.3718
vn -0.7849 0.3558 -0.5073
vn -0.6845 0.7182 -0.1251
vn -0.4859 0.8738 -0.0178
vn -0.4396 0.8855 -0.1508
vn -0.6208 0.7435 -0.2486
vn -0.2388 0.9696 0.0523
vn 0.0328 0.9965 0.0772
vn 0.0337 0.9974 -0.0640
vn -0.2141 0.9729 -0.0868
vn 0.3024 0.9516 0.0557
vn 0.5433 0.8394 -0.0113
vn 0.4996 0.8541 -0.1448
vn 0.2797 0.9564 -0.0836
vn 0.7324 0.6709 -0.1160
vn 0.8507 0.4627 -0.2495
vn 0.7801 0.5103 -0.3621
vn 0.6721 0.7003 -0.2404
vn 0.8871 0.2349 -0.3974
vn 0.8375 0.0102 -0.5464
vn 0.7680 0.0974 -0.6331
vn 0.8133 0.3024 -0.4971
vn 0.7073 -0.1900 -0.6809
vn 0.6492 -0.0853 -0.7558
vn 0.2152 -0.1641 -0.9627
vn 0.4112 -0.0887 -0.9072
vn 0.0001 -0.1859 -0.9826
vn 0.0062 -0.0043 -1.0000
vn 0.1781 0.0093 -0.9840
vn 0.3330 0.0730 -0.9401
vn -0.2134 -0.1498 -0.9654
vn -0.4046 -0.0615 -0.9124
vn -0.3154 0.0946 -0.9442
vn -0.1645 0.0207 -0.9862
vn -0.5540 0.0725 -0.8294
vn -0.6481 0.2371 -0.7237
vn -0.5090 0.3320 -0.7942
vn -0.4368 0.1984 -0.8774
vn -0.6764 0.4178 -0.6066
vn -0.6377 0.5957 -0.4883
vn -0.5007 0.6170 -0.6071
vn -0.5347 0.4745 -0.6993
vn -0.5340 0.7542 -0.3820
vn -0.3771 0.8775 -0.2963
vn -0.2936 0.8410 -0.4545
vn -0.4209 0.7434 -0.5198
vn -0.1811 0.9533 -0.2416
vn 0.0340 0.9747 -0.2210
vn 0.0332 0.9182 -0.3946
vn -0.1387 0.9026 -0.4075
vn 0.2474 0.9390 -0.2388
vn 0.4386 0.8502 -0.2911
vn 0.3548 0.8193 -0.4504
vn 0.2039 0.8912 -0.4053
vn 0.5880 0.7167 -0.3749
vn 0.6822 0.5516 -0.4799
vn 0.5484 0.5820 -0.6004
vn 0.4761 0.7135 -0.5141
vn 0.7105 0.3714 -0.5977
vn 0.6717 0.1930 -0.7152
vn 0.5401 0.2969 -0.7875
vn 0.5740 0.4374 -0.6922
vn 0.5681 0.0350 -0.8222
vn 0.4602 0.1684 -0.8717
vn 0.0759 -0.7913 0.6067
vn -0.0297 -0.7646 0.6438
vn 0.1401 -0.7245 0.6749
vn -0.0236 -0.5480 0.8362
vn -0.1363 -0.7842 0.6054
vn -0.1968 -0.7132 0.6727
vn -0.3049 -0.6741 0.6727
vn -0.2974 -0.5899 0.7507
vn -0.3656 -0.5031 0.7831
vn -0.2931 -0.4418 0.8479
vn -0.2951 -0.3365 0.8942
vn -0.1854 -0.3254 0.9272
vn -0.1203 -0.2379 0.9638
vn -0.0156 -0.2853 0.9583
vn 0.0919 -0.2450 0.9651
vn 0.1515 -0.3367 0.9294
vn 0.2605 -0.3551 0.8978
vn 0.2521 -0.4600 0.8514
vn 0.3212 -0.5261 0.7875
vn 0.2478 -0.6081 0.7542
vn 0.2507 -0.6927 0.6763
vn 0.1203 0.2379 -0.9638
vn 0.1855 0.3254 -0.9272
vn 0.0157 0.2853 -0.9583
vn 0.0236 0.5480 -0.8362
vn -0.0919 0.2450 -0.9651
vn -0.1515 0.3367 -0.9294
vn -0.2605 0.3551 -0.8978
vn -0.2521 0.4600 -0.8514
vn -0.3212 0.5261 -0.7875
vn -0.2478 0.6081 -0.7542
vn -0.2507 0.6927 -0.6763
vn -0.1401 0.7245 -0.6749
vn -0.0759 0.7913 -0.6067
vn 0.0297 0.7646 -0.6438
vn 0.1363 0.7842 -0.6054
vn 0.1968 0.7132 -0.6727
vn 0.3049 0.6741 -0.6727
vn 0.2974 0.5899 -0.7507
vn 0.3656 0.5031 -0.7831
vn 0.2931 0.4418 -0.8479
vn 0.2951 0.3365 -0.8942
vt 0.000000 0.100000
vt 0.050000 0.104167
vt 0.050000 0.150000
vt 0.000000 0.150000
vt 0.100000 0.100000
vt 0.100000 0.150000
vt 0.100000 0.200000
vt 0.050000 0.200000
vt 0.000000 0.200000
vt 0.150000 0.104167
vt 0.150000 0.150000
vt 0.200000 0.100000
vt 0.200000 0.150000
vt 0.200000 0.200000
vt 0.150000 0.200000
vt 0.250000 0.104167
vt 0.250000 0.150000
vt 0.300000 0.100000
vt 0.300000 0.150000
vt 0.300000 0.200000
vt 0.250000 0.200000
vt 0.350000 0.104167
vt 0.350000 0.150000
vt 0.400000 0.100000
vt 0.400000 0.150000
vt 0.400000 0.200000
vt 0.350000 0.200000
vt 0.450000 0.104167
vt 0.450000 0.150000
vt 0.500000 0.100000
vt 0.500000 0.150000
vt 0.500000 0.200000
vt 0.450000 0.200000
vt 0.550000 0.104167
vt 0.550000 0.150000
vt 0.600000 0.100000
vt 0.600000 0.150000
vt 0.600000 0.200000
vt 0.550000 0.200000
vt 0.650000 0.104167
vt 0.650000 0.150000
vt 0.700000 0.100000
vt 0.700000 0.150000
vt 0.700000 0.200000
vt 0.650000 0.200000
vt 0.750000 0.104167
vt 0.750000 0.150000
vt 0.800000 0.100000
vt 0.800000 0.150000
vt 0.800000 0.200000
vt 0.750000 0.200000
vt 0.850000 0.104167
vt 0.850000 0.150000
vt 0.900000 0.100000
vt 0.900000 0.150000
vt 0.900000 0.200000
vt 0.850000 0.200000
vt 0.950000 0.104167
vt 0.950000 0.150000
vt 1.000000 0.100000
vt 1.000000 0.150000
vt 1.000000 0.200000
vt 0.950000 0.200000
vt 0.050000 0.250000
vt 0.000000 0.250000
vt 0.100000 0.250000
vt 0.100000 0.300000
vt 0.050000 0.300000
vt 0.000000 0.300000
vt 0.150000 0.250000
vt 0.200000 0.250000
vt 0.200000 0.300000
vt 0.150000 0.300000
vt 0.250000 0.250000
vt 0.300000 0.250000
vt 0.300000 0.300000
vt 0.250000 0.300000
vt 0.350000 0.250000
vt 0.400000 0.250000
vt 0.400000 0.300000
vt 0.350000 0.300000
vt 0.450000 0.250000
vt 0.500000 0.250000
vt 0.500000 0.300000
vt 0.450000 0.300000
vt 0.550000 0.250000
vt 0.600000 0.250000
vt 0.600000 0.300000
vt 0.550000 0.300000
vt 0.650000 0.250000
vt 0.700000 0.250000
vt 0.700000 0.300000
vt 0.650000 0.300000
vt 0.750000 0.250000
vt 0.800000 0.250000
vt 0.800000 0.300000
vt 0.750000 0.300000
vt 0.850000 0.250000
vt 0.900000 0.250000
vt 0.900000 0.300000
vt 0.850000 0.300000
vt 0.950000 0.250000
vt 1.000000 0.250000
vt 1.000000 0.300000
vt 0.950000 0.300000
vt 0.050000 0.350000
vt 0.000000 0.350000
vt 0.100000 0.350000
vt 0.100000 0.400000
vt 0.050000 0.400000
vt 0.000000 0.400000
vt 0.150000 0.350000
vt 0.200000 0.350000
vt 0.200000 0.400000
vt 0.150000 0.400000
vt 0.250000 0.350000
vt 0.300000 0.350000
vt 0.300000 0.400000
vt 0.250000 0.400000
vt 0.350000 0.350000
vt 0.400000 0.350000
vt 0.400000 0.400000
vt 0.350000 0.400000
vt 0.450000 0.350000
vt 0.500000 0.350000
vt 0.500000 0.400000
vt 0.450000 0.400000
vt 0.550000 0.350000
vt 0.600000 0.350000
vt 0.600000 0.400000
vt 0.550000 0.400000
vt 0.650000 0.350000
vt 0.700000 0.350000
vt 0.700000 0.400000
vt 0.650000 0.400000
vt 0.750000 0.350000
vt 0.800000 0.350000
vt 0.800000 0.400000
vt 0.750000 0.400000
vt 0.850000 0.350000
vt 0.900000 0.350000
vt 0.900000 0.400000
vt 0.850000 0.400000
vt 0.950000 0.350000
vt 1.000000 0.350000
vt 1.000000 0.400000
vt 0.950000 0.400000
vt 0.050000 0.450000
vt 0.000000 0.450000
vt 0.100000 0.450000
vt 0.100000 0.500000
vt 0.050000 0.500000
vt 0.000000 0.500000
vt 0.150000 0.450000
vt 0.200000 0.450000
vt 0.200000 0.500000
vt 0.150000 0.500000
vt 0.250000 0.450000
vt 0.300000 0.450000
vt 0.300000 0.500000
vt 0.250000 0.500000
vt 0.350000 0.450000
vt 0.400000 0.450000
vt 0.400000 0.500000
vt 0.350000 0.500000
vt 0.450000 0.450000
vt 0.500000 0.450000
vt 0.500000 0.500000
vt 0.450000 0.500000
vt 0.550000 0.450000
vt 0.600000 0.450000
vt 0.600000 0.500000
vt 0.550000 0.500000
vt 0.650000 0.450000
vt 0.700000 0.450000
vt 0.700000 0.500000
vt 0.650000 0.500000
vt 0.750000 0.450000
vt 0.800000 0.450000
vt 0.800000 0.500000
vt 0.750000 0.500000
vt 0.850000 0.450000
vt 0.900000 0.450000
vt 0.900000 0.500000
vt 0.850000 0.500000
vt 0.950000 0.450000
vt 1.000000 0.450000
vt 1.000000 0.500000
vt 0.950000 0.500000
vt 0.050000 0.550000
vt 0.000000 0.550000
vt 0.100000 0.550000
vt 0.100000 0.600000
vt 0.050000 0.600000
vt 0.000000 0.600000
vt 0.150000 0.550000
vt 0.200000 0.550000
vt 0.200000 0.600000
vt 0.150000 0.600000
vt 0.250000 0.550000
vt 0.300000 0.550000
vt 0.300000 0.600000
vt 0.250000 0.600000
vt 0.350000 0.550000
vt 0.400000 0.550000
vt 0.400000 0.600000
vt 0.350000 0.600000
vt 0.450000 0.550000
vt 0.500000 0.550000
vt 0.500000 0.600000
vt 0.450000 0.600000
vt 0.550000 0.550000
vt 0.600000 0.550000
vt 0.600000 0.600000
vt 0.550000 0.600000
vt 0.650000 0.550000
vt 0.700000 0.550000
vt 0.700000 0.600000
vt 0.650000 0.600000
vt 0.750000 0.550000
vt 0.800000 0.550000
vt 0.800000 0.600000
vt 0.750000 0.600000
vt 0.850000 0.550000
vt 0.900000 0.550000
vt 0.900000 0.600000
vt 0.850000 0.600000
vt 0.950000 0.550000
vt 1.000000 0.550000
vt 1.000000 0.600000
vt 0.950000 0.600000
vt 0.050000 0.650000
vt 0.000000 0.650000
vt 0.100000 0.650000
vt 0.100000 0.700000
vt 0.050000 0.700000
vt 0.000000 0.700000
vt 0.150000 0.650000
vt 0.200000 0.650000
vt 0.200000 0.700000
vt 0.150000 0.700000
vt 0.250000 0.650000
vt 0.300000 0.650000
vt 0.300000 0.700000
vt 0.250000 0.700000
vt 0.350000 0.650000
vt 0.400000 0.650000
vt 0.400000 0.700000
vt 0.350000 0.700000
vt 0.450000 0.650000
vt 0.500000 0.650000
vt 0.500000 0.700000
vt 0.450000 0.700000
vt 0.550000 0.650000
vt 0.600000 0.650000
vt 0.600000 0.700000
vt 0.550000 0.700000
vt 0.650000 0.650000
vt 0.700000 0.650000
vt 0.700000 0.700000
vt 0.650000 0.700000
vt 0.750000 0.650000
vt 0.800000 0.650000
vt 0.800000 0.700000
vt 0.750000 0.700000
vt 0.850000 0.650000
vt 0.900000 0.650000
vt 0.900000 0.700000
vt 0.850000 0.700000
vt 0.950000 0.650000
vt 1.000000 0.650000
vt 1.000000 0.700000
vt 0.950000 0.700000
vt 0.050000 0.750000
vt 0.000000 0.750000
vt 0.100000 0.750000
vt 0.100000 0.800000
vt 0.050000 0.800000
vt 0.000000 0.800000
vt 0.150000 0.750000
vt 0.200000 0.750000
vt 0.200000 0.800000
vt 0.150000 0.800000
vt 0.250000 0.750000
vt 0.300000 0.750000
vt 0.300000 0.800000
vt 0.250000 0.800000
vt 0.350000 0.750000
vt 0.400000 0.750000
vt 0.400000 0.800000
vt 0.350000 0.800000
vt 0.450000 0.750000
vt 0.500000 0.750000
vt 0.500000 0.800000
vt 0.450000 0.800000
vt 0.550000 0.750000
vt 0.600000 0.750000
vt 0.600000 0.800000
vt 0.550000 0.800000
vt 0.650000 0.750000
vt 0.700000 0.750000
vt 0.700000 0.800000
vt 0.650000 0.800000
vt 0.750000 0.750000
vt 0.800000 0.750000
vt 0.800000 0.800000
vt 0.750000 0.800000
vt 0.850000 0.750000
vt 0.900000 0.750000
vt 0.900000 0.800000
vt 0.850000 0.800000
vt 0.950000 0.750000
vt 1.000000 0.750000
vt 1.000000 0.800000
vt 0.950000 0.800000
vt 0.050000 0.850000
vt 0.000000 0.850000
vt 0.100000 0.850000
vt 0.100000 0.900000
vt 0.050000 0.895833
vt 0.000000 0.900000
vt 0.150000 0.850000
vt 0.200000 0.850000
vt 0.200000 0.900000
vt 0.150000 0.895833
vt 0.250000 0.850000
vt 0.300000 0.850000
vt 0.300000 0.900000
vt 0.250000 0.895833
vt 0.350000 0.850000
vt 0.400000 0.850000
vt 0.400000 0.900000
vt 0.350000 0.895833
vt 0.450000 0.850000
vt 0.500000 0.850000
vt 0.500000 0.900000
vt 0.450000 0.895833
vt 0.550000 0.850000
vt 0.600000 0.850000
vt 0.600000 0.900000
vt 0.550000 0.895833
vt 0.650000 0.850000
vt 0.700000 0.850000
vt 0.700000 0.900000
vt 0.650000 0.895833
vt 0.750000 0.850000
vt 0.800000 0.850000
vt 0.800000 0.900000
vt 0.750000 0.895833
vt 0.850000 0.850000
vt 0.900000 0.850000
vt 0.900000 0.900000
vt 0.850000 0.895833
vt 0.950000 0.850000
vt 1.000000 0.850000
vt 1.000000 0.900000
vt 0.950000 0.895833
vt 0.050000 0.066667
vt 0.075000 0.050000
vt 0.025000 0.050000
vt 0.050000 0.000000
vt 0.150000 0.066667
vt 0.175000 0.050000
vt 0.125000 0.050000
vt 0.150000 0.000000
vt 0.250000 0.066667
vt 0.275000 0.050000
vt 0.225000 0.050000
vt 0.250000 0.000000
vt 0.350000 0.066667
vt 0.375000 0.050000
vt 0.325000 0.050000
vt 0.350000 0.000000
vt 0.450000 0.066667
vt 0.475000 0.050000
vt 0.425000 0.050000
vt 0.450000 0.000000
vt 0.550000 0.066667
vt 0.575000 0.050000
vt 0.525000 0.050000
vt 0.550000 0.000000
vt 0.650000 0.066667
vt 0.675000 0.050000
vt 0.625000 0.050000
vt 0.650000 0.000000
vt 0.750000 0.066667
vt 0.775000 0.050000
vt 0.725000 0.050000
vt 0.750000 0.000000
vt 0.850000 0.066667
vt 0.875000 0.050000
vt 0.825000 0.050000
vt 0.850000 0.000000
vt 0.950000 0.066667
vt 0.975000 0.050000
vt 0.925000 0.050000
vt 0.950000 0.000000
vt 0.050000 0.933333
vt 0.025000 0.950000
vt 0.075000 0.950000
vt 0.050000 1.000000
vt 0.150000 0.933333
vt 0.125000 0.950000
vt 0.175000 0.950000
vt 0.150000 1.000000
vt 0.250000 0.933333
vt 0.225000 0.950000
vt 0.275000 0.950000
vt 0.250000 1.000000
vt 0.350000 0.933333
vt 0.325000 0.950000
vt 0.375000 0.950000
vt 0.350000 1.000000
vt 0.450000 0.933333
vt 0.425000 0.950000
vt 0.475000 0.950000
vt 0.450000 1.000000
vt 0.550000 0.933333
vt 0.525000 0.950000
vt 0.575000 0.950000
vt 0.550000 1.000000
vt 0.650000 0.933333
vt 0.625000 0.950000
vt 0.675000 0.950000
vt 0.650000 1.000000
vt 0.750000 0.933333
vt 0.725000 0.950000
vt 0.775000 0.950000
vt 0.750000 1.000000
vt 0.850000 0.933333
vt 0.825000 0.950000
vt 0.875000 0.950000
vt 0.850000 1.000000
vt 0.950000 0.933333
vt 0.925000 0.950000
vt 0.975000 0.950000
vt 0.950000 1.000000
s 1
usemtl pasted__lambert14
f 3992/4350/4020 4184/4351/4021 4274/4352/4022 4187/4353/4023
f 4184/4351/4021 3993/4354/4024 4185/4355/4025 4274/4352/4022
f 4274/4352/4022 4185/4355/4025 4003/4356/4026 4186/4357/4027
f 4187/4353/4023 4274/4352/4022 4186/4357/4027 4002/4358/4028
f 3993/4354/4024 4188/4359/4029 4275/4360/4030 4185/4355/4025
f 4188/4359/4029 3994/4361/4031 4189/4362/4032 4275/4360/4030
f 4275/4360/4030 4189/4362/4032 4004/4363/4033 4190/4364/4034
f 4185/4355/4025 4275/4360/4030 4190/4364/4034 4003/4356/4026
f 3994/4361/4031 4191/4365/4035 4276/4366/4036 4189/4362/4032
f 4191/4365/4035 3995/4367/4037 4192/4368/4038 4276/4366/4036
f 4276/4366/4036 4192/4368/4038 4005/4369/4039 4193/4370/4040
f 4189/4362/4032 4276/4366/4036 4193/4370/4040 4004/4363/4033
f 3995/4367/4037 4194/4371/4041 4277/4372/4042 4192/4368/4038
f 4194/4371/4041 3996/4373/4043 4195/4374/4044 4277/4372/4042
f 4277/4372/4042 4195/4374/4044 4006/4375/4045 4196/4376/4046
f 4192/4368/4038 4277/4372/4042 4196/4376/4046 4005/4369/4039
f 3996/4373/4043 4197/4377/4047 4278/4378/4048 4195/4374/4044
f 4197/4377/4047 3997/4379/4049 4198/4380/4050 4278/4378/4048
f 4278/4378/4048 4198/4380/4050 4007/4381/4051 4199/4382/4052
f 4195/4374/4044 4278/4378/4048 4199/4382/4052 4006/4375/4045
f 3997/4379/4049 4200/4383/4053 4279/4384/4054 4198/4380/4050
f 4200/4383/4053 3998/4385/4055 4201/4386/4056 4279/4384/4054
f 4279/4384/4054 4201/4386/4056 4008/4387/4057 4202/4388/4058
f 4198/4380/4050 4279/4384/4054 4202/4388/4058 4007/4381/4051
f 3998/4385/4055 4203/4389/4059 4280/4390/4060 4201/4386/4056
f 4203/4389/4059 3999/4391/4061 4204/4392/4062 4280/4390/4060
f 4280/4390/4060 4204/4392/4062 4009/4393/4063 4205/4394/4064
f 4201/4386/4056 4280/4390/4060 4205/4394/4064 4008/4387/4057
f 3999/4391/4061 4206/4395/4065 4281/4396/4066 4204/4392/4062
f 4206/4395/4065 4000/4397/4067 4207/4398/4068 4281/4396/4066
f 4281/4396/4066 4207/4398/4068 4010/4399/4069 4208/4400/4070
f 4204/4392/4062 4281/4396/4066 4208/4400/4070 4009/4393/4063
f 4000/4397/4067 4209/4401/4071 4282/4402/4072 4207/4398/4068
f 4209/4401/4071 4001/4403/4073 4210/4404/4074 4282/4402/4072
f 4282/4402/4072 4210/4404/4074 4011/4405/4075 4211/4406/4076
f 4207/4398/4068 4282/4402/4072 4211/4406/4076 4010/4399/4069
f 4001/4403/4073 4212/4407/4077 4283/4408/4078 4210/4404/4074
f 4212/4407/4077 3992/4409/4020 4187/4410/4023 4283/4408/4078
f 4283/4408/4078 4187/4410/4023 4002/4411/4028 4213/4412/4079
f 4210/4404/4074 4283/4408/4078 4213/4412/4079 4011/4405/4075
f 4002/4358/4028 4186/4357/4027 4284/4413/4080 4216/4414/4081
f 4186/4357/4027 4003/4356/4026 4214/4415/4082 4284/4413/4080
f 4284/4413/4080 4214/4415/4082 4013/4416/4083 4215/4417/4084
f 4216/4414/4081 4284/4413/4080 4215/4417/4084 4012/4418/4085
f 4003/4356/4026 4190/4364/4034 4285/4419/4086 4214/4415/4082
f 4190/4364/4034 4004/4363/4033 4217/4420/4087 4285/4419/4086
f 4285/4419/4086 4217/4420/4087 4014/4421/4088 4218/4422/4089
f 4214/4415/4082 4285/4419/4086 4218/4422/4089 4013/4416/4083
f 4004/4363/4033 4193/4370/4040 4286/4423/4090 4217/4420/4087
f 4193/4370/4040 4005/4369/4039 4219/4424/4091 4286/4423/4090
f 4286/4423/4090 4219/4424/4091 4015/4425/4092 4220/4426/4093
f 4217/4420/4087 4286/4423/4090 4220/4426/4093 4014/4421/4088
f 4005/4369/4039 4196/4376/4046 4287/4427/4094 4219/4424/4091
f 4196/4376/4046 4006/4375/4045 4221/4428/4095 4287/4427/4094
f 4287/4427/4094 4221/4428/4095 4016/4429/4096 4222/4430/4097
f 4219/4424/4091 4287/4427/4094 4222/4430/4097 4015/4425/4092
f 4006/4375/4045 4199/4382/4052 4288/4431/4098 4221/4428/4095
f 4199/4382/4052 4007/4381/4051 4223/4432/4099 4288/4431/4098
f 4288/4431/4098 4223/4432/4099 4017/4433/4100 4224/4434/4101
f 4221/4428/4095 4288/4431/4098 4224/4434/4101 4016/4429/4096
f 4007/4381/4051 4202/4388/4058 4289/4435/4102 4223/4432/4099
f 4202/4388/4058 4008/4387/4057 4225/4436/4103 4289/4435/4102
f 4289/4435/4102 4225/4436/4103 4018/4437/4104 4226/4438/4105
f 4223/4432/4099 4289/4435/4102 4226/4438/4105 4017/4433/4100
f 4008/4387/4057 4205/4394/4064 4290/4439/4106 4225/4436/4103
f 4205/4394/4064 4009/4393/4063 4227/4440/4107 4290/4439/4106
f 4290/4439/4106 4227/4440/4107 4019/4441/4108 4228/4442/4109
f 4225/4436/4103 4290/4439/4106 4228/4442/4109 4018/4437/4104
f 4009/4393/4063 4208/4400/4070 4291/4443/4110 4227/4440/4107
f 4208/4400/4070 4010/4399/4069 4229/4444/4111 4291/4443/4110
f 4291/4443/4110 4229/4444/4111 4020/4445/4112 4230/4446/4113
f 4227/4440/4107 4291/4443/4110 4230/4446/4113 4019/4441/4108
f 4010/4399/4069 4211/4406/4076 4292/4447/4114 4229/4444/4111
f 4211/4406/4076 4011/4405/4075 4231/4448/4115 4292/4447/4114
f 4292/4447/4114 4231/4448/4115 4021/4449/4116 4232/4450/4117
f 4229/4444/4111 4292/4447/4114 4232/4450/4117 4020/4445/4112
f 4011/4405/4075 4213/4412/4079 4293/4451/4118 4231/4448/4115
f 4213/4412/4079 4002/4411/4028 4216/4452/4081 4293/4451/4118
f 4293/4451/4118 4216/4452/4081 4012/4453/4085 4233/4454/4119
f 4231/4448/4115 4293/4451/4118 4233/4454/4119 4021/4449/4116
f 4012/4418/4085 4215/4417/4084 4294/4455/4120 4236/4456/4121
f 4215/4417/4084 4013/4416/4083 4234/4457/4122 4294/4455/4120
f 4294/4455/4120 4234/4457/4122 4023/4458/4123 4235/4459/4124
f 4236/4456/4121 4294/4455/4120 4235/4459/4124 4022/4460/4125
f 4013/4416/4083 4218/4422/4089 4295/4461/4126 4234/4457/4122
f 4218/4422/4089 4014/4421/4088 4237/4462/4127 4295/4461/4126
f 4295/4461/4126 4237/4462/4127 4024/4463/4128 4238/4464/4129
f 4234/4457/4122 4295/4461/4126 4238/4464/4129 4023/4458/4123
f 4014/4421/4088 4220/4426/4093 4296/4465/4130 4237/4462/4127
f 4220/4426/4093 4015/4425/4092 4239/4466/4131 4296/4465/4130
f 4296/4465/4130 4239/4466/4131 4025/4467/4132 4240/4468/4133
f 4237/4462/4127 4296/4465/4130 4240/4468/4133 4024/4463/4128
f 4015/4425/4092 4222/4430/4097 4297/4469/4134 4239/4466/4131
f 4222/4430/4097 4016/4429/4096 4241/4470/4135 4297/4469/4134
f 4297/4469/4134 4241/4470/4135 4026/4471/4136 4242/4472/4137
f 4239/4466/4131 4297/4469/4134 4242/4472/4137 4025/4467/4132
f 4016/4429/4096 4224/4434/4101 4298/4473/4138 4241/4470/4135
f 4224/4434/4101 4017/4433/4100 4243/4474/4139 4298/4473/4138
f 4298/4473/4138 4243/4474/4139 4027/4475/4140 4244/4476/4141
f 4241/4470/4135 4298/4473/4138 4244/4476/4141 4026/4471/4136
f 4017/4433/4100 4226/4438/4105 4299/4477/4142 4243/4474/4139
f 4226/4438/4105 4018/4437/4104 4245/4478/4143 4299/4477/4142
f 4299/4477/4142 4245/4478/4143 4028/4479/4144 4246/4480/4145
f 4243/4474/4139 4299/4477/4142 4246/4480/4145 4027/4475/4140
f 4018/4437/4104 4228/4442/4109 4300/4481/4146 4245/4478/4143
f 4228/4442/4109 4019/4441/4108 4247/4482/4147 4300/4481/4146
f 4300/4481/4146 4247/4482/4147 4029/4483/4148 4248/4484/4149
f 4245/4478/4143 4300/4481/4146 4248/4484/4149 4028/4479/4144
f 4019/4441/4108 4230/4446/4113 4301/4485/4150 4247/4482/4147
f 4230/4446/4113 4020/4445/4112 4249/4486/4151 4301/4485/4150
f 4301/4485/4150 4249/4486/4151 4030/4487/4152 4250/4488/4153
f 4247/4482/4147 4301/4485/4150 4250/4488/4153 4029/4483/4148
f 4020/4445/4112 4232/4450/4117 4302/4489/4154 4249/4486/4151
f 4232/4450/4117 4021/4449/4116 4251/4490/4155 4302/4489/4154
f 4302/4489/4154 4251/4490/4155 4031/4491/4156 4252/4492/4157
f 4249/4486/4151 4302/4489/4154 4252/4492/4157 4030/4487/4152
f 4021/4449/4116 4233/4454/4119 4303/4493/4158 4251/4490/4155
f 4233/4454/4119 4012/4453/4085 4236/4494/4121 4303/4493/4158
f 4303/4493/4158 4236/4494/4121 4022/4495/4125 4253/4496/4159
f 4251/4490/4155 4303/4493/4158 4253/4496/4159 4031/4491/4156
f 4022/4460/4125 4235/4459/4124 4304/4497/4160 4256/4498/4161
f 4235/4459/4124 4023/4458/4123 4254/4499/4162 4304/4497/4160
f 4304/4497/4160 4254/4499/4162 4033/4500/4163 4255/4501/4164
f 4256/4498/4161 4304/4497/4160 4255/4501/4164 4032/4502/4165
f 4023/4458/4123 4238/4464/4129 4305/4503/4166 4254/4499/4162
f 4238/4464/4129 4024/4463/4128 4257/4504/4167 4305/4503/4166
f 4305/4503/4166 4257/4504/4167 4034/4505/4168 4258/4506/4169
f 4254/4499/4162 4305/4503/4166 4258/4506/4169 4033/4500/4163
f 4024/4463/4128 4240/4468/4133 4306/4507/4170 4257/4504/4167
f 4240/4468/4133 4025/4467/4132 4259/4508/4171 4306/4507/4170
f 4306/4507/4170 4259/4508/4171 4035/4509/4172 4260/4510/4173
f 4257/4504/4167 4306/4507/4170 4260/4510/4173 4034/4505/4168
f 4025/4467/4132 4242/4472/4137 4307/4511/4174 4259/4508/4171
f 4242/4472/4137 4026/4471/4136 4261/4512/4175 4307/4511/4174
f 4307/4511/4174 4261/4512/4175 4036/4513/4176 4262/4514/4177
f 4259/4508/4171 4307/4511/4174 4262/4514/4177 4035/4509/4172
f 4026/4471/4136 4244/4476/4141 4308/4515/4178 4261/4512/4175
f 4244/4476/4141 4027/4475/4140 4263/4516/4179 4308/4515/4178
f 4308/4515/4178 4263/4516/4179 4037/4517/4180 4264/4518/4181
f 4261/4512/4175 4308/4515/4178 4264/4518/4181 4036/4513/4176
f 4027/4475/4140 4246/4480/4145 4309/4519/4182 4263/4516/4179
f 4246/4480/4145 4028/4479/4144 4265/4520/4183 4309/4519/4182
f 4309/4519/4182 4265/4520/4183 4038/4521/4184 4266/4522/4185
f 4263/4516/4179 4309/4519/4182 4266/4522/4185 4037/4517/4180
f 4028/4479/4144 4248/4484/4149 4310/4523/4186 4265/4520/4183
f 4248/4484/4149 4029/4483/4148 4267/4524/4187 4310/4523/4186
f 4310/4523/4186 4267/4524/4187 4039/4525/4188 4268/4526/4189
f 4265/4520/4183 4310/4523/4186 4268/4526/4189 4038/4521/4184
f 4029/4483/4148 4250/4488/4153 4311/4527/4190 4267/4524/4187
f 4250/4488/4153 4030/4487/4152 4269/4528/4191 4311/4527/4190
f 4311/4527/4190 4269/4528/4191 4040/4529/4192 4270/4530/4193
f 4267/4524/4187 4311/4527/4190 4270/4530/4193 4039/4525/4188
f 4030/4487/4152 4252/4492/4157 4312/4531/4194 4269/4528/4191
f 4252/4492/4157 4031/4491/4156 4271/4532/4195 4312/4531/4194
f 4312/4531/4194 4271/4532/4195 4041/4533/4196 4272/4534/4197
f 4269/4528/4191 4312/4531/4194 4272/4534/4197 4040/4529/4192
f 4031/4491/4156 4253/4496/4159 4313/4535/4198 4271/4532/4195
f 4253/4496/4159 4022/4495/4125 4256/4536/4161 4313/4535/4198
f 4313/4535/4198 4256/4536/4161 4032/4537/4165 4273/4538/4199
f 4271/4532/4195 4313/4535/4198 4273/4538/4199 4041/4533/4196
f 4032/4502/4165 4255/4501/4164 4314/4539/4200 4086/4540/4201
f 4255/4501/4164 4033/4500/4163 4084/4541/4202 4314/4539/4200
f 4314/4539/4200 4084/4541/4202 4043/4542/4203 4085/4543/4204
f 4086/4540/4201 4314/4539/4200 4085/4543/4204 4042/4544/4205
f 4033/4500/4163 4258/4506/4169 4315/4545/4206 4084/4541/4202
f 4258/4506/4169 4034/4505/4168 4087/4546/4207 4315/4545/4206
f 4315/4545/4206 4087/4546/4207 4044/4547/4208 4088/4548/4209
f 4084/4541/4202 4315/4545/4206 4088/4548/4209 4043/4542/4203
f 4034/4505/4168 4260/4510/4173 4316/4549/4210 4087/4546/4207
f 4260/4510/4173 4035/4509/4172 4089/4550/4211 4316/4549/4210
f 4316/4549/4210 4089/4550/4211 4045/4551/4212 4090/4552/4213
f 4087/4546/4207 4316/4549/4210 4090/4552/4213 4044/4547/4208
f 4035/4509/4172 4262/4514/4177 4317/4553/4214 4089/4550/4211
f 4262/4514/4177 4036/4513/4176 4091/4554/4215 4317/4553/4214
f 4317/4553/4214 4091/4554/4215 4046/4555/4216 4092/4556/4217
f 4089/4550/4211 4317/4553/4214 4092/4556/4217 4045/4551/4212
f 4036/4513/4176 4264/4518/4181 4318/4557/4218 4091/4554/4215
f 4264/4518/4181 4037/4517/4180 4093/4558/4219 4318/4557/4218
f 4318/4557/4218 4093/4558/4219 4047/4559/4220 4094/4560/4221
f 4091/4554/4215 4318/4557/4218 4094/4560/4221 4046/4555/4216
f 4037/4517/4180 4266/4522/4185 4319/4561/4222 4093/4558/4219
f 4266/4522/4185 4038/4521/4184 4095/4562/4223 4319/4561/4222
f 4319/4561/4222 4095/4562/4223 4048/4563/4224 4096/4564/4225
f 4093/4558/4219 4319/4561/4222 4096/4564/4225 4047/4559/4220
f 4038/4521/4184 4268/4526/4189 4320/4565/4226 4095/4562/4223
f 4268/4526/4189 4039/4525/4188 4097/4566/4227 4320/4565/4226
f 4320/4565/4226 4097/4566/4227 4049/4567/4228 4098/4568/4229
f 4095/4562/4223 4320/4565/4226 4098/4568/4229 4048/4563/4224
f 4039/4525/4188 4270/4530/4193 4321/4569/4230 4097/4566/4227
f 4270/4530/4193 4040/4529/4192 4099/4570/4231 4321/4569/4230
f 4321/4569/4230 4099/4570/4231 4050/4571/4232 4100/4572/4233
f 4097/4566/4227 4321/4569/4230 4100/4572/4233 4049/4567/4228
f 4040/4529/4192 4272/4534/4197 4322/4573/4234 4099/4570/4231
f 4272/4534/4197 4041/4533/4196 4101/4574/4235 4322/4573/4234
f 4322/4573/4234 4101/4574/4235 4051/4575/4236 4102/4576/4237
f 4099/4570/4231 4322/4573/4234 4102/4576/4237 4050/4571/4232
f 4041/4533/4196 4273/4538/4199 4323/4577/4238 4101/4574/4235
f 4273/4538/4199 4032/4537/4165 4086/4578/4201 4323/4577/4238
f 4323/4577/4238 4086/4578/4201 4042/4579/4205 4103/4580/4239
f 4101/4574/4235 4323/4577/4238 4103/4580/4239 4051/4575/4236
f 4042/4544/4205 4085/4543/4204 4324/4581/4240 4106/4582/4241
f 4085/4543/4204 4043/4542/4203 4104/4583/4242 4324/4581/4240
f 4324/4581/4240 4104/4583/4242 4053/4584/4243 4105/4585/4244
f 4106/4582/4241 4324/4581/4240 4105/4585/4244 4052/4586/4245
f 4043/4542/4203 4088/4548/4209 4325/4587/4246 4104/4583/4242
f 4088/4548/4209 4044/4547/4208 4107/4588/4247 4325/4587/4246
f 4325/4587/4246 4107/4588/4247 4054/4589/4248 4108/4590/4249
f 4104/4583/4242 4325/4587/4246 4108/4590/4249 4053/4584/4243
f 4044/4547/4208 4090/4552/4213 4326/4591/4250 4107/4588/4247
f 4090/4552/4213 4045/4551/4212 4109/4592/4251 4326/4591/4250
f 4326/4591/4250 4109/4592/4251 4055/4593/4252 4110/4594/4253
f 4107/4588/4247 4326/4591/4250 4110/4594/4253 4054/4589/4248
f 4045/4551/4212 4092/4556/4217 4327/4595/4254 4109/4592/4251
f 4092/4556/4217 4046/4555/4216 4111/4596/4255 4327/4595/4254
f 4327/4595/4254 4111/4596/4255 4056/4597/4256 4112/4598/4257
f 4109/4592/4251 4327/4595/4254 4112/4598/4257 4055/4593/4252
f 4046/4555/4216 4094/4560/4221 4328/4599/4258 4111/4596/4255
f 4094/4560/4221 4047/4559/4220 4113/4600/4259 4328/4599/4258
f 4328/4599/4258 4113/4600/4259 4057/4601/4260 4114/4602/4261
f 4111/4596/4255 4328/4599/4258 4114/4602/4261 4056/4597/4256
f 4047/4559/4220 4096/4564/4225 4329/4603/4262 4113/4600/4259
f 4096/4564/4225 4048/4563/4224 4115/4604/4263 4329/4603/4262
f 4329/4603/4262 4115/4604/4263 4058/4605/4264 4116/4606/4265
f 4113/4600/4259 4329/4603/4262 4116/4606/4265 4057/4601/4260
f 4048/4563/4224 4098/4568/4229 4330/4607/4266 4115/4604/4263
f 4098/4568/4229 4049/4567/4228 4117/4608/4267 4330/4607/4266
f 4330/4607/4266 4117/4608/4267 4059/4609/4268 4118/4610/4269
f 4115/4604/4263 4330/4607/4266 4118/4610/4269 4058/4605/4264
f 4049/4567/4228 4100/4572/4233 4331/4611/4270 4117/4608/4267
f 4100/4572/4233 4050/4571/4232 4119/4612/4271 4331/4611/4270
f 4331/4611/4270 4119/4612/4271 4060/4613/4272 4120/4614/4273
f 4117/4608/4267 4331/4611/4270 4120/4614/4273 4059/4609/4268
f 4050/4571/4232 4102/4576/4237 4332/4615/4274 4119/4612/4271
f 4102/4576/4237 4051/4575/4236 4121/4616/4275 4332/4615/4274
f 4332/4615/4274 4121/4616/4275 4061/4617/4276 4122/4618/4277
f 4119/4612/4271 4332/4615/4274 4122/4618/4277 4060/4613/4272
f 4051/4575/4236 4103/4580/4239 4333/4619/4278 4121/4616/4275
f 4103/4580/4239 4042/4579/4205 4106/4620/4241 4333/4619/4278
f 4333/4619/4278 4106/4620/4241 4052/4621/4245 4123/4622/4279
f 4121/4616/4275 4333/4619/4278 4123/4622/4279 4061/4617/4276
f 4052/4586/4245 4105/4585/4244 4334/4623/4280 4126/4624/4281
f 4105/4585/4244 4053/4584/4243 4124/4625/4282 4334/4623/4280
f 4334/4623/4280 4124/4625/4282 4063/4626/4283 4125/4627/4284
f 4126/4624/4281 4334/4623/4280 4125/4627/4284 4062/4628/4285
f 4053/4584/4243 4108/4590/4249 4335/4629/4286 4124/4625/4282
f 4108/4590/4249 4054/4589/4248 4127/4630/4287 4335/4629/4286
f 4335/4629/4286 4127/4630/4287 4064/4631/4288 4128/4632/4289
f 4124/4625/4282 4335/4629/4286 4128/4632/4289 4063/4626/4283
f 4054/4589/4248 4110/4594/4253 4336/4633/4290 4127/4630/4287
f 4110/4594/4253 4055/4593/4252 4129/4634/4291 4336/4633/4290
f 4336/4633/4290 4129/4634/4291 4065/4635/4292 4130/4636/4293
f 4127/4630/4287 4336/4633/4290 4130/4636/4293 4064/4631/4288
f 4055/4593/4252 4112/4598/4257 4337/4637/4294 4129/4634/4291
f 4112/4598/4257 4056/4597/4256 4131/4638/4295 4337/4637/4294
f 4337/4637/4294 4131/4638/4295 4066/4639/4296 4132/4640/4297
f 4129/4634/4291 4337/4637/4294 4132/4640/4297 4065/4635/4292
f 4056/4597/4256 4114/4602/4261 4338/4641/4298 4131/4638/4295
f 4114/4602/4261 4057/4601/4260 4133/4642/4299 4338/4641/4298
f 4338/4641/4298 4133/4642/4299 4067/4643/4300 4134/4644/4301
f 4131/4638/4295 4338/4641/4298 4134/4644/4301 4066/4639/4296
f 4057/4601/4260 4116/4606/4265 4339/4645/4302 4133/4642/4299
f 4116/4606/4265 4058/4605/4264 4135/4646/4303 4339/4645/4302
f 4339/4645/4302 4135/4646/4303 4068/4647/4304 4136/4648/4305
f 4133/4642/4299 4339/4645/4302 4136/4648/4305 4067/4643/4300
f 4058/4605/4264 4118/4610/4269 4340/4649/4306 4135/4646/4303
f 4118/4610/4269 4059/4609/4268 4137/4650/4307 4340/4649/4306
f 4340/4649/4306 4137/4650/4307 4069/4651/4308 4138/4652/4309
f 4135/4646/4303 4340/4649/4306 4138/4652/4309 4068/4647/4304
f 4059/4609/4268 4120/4614/4273 4341/4653/4310 4137/4650/4307
f 4120/4614/4273 4060/4613/4272 4139/4654/4311 4341/4653/4310
f 4341/4653/4310 4139/4654/4311 4070/4655/4312 4140/4656/4313
f 4137/4650/4307 4341/4653/4310 4140/4656/4313 4069/4651/4308
f 4060/4613/4272 4122/4618/4277 4342/4657/4314 4139/4654/4311
f 4122/4618/4277 4061/4617/4276 4141/4658/4315 4342/4657/4314
f 4342/4657/4314 4141/4658/4315 4071/4659/4316 4142/4660/4317
f 4139/4654/4311 4342/4657/4314 4142/4660/4317 4070/4655/4312
f 4061/4617/4276 4123/4622/4279 4343/4661/4318 4141/4658/4315
f 4123/4622/4279 4052/4621/4245 4126/4662/4281 4343/4661/4318
f 4343/4661/4318 4126/4662/4281 4062/4663/4285 4143/4664/4319
f 4141/4658/4315 4343/4661/4318 4143/4664/4319 4071/4659/4316
f 4062/4628/4285 4125/4627/4284 4344/4665/4320 4146/4666/4321
f 4125/4627/4284 4063/4626/4283 4144/4667/4322 4344/4665/4320
f 4344/4665/4320 4144/4667/4322 4073/4668/4323 4145/4669/4324
f 4146/4666/4321 4344/4665/4320 4145/4669/4324 4072/4670/4325
f 4063/4626/4283 4128/4632/4289 4345/4671/4326 4144/4667/4322
f 4128/4632/4289 4064/4631/4288 4147/4672/4327 4345/4671/4326
f 4345/4671/4326 4147/4672/4327 4074/4673/4328 4148/4674/4329
f 4144/4667/4322 4345/4671/4326 4148/4674/4329 4073/4668/4323
f 4064/4631/4288 4130/4636/4293 4346/4675/4330 4147/4672/4327
f 4130/4636/4293 4065/4635/4292 4149/4676/4331 4346/4675/4330
f 4346/4675/4330 4149/4676/4331 4075/4677/4332 4150/4678/4333
f 4147/4672/4327 4346/4675/4330 4150/4678/4333 4074/4673/4328
f 4065/4635/4292 4132/4640/4297 4347/4679/4334 4149/4676/4331
f 4132/4640/4297 4066/4639/4296 4151/4680/4335 4347/4679/4334
f 4347/4679/4334 4151/4680/4335 4076/4681/4336 4152/4682/4337
f 4149/4676/4331 4347/4679/4334 4152/4682/4337 4075/4677/4332
f 4066/4639/4296 4134/4644/4301 4348/4683/4338 4151/4680/4335
f 4134/4644/4301 4067/4643/4300 4153/4684/4339 4348/4683/4338
f 4348/4683/4338 4153/4684/4339 4077/4685/4340 4154/4686/4341
f 4151/4680/4335 4348/4683/4338 4154/4686/4341 4076/4681/4336
f 4067/4643/4300 4136/4648/4305 4349/4687/4342 4153/4684/4339
f 4136/4648/4305 4068/4647/4304 4155/4688/4343 4349/4687/4342
f 4349/4687/4342 4155/4688/4343 4078/4689/4344 4156/4690/4345
f 4153/4684/4339 4349/4687/4342 4156/4690/4345 4077/4685/4340
f 4068/4647/4304 4138/4652/4309 4350/4691/4346 4155/4688/4343
f 4138/4652/4309 4069/4651/4308 4157/4692/4347 4350/4691/4346
f 4350/4691/4346 4157/4692/4347 4079/4693/4348 4158/4694/4349
f 4155/4688/4343 4350/4691/4346 4158/4694/4349 4078/4689/4344
f 4069/4651/4308 4140/4656/4313 4351/4695/4350 4157/4692/4347
f 4140/4656/4313 4070/4655/4312 4159/4696/4351 4351/4695/4350
f 4351/4695/4350 4159/4696/4351 4080/4697/4352 4160/4698/4353
f 4157/4692/4347 4351/4695/4350 4160/4698/4353 4079/4693/4348
f 4070/4655/4312 4142/4660/4317 4352/4699/4354 4159/4696/4351
f 4142/4660/4317 4071/4659/4316 4161/4700/4355 4352/4699/4354
f 4352/4699/4354 4161/4700/4355 4081/4701/4356 4162/4702/4357
f 4159/4696/4351 4352/4699/4354 4162/4702/4357 4080/4697/4352
f 4071/4659/4316 4143/4664/4319 4353/4703/4358 4161/4700/4355
f 4143/4664/4319 4062/4663/4285 4146/4704/4321 4353/4703/4358
f 4353/4703/4358 4146/4704/4321 4072/4705/4325 4163/4706/4359
f 4161/4700/4355 4353/4703/4358 4163/4706/4359 4081/4701/4356
f 3993/4354/4024 4184/4351/4021 4354/4707/4360 4165/4708/4361
f 3992/4350/4020 4164/4709/4362 4354/4707/4360 4184/4351/4021
f 4082/4710/4363 4165/4708/4361 4354/4707/4360 4164/4709/4362
f 3994/4361/4031 4188/4359/4029 4355/4711/4364 4166/4712/4365
f 3993/4354/4024 4165/4713/4361 4355/4711/4364 4188/4359/4029
f 4082/4714/4363 4166/4712/4365 4355/4711/4364 4165/4713/4361
f 3995/4367/4037 4191/4365/4035 4356/4715/4366 4167/4716/4367
f 3994/4361/4031 4166/4717/4365 4356/4715/4366 4191/4365/4035
f 4082/4718/4363 4167/4716/4367 4356/4715/4366 4166/4717/4365
f 3996/4373/4043 4194/4371/4041 4357/4719/4368 4168/4720/4369
f 3995/4367/4037 4167/4721/4367 4357/4719/4368 4194/4371/4041
f 4082/4722/4363 4168/4720/4369 4357/4719/4368 4167/4721/4367
f 3997/4379/4049 4197/4377/4047 4358/4723/4370 4169/4724/4371
f 3996/4373/4043 4168/4725/4369 4358/4723/4370 4197/4377/4047
f 4082/4726/4363 4169/4724/4371 4358/4723/4370 4168/4725/4369
f 3998/4385/4055 4200/4383/4053 4359/4727/4372 4170/4728/4373
f 3997/4379/4049 4169/4729/4371 4359/4727/4372 4200/4383/4053
f 4082/4730/4363 4170/4728/4373 4359/4727/4372 4169/4729/4371
f 3999/4391/4061 4203/4389/4059 4360/4731/4374 4171/4732/4375
f 3998/4385/4055 4170/4733/4373 4360/4731/4374 4203/4389/4059
f 4082/4734/4363 4171/4732/4375 4360/4731/4374 4170/4733/4373
f 4000/4397/4067 4206/4395/4065 4361/4735/4376 4172/4736/4377
f 3999/4391/4061 4171/4737/4375 4361/4735/4376 4206/4395/4065
f 4082/4738/4363 4172/4736/4377 4361/4735/4376 4171/4737/4375
f 4001/4403/4073 4209/4401/4071 4362/4739/4378 4173/4740/4379
f 4000/4397/4067 4172/4741/4377 4362/4739/4378 4209/4401/4071
f 4082/4742/4363 4173/4740/4379 4362/4739/4378 4172/4741/4377
f 3992/4409/4020 4212/4407/4077 4363/4743/4380 4164/4744/4362
f 4001/4403/4073 4173/4745/4379 4363/4743/4380 4212/4407/4077
f 4082/4746/4363 4164/4744/4362 4363/4743/4380 4173/4745/4379
f 4072/4670/4325 4145/4669/4324 4364/4747/4381 4175/4748/4382
f 4073/4668/4323 4174/4749/4383 4364/4747/4381 4145/4669/4324
f 4083/4750/4384 4175/4748/4382 4364/4747/4381 4174/4749/4383
f 4073/4668/4323 4148/4674/4329 4365/4751/4385 4174/4752/4383
f 4074/4673/4328 4176/4753/4386 4365/4751/4385 4148/4674/4329
f 4083/4754/4384 4174/4752/4383 4365/4751/4385 4176/4753/4386
f 4074/4673/4328 4150/4678/4333 4366/4755/4387 4176/4756/4386
f 4075/4677/4332 4177/4757/4388 4366/4755/4387 4150/4678/4333
f 4083/4758/4384 4176/4756/4386 4366/4755/4387 4177/4757/4388
f 4075/4677/4332 4152/4682/4337 4367/4759/4389 4177/4760/4388
f 4076/4681/4336 4178/4761/4390 4367/4759/4389 4152/4682/4337
f 4083/4762/4384 4177/4760/4388 4367/4759/4389 4178/4761/4390
f 4076/4681/4336 4154/4686/4341 4368/4763/4391 4178/4764/4390
f 4077/4685/4340 4179/4765/4392 4368/4763/4391 4154/4686/4341
f 4083/4766/4384 4178/4764/4390 4368/4763/4391 4179/4765/4392
f 4077/4685/4340 4156/4690/4345 4369/4767/4393 4179/4768/4392
f 4078/4689/4344 4180/4769/4394 4369/4767/4393 4156/4690/4345
f 4083/4770/4384 4179/4768/4392 4369/4767/4393 4180/4769/4394
f 4078/4689/4344 4158/4694/4349 4370/4771/4395 4180/4772/4394
f 4079/4693/4348 4181/4773/4396 4370/4771/4395 4158/4694/4349
f 4083/4774/4384 4180/4772/4394 4370/4771/4395 4181/4773/4396
f 4079/4693/4348 4160/4698/4353 4371/4775/4397 4181/4776/4396
f 4080/4697/4352 4182/4777/4398 4371/4775/4397 4160/4698/4353
f 4083/4778/4384 4181/4776/4396 4371/4775/4397 4182/4777/4398
f 4080/4697/4352 4162/4702/4357 4372/4779/4399 4182/4780/4398
f 4081/4701/4356 4183/4781/4400 4372/4779/4399 4162/4702/4357
f 4083/4782/4384 4182/4780/4398 4372/4779/4399 4183/4781/4400
f 4081/4701/4356 4163/4706/4359 4373/4783/4401 4183/4784/4400
f 4072/4705/4325 4175/4785/4382 4373/4783/4401 4163/4706/4359
f 4083/4786/4384 4183/4784/4400 4373/4783/4401 4175/4785/4382
